file,result_lasso,error1,rf_lasso,out_lasso,result_general,error2,rf_general,out_general,cost_time_lasso,cost_time_general,path
"while_infinite_loop_2.c",NO,"","None","Results/CPA_Outputs/Loopy_dataset_InvarBenchmark/while_infinite_loop_2.c_lasso_out",NO,"","None","Results/CPA_Outputs/Loopy_dataset_InvarBenchmark/while_infinite_loop_2.c_general_out",1.43,1.44,"Datasets/Loopy_dataset_InvarBenchmark/loop_invariants/sv-benchmarks/loops/while_infinite_loop_2.c"
"for_infinite_loop_2.c",NO,"","None","Results/CPA_Outputs/Loopy_dataset_InvarBenchmark/for_infinite_loop_2.c_lasso_out",NO,"","None","Results/CPA_Outputs/Loopy_dataset_InvarBenchmark/for_infinite_loop_2.c_general_out",1.44,1.49,"Datasets/Loopy_dataset_InvarBenchmark/loop_invariants/sv-benchmarks/loops/for_infinite_loop_2.c"
"count_up_down-1.c",MAYBE,"","None","Results/CPA_Outputs/Loopy_dataset_InvarBenchmark/count_up_down-1.c_lasso_out",MAYBE,"","None","Results/CPA_Outputs/Loopy_dataset_InvarBenchmark/count_up_down-1.c_general_out",1.60,269.20,"Datasets/Loopy_dataset_InvarBenchmark/loop_invariants/sv-benchmarks/loops/count_up_down-1.c"
"for_infinite_loop_1.c",NO,"","None","Results/CPA_Outputs/Loopy_dataset_InvarBenchmark/for_infinite_loop_1.c_lasso_out",NO,"","None","Results/CPA_Outputs/Loopy_dataset_InvarBenchmark/for_infinite_loop_1.c_general_out",1.46,1.54,"Datasets/Loopy_dataset_InvarBenchmark/loop_invariants/sv-benchmarks/loops/for_infinite_loop_1.c"
"trex03-2.c",MAYBE,"","None","Results/CPA_Outputs/Loopy_dataset_InvarBenchmark/trex03-2.c_lasso_out",MAYBE,"","None","Results/CPA_Outputs/Loopy_dataset_InvarBenchmark/trex03-2.c_general_out",2.02,255.08,"Datasets/Loopy_dataset_InvarBenchmark/loop_invariants/sv-benchmarks/loops/trex03-2.c"
"terminator_03-2.c",MAYBE,"","None","Results/CPA_Outputs/Loopy_dataset_InvarBenchmark/terminator_03-2.c_lasso_out",MAYBE,"","None","Results/CPA_Outputs/Loopy_dataset_InvarBenchmark/terminator_03-2.c_general_out",1.52,294.46,"Datasets/Loopy_dataset_InvarBenchmark/loop_invariants/sv-benchmarks/loops/terminator_03-2.c"
"while_infinite_loop_1.c",NO,"","None","Results/CPA_Outputs/Loopy_dataset_InvarBenchmark/while_infinite_loop_1.c_lasso_out",NO,"","None","Results/CPA_Outputs/Loopy_dataset_InvarBenchmark/while_infinite_loop_1.c_general_out",1.44,1.48,"Datasets/Loopy_dataset_InvarBenchmark/loop_invariants/sv-benchmarks/loops/while_infinite_loop_1.c"
"sum03-2.c",MAYBE,"","None","Results/CPA_Outputs/Loopy_dataset_InvarBenchmark/sum03-2.c_lasso_out",MAYBE,"","None","Results/CPA_Outputs/Loopy_dataset_InvarBenchmark/sum03-2.c_general_out",2.50,275.60,"Datasets/Loopy_dataset_InvarBenchmark/loop_invariants/sv-benchmarks/loops/sum03-2.c"
"sum04-2.c",YES,"","None","Results/CPA_Outputs/Loopy_dataset_InvarBenchmark/sum04-2.c_lasso_out",YES,"","None","Results/CPA_Outputs/Loopy_dataset_InvarBenchmark/sum04-2.c_general_out",1.63,1.38,"Datasets/Loopy_dataset_InvarBenchmark/loop_invariants/sv-benchmarks/loops/sum04-2.c"
"sum01-2.c",YES,"","None","Results/CPA_Outputs/Loopy_dataset_InvarBenchmark/sum01-2.c_lasso_out",YES,"","None","Results/CPA_Outputs/Loopy_dataset_InvarBenchmark/sum01-2.c_general_out",40.82,41.61,"Datasets/Loopy_dataset_InvarBenchmark/loop_invariants/sv-benchmarks/loops/sum01-2.c"
"terminator_02-2.c",MAYBE,"","None","Results/CPA_Outputs/Loopy_dataset_InvarBenchmark/terminator_02-2.c_lasso_out",MAYBE,"","None","Results/CPA_Outputs/Loopy_dataset_InvarBenchmark/terminator_02-2.c_general_out",1.32,264.20,"Datasets/Loopy_dataset_InvarBenchmark/loop_invariants/sv-benchmarks/loops/terminator_02-2.c"
"simple_vardep_2.c",MAYBE,"","None","Results/CPA_Outputs/Loopy_dataset_InvarBenchmark/simple_vardep_2.c_lasso_out",MAYBE,"","None","Results/CPA_Outputs/Loopy_dataset_InvarBenchmark/simple_vardep_2.c_general_out",287.20,141.21,"Datasets/Loopy_dataset_InvarBenchmark/loop_invariants/sv-benchmarks/loop-crafted/simple_vardep_2.c"
"simple_vardep_1.c",MAYBE,"","None","Results/CPA_Outputs/Loopy_dataset_InvarBenchmark/simple_vardep_1.c_lasso_out",MAYBE,"","None","Results/CPA_Outputs/Loopy_dataset_InvarBenchmark/simple_vardep_1.c_general_out",287.25,141.10,"Datasets/Loopy_dataset_InvarBenchmark/loop_invariants/sv-benchmarks/loop-crafted/simple_vardep_1.c"
"loop3.c",MAYBE,"","None","Results/CPA_Outputs/Loopy_dataset_InvarBenchmark/loop3.c_lasso_out",MAYBE,"","None","Results/CPA_Outputs/Loopy_dataset_InvarBenchmark/loop3.c_general_out",1.31,1.34,"Datasets/Loopy_dataset_InvarBenchmark/loop_invariants/sv-benchmarks/loop-floats-scientific-comp/loop3.c"
"loop1-1.c",MAYBE,"","None","Results/CPA_Outputs/Loopy_dataset_InvarBenchmark/loop1-1.c_lasso_out",MAYBE,"","None","Results/CPA_Outputs/Loopy_dataset_InvarBenchmark/loop1-1.c_general_out",3.32,3.50,"Datasets/Loopy_dataset_InvarBenchmark/loop_invariants/sv-benchmarks/loop-floats-scientific-comp/loop1-1.c"
"loop2-2.c",MAYBE,"","None","Results/CPA_Outputs/Loopy_dataset_InvarBenchmark/loop2-2.c_lasso_out",MAYBE,"","None","Results/CPA_Outputs/Loopy_dataset_InvarBenchmark/loop2-2.c_general_out",1.93,2.28,"Datasets/Loopy_dataset_InvarBenchmark/loop_invariants/sv-benchmarks/loop-floats-scientific-comp/loop2-2.c"
"simple_3-2.c",MAYBE,"","None","Results/CPA_Outputs/Loopy_dataset_InvarBenchmark/simple_3-2.c_lasso_out",MAYBE,"","None","Results/CPA_Outputs/Loopy_dataset_InvarBenchmark/simple_3-2.c_general_out",1.60,263.23,"Datasets/Loopy_dataset_InvarBenchmark/loop_invariants/sv-benchmarks/loop-acceleration/simple_3-2.c"
"underapprox_1-2.c",MAYBE,"","None","Results/CPA_Outputs/Loopy_dataset_InvarBenchmark/underapprox_1-2.c_lasso_out",YES,"","None","Results/CPA_Outputs/Loopy_dataset_InvarBenchmark/underapprox_1-2.c_general_out",1.64,1.40,"Datasets/Loopy_dataset_InvarBenchmark/loop_invariants/sv-benchmarks/loop-acceleration/underapprox_1-2.c"
"simple_2-1.c",MAYBE,"","None","Results/CPA_Outputs/Loopy_dataset_InvarBenchmark/simple_2-1.c_lasso_out",MAYBE,"","None","Results/CPA_Outputs/Loopy_dataset_InvarBenchmark/simple_2-1.c_general_out",1.49,266.59,"Datasets/Loopy_dataset_InvarBenchmark/loop_invariants/sv-benchmarks/loop-acceleration/simple_2-1.c"
"simple_1-2.c",MAYBE,"","None","Results/CPA_Outputs/Loopy_dataset_InvarBenchmark/simple_1-2.c_lasso_out",MAYBE,"","None","Results/CPA_Outputs/Loopy_dataset_InvarBenchmark/simple_1-2.c_general_out",1.55,274.03,"Datasets/Loopy_dataset_InvarBenchmark/loop_invariants/sv-benchmarks/loop-acceleration/simple_1-2.c"
"simple_4-2.c",MAYBE,"","None","Results/CPA_Outputs/Loopy_dataset_InvarBenchmark/simple_4-2.c_lasso_out",MAYBE,"","None","Results/CPA_Outputs/Loopy_dataset_InvarBenchmark/simple_4-2.c_general_out",1.52,273.78,"Datasets/Loopy_dataset_InvarBenchmark/loop_invariants/sv-benchmarks/loop-acceleration/simple_4-2.c"
"diamond_1-1.c",MAYBE,"","None","Results/CPA_Outputs/Loopy_dataset_InvarBenchmark/diamond_1-1.c_lasso_out",MAYBE,"","None","Results/CPA_Outputs/Loopy_dataset_InvarBenchmark/diamond_1-1.c_general_out",2.03,246.79,"Datasets/Loopy_dataset_InvarBenchmark/loop_invariants/sv-benchmarks/loop-acceleration/diamond_1-1.c"
"const_1-1.c",MAYBE,"","None","Results/CPA_Outputs/Loopy_dataset_InvarBenchmark/const_1-1.c_lasso_out",YES,"","None","Results/CPA_Outputs/Loopy_dataset_InvarBenchmark/const_1-1.c_general_out",1.60,31.68,"Datasets/Loopy_dataset_InvarBenchmark/loop_invariants/sv-benchmarks/loop-acceleration/const_1-1.c"
"multivar_1-1.c",MAYBE,"","None","Results/CPA_Outputs/Loopy_dataset_InvarBenchmark/multivar_1-1.c_lasso_out",MAYBE,"","None","Results/CPA_Outputs/Loopy_dataset_InvarBenchmark/multivar_1-1.c_general_out",1.73,268.77,"Datasets/Loopy_dataset_InvarBenchmark/loop_invariants/sv-benchmarks/loop-acceleration/multivar_1-1.c"
"diamond_2-2.c",MAYBE,"","None","Results/CPA_Outputs/Loopy_dataset_InvarBenchmark/diamond_2-2.c_lasso_out",MAYBE,"","None","Results/CPA_Outputs/Loopy_dataset_InvarBenchmark/diamond_2-2.c_general_out",20.29,246.83,"Datasets/Loopy_dataset_InvarBenchmark/loop_invariants/sv-benchmarks/loop-acceleration/diamond_2-2.c"
"phases_2-2.c",NO,"","None","Results/CPA_Outputs/Loopy_dataset_InvarBenchmark/phases_2-2.c_lasso_out",MAYBE,"","None","Results/CPA_Outputs/Loopy_dataset_InvarBenchmark/phases_2-2.c_general_out",1.58,261.03,"Datasets/Loopy_dataset_InvarBenchmark/loop_invariants/sv-benchmarks/loop-acceleration/phases_2-2.c"
"overflow_1-1.c",NO,"","None","Results/CPA_Outputs/Loopy_dataset_InvarBenchmark/overflow_1-1.c_lasso_out",NO,"","None","Results/CPA_Outputs/Loopy_dataset_InvarBenchmark/overflow_1-1.c_general_out",1.47,1.54,"Datasets/Loopy_dataset_InvarBenchmark/loop_invariants/sv-benchmarks/loop-acceleration/overflow_1-1.c"
"underapprox_2-2.c",MAYBE,"","None","Results/CPA_Outputs/Loopy_dataset_InvarBenchmark/underapprox_2-2.c_lasso_out",YES,"","None","Results/CPA_Outputs/Loopy_dataset_InvarBenchmark/underapprox_2-2.c_general_out",1.64,1.42,"Datasets/Loopy_dataset_InvarBenchmark/loop_invariants/sv-benchmarks/loop-acceleration/underapprox_2-2.c"
"phases_1-1.c",MAYBE,"","None","Results/CPA_Outputs/Loopy_dataset_InvarBenchmark/phases_1-1.c_lasso_out",MAYBE,"","None","Results/CPA_Outputs/Loopy_dataset_InvarBenchmark/phases_1-1.c_general_out",287.81,141.00,"Datasets/Loopy_dataset_InvarBenchmark/loop_invariants/sv-benchmarks/loop-acceleration/phases_1-1.c"
"sumt8.c",MAYBE,"","None","Results/CPA_Outputs/Loopy_dataset_InvarBenchmark/sumt8.c_lasso_out",MAYBE,"","None","Results/CPA_Outputs/Loopy_dataset_InvarBenchmark/sumt8.c_general_out",292.70,140.57,"Datasets/Loopy_dataset_InvarBenchmark/loop_invariants/sv-benchmarks/loops-crafted-1/sumt8.c"
"sumt7.c",MAYBE,"","None","Results/CPA_Outputs/Loopy_dataset_InvarBenchmark/sumt7.c_lasso_out",MAYBE,"","None","Results/CPA_Outputs/Loopy_dataset_InvarBenchmark/sumt7.c_general_out",292.58,140.43,"Datasets/Loopy_dataset_InvarBenchmark/loop_invariants/sv-benchmarks/loops-crafted-1/sumt7.c"
"loopv3.c",YES,"","None","Results/CPA_Outputs/Loopy_dataset_InvarBenchmark/loopv3.c_lasso_out",YES,"","None","Results/CPA_Outputs/Loopy_dataset_InvarBenchmark/loopv3.c_general_out",1.95,2.26,"Datasets/Loopy_dataset_InvarBenchmark/loop_invariants/sv-benchmarks/loops-crafted-1/loopv3.c"
"iftelse.c",MAYBE,"","None","Results/CPA_Outputs/Loopy_dataset_InvarBenchmark/iftelse.c_lasso_out",MAYBE,"","None","Results/CPA_Outputs/Loopy_dataset_InvarBenchmark/iftelse.c_general_out",4.37,255.70,"Datasets/Loopy_dataset_InvarBenchmark/loop_invariants/sv-benchmarks/loops-crafted-1/iftelse.c"
"loopv1.c",YES,"","None","Results/CPA_Outputs/Loopy_dataset_InvarBenchmark/loopv1.c_lasso_out",YES,"","None","Results/CPA_Outputs/Loopy_dataset_InvarBenchmark/loopv1.c_general_out",1.82,2.19,"Datasets/Loopy_dataset_InvarBenchmark/loop_invariants/sv-benchmarks/loops-crafted-1/loopv1.c"
"sumt4.c",MAYBE,"","None","Results/CPA_Outputs/Loopy_dataset_InvarBenchmark/sumt4.c_lasso_out",MAYBE,"","None","Results/CPA_Outputs/Loopy_dataset_InvarBenchmark/sumt4.c_general_out",295.30,141.40,"Datasets/Loopy_dataset_InvarBenchmark/loop_invariants/sv-benchmarks/loops-crafted-1/sumt4.c"
"mono-crafted_11.c",MAYBE,"","None","Results/CPA_Outputs/Loopy_dataset_InvarBenchmark/mono-crafted_11.c_lasso_out",MAYBE,"","None","Results/CPA_Outputs/Loopy_dataset_InvarBenchmark/mono-crafted_11.c_general_out",287.26,140.93,"Datasets/Loopy_dataset_InvarBenchmark/loop_invariants/sv-benchmarks/loops-crafted-1/mono-crafted_11.c"
"sumt9.c",MAYBE,"","None","Results/CPA_Outputs/Loopy_dataset_InvarBenchmark/sumt9.c_lasso_out",MAYBE,"","None","Results/CPA_Outputs/Loopy_dataset_InvarBenchmark/sumt9.c_general_out",2.85,262.38,"Datasets/Loopy_dataset_InvarBenchmark/loop_invariants/sv-benchmarks/loops-crafted-1/sumt9.c"
"sum_natnum.c",MAYBE,"","None","Results/CPA_Outputs/Loopy_dataset_InvarBenchmark/sum_natnum.c_lasso_out",MAYBE,"","None","Results/CPA_Outputs/Loopy_dataset_InvarBenchmark/sum_natnum.c_general_out",1.66,275.27,"Datasets/Loopy_dataset_InvarBenchmark/loop_invariants/sv-benchmarks/loops-crafted-1/sum_natnum.c"
"sumt2.c",MAYBE,"","None","Results/CPA_Outputs/Loopy_dataset_InvarBenchmark/sumt2.c_lasso_out",MAYBE,"","None","Results/CPA_Outputs/Loopy_dataset_InvarBenchmark/sumt2.c_general_out",269.05,136.30,"Datasets/Loopy_dataset_InvarBenchmark/loop_invariants/sv-benchmarks/loops-crafted-1/sumt2.c"
"sumt3.c",MAYBE,"","None","Results/CPA_Outputs/Loopy_dataset_InvarBenchmark/sumt3.c_lasso_out",MAYBE,"","None","Results/CPA_Outputs/Loopy_dataset_InvarBenchmark/sumt3.c_general_out",287.09,138.94,"Datasets/Loopy_dataset_InvarBenchmark/loop_invariants/sv-benchmarks/loops-crafted-1/sumt3.c"
"vnew2.c",FAILED,"","None","Results/CPA_Outputs/Loopy_dataset_InvarBenchmark/vnew2.c_lasso_out",MAYBE,"","None","Results/CPA_Outputs/Loopy_dataset_InvarBenchmark/vnew2.c_general_out",307.27,148.72,"Datasets/Loopy_dataset_InvarBenchmark/loop_invariants/sv-benchmarks/loops-crafted-1/vnew2.c"
"mono-crafted_10.c",MAYBE,"","None","Results/CPA_Outputs/Loopy_dataset_InvarBenchmark/mono-crafted_10.c_lasso_out",MAYBE,"","None","Results/CPA_Outputs/Loopy_dataset_InvarBenchmark/mono-crafted_10.c_general_out",1.73,274.90,"Datasets/Loopy_dataset_InvarBenchmark/loop_invariants/sv-benchmarks/loops-crafted-1/mono-crafted_10.c"
"mono-crafted_12.c",MAYBE,"","None","Results/CPA_Outputs/Loopy_dataset_InvarBenchmark/mono-crafted_12.c_lasso_out",MAYBE,"","None","Results/CPA_Outputs/Loopy_dataset_InvarBenchmark/mono-crafted_12.c_general_out",287.77,141.28,"Datasets/Loopy_dataset_InvarBenchmark/loop_invariants/sv-benchmarks/loops-crafted-1/mono-crafted_12.c"
"sumt5.c",MAYBE,"","None","Results/CPA_Outputs/Loopy_dataset_InvarBenchmark/sumt5.c_lasso_out",MAYBE,"","None","Results/CPA_Outputs/Loopy_dataset_InvarBenchmark/sumt5.c_general_out",2.29,264.72,"Datasets/Loopy_dataset_InvarBenchmark/loop_invariants/sv-benchmarks/loops-crafted-1/sumt5.c"
"mono-crafted_9.c",MAYBE,"","None","Results/CPA_Outputs/Loopy_dataset_InvarBenchmark/mono-crafted_9.c_lasso_out",MAYBE,"","None","Results/CPA_Outputs/Loopy_dataset_InvarBenchmark/mono-crafted_9.c_general_out",287.24,140.97,"Datasets/Loopy_dataset_InvarBenchmark/loop_invariants/sv-benchmarks/loops-crafted-1/mono-crafted_9.c"
"mono-crafted_6.c",YES,"","None","Results/CPA_Outputs/Loopy_dataset_InvarBenchmark/mono-crafted_6.c_lasso_out",YES,"","None","Results/CPA_Outputs/Loopy_dataset_InvarBenchmark/mono-crafted_6.c_general_out",1.71,1.72,"Datasets/Loopy_dataset_InvarBenchmark/loop_invariants/sv-benchmarks/loops-crafted-1/mono-crafted_6.c"
"Mono1_1-2.c",MAYBE,"","None","Results/CPA_Outputs/Loopy_dataset_InvarBenchmark/Mono1_1-2.c_lasso_out",MAYBE,"","None","Results/CPA_Outputs/Loopy_dataset_InvarBenchmark/Mono1_1-2.c_general_out",287.27,141.20,"Datasets/Loopy_dataset_InvarBenchmark/loop_invariants/sv-benchmarks/loops-crafted-1/Mono1_1-2.c"
"sumt6.c",MAYBE,"","None","Results/CPA_Outputs/Loopy_dataset_InvarBenchmark/sumt6.c_lasso_out",MAYBE,"","None","Results/CPA_Outputs/Loopy_dataset_InvarBenchmark/sumt6.c_general_out",292.71,140.53,"Datasets/Loopy_dataset_InvarBenchmark/loop_invariants/sv-benchmarks/loops-crafted-1/sumt6.c"
"mono-crafted_8.c",MAYBE,"","None","Results/CPA_Outputs/Loopy_dataset_InvarBenchmark/mono-crafted_8.c_lasso_out",MAYBE,"","None","Results/CPA_Outputs/Loopy_dataset_InvarBenchmark/mono-crafted_8.c_general_out",1.77,275.41,"Datasets/Loopy_dataset_InvarBenchmark/loop_invariants/sv-benchmarks/loops-crafted-1/mono-crafted_8.c"
"mod3.c",MAYBE,"","None","Results/CPA_Outputs/Loopy_dataset_InvarBenchmark/mod3.c_lasso_out",MAYBE,"","None","Results/CPA_Outputs/Loopy_dataset_InvarBenchmark/mod3.c_general_out",3.13,255.66,"Datasets/Loopy_dataset_InvarBenchmark/loop_invariants/sv-benchmarks/loop-industry-pattern/mod3.c"
"ddlm2013.c",MAYBE,"","None","Results/CPA_Outputs/Loopy_dataset_InvarBenchmark/ddlm2013.c_lasso_out",MAYBE,"","None","Results/CPA_Outputs/Loopy_dataset_InvarBenchmark/ddlm2013.c_general_out",13.70,256.26,"Datasets/Loopy_dataset_InvarBenchmark/loop_invariants/sv-benchmarks/loop-lit/ddlm2013.c"
"cggmp2005_variant.c",YES,"","None","Results/CPA_Outputs/Loopy_dataset_InvarBenchmark/cggmp2005_variant.c_lasso_out",YES,"","None","Results/CPA_Outputs/Loopy_dataset_InvarBenchmark/cggmp2005_variant.c_general_out",1.65,2.02,"Datasets/Loopy_dataset_InvarBenchmark/loop_invariants/sv-benchmarks/loop-lit/cggmp2005_variant.c"
"gsv2008.c",MAYBE,"","None","Results/CPA_Outputs/Loopy_dataset_InvarBenchmark/gsv2008.c_lasso_out",MAYBE,"","None","Results/CPA_Outputs/Loopy_dataset_InvarBenchmark/gsv2008.c_general_out",2.05,268.95,"Datasets/Loopy_dataset_InvarBenchmark/loop_invariants/sv-benchmarks/loop-lit/gsv2008.c"
"jm2006_variant.c",YES,"","None","Results/CPA_Outputs/Loopy_dataset_InvarBenchmark/jm2006_variant.c_lasso_out",YES,"","None","Results/CPA_Outputs/Loopy_dataset_InvarBenchmark/jm2006_variant.c_general_out",1.75,2.06,"Datasets/Loopy_dataset_InvarBenchmark/loop_invariants/sv-benchmarks/loop-lit/jm2006_variant.c"
"gj2007b.c",YES,"","None","Results/CPA_Outputs/Loopy_dataset_InvarBenchmark/gj2007b.c_lasso_out",YES,"","None","Results/CPA_Outputs/Loopy_dataset_InvarBenchmark/gj2007b.c_general_out",1.59,1.98,"Datasets/Loopy_dataset_InvarBenchmark/loop_invariants/sv-benchmarks/loop-lit/gj2007b.c"
"afnp2014.c",YES,"","None","Results/CPA_Outputs/Loopy_dataset_InvarBenchmark/afnp2014.c_lasso_out",YES,"","None","Results/CPA_Outputs/Loopy_dataset_InvarBenchmark/afnp2014.c_general_out",1.72,2.08,"Datasets/Loopy_dataset_InvarBenchmark/loop_invariants/sv-benchmarks/loop-lit/afnp2014.c"
"css2003.c",YES,"","None","Results/CPA_Outputs/Loopy_dataset_InvarBenchmark/css2003.c_lasso_out",YES,"","None","Results/CPA_Outputs/Loopy_dataset_InvarBenchmark/css2003.c_general_out",1.68,1.99,"Datasets/Loopy_dataset_InvarBenchmark/loop_invariants/sv-benchmarks/loop-lit/css2003.c"
"cggmp2005.c",YES,"","None","Results/CPA_Outputs/Loopy_dataset_InvarBenchmark/cggmp2005.c_lasso_out",YES,"","None","Results/CPA_Outputs/Loopy_dataset_InvarBenchmark/cggmp2005.c_general_out",1.58,1.36,"Datasets/Loopy_dataset_InvarBenchmark/loop_invariants/sv-benchmarks/loop-lit/cggmp2005.c"
"gj2007.c",MAYBE,"","None","Results/CPA_Outputs/Loopy_dataset_InvarBenchmark/gj2007.c_lasso_out",YES,"","None","Results/CPA_Outputs/Loopy_dataset_InvarBenchmark/gj2007.c_general_out",289.88,1.86,"Datasets/Loopy_dataset_InvarBenchmark/loop_invariants/sv-benchmarks/loop-lit/gj2007.c"
"bhmr2007.c",YES,"","None","Results/CPA_Outputs/Loopy_dataset_InvarBenchmark/bhmr2007.c_lasso_out",YES,"","None","Results/CPA_Outputs/Loopy_dataset_InvarBenchmark/bhmr2007.c_general_out",1.78,2.12,"Datasets/Loopy_dataset_InvarBenchmark/loop_invariants/sv-benchmarks/loop-lit/bhmr2007.c"
"jm2006.c",YES,"","None","Results/CPA_Outputs/Loopy_dataset_InvarBenchmark/jm2006.c_lasso_out",YES,"","None","Results/CPA_Outputs/Loopy_dataset_InvarBenchmark/jm2006.c_general_out",1.85,2.21,"Datasets/Loopy_dataset_InvarBenchmark/loop_invariants/sv-benchmarks/loop-lit/jm2006.c"
"hhk2008.c",MAYBE,"","None","Results/CPA_Outputs/Loopy_dataset_InvarBenchmark/hhk2008.c_lasso_out",MAYBE,"","None","Results/CPA_Outputs/Loopy_dataset_InvarBenchmark/hhk2008.c_general_out",287.20,139.40,"Datasets/Loopy_dataset_InvarBenchmark/loop_invariants/sv-benchmarks/loop-lit/hhk2008.c"
"gr2006.c",MAYBE,"","None","Results/CPA_Outputs/Loopy_dataset_InvarBenchmark/gr2006.c_lasso_out",YES,"","None","Results/CPA_Outputs/Loopy_dataset_InvarBenchmark/gr2006.c_general_out",287.38,2.39,"Datasets/Loopy_dataset_InvarBenchmark/loop_invariants/sv-benchmarks/loop-lit/gr2006.c"
"sendmail-close-angle.c",YES,"","None","Results/CPA_Outputs/Loopy_dataset_InvarBenchmark/sendmail-close-angle.c_lasso_out",YES,"","None","Results/CPA_Outputs/Loopy_dataset_InvarBenchmark/sendmail-close-angle.c_general_out",1.29,1.43,"Datasets/Loopy_dataset_InvarBenchmark/loop_invariants/sv-benchmarks/loop-invgen/sendmail-close-angle.c"
"MADWiFi-encode_ie_ok.c",YES,"","None","Results/CPA_Outputs/Loopy_dataset_InvarBenchmark/MADWiFi-encode_ie_ok.c_lasso_out",YES,"","None","Results/CPA_Outputs/Loopy_dataset_InvarBenchmark/MADWiFi-encode_ie_ok.c_general_out",1.32,1.44,"Datasets/Loopy_dataset_InvarBenchmark/loop_invariants/sv-benchmarks/loop-invgen/MADWiFi-encode_ie_ok.c"
"NetBSD_loop.c",YES,"","None","Results/CPA_Outputs/Loopy_dataset_InvarBenchmark/NetBSD_loop.c_lasso_out",YES,"","None","Results/CPA_Outputs/Loopy_dataset_InvarBenchmark/NetBSD_loop.c_general_out",1.68,2.03,"Datasets/Loopy_dataset_InvarBenchmark/loop_invariants/sv-benchmarks/loop-invgen/NetBSD_loop.c"
"nested_1.c",YES,"","None","Results/CPA_Outputs/Loopy_dataset_InvarBenchmark/nested_1.c_lasso_out",YES,"","None","Results/CPA_Outputs/Loopy_dataset_InvarBenchmark/nested_1.c_general_out",1.60,1.33,"Datasets/Loopy_dataset_InvarBenchmark/loop_invariants/sv-benchmarks/loop-simple/nested_1.c"
"eq1.c",NO,"","None","Results/CPA_Outputs/Loopy_dataset_InvarBenchmark/eq1.c_lasso_out",NO,"","None","Results/CPA_Outputs/Loopy_dataset_InvarBenchmark/eq1.c_general_out",1.49,1.55,"Datasets/Loopy_dataset_InvarBenchmark/loop_invariants/sv-benchmarks/loop-invariants/eq1.c"
"mod4.c",NO,"","None","Results/CPA_Outputs/Loopy_dataset_InvarBenchmark/mod4.c_lasso_out",NO,"","None","Results/CPA_Outputs/Loopy_dataset_InvarBenchmark/mod4.c_general_out",1.47,1.50,"Datasets/Loopy_dataset_InvarBenchmark/loop_invariants/sv-benchmarks/loop-invariants/mod4.c"
"linear-inequality-inv-a.c",MAYBE,"","None","Results/CPA_Outputs/Loopy_dataset_InvarBenchmark/linear-inequality-inv-a.c_lasso_out",MAYBE,"","None","Results/CPA_Outputs/Loopy_dataset_InvarBenchmark/linear-inequality-inv-a.c_general_out",1.60,248.93,"Datasets/Loopy_dataset_InvarBenchmark/loop_invariants/sv-benchmarks/loop-invariants/linear-inequality-inv-a.c"
"const.c",NO,"","None","Results/CPA_Outputs/Loopy_dataset_InvarBenchmark/const.c_lasso_out",NO,"","None","Results/CPA_Outputs/Loopy_dataset_InvarBenchmark/const.c_general_out",1.47,1.47,"Datasets/Loopy_dataset_InvarBenchmark/loop_invariants/sv-benchmarks/loop-invariants/const.c"
"bin-suffix-5.c",NO,"","None","Results/CPA_Outputs/Loopy_dataset_InvarBenchmark/bin-suffix-5.c_lasso_out",NO,"","None","Results/CPA_Outputs/Loopy_dataset_InvarBenchmark/bin-suffix-5.c_general_out",1.42,1.48,"Datasets/Loopy_dataset_InvarBenchmark/loop_invariants/sv-benchmarks/loop-invariants/bin-suffix-5.c"
"odd.c",NO,"","None","Results/CPA_Outputs/Loopy_dataset_InvarBenchmark/odd.c_lasso_out",NO,"","None","Results/CPA_Outputs/Loopy_dataset_InvarBenchmark/odd.c_general_out",1.43,1.49,"Datasets/Loopy_dataset_InvarBenchmark/loop_invariants/sv-benchmarks/loop-invariants/odd.c"
"even.c",NO,"","None","Results/CPA_Outputs/Loopy_dataset_InvarBenchmark/even.c_lasso_out",NO,"","None","Results/CPA_Outputs/Loopy_dataset_InvarBenchmark/even.c_general_out",1.43,1.46,"Datasets/Loopy_dataset_InvarBenchmark/loop_invariants/sv-benchmarks/loop-invariants/even.c"
"eq2.c",MAYBE,"","None","Results/CPA_Outputs/Loopy_dataset_InvarBenchmark/eq2.c_lasso_out",MAYBE,"","None","Results/CPA_Outputs/Loopy_dataset_InvarBenchmark/eq2.c_general_out",12.83,258.78,"Datasets/Loopy_dataset_InvarBenchmark/loop_invariants/sv-benchmarks/loop-invariants/eq2.c"
"benchmark34_conjunctive.c",YES,"","None","Results/CPA_Outputs/Loopy_dataset_InvarBenchmark/benchmark34_conjunctive.c_lasso_out",YES,"","None","Results/CPA_Outputs/Loopy_dataset_InvarBenchmark/benchmark34_conjunctive.c_general_out",1.28,1.42,"Datasets/Loopy_dataset_InvarBenchmark/loop_invariants/sv-benchmarks/loop-zilu/benchmark34_conjunctive.c"
"benchmark35_linear.c",YES,"","None","Results/CPA_Outputs/Loopy_dataset_InvarBenchmark/benchmark35_linear.c_lasso_out",YES,"","None","Results/CPA_Outputs/Loopy_dataset_InvarBenchmark/benchmark35_linear.c_general_out",1.54,1.90,"Datasets/Loopy_dataset_InvarBenchmark/loop_invariants/sv-benchmarks/loop-zilu/benchmark35_linear.c"
"benchmark25_linear.c",YES,"","None","Results/CPA_Outputs/Loopy_dataset_InvarBenchmark/benchmark25_linear.c_lasso_out",YES,"","None","Results/CPA_Outputs/Loopy_dataset_InvarBenchmark/benchmark25_linear.c_general_out",1.60,1.94,"Datasets/Loopy_dataset_InvarBenchmark/loop_invariants/sv-benchmarks/loop-zilu/benchmark25_linear.c"
"benchmark37_conjunctive.c",YES,"","None","Results/CPA_Outputs/Loopy_dataset_InvarBenchmark/benchmark37_conjunctive.c_lasso_out",YES,"","None","Results/CPA_Outputs/Loopy_dataset_InvarBenchmark/benchmark37_conjunctive.c_general_out",1.80,2.11,"Datasets/Loopy_dataset_InvarBenchmark/loop_invariants/sv-benchmarks/loop-zilu/benchmark37_conjunctive.c"
"benchmark38_conjunctive.c",MAYBE,"","None","Results/CPA_Outputs/Loopy_dataset_InvarBenchmark/benchmark38_conjunctive.c_lasso_out",MAYBE,"","None","Results/CPA_Outputs/Loopy_dataset_InvarBenchmark/benchmark38_conjunctive.c_general_out",3.53,266.25,"Datasets/Loopy_dataset_InvarBenchmark/loop_invariants/sv-benchmarks/loop-zilu/benchmark38_conjunctive.c"
"benchmark20_conjunctive.c",YES,"","None","Results/CPA_Outputs/Loopy_dataset_InvarBenchmark/benchmark20_conjunctive.c_lasso_out",YES,"","None","Results/CPA_Outputs/Loopy_dataset_InvarBenchmark/benchmark20_conjunctive.c_general_out",1.33,1.44,"Datasets/Loopy_dataset_InvarBenchmark/loop_invariants/sv-benchmarks/loop-zilu/benchmark20_conjunctive.c"
"benchmark24_conjunctive.c",YES,"","None","Results/CPA_Outputs/Loopy_dataset_InvarBenchmark/benchmark24_conjunctive.c_lasso_out",YES,"","None","Results/CPA_Outputs/Loopy_dataset_InvarBenchmark/benchmark24_conjunctive.c_general_out",1.30,1.44,"Datasets/Loopy_dataset_InvarBenchmark/loop_invariants/sv-benchmarks/loop-zilu/benchmark24_conjunctive.c"
"benchmark47_linear.c",YES,"","None","Results/CPA_Outputs/Loopy_dataset_InvarBenchmark/benchmark47_linear.c_lasso_out",YES,"","None","Results/CPA_Outputs/Loopy_dataset_InvarBenchmark/benchmark47_linear.c_general_out",1.29,1.44,"Datasets/Loopy_dataset_InvarBenchmark/loop_invariants/sv-benchmarks/loop-zilu/benchmark47_linear.c"
"benchmark31_disjunctive.c",MAYBE,"","None","Results/CPA_Outputs/Loopy_dataset_InvarBenchmark/benchmark31_disjunctive.c_lasso_out",MAYBE,"","None","Results/CPA_Outputs/Loopy_dataset_InvarBenchmark/benchmark31_disjunctive.c_general_out",2.54,269.36,"Datasets/Loopy_dataset_InvarBenchmark/loop_invariants/sv-benchmarks/loop-zilu/benchmark31_disjunctive.c"
"benchmark39_conjunctive.c",YES,"","None","Results/CPA_Outputs/Loopy_dataset_InvarBenchmark/benchmark39_conjunctive.c_lasso_out",YES,"","None","Results/CPA_Outputs/Loopy_dataset_InvarBenchmark/benchmark39_conjunctive.c_general_out",1.28,1.41,"Datasets/Loopy_dataset_InvarBenchmark/loop_invariants/sv-benchmarks/loop-zilu/benchmark39_conjunctive.c"
"benchmark19_conjunctive.c",YES,"","None","Results/CPA_Outputs/Loopy_dataset_InvarBenchmark/benchmark19_conjunctive.c_lasso_out",YES,"","None","Results/CPA_Outputs/Loopy_dataset_InvarBenchmark/benchmark19_conjunctive.c_general_out",1.67,2.04,"Datasets/Loopy_dataset_InvarBenchmark/loop_invariants/sv-benchmarks/loop-zilu/benchmark19_conjunctive.c"
"benchmark13_conjunctive.c",YES,"","None","Results/CPA_Outputs/Loopy_dataset_InvarBenchmark/benchmark13_conjunctive.c_lasso_out",YES,"","None","Results/CPA_Outputs/Loopy_dataset_InvarBenchmark/benchmark13_conjunctive.c_general_out",1.74,1.99,"Datasets/Loopy_dataset_InvarBenchmark/loop_invariants/sv-benchmarks/loop-zilu/benchmark13_conjunctive.c"
"benchmark33_linear.c",YES,"","None","Results/CPA_Outputs/Loopy_dataset_InvarBenchmark/benchmark33_linear.c_lasso_out",YES,"","None","Results/CPA_Outputs/Loopy_dataset_InvarBenchmark/benchmark33_linear.c_general_out",1.62,1.89,"Datasets/Loopy_dataset_InvarBenchmark/loop_invariants/sv-benchmarks/loop-zilu/benchmark33_linear.c"
"benchmark17_conjunctive.c",YES,"","None","Results/CPA_Outputs/Loopy_dataset_InvarBenchmark/benchmark17_conjunctive.c_lasso_out",YES,"","None","Results/CPA_Outputs/Loopy_dataset_InvarBenchmark/benchmark17_conjunctive.c_general_out",1.30,1.41,"Datasets/Loopy_dataset_InvarBenchmark/loop_invariants/sv-benchmarks/loop-zilu/benchmark17_conjunctive.c"
"benchmark10_conjunctive.c",YES,"","None","Results/CPA_Outputs/Loopy_dataset_InvarBenchmark/benchmark10_conjunctive.c_lasso_out",YES,"","None","Results/CPA_Outputs/Loopy_dataset_InvarBenchmark/benchmark10_conjunctive.c_general_out",1.61,1.95,"Datasets/Loopy_dataset_InvarBenchmark/loop_invariants/sv-benchmarks/loop-zilu/benchmark10_conjunctive.c"
"benchmark32_linear.c",NO,"","None","Results/CPA_Outputs/Loopy_dataset_InvarBenchmark/benchmark32_linear.c_lasso_out",NO,"","None","Results/CPA_Outputs/Loopy_dataset_InvarBenchmark/benchmark32_linear.c_general_out",2.06,1.45,"Datasets/Loopy_dataset_InvarBenchmark/loop_invariants/sv-benchmarks/loop-zilu/benchmark32_linear.c"
"benchmark02_linear.c",YES,"","None","Results/CPA_Outputs/Loopy_dataset_InvarBenchmark/benchmark02_linear.c_lasso_out",YES,"","None","Results/CPA_Outputs/Loopy_dataset_InvarBenchmark/benchmark02_linear.c_general_out",1.29,1.40,"Datasets/Loopy_dataset_InvarBenchmark/loop_invariants/sv-benchmarks/loop-zilu/benchmark02_linear.c"
"benchmark42_conjunctive.c",YES,"","None","Results/CPA_Outputs/Loopy_dataset_InvarBenchmark/benchmark42_conjunctive.c_lasso_out",YES,"","None","Results/CPA_Outputs/Loopy_dataset_InvarBenchmark/benchmark42_conjunctive.c_general_out",1.31,1.42,"Datasets/Loopy_dataset_InvarBenchmark/loop_invariants/sv-benchmarks/loop-zilu/benchmark42_conjunctive.c"
"benchmark18_conjunctive.c",YES,"","None","Results/CPA_Outputs/Loopy_dataset_InvarBenchmark/benchmark18_conjunctive.c_lasso_out",YES,"","None","Results/CPA_Outputs/Loopy_dataset_InvarBenchmark/benchmark18_conjunctive.c_general_out",1.26,1.36,"Datasets/Loopy_dataset_InvarBenchmark/loop_invariants/sv-benchmarks/loop-zilu/benchmark18_conjunctive.c"
"benchmark45_disjunctive.c",MAYBE,"","None","Results/CPA_Outputs/Loopy_dataset_InvarBenchmark/benchmark45_disjunctive.c_lasso_out",MAYBE,"","None","Results/CPA_Outputs/Loopy_dataset_InvarBenchmark/benchmark45_disjunctive.c_general_out",2.76,259.28,"Datasets/Loopy_dataset_InvarBenchmark/loop_invariants/sv-benchmarks/loop-zilu/benchmark45_disjunctive.c"
"benchmark11_linear.c",YES,"","None","Results/CPA_Outputs/Loopy_dataset_InvarBenchmark/benchmark11_linear.c_lasso_out",YES,"","None","Results/CPA_Outputs/Loopy_dataset_InvarBenchmark/benchmark11_linear.c_general_out",1.27,1.44,"Datasets/Loopy_dataset_InvarBenchmark/loop_invariants/sv-benchmarks/loop-zilu/benchmark11_linear.c"
"benchmark51_polynomial.c",NO,"","None","Results/CPA_Outputs/Loopy_dataset_InvarBenchmark/benchmark51_polynomial.c_lasso_out",NO,"","None","Results/CPA_Outputs/Loopy_dataset_InvarBenchmark/benchmark51_polynomial.c_general_out",2.08,2.37,"Datasets/Loopy_dataset_InvarBenchmark/loop_invariants/sv-benchmarks/loop-zilu/benchmark51_polynomial.c"
"benchmark03_linear.c",MAYBE,"","None","Results/CPA_Outputs/Loopy_dataset_InvarBenchmark/benchmark03_linear.c_lasso_out",MAYBE,"","None","Results/CPA_Outputs/Loopy_dataset_InvarBenchmark/benchmark03_linear.c_general_out",4.50,263.40,"Datasets/Loopy_dataset_InvarBenchmark/loop_invariants/sv-benchmarks/loop-zilu/benchmark03_linear.c"
"benchmark49_linear.c",YES,"","None","Results/CPA_Outputs/Loopy_dataset_InvarBenchmark/benchmark49_linear.c_lasso_out",YES,"","None","Results/CPA_Outputs/Loopy_dataset_InvarBenchmark/benchmark49_linear.c_general_out",1.30,1.42,"Datasets/Loopy_dataset_InvarBenchmark/loop_invariants/sv-benchmarks/loop-zilu/benchmark49_linear.c"
"benchmark05_conjunctive.c",YES,"","None","Results/CPA_Outputs/Loopy_dataset_InvarBenchmark/benchmark05_conjunctive.c_lasso_out",YES,"","None","Results/CPA_Outputs/Loopy_dataset_InvarBenchmark/benchmark05_conjunctive.c_general_out",1.27,1.42,"Datasets/Loopy_dataset_InvarBenchmark/loop_invariants/sv-benchmarks/loop-zilu/benchmark05_conjunctive.c"
"benchmark50_linear.c",YES,"","None","Results/CPA_Outputs/Loopy_dataset_InvarBenchmark/benchmark50_linear.c_lasso_out",YES,"","None","Results/CPA_Outputs/Loopy_dataset_InvarBenchmark/benchmark50_linear.c_general_out",1.61,1.99,"Datasets/Loopy_dataset_InvarBenchmark/loop_invariants/sv-benchmarks/loop-zilu/benchmark50_linear.c"
"benchmark46_disjunctive.c",MAYBE,"","None","Results/CPA_Outputs/Loopy_dataset_InvarBenchmark/benchmark46_disjunctive.c_lasso_out",MAYBE,"","None","Results/CPA_Outputs/Loopy_dataset_InvarBenchmark/benchmark46_disjunctive.c_general_out",7.73,253.85,"Datasets/Loopy_dataset_InvarBenchmark/loop_invariants/sv-benchmarks/loop-zilu/benchmark46_disjunctive.c"
"benchmark01_conjunctive.c",MAYBE,"","None","Results/CPA_Outputs/Loopy_dataset_InvarBenchmark/benchmark01_conjunctive.c_lasso_out",NO,"","None","Results/CPA_Outputs/Loopy_dataset_InvarBenchmark/benchmark01_conjunctive.c_general_out",1.71,1.93,"Datasets/Loopy_dataset_InvarBenchmark/loop_invariants/sv-benchmarks/loop-zilu/benchmark01_conjunctive.c"
"benchmark06_conjunctive.c",FAILED,"","None","Results/CPA_Outputs/Loopy_dataset_InvarBenchmark/benchmark06_conjunctive.c_lasso_out",FAILED,"","None","Results/CPA_Outputs/Loopy_dataset_InvarBenchmark/benchmark06_conjunctive.c_general_out",4.06,5.05,"Datasets/Loopy_dataset_InvarBenchmark/loop_invariants/sv-benchmarks/loop-zilu/benchmark06_conjunctive.c"
"benchmark30_conjunctive.c",MAYBE,"","None","Results/CPA_Outputs/Loopy_dataset_InvarBenchmark/benchmark30_conjunctive.c_lasso_out",MAYBE,"","None","Results/CPA_Outputs/Loopy_dataset_InvarBenchmark/benchmark30_conjunctive.c_general_out",4.74,265.81,"Datasets/Loopy_dataset_InvarBenchmark/loop_invariants/sv-benchmarks/loop-zilu/benchmark30_conjunctive.c"
"benchmark21_disjunctive.c",YES,"","None","Results/CPA_Outputs/Loopy_dataset_InvarBenchmark/benchmark21_disjunctive.c_lasso_out",YES,"","None","Results/CPA_Outputs/Loopy_dataset_InvarBenchmark/benchmark21_disjunctive.c_general_out",1.29,1.46,"Datasets/Loopy_dataset_InvarBenchmark/loop_invariants/sv-benchmarks/loop-zilu/benchmark21_disjunctive.c"
"benchmark16_conjunctive.c",NO,"","None","Results/CPA_Outputs/Loopy_dataset_InvarBenchmark/benchmark16_conjunctive.c_lasso_out",NO,"","None","Results/CPA_Outputs/Loopy_dataset_InvarBenchmark/benchmark16_conjunctive.c_general_out",1.49,1.55,"Datasets/Loopy_dataset_InvarBenchmark/loop_invariants/sv-benchmarks/loop-zilu/benchmark16_conjunctive.c"
"benchmark14_linear.c",YES,"","None","Results/CPA_Outputs/Loopy_dataset_InvarBenchmark/benchmark14_linear.c_lasso_out",YES,"","None","Results/CPA_Outputs/Loopy_dataset_InvarBenchmark/benchmark14_linear.c_general_out",1.54,1.89,"Datasets/Loopy_dataset_InvarBenchmark/loop_invariants/sv-benchmarks/loop-zilu/benchmark14_linear.c"
"benchmark09_conjunctive.c",YES,"","None","Results/CPA_Outputs/Loopy_dataset_InvarBenchmark/benchmark09_conjunctive.c_lasso_out",YES,"","None","Results/CPA_Outputs/Loopy_dataset_InvarBenchmark/benchmark09_conjunctive.c_general_out",1.62,2.00,"Datasets/Loopy_dataset_InvarBenchmark/loop_invariants/sv-benchmarks/loop-zilu/benchmark09_conjunctive.c"
"benchmark43_conjunctive.c",YES,"","None","Results/CPA_Outputs/Loopy_dataset_InvarBenchmark/benchmark43_conjunctive.c_lasso_out",YES,"","None","Results/CPA_Outputs/Loopy_dataset_InvarBenchmark/benchmark43_conjunctive.c_general_out",1.58,1.97,"Datasets/Loopy_dataset_InvarBenchmark/loop_invariants/sv-benchmarks/loop-zilu/benchmark43_conjunctive.c"
"benchmark08_conjunctive.c",YES,"","None","Results/CPA_Outputs/Loopy_dataset_InvarBenchmark/benchmark08_conjunctive.c_lasso_out",YES,"","None","Results/CPA_Outputs/Loopy_dataset_InvarBenchmark/benchmark08_conjunctive.c_general_out",1.27,1.42,"Datasets/Loopy_dataset_InvarBenchmark/loop_invariants/sv-benchmarks/loop-zilu/benchmark08_conjunctive.c"
"benchmark12_linear.c",MAYBE,"","None","Results/CPA_Outputs/Loopy_dataset_InvarBenchmark/benchmark12_linear.c_lasso_out",MAYBE,"","None","Results/CPA_Outputs/Loopy_dataset_InvarBenchmark/benchmark12_linear.c_general_out",1.26,253.64,"Datasets/Loopy_dataset_InvarBenchmark/loop_invariants/sv-benchmarks/loop-zilu/benchmark12_linear.c"
"benchmark41_conjunctive.c",MAYBE,"","None","Results/CPA_Outputs/Loopy_dataset_InvarBenchmark/benchmark41_conjunctive.c_lasso_out",MAYBE,"","None","Results/CPA_Outputs/Loopy_dataset_InvarBenchmark/benchmark41_conjunctive.c_general_out",3.81,267.28,"Datasets/Loopy_dataset_InvarBenchmark/loop_invariants/sv-benchmarks/loop-zilu/benchmark41_conjunctive.c"
"benchmark04_conjunctive.c",YES,"","None","Results/CPA_Outputs/Loopy_dataset_InvarBenchmark/benchmark04_conjunctive.c_lasso_out",YES,"","None","Results/CPA_Outputs/Loopy_dataset_InvarBenchmark/benchmark04_conjunctive.c_general_out",1.25,1.41,"Datasets/Loopy_dataset_InvarBenchmark/loop_invariants/sv-benchmarks/loop-zilu/benchmark04_conjunctive.c"
"benchmark15_conjunctive.c",YES,"","None","Results/CPA_Outputs/Loopy_dataset_InvarBenchmark/benchmark15_conjunctive.c_lasso_out",YES,"","None","Results/CPA_Outputs/Loopy_dataset_InvarBenchmark/benchmark15_conjunctive.c_general_out",1.29,1.40,"Datasets/Loopy_dataset_InvarBenchmark/loop_invariants/sv-benchmarks/loop-zilu/benchmark15_conjunctive.c"
"benchmark22_conjunctive.c",MAYBE,"","None","Results/CPA_Outputs/Loopy_dataset_InvarBenchmark/benchmark22_conjunctive.c_lasso_out",MAYBE,"","None","Results/CPA_Outputs/Loopy_dataset_InvarBenchmark/benchmark22_conjunctive.c_general_out",1.27,270.56,"Datasets/Loopy_dataset_InvarBenchmark/loop_invariants/sv-benchmarks/loop-zilu/benchmark22_conjunctive.c"
"benchmark48_linear.c",YES,"","None","Results/CPA_Outputs/Loopy_dataset_InvarBenchmark/benchmark48_linear.c_lasso_out",YES,"","None","Results/CPA_Outputs/Loopy_dataset_InvarBenchmark/benchmark48_linear.c_general_out",1.30,1.43,"Datasets/Loopy_dataset_InvarBenchmark/loop_invariants/sv-benchmarks/loop-zilu/benchmark48_linear.c"
"benchmark53_polynomial.c",MAYBE,"","None","Results/CPA_Outputs/Loopy_dataset_InvarBenchmark/benchmark53_polynomial.c_lasso_out",MAYBE,"","None","Results/CPA_Outputs/Loopy_dataset_InvarBenchmark/benchmark53_polynomial.c_general_out",2.51,259.55,"Datasets/Loopy_dataset_InvarBenchmark/loop_invariants/sv-benchmarks/loop-zilu/benchmark53_polynomial.c"
"benchmark40_polynomial.c",MAYBE,"","None","Results/CPA_Outputs/Loopy_dataset_InvarBenchmark/benchmark40_polynomial.c_lasso_out",MAYBE,"","None","Results/CPA_Outputs/Loopy_dataset_InvarBenchmark/benchmark40_polynomial.c_general_out",2.46,258.21,"Datasets/Loopy_dataset_InvarBenchmark/loop_invariants/sv-benchmarks/loop-zilu/benchmark40_polynomial.c"
"benchmark52_polynomial.c",NO,"","None","Results/CPA_Outputs/Loopy_dataset_InvarBenchmark/benchmark52_polynomial.c_lasso_out",MAYBE,"","None","Results/CPA_Outputs/Loopy_dataset_InvarBenchmark/benchmark52_polynomial.c_general_out",1.45,263.51,"Datasets/Loopy_dataset_InvarBenchmark/loop_invariants/sv-benchmarks/loop-zilu/benchmark52_polynomial.c"
"benchmark23_conjunctive.c",YES,"","None","Results/CPA_Outputs/Loopy_dataset_InvarBenchmark/benchmark23_conjunctive.c_lasso_out",YES,"","None","Results/CPA_Outputs/Loopy_dataset_InvarBenchmark/benchmark23_conjunctive.c_general_out",1.62,2.01,"Datasets/Loopy_dataset_InvarBenchmark/loop_invariants/sv-benchmarks/loop-zilu/benchmark23_conjunctive.c"
"benchmark26_linear.c",YES,"","None","Results/CPA_Outputs/Loopy_dataset_InvarBenchmark/benchmark26_linear.c_lasso_out",YES,"","None","Results/CPA_Outputs/Loopy_dataset_InvarBenchmark/benchmark26_linear.c_general_out",1.29,1.34,"Datasets/Loopy_dataset_InvarBenchmark/loop_invariants/sv-benchmarks/loop-zilu/benchmark26_linear.c"
"benchmark27_linear.c",YES,"","None","Results/CPA_Outputs/Loopy_dataset_InvarBenchmark/benchmark27_linear.c_lasso_out",YES,"","None","Results/CPA_Outputs/Loopy_dataset_InvarBenchmark/benchmark27_linear.c_general_out",1.30,1.39,"Datasets/Loopy_dataset_InvarBenchmark/loop_invariants/sv-benchmarks/loop-zilu/benchmark27_linear.c"
"benchmark36_conjunctive.c",MAYBE,"","None","Results/CPA_Outputs/Loopy_dataset_InvarBenchmark/benchmark36_conjunctive.c_lasso_out",MAYBE,"","None","Results/CPA_Outputs/Loopy_dataset_InvarBenchmark/benchmark36_conjunctive.c_general_out",8.47,262.14,"Datasets/Loopy_dataset_InvarBenchmark/loop_invariants/sv-benchmarks/loop-zilu/benchmark36_conjunctive.c"
"benchmark29_linear.c",YES,"","None","Results/CPA_Outputs/Loopy_dataset_InvarBenchmark/benchmark29_linear.c_lasso_out",YES,"","None","Results/CPA_Outputs/Loopy_dataset_InvarBenchmark/benchmark29_linear.c_general_out",1.32,1.36,"Datasets/Loopy_dataset_InvarBenchmark/loop_invariants/sv-benchmarks/loop-zilu/benchmark29_linear.c"
"count_by_nondet.c",YES,"","None","Results/CPA_Outputs/Loopy_dataset_InvarBenchmark/count_by_nondet.c_lasso_out",YES,"","None","Results/CPA_Outputs/Loopy_dataset_InvarBenchmark/count_by_nondet.c_general_out",1.63,1.95,"Datasets/Loopy_dataset_InvarBenchmark/loop_invariants/sv-benchmarks/loop-new/count_by_nondet.c"
"count_by_1_variant.c",YES,"","None","Results/CPA_Outputs/Loopy_dataset_InvarBenchmark/count_by_1_variant.c_lasso_out",YES,"","None","Results/CPA_Outputs/Loopy_dataset_InvarBenchmark/count_by_1_variant.c_general_out",2.15,2.15,"Datasets/Loopy_dataset_InvarBenchmark/loop_invariants/sv-benchmarks/loop-new/count_by_1_variant.c"
"count_by_k.c",MAYBE,"","None","Results/CPA_Outputs/Loopy_dataset_InvarBenchmark/count_by_k.c_lasso_out",MAYBE,"","None","Results/CPA_Outputs/Loopy_dataset_InvarBenchmark/count_by_k.c_general_out",1.45,294.64,"Datasets/Loopy_dataset_InvarBenchmark/loop_invariants/sv-benchmarks/loop-new/count_by_k.c"
"gauss_sum.c",YES,"","None","Results/CPA_Outputs/Loopy_dataset_InvarBenchmark/gauss_sum.c_lasso_out",YES,"","None","Results/CPA_Outputs/Loopy_dataset_InvarBenchmark/gauss_sum.c_general_out",1.59,1.97,"Datasets/Loopy_dataset_InvarBenchmark/loop_invariants/sv-benchmarks/loop-new/gauss_sum.c"
"count_by_1.c",YES,"","None","Results/CPA_Outputs/Loopy_dataset_InvarBenchmark/count_by_1.c_lasso_out",YES,"","None","Results/CPA_Outputs/Loopy_dataset_InvarBenchmark/count_by_1.c_general_out",1.56,1.60,"Datasets/Loopy_dataset_InvarBenchmark/loop_invariants/sv-benchmarks/loop-new/count_by_1.c"
"half.c",MAYBE,"","None","Results/CPA_Outputs/Loopy_dataset_InvarBenchmark/half.c_lasso_out",MAYBE,"","None","Results/CPA_Outputs/Loopy_dataset_InvarBenchmark/half.c_general_out",1.79,265.32,"Datasets/Loopy_dataset_InvarBenchmark/loop_invariants/sv-benchmarks/loop-new/half.c"
"count_by_2.c",YES,"","None","Results/CPA_Outputs/Loopy_dataset_InvarBenchmark/count_by_2.c_lasso_out",YES,"","None","Results/CPA_Outputs/Loopy_dataset_InvarBenchmark/count_by_2.c_general_out",1.54,1.59,"Datasets/Loopy_dataset_InvarBenchmark/loop_invariants/sv-benchmarks/loop-new/count_by_2.c"
"04.c",MAYBE,"","None","Results/CPA_Outputs/Loopy_dataset_InvarBenchmark/04.c_lasso_out",NO,"","None","Results/CPA_Outputs/Loopy_dataset_InvarBenchmark/04.c_general_out",2.34,1.44,"Datasets/Loopy_dataset_InvarBenchmark/loop_invariants/LinearArbitrary-SeaHorn/pie/hola/04.c"
"22.c",NO,"","None","Results/CPA_Outputs/Loopy_dataset_InvarBenchmark/22.c_lasso_out",NO,"","None","Results/CPA_Outputs/Loopy_dataset_InvarBenchmark/22.c_general_out",2.46,2.59,"Datasets/Loopy_dataset_InvarBenchmark/loop_invariants/LinearArbitrary-SeaHorn/pie/hola/22.c"
"42.c",MAYBE,"","None","Results/CPA_Outputs/Loopy_dataset_InvarBenchmark/42.c_lasso_out",MAYBE,"","None","Results/CPA_Outputs/Loopy_dataset_InvarBenchmark/42.c_general_out",13.98,254.89,"Datasets/Loopy_dataset_InvarBenchmark/loop_invariants/LinearArbitrary-SeaHorn/pie/hola/42.c"
"13.c",NO,"","None","Results/CPA_Outputs/Loopy_dataset_InvarBenchmark/13.c_lasso_out",NO,"","None","Results/CPA_Outputs/Loopy_dataset_InvarBenchmark/13.c_general_out",1.50,1.60,"Datasets/Loopy_dataset_InvarBenchmark/loop_invariants/LinearArbitrary-SeaHorn/pie/hola/13.c"
"39.c",YES,"","None","Results/CPA_Outputs/Loopy_dataset_InvarBenchmark/39.c_lasso_out",YES,"","None","Results/CPA_Outputs/Loopy_dataset_InvarBenchmark/39.c_general_out",1.32,1.43,"Datasets/Loopy_dataset_InvarBenchmark/loop_invariants/LinearArbitrary-SeaHorn/pie/hola/39.c"
"05.c",MAYBE,"","None","Results/CPA_Outputs/Loopy_dataset_InvarBenchmark/05.c_lasso_out",MAYBE,"","None","Results/CPA_Outputs/Loopy_dataset_InvarBenchmark/05.c_general_out",4.40,265.48,"Datasets/Loopy_dataset_InvarBenchmark/loop_invariants/LinearArbitrary-SeaHorn/pie/hola/05.c"
"01.c",MAYBE,"","None","Results/CPA_Outputs/Loopy_dataset_InvarBenchmark/01.c_lasso_out",NO,"","None","Results/CPA_Outputs/Loopy_dataset_InvarBenchmark/01.c_general_out",1.71,1.71,"Datasets/Loopy_dataset_InvarBenchmark/loop_invariants/LinearArbitrary-SeaHorn/pie/hola/01.c"
"41.c",YES,"","None","Results/CPA_Outputs/Loopy_dataset_InvarBenchmark/41.c_lasso_out",YES,"","None","Results/CPA_Outputs/Loopy_dataset_InvarBenchmark/41.c_general_out",1.89,2.23,"Datasets/Loopy_dataset_InvarBenchmark/loop_invariants/LinearArbitrary-SeaHorn/pie/hola/41.c"
"23.c",YES,"","None","Results/CPA_Outputs/Loopy_dataset_InvarBenchmark/23.c_lasso_out",YES,"","None","Results/CPA_Outputs/Loopy_dataset_InvarBenchmark/23.c_general_out",1.59,1.90,"Datasets/Loopy_dataset_InvarBenchmark/loop_invariants/LinearArbitrary-SeaHorn/pie/hola/23.c"
"18.c",YES,"","None","Results/CPA_Outputs/Loopy_dataset_InvarBenchmark/18.c_lasso_out",YES,"","None","Results/CPA_Outputs/Loopy_dataset_InvarBenchmark/18.c_general_out",1.79,2.15,"Datasets/Loopy_dataset_InvarBenchmark/loop_invariants/LinearArbitrary-SeaHorn/pie/hola/18.c"
"30.c",YES,"","None","Results/CPA_Outputs/Loopy_dataset_InvarBenchmark/30.c_lasso_out",YES,"","None","Results/CPA_Outputs/Loopy_dataset_InvarBenchmark/30.c_general_out",1.55,1.65,"Datasets/Loopy_dataset_InvarBenchmark/loop_invariants/LinearArbitrary-SeaHorn/pie/hola/30.c"
"46.c",MAYBE,"","None","Results/CPA_Outputs/Loopy_dataset_InvarBenchmark/46.c_lasso_out",NO,"","None","Results/CPA_Outputs/Loopy_dataset_InvarBenchmark/46.c_general_out",1.53,1.46,"Datasets/Loopy_dataset_InvarBenchmark/loop_invariants/LinearArbitrary-SeaHorn/pie/hola/46.c"
"07.c",YES,"","None","Results/CPA_Outputs/Loopy_dataset_InvarBenchmark/07.c_lasso_out",YES,"","None","Results/CPA_Outputs/Loopy_dataset_InvarBenchmark/07.c_general_out",1.74,2.09,"Datasets/Loopy_dataset_InvarBenchmark/loop_invariants/LinearArbitrary-SeaHorn/pie/hola/07.c"
"16.c",MAYBE,"","None","Results/CPA_Outputs/Loopy_dataset_InvarBenchmark/16.c_lasso_out",MAYBE,"","None","Results/CPA_Outputs/Loopy_dataset_InvarBenchmark/16.c_general_out",7.86,257.82,"Datasets/Loopy_dataset_InvarBenchmark/loop_invariants/LinearArbitrary-SeaHorn/pie/hola/16.c"
"15.c",YES,"","None","Results/CPA_Outputs/Loopy_dataset_InvarBenchmark/15.c_lasso_out",YES,"","None","Results/CPA_Outputs/Loopy_dataset_InvarBenchmark/15.c_general_out",1.26,1.40,"Datasets/Loopy_dataset_InvarBenchmark/loop_invariants/LinearArbitrary-SeaHorn/pie/hola/15.c"
"02.c",NO,"","None","Results/CPA_Outputs/Loopy_dataset_InvarBenchmark/02.c_lasso_out",NO,"","None","Results/CPA_Outputs/Loopy_dataset_InvarBenchmark/02.c_general_out",2.69,2.73,"Datasets/Loopy_dataset_InvarBenchmark/loop_invariants/LinearArbitrary-SeaHorn/pie/hola/02.c"
"10.c",NO,"","None","Results/CPA_Outputs/Loopy_dataset_InvarBenchmark/10.c_lasso_out",NO,"","None","Results/CPA_Outputs/Loopy_dataset_InvarBenchmark/10.c_general_out",1.98,1.46,"Datasets/Loopy_dataset_InvarBenchmark/loop_invariants/LinearArbitrary-SeaHorn/pie/hola/10.c"
"44.c",YES,"","None","Results/CPA_Outputs/Loopy_dataset_InvarBenchmark/44.c_lasso_out",YES,"","None","Results/CPA_Outputs/Loopy_dataset_InvarBenchmark/44.c_general_out",1.63,2.00,"Datasets/Loopy_dataset_InvarBenchmark/loop_invariants/LinearArbitrary-SeaHorn/pie/hola/44.c"
"38.c",MAYBE,"","None","Results/CPA_Outputs/Loopy_dataset_InvarBenchmark/38.c_lasso_out",MAYBE,"","None","Results/CPA_Outputs/Loopy_dataset_InvarBenchmark/38.c_general_out",1.68,267.30,"Datasets/Loopy_dataset_InvarBenchmark/loop_invariants/LinearArbitrary-SeaHorn/pie/hola/38.c"
"21.c",YES,"","None","Results/CPA_Outputs/Loopy_dataset_InvarBenchmark/21.c_lasso_out",YES,"","None","Results/CPA_Outputs/Loopy_dataset_InvarBenchmark/21.c_general_out",2.18,2.51,"Datasets/Loopy_dataset_InvarBenchmark/loop_invariants/LinearArbitrary-SeaHorn/pie/hola/21.c"
"20.c",YES,"","None","Results/CPA_Outputs/Loopy_dataset_InvarBenchmark/20.c_lasso_out",YES,"","None","Results/CPA_Outputs/Loopy_dataset_InvarBenchmark/20.c_general_out",1.34,1.42,"Datasets/Loopy_dataset_InvarBenchmark/loop_invariants/LinearArbitrary-SeaHorn/pie/hola/20.c"
"08.c",MAYBE,"","None","Results/CPA_Outputs/Loopy_dataset_InvarBenchmark/08.c_lasso_out",MAYBE,"","None","Results/CPA_Outputs/Loopy_dataset_InvarBenchmark/08.c_general_out",3.10,262.02,"Datasets/Loopy_dataset_InvarBenchmark/loop_invariants/LinearArbitrary-SeaHorn/pie/hola/08.c"
"19.c",YES,"","None","Results/CPA_Outputs/Loopy_dataset_InvarBenchmark/19.c_lasso_out",YES,"","None","Results/CPA_Outputs/Loopy_dataset_InvarBenchmark/19.c_general_out",1.28,1.41,"Datasets/Loopy_dataset_InvarBenchmark/loop_invariants/LinearArbitrary-SeaHorn/pie/hola/19.c"
"14.c",YES,"","None","Results/CPA_Outputs/Loopy_dataset_InvarBenchmark/14.c_lasso_out",YES,"","None","Results/CPA_Outputs/Loopy_dataset_InvarBenchmark/14.c_general_out",1.87,2.25,"Datasets/Loopy_dataset_InvarBenchmark/loop_invariants/LinearArbitrary-SeaHorn/pie/hola/14.c"
"37.c",YES,"","None","Results/CPA_Outputs/Loopy_dataset_InvarBenchmark/37.c_lasso_out",YES,"","None","Results/CPA_Outputs/Loopy_dataset_InvarBenchmark/37.c_general_out",1.66,2.08,"Datasets/Loopy_dataset_InvarBenchmark/loop_invariants/LinearArbitrary-SeaHorn/pie/hola/37.c"
"32.c",YES,"","None","Results/CPA_Outputs/Loopy_dataset_InvarBenchmark/32.c_lasso_out",YES,"","None","Results/CPA_Outputs/Loopy_dataset_InvarBenchmark/32.c_general_out",4.07,4.84,"Datasets/Loopy_dataset_InvarBenchmark/loop_invariants/LinearArbitrary-SeaHorn/pie/hola/32.c"
"11.c",YES,"","None","Results/CPA_Outputs/Loopy_dataset_InvarBenchmark/11.c_lasso_out",YES,"","None","Results/CPA_Outputs/Loopy_dataset_InvarBenchmark/11.c_general_out",1.66,1.67,"Datasets/Loopy_dataset_InvarBenchmark/loop_invariants/LinearArbitrary-SeaHorn/pie/hola/11.c"
"43.c",NO,"","None","Results/CPA_Outputs/Loopy_dataset_InvarBenchmark/43.c_lasso_out",NO,"","None","Results/CPA_Outputs/Loopy_dataset_InvarBenchmark/43.c_general_out",1.50,1.42,"Datasets/Loopy_dataset_InvarBenchmark/loop_invariants/LinearArbitrary-SeaHorn/pie/hola/43.c"
"form22.c",MAYBE,"","None","Results/CPA_Outputs/Loopy_dataset_InvarBenchmark/form22.c_lasso_out",MAYBE,"","None","Results/CPA_Outputs/Loopy_dataset_InvarBenchmark/form22.c_general_out",1.55,264.01,"Datasets/Loopy_dataset_InvarBenchmark/loop_invariants/LinearArbitrary-SeaHorn/pie/ICE/benchmarks/form22.c"
"sum01_safe.v.c",YES,"","None","Results/CPA_Outputs/Loopy_dataset_InvarBenchmark/sum01_safe.v.c_lasso_out",YES,"","None","Results/CPA_Outputs/Loopy_dataset_InvarBenchmark/sum01_safe.v.c_general_out",1.64,1.99,"Datasets/Loopy_dataset_InvarBenchmark/loop_invariants/LinearArbitrary-SeaHorn/pie/ICE/benchmarks/sum01_safe.v.c"
"form27.c",NO,"","None","Results/CPA_Outputs/Loopy_dataset_InvarBenchmark/form27.c_lasso_out",NO,"","None","Results/CPA_Outputs/Loopy_dataset_InvarBenchmark/form27.c_general_out",1.56,1.45,"Datasets/Loopy_dataset_InvarBenchmark/loop_invariants/LinearArbitrary-SeaHorn/pie/ICE/benchmarks/form27.c"
"sum01_safe.c",YES,"","None","Results/CPA_Outputs/Loopy_dataset_InvarBenchmark/sum01_safe.c_lasso_out",YES,"","None","Results/CPA_Outputs/Loopy_dataset_InvarBenchmark/sum01_safe.c_general_out",1.55,1.92,"Datasets/Loopy_dataset_InvarBenchmark/loop_invariants/LinearArbitrary-SeaHorn/pie/ICE/benchmarks/sum01_safe.c"
"cegar2.v.c",YES,"","None","Results/CPA_Outputs/Loopy_dataset_InvarBenchmark/cegar2.v.c_lasso_out",YES,"","None","Results/CPA_Outputs/Loopy_dataset_InvarBenchmark/cegar2.v.c_general_out",1.64,1.97,"Datasets/Loopy_dataset_InvarBenchmark/loop_invariants/LinearArbitrary-SeaHorn/pie/ICE/benchmarks/cegar2.v.c"
"cggmp2005_true-unreach-call.c",YES,"","None","Results/CPA_Outputs/Loopy_dataset_InvarBenchmark/cggmp2005_true-unreach-call.c_lasso_out",YES,"","None","Results/CPA_Outputs/Loopy_dataset_InvarBenchmark/cggmp2005_true-unreach-call.c_general_out",1.63,1.35,"Datasets/Loopy_dataset_InvarBenchmark/loop_invariants/LinearArbitrary-SeaHorn/pie/ICE/benchmarks/cggmp2005_true-unreach-call.c"
"form25.c",NO,"","None","Results/CPA_Outputs/Loopy_dataset_InvarBenchmark/form25.c_lasso_out",NO,"","None","Results/CPA_Outputs/Loopy_dataset_InvarBenchmark/form25.c_general_out",1.50,1.43,"Datasets/Loopy_dataset_InvarBenchmark/loop_invariants/LinearArbitrary-SeaHorn/pie/ICE/benchmarks/form25.c"
"dec.c",YES,"","None","Results/CPA_Outputs/Loopy_dataset_InvarBenchmark/dec.c_lasso_out",YES,"","None","Results/CPA_Outputs/Loopy_dataset_InvarBenchmark/dec.c_general_out",1.60,1.63,"Datasets/Loopy_dataset_InvarBenchmark/loop_invariants/LinearArbitrary-SeaHorn/pie/ICE/benchmarks/dec.c"
"incn.c",YES,"","None","Results/CPA_Outputs/Loopy_dataset_InvarBenchmark/incn.c_lasso_out",YES,"","None","Results/CPA_Outputs/Loopy_dataset_InvarBenchmark/incn.c_general_out",1.56,1.94,"Datasets/Loopy_dataset_InvarBenchmark/loop_invariants/LinearArbitrary-SeaHorn/pie/ICE/benchmarks/incn.c"
"cegar2.c",YES,"","None","Results/CPA_Outputs/Loopy_dataset_InvarBenchmark/cegar2.c_lasso_out",YES,"","None","Results/CPA_Outputs/Loopy_dataset_InvarBenchmark/cegar2.c_general_out",1.61,2.01,"Datasets/Loopy_dataset_InvarBenchmark/loop_invariants/LinearArbitrary-SeaHorn/pie/ICE/benchmarks/cegar2.c"
"sum04n.v.c",YES,"","None","Results/CPA_Outputs/Loopy_dataset_InvarBenchmark/sum04n.v.c_lasso_out",YES,"","None","Results/CPA_Outputs/Loopy_dataset_InvarBenchmark/sum04n.v.c_general_out",1.62,1.99,"Datasets/Loopy_dataset_InvarBenchmark/loop_invariants/LinearArbitrary-SeaHorn/pie/ICE/benchmarks/sum04n.v.c"
"fig9.c",NO,"","None","Results/CPA_Outputs/Loopy_dataset_InvarBenchmark/fig9.c_lasso_out",NO,"","None","Results/CPA_Outputs/Loopy_dataset_InvarBenchmark/fig9.c_general_out",1.47,1.41,"Datasets/Loopy_dataset_InvarBenchmark/loop_invariants/LinearArbitrary-SeaHorn/pie/ICE/benchmarks/fig9.c"
"sum01.c",YES,"","None","Results/CPA_Outputs/Loopy_dataset_InvarBenchmark/sum01.c_lasso_out",YES,"","None","Results/CPA_Outputs/Loopy_dataset_InvarBenchmark/sum01.c_general_out",1.66,1.94,"Datasets/Loopy_dataset_InvarBenchmark/loop_invariants/LinearArbitrary-SeaHorn/pie/ICE/benchmarks/sum01.c"
"trex03.c",MAYBE,"","None","Results/CPA_Outputs/Loopy_dataset_InvarBenchmark/trex03.c_lasso_out",MAYBE,"","None","Results/CPA_Outputs/Loopy_dataset_InvarBenchmark/trex03.c_general_out",1.98,254.52,"Datasets/Loopy_dataset_InvarBenchmark/loop_invariants/LinearArbitrary-SeaHorn/pie/ICE/benchmarks/trex03.c"
"trex03.v.c",MAYBE,"","None","Results/CPA_Outputs/Loopy_dataset_InvarBenchmark/trex03.v.c_lasso_out",MAYBE,"","None","Results/CPA_Outputs/Loopy_dataset_InvarBenchmark/trex03.v.c_general_out",2.00,258.09,"Datasets/Loopy_dataset_InvarBenchmark/loop_invariants/LinearArbitrary-SeaHorn/pie/ICE/benchmarks/trex03.v.c"
"sum01.v.c",YES,"","None","Results/CPA_Outputs/Loopy_dataset_InvarBenchmark/sum01.v.c_lasso_out",YES,"","None","Results/CPA_Outputs/Loopy_dataset_InvarBenchmark/sum01.v.c_general_out",1.67,1.96,"Datasets/Loopy_dataset_InvarBenchmark/loop_invariants/LinearArbitrary-SeaHorn/pie/ICE/benchmarks/sum01.v.c"
"ex14n.v.c",YES,"","None","Results/CPA_Outputs/Loopy_dataset_InvarBenchmark/ex14n.v.c_lasso_out",YES,"","None","Results/CPA_Outputs/Loopy_dataset_InvarBenchmark/ex14n.v.c_general_out",1.67,2.01,"Datasets/Loopy_dataset_InvarBenchmark/loop_invariants/LinearArbitrary-SeaHorn/pie/ICE/benchmarks/ex14n.v.c"
"decn.c",YES,"","None","Results/CPA_Outputs/Loopy_dataset_InvarBenchmark/decn.c_lasso_out",YES,"","None","Results/CPA_Outputs/Loopy_dataset_InvarBenchmark/decn.c_general_out",1.56,1.59,"Datasets/Loopy_dataset_InvarBenchmark/loop_invariants/LinearArbitrary-SeaHorn/pie/ICE/benchmarks/decn.c"
"fig9.v.c",NO,"","None","Results/CPA_Outputs/Loopy_dataset_InvarBenchmark/fig9.v.c_lasso_out",NO,"","None","Results/CPA_Outputs/Loopy_dataset_InvarBenchmark/fig9.v.c_general_out",1.44,1.42,"Datasets/Loopy_dataset_InvarBenchmark/loop_invariants/LinearArbitrary-SeaHorn/pie/ICE/benchmarks/fig9.v.c"
"sum03.c",MAYBE,"","None","Results/CPA_Outputs/Loopy_dataset_InvarBenchmark/sum03.c_lasso_out",MAYBE,"","None","Results/CPA_Outputs/Loopy_dataset_InvarBenchmark/sum03.c_general_out",2.69,274.84,"Datasets/Loopy_dataset_InvarBenchmark/loop_invariants/LinearArbitrary-SeaHorn/pie/ICE/benchmarks/sum03.c"
"fig3.v.c",NO,"","None","Results/CPA_Outputs/Loopy_dataset_InvarBenchmark/fig3.v.c_lasso_out",NO,"","None","Results/CPA_Outputs/Loopy_dataset_InvarBenchmark/fig3.v.c_general_out",1.61,1.61,"Datasets/Loopy_dataset_InvarBenchmark/loop_invariants/LinearArbitrary-SeaHorn/pie/ICE/benchmarks/fig3.v.c"
"sum04.c",YES,"","None","Results/CPA_Outputs/Loopy_dataset_InvarBenchmark/sum04.c_lasso_out",YES,"","None","Results/CPA_Outputs/Loopy_dataset_InvarBenchmark/sum04.c_general_out",1.61,1.34,"Datasets/Loopy_dataset_InvarBenchmark/loop_invariants/LinearArbitrary-SeaHorn/pie/ICE/benchmarks/sum04.c"
"fig1.c",MAYBE,"","None","Results/CPA_Outputs/Loopy_dataset_InvarBenchmark/fig1.c_lasso_out",NO,"","None","Results/CPA_Outputs/Loopy_dataset_InvarBenchmark/fig1.c_general_out",2.30,1.45,"Datasets/Loopy_dataset_InvarBenchmark/loop_invariants/LinearArbitrary-SeaHorn/pie/ICE/benchmarks/fig1.c"
"w1.c",YES,"","None","Results/CPA_Outputs/Loopy_dataset_InvarBenchmark/w1.c_lasso_out",YES,"","None","Results/CPA_Outputs/Loopy_dataset_InvarBenchmark/w1.c_general_out",1.57,1.91,"Datasets/Loopy_dataset_InvarBenchmark/loop_invariants/LinearArbitrary-SeaHorn/pie/ICE/benchmarks/w1.c"
"trex03_safe.v.c",MAYBE,"","None","Results/CPA_Outputs/Loopy_dataset_InvarBenchmark/trex03_safe.v.c_lasso_out",MAYBE,"","None","Results/CPA_Outputs/Loopy_dataset_InvarBenchmark/trex03_safe.v.c_general_out",1.97,258.81,"Datasets/Loopy_dataset_InvarBenchmark/loop_invariants/LinearArbitrary-SeaHorn/pie/ICE/benchmarks/trex03_safe.v.c"
"inc.c",YES,"","None","Results/CPA_Outputs/Loopy_dataset_InvarBenchmark/inc.c_lasso_out",YES,"","None","Results/CPA_Outputs/Loopy_dataset_InvarBenchmark/inc.c_general_out",1.58,1.61,"Datasets/Loopy_dataset_InvarBenchmark/loop_invariants/LinearArbitrary-SeaHorn/pie/ICE/benchmarks/inc.c"
"w2.c",YES,"","None","Results/CPA_Outputs/Loopy_dataset_InvarBenchmark/w2.c_lasso_out",YES,"","None","Results/CPA_Outputs/Loopy_dataset_InvarBenchmark/w2.c_general_out",1.65,1.97,"Datasets/Loopy_dataset_InvarBenchmark/loop_invariants/LinearArbitrary-SeaHorn/pie/ICE/benchmarks/w2.c"
"fig3.c",NO,"","None","Results/CPA_Outputs/Loopy_dataset_InvarBenchmark/fig3.c_lasso_out",NO,"","None","Results/CPA_Outputs/Loopy_dataset_InvarBenchmark/fig3.c_general_out",1.56,1.58,"Datasets/Loopy_dataset_InvarBenchmark/loop_invariants/LinearArbitrary-SeaHorn/pie/ICE/benchmarks/fig3.c"
"sum03_safe.v.c",MAYBE,"","None","Results/CPA_Outputs/Loopy_dataset_InvarBenchmark/sum03_safe.v.c_lasso_out",MAYBE,"","None","Results/CPA_Outputs/Loopy_dataset_InvarBenchmark/sum03_safe.v.c_general_out",2.57,273.74,"Datasets/Loopy_dataset_InvarBenchmark/loop_invariants/LinearArbitrary-SeaHorn/pie/ICE/benchmarks/sum03_safe.v.c"
"fig1.v.c",MAYBE,"","None","Results/CPA_Outputs/Loopy_dataset_InvarBenchmark/fig1.v.c_lasso_out",NO,"","None","Results/CPA_Outputs/Loopy_dataset_InvarBenchmark/fig1.v.c_general_out",2.08,1.45,"Datasets/Loopy_dataset_InvarBenchmark/loop_invariants/LinearArbitrary-SeaHorn/pie/ICE/benchmarks/fig1.v.c"
"afnp2014_true-unreach-call.c",YES,"","None","Results/CPA_Outputs/Loopy_dataset_InvarBenchmark/afnp2014_true-unreach-call.c_lasso_out",YES,"","None","Results/CPA_Outputs/Loopy_dataset_InvarBenchmark/afnp2014_true-unreach-call.c_general_out",1.73,2.08,"Datasets/Loopy_dataset_InvarBenchmark/loop_invariants/LinearArbitrary-SeaHorn/pie/ICE/benchmarks/afnp2014_true-unreach-call.c"
"sum03.v.c",MAYBE,"","None","Results/CPA_Outputs/Loopy_dataset_InvarBenchmark/sum03.v.c_lasso_out",MAYBE,"","None","Results/CPA_Outputs/Loopy_dataset_InvarBenchmark/sum03.v.c_general_out",2.56,273.76,"Datasets/Loopy_dataset_InvarBenchmark/loop_invariants/LinearArbitrary-SeaHorn/pie/ICE/benchmarks/sum03.v.c"
"incn.v.c",YES,"","None","Results/CPA_Outputs/Loopy_dataset_InvarBenchmark/incn.v.c_lasso_out",YES,"","None","Results/CPA_Outputs/Loopy_dataset_InvarBenchmark/incn.v.c_general_out",1.58,1.91,"Datasets/Loopy_dataset_InvarBenchmark/loop_invariants/LinearArbitrary-SeaHorn/pie/ICE/benchmarks/incn.v.c"
"sum04n.c",YES,"","None","Results/CPA_Outputs/Loopy_dataset_InvarBenchmark/sum04n.c_lasso_out",YES,"","None","Results/CPA_Outputs/Loopy_dataset_InvarBenchmark/sum04n.c_general_out",1.60,1.91,"Datasets/Loopy_dataset_InvarBenchmark/loop_invariants/LinearArbitrary-SeaHorn/pie/ICE/benchmarks/sum04n.c"
"sum04_safe.c",YES,"","None","Results/CPA_Outputs/Loopy_dataset_InvarBenchmark/sum04_safe.c_lasso_out",YES,"","None","Results/CPA_Outputs/Loopy_dataset_InvarBenchmark/sum04_safe.c_general_out",1.59,1.38,"Datasets/Loopy_dataset_InvarBenchmark/loop_invariants/LinearArbitrary-SeaHorn/pie/ICE/benchmarks/sum04_safe.c"
"trex03_safe.c",MAYBE,"","None","Results/CPA_Outputs/Loopy_dataset_InvarBenchmark/trex03_safe.c_lasso_out",MAYBE,"","None","Results/CPA_Outputs/Loopy_dataset_InvarBenchmark/trex03_safe.c_general_out",2.01,255.28,"Datasets/Loopy_dataset_InvarBenchmark/loop_invariants/LinearArbitrary-SeaHorn/pie/ICE/benchmarks/trex03_safe.c"
"sum03_safe.c",MAYBE,"","None","Results/CPA_Outputs/Loopy_dataset_InvarBenchmark/sum03_safe.c_lasso_out",MAYBE,"","None","Results/CPA_Outputs/Loopy_dataset_InvarBenchmark/sum03_safe.c_general_out",2.71,274.64,"Datasets/Loopy_dataset_InvarBenchmark/loop_invariants/LinearArbitrary-SeaHorn/pie/ICE/benchmarks/sum03_safe.c"
"sum01_true-unreach-call_true-termination.i.annot.c",YES,"","None","Results/CPA_Outputs/Loopy_dataset_InvarBenchmark/sum01_true-unreach-call_true-termination.i.annot.c_lasso_out",YES,"","None","Results/CPA_Outputs/Loopy_dataset_InvarBenchmark/sum01_true-unreach-call_true-termination.i.annot.c_general_out",40.80,40.96,"Datasets/Loopy_dataset_InvarBenchmark/loop_invariants/LinearArbitrary-SeaHorn/loops/loops/sum01_true-unreach-call_true-termination.i.annot.c"
"terminator_02_true-unreach-call_true-termination.i.annot.c",YES,"","None","Results/CPA_Outputs/Loopy_dataset_InvarBenchmark/terminator_02_true-unreach-call_true-termination.i.annot.c_lasso_out",YES,"","None","Results/CPA_Outputs/Loopy_dataset_InvarBenchmark/terminator_02_true-unreach-call_true-termination.i.annot.c_general_out",1.35,1.47,"Datasets/Loopy_dataset_InvarBenchmark/loop_invariants/LinearArbitrary-SeaHorn/loops/loops/terminator_02_true-unreach-call_true-termination.i.annot.c"
"for_infinite_loop_1_true-unreach-call_false-termination.i.annot.c",NO,"","None","Results/CPA_Outputs/Loopy_dataset_InvarBenchmark/for_infinite_loop_1_true-unreach-call_false-termination.i.annot.c_lasso_out",NO,"","None","Results/CPA_Outputs/Loopy_dataset_InvarBenchmark/for_infinite_loop_1_true-unreach-call_false-termination.i.annot.c_general_out",1.45,1.52,"Datasets/Loopy_dataset_InvarBenchmark/loop_invariants/LinearArbitrary-SeaHorn/loops/loops/for_infinite_loop_1_true-unreach-call_false-termination.i.annot.c"
"sum04_true-unreach-call_true-termination.i.annot.c",YES,"","None","Results/CPA_Outputs/Loopy_dataset_InvarBenchmark/sum04_true-unreach-call_true-termination.i.annot.c_lasso_out",YES,"","None","Results/CPA_Outputs/Loopy_dataset_InvarBenchmark/sum04_true-unreach-call_true-termination.i.annot.c_general_out",1.61,1.41,"Datasets/Loopy_dataset_InvarBenchmark/loop_invariants/LinearArbitrary-SeaHorn/loops/loops/sum04_true-unreach-call_true-termination.i.annot.c"
"while_infinite_loop_1_true-unreach-call_false-termination.i.annot.c",NO,"","None","Results/CPA_Outputs/Loopy_dataset_InvarBenchmark/while_infinite_loop_1_true-unreach-call_false-termination.i.annot.c_lasso_out",NO,"","None","Results/CPA_Outputs/Loopy_dataset_InvarBenchmark/while_infinite_loop_1_true-unreach-call_false-termination.i.annot.c_general_out",1.40,1.43,"Datasets/Loopy_dataset_InvarBenchmark/loop_invariants/LinearArbitrary-SeaHorn/loops/loops/while_infinite_loop_1_true-unreach-call_false-termination.i.annot.c"
"sum03_true-unreach-call_false-termination.i.annot.c",MAYBE,"","None","Results/CPA_Outputs/Loopy_dataset_InvarBenchmark/sum03_true-unreach-call_false-termination.i.annot.c_lasso_out",MAYBE,"","None","Results/CPA_Outputs/Loopy_dataset_InvarBenchmark/sum03_true-unreach-call_false-termination.i.annot.c_general_out",287.01,141.38,"Datasets/Loopy_dataset_InvarBenchmark/loop_invariants/LinearArbitrary-SeaHorn/loops/loops/sum03_true-unreach-call_false-termination.i.annot.c"
"while_infinite_loop_2_true-unreach-call_false-termination.i.annot.c",NO,"","None","Results/CPA_Outputs/Loopy_dataset_InvarBenchmark/while_infinite_loop_2_true-unreach-call_false-termination.i.annot.c_lasso_out",NO,"","None","Results/CPA_Outputs/Loopy_dataset_InvarBenchmark/while_infinite_loop_2_true-unreach-call_false-termination.i.annot.c_general_out",1.39,1.45,"Datasets/Loopy_dataset_InvarBenchmark/loop_invariants/LinearArbitrary-SeaHorn/loops/loops/while_infinite_loop_2_true-unreach-call_false-termination.i.annot.c"
"for_infinite_loop_2_true-unreach-call_false-termination.i.annot.c",NO,"","None","Results/CPA_Outputs/Loopy_dataset_InvarBenchmark/for_infinite_loop_2_true-unreach-call_false-termination.i.annot.c_lasso_out",NO,"","None","Results/CPA_Outputs/Loopy_dataset_InvarBenchmark/for_infinite_loop_2_true-unreach-call_false-termination.i.annot.c_general_out",1.47,1.52,"Datasets/Loopy_dataset_InvarBenchmark/loop_invariants/LinearArbitrary-SeaHorn/loops/loops/for_infinite_loop_2_true-unreach-call_false-termination.i.annot.c"
"terminator_03_true-unreach-call_true-termination.i.annot.c",MAYBE,"","None","Results/CPA_Outputs/Loopy_dataset_InvarBenchmark/terminator_03_true-unreach-call_true-termination.i.annot.c_lasso_out",MAYBE,"","None","Results/CPA_Outputs/Loopy_dataset_InvarBenchmark/terminator_03_true-unreach-call_true-termination.i.annot.c_general_out",1.51,1.56,"Datasets/Loopy_dataset_InvarBenchmark/loop_invariants/LinearArbitrary-SeaHorn/loops/loops/terminator_03_true-unreach-call_true-termination.i.annot.c"
"trex03_true-unreach-call.i.annot.c",MAYBE,"","None","Results/CPA_Outputs/Loopy_dataset_InvarBenchmark/trex03_true-unreach-call.i.annot.c_lasso_out",MAYBE,"","None","Results/CPA_Outputs/Loopy_dataset_InvarBenchmark/trex03_true-unreach-call.i.annot.c_general_out",1.97,255.04,"Datasets/Loopy_dataset_InvarBenchmark/loop_invariants/LinearArbitrary-SeaHorn/loops/loops/trex03_true-unreach-call.i.annot.c"
"count_up_down_true-unreach-call_true-termination.i.annot.c",MAYBE,"","None","Results/CPA_Outputs/Loopy_dataset_InvarBenchmark/count_up_down_true-unreach-call_true-termination.i.annot.c_lasso_out",MAYBE,"","None","Results/CPA_Outputs/Loopy_dataset_InvarBenchmark/count_up_down_true-unreach-call_true-termination.i.annot.c_general_out",1.51,269.02,"Datasets/Loopy_dataset_InvarBenchmark/loop_invariants/LinearArbitrary-SeaHorn/loops/loops/count_up_down_true-unreach-call_true-termination.i.annot.c"
"gj2007_true-unreach-call_true-termination.c",MAYBE,"","None","Results/CPA_Outputs/Loopy_dataset_InvarBenchmark/gj2007_true-unreach-call_true-termination.c_lasso_out",YES,"","None","Results/CPA_Outputs/Loopy_dataset_InvarBenchmark/gj2007_true-unreach-call_true-termination.c_general_out",289.37,1.81,"Datasets/Loopy_dataset_InvarBenchmark/loop_invariants/LinearArbitrary-SeaHorn/loops/loop-lit/gj2007_true-unreach-call_true-termination.c"
"jm2006_variant_true-unreach-call_true-termination.c",YES,"","None","Results/CPA_Outputs/Loopy_dataset_InvarBenchmark/jm2006_variant_true-unreach-call_true-termination.c_lasso_out",YES,"","None","Results/CPA_Outputs/Loopy_dataset_InvarBenchmark/jm2006_variant_true-unreach-call_true-termination.c_general_out",1.69,2.07,"Datasets/Loopy_dataset_InvarBenchmark/loop_invariants/LinearArbitrary-SeaHorn/loops/loop-lit/jm2006_variant_true-unreach-call_true-termination.c"
"gr2006_true-unreach-call_true-termination.c",MAYBE,"","None","Results/CPA_Outputs/Loopy_dataset_InvarBenchmark/gr2006_true-unreach-call_true-termination.c_lasso_out",YES,"","None","Results/CPA_Outputs/Loopy_dataset_InvarBenchmark/gr2006_true-unreach-call_true-termination.c_general_out",287.19,2.38,"Datasets/Loopy_dataset_InvarBenchmark/loop_invariants/LinearArbitrary-SeaHorn/loops/loop-lit/gr2006_true-unreach-call_true-termination.c"
"bhmr2007_true-unreach-call_true-termination.c",YES,"","None","Results/CPA_Outputs/Loopy_dataset_InvarBenchmark/bhmr2007_true-unreach-call_true-termination.c_lasso_out",YES,"","None","Results/CPA_Outputs/Loopy_dataset_InvarBenchmark/bhmr2007_true-unreach-call_true-termination.c_general_out",1.68,2.05,"Datasets/Loopy_dataset_InvarBenchmark/loop_invariants/LinearArbitrary-SeaHorn/loops/loop-lit/bhmr2007_true-unreach-call_true-termination.c"
"gsv2008_true-unreach-call_true-termination.c",MAYBE,"","None","Results/CPA_Outputs/Loopy_dataset_InvarBenchmark/gsv2008_true-unreach-call_true-termination.c_lasso_out",MAYBE,"","None","Results/CPA_Outputs/Loopy_dataset_InvarBenchmark/gsv2008_true-unreach-call_true-termination.c_general_out",1.98,269.29,"Datasets/Loopy_dataset_InvarBenchmark/loop_invariants/LinearArbitrary-SeaHorn/loops/loop-lit/gsv2008_true-unreach-call_true-termination.c"
"gj2007b_true-unreach-call_true-termination.c",YES,"","None","Results/CPA_Outputs/Loopy_dataset_InvarBenchmark/gj2007b_true-unreach-call_true-termination.c_lasso_out",YES,"","None","Results/CPA_Outputs/Loopy_dataset_InvarBenchmark/gj2007b_true-unreach-call_true-termination.c_general_out",1.58,1.95,"Datasets/Loopy_dataset_InvarBenchmark/loop_invariants/LinearArbitrary-SeaHorn/loops/loop-lit/gj2007b_true-unreach-call_true-termination.c"
"cggmp2005_variant_true-unreach-call_true-termination.c",YES,"","None","Results/CPA_Outputs/Loopy_dataset_InvarBenchmark/cggmp2005_variant_true-unreach-call_true-termination.c_lasso_out",YES,"","None","Results/CPA_Outputs/Loopy_dataset_InvarBenchmark/cggmp2005_variant_true-unreach-call_true-termination.c_general_out",1.61,1.93,"Datasets/Loopy_dataset_InvarBenchmark/loop_invariants/LinearArbitrary-SeaHorn/loops/loop-lit/cggmp2005_variant_true-unreach-call_true-termination.c"
"css2003_true-unreach-call_true-termination.c",YES,"","None","Results/CPA_Outputs/Loopy_dataset_InvarBenchmark/css2003_true-unreach-call_true-termination.c_lasso_out",YES,"","None","Results/CPA_Outputs/Loopy_dataset_InvarBenchmark/css2003_true-unreach-call_true-termination.c_general_out",1.61,1.97,"Datasets/Loopy_dataset_InvarBenchmark/loop_invariants/LinearArbitrary-SeaHorn/loops/loop-lit/css2003_true-unreach-call_true-termination.c"
"ddlm2013_true-unreach-call.c",MAYBE,"","None","Results/CPA_Outputs/Loopy_dataset_InvarBenchmark/ddlm2013_true-unreach-call.c_lasso_out",MAYBE,"","None","Results/CPA_Outputs/Loopy_dataset_InvarBenchmark/ddlm2013_true-unreach-call.c_general_out",13.70,256.53,"Datasets/Loopy_dataset_InvarBenchmark/loop_invariants/LinearArbitrary-SeaHorn/loops/loop-lit/ddlm2013_true-unreach-call.c"
"hhk2008_true-unreach-call_true-termination.c",YES,"","None","Results/CPA_Outputs/Loopy_dataset_InvarBenchmark/hhk2008_true-unreach-call_true-termination.c_lasso_out",YES,"","None","Results/CPA_Outputs/Loopy_dataset_InvarBenchmark/hhk2008_true-unreach-call_true-termination.c_general_out",1.62,1.98,"Datasets/Loopy_dataset_InvarBenchmark/loop_invariants/LinearArbitrary-SeaHorn/loops/loop-lit/hhk2008_true-unreach-call_true-termination.c"
"cggmp2005_true-unreach-call_true-termination.c",YES,"","None","Results/CPA_Outputs/Loopy_dataset_InvarBenchmark/cggmp2005_true-unreach-call_true-termination.c_lasso_out",YES,"","None","Results/CPA_Outputs/Loopy_dataset_InvarBenchmark/cggmp2005_true-unreach-call_true-termination.c_general_out",1.64,1.37,"Datasets/Loopy_dataset_InvarBenchmark/loop_invariants/LinearArbitrary-SeaHorn/loops/loop-lit/cggmp2005_true-unreach-call_true-termination.c"
"jm2006_true-unreach-call_true-termination.c",YES,"","None","Results/CPA_Outputs/Loopy_dataset_InvarBenchmark/jm2006_true-unreach-call_true-termination.c_lasso_out",YES,"","None","Results/CPA_Outputs/Loopy_dataset_InvarBenchmark/jm2006_true-unreach-call_true-termination.c_general_out",1.86,2.18,"Datasets/Loopy_dataset_InvarBenchmark/loop_invariants/LinearArbitrary-SeaHorn/loops/loop-lit/jm2006_true-unreach-call_true-termination.c"
"afnp2014_true-unreach-call_true-termination.c",YES,"","None","Results/CPA_Outputs/Loopy_dataset_InvarBenchmark/afnp2014_true-unreach-call_true-termination.c_lasso_out",YES,"","None","Results/CPA_Outputs/Loopy_dataset_InvarBenchmark/afnp2014_true-unreach-call_true-termination.c_general_out",1.74,2.07,"Datasets/Loopy_dataset_InvarBenchmark/loop_invariants/LinearArbitrary-SeaHorn/loops/loop-lit/afnp2014_true-unreach-call_true-termination.c"
"NetBSD_loop_true-unreach-call_true-termination.c",YES,"","None","Results/CPA_Outputs/Loopy_dataset_InvarBenchmark/NetBSD_loop_true-unreach-call_true-termination.c_lasso_out",YES,"","None","Results/CPA_Outputs/Loopy_dataset_InvarBenchmark/NetBSD_loop_true-unreach-call_true-termination.c_general_out",1.76,2.04,"Datasets/Loopy_dataset_InvarBenchmark/loop_invariants/LinearArbitrary-SeaHorn/loops/loop-invgen/NetBSD_loop_true-unreach-call_true-termination.c"
"MADWiFi-encode_ie_ok_true-unreach-call_true-termination.c",YES,"","None","Results/CPA_Outputs/Loopy_dataset_InvarBenchmark/MADWiFi-encode_ie_ok_true-unreach-call_true-termination.c_lasso_out",YES,"","None","Results/CPA_Outputs/Loopy_dataset_InvarBenchmark/MADWiFi-encode_ie_ok_true-unreach-call_true-termination.c_general_out",1.31,1.45,"Datasets/Loopy_dataset_InvarBenchmark/loop_invariants/LinearArbitrary-SeaHorn/loops/loop-invgen/MADWiFi-encode_ie_ok_true-unreach-call_true-termination.c"
"sendmail-close-angle_true-unreach-call_true-termination.c",YES,"","None","Results/CPA_Outputs/Loopy_dataset_InvarBenchmark/sendmail-close-angle_true-unreach-call_true-termination.c_lasso_out",YES,"","None","Results/CPA_Outputs/Loopy_dataset_InvarBenchmark/sendmail-close-angle_true-unreach-call_true-termination.c_general_out",1.31,1.42,"Datasets/Loopy_dataset_InvarBenchmark/loop_invariants/LinearArbitrary-SeaHorn/loops/loop-invgen/sendmail-close-angle_true-unreach-call_true-termination.c"
"count_by_nondet_true-unreach-call_true-termination.c",YES,"","None","Results/CPA_Outputs/Loopy_dataset_InvarBenchmark/count_by_nondet_true-unreach-call_true-termination.c_lasso_out",YES,"","None","Results/CPA_Outputs/Loopy_dataset_InvarBenchmark/count_by_nondet_true-unreach-call_true-termination.c_general_out",1.62,1.97,"Datasets/Loopy_dataset_InvarBenchmark/loop_invariants/LinearArbitrary-SeaHorn/loops/loop-new/count_by_nondet_true-unreach-call_true-termination.c"
"count_by_1_true-unreach-call_true-termination.c",YES,"","None","Results/CPA_Outputs/Loopy_dataset_InvarBenchmark/count_by_1_true-unreach-call_true-termination.c_lasso_out",YES,"","None","Results/CPA_Outputs/Loopy_dataset_InvarBenchmark/count_by_1_true-unreach-call_true-termination.c_general_out",1.58,1.61,"Datasets/Loopy_dataset_InvarBenchmark/loop_invariants/LinearArbitrary-SeaHorn/loops/loop-new/count_by_1_true-unreach-call_true-termination.c"
"count_by_2_true-unreach-call_true-termination.c",YES,"","None","Results/CPA_Outputs/Loopy_dataset_InvarBenchmark/count_by_2_true-unreach-call_true-termination.c_lasso_out",YES,"","None","Results/CPA_Outputs/Loopy_dataset_InvarBenchmark/count_by_2_true-unreach-call_true-termination.c_general_out",1.60,1.61,"Datasets/Loopy_dataset_InvarBenchmark/loop_invariants/LinearArbitrary-SeaHorn/loops/loop-new/count_by_2_true-unreach-call_true-termination.c"
"count_by_1_variant_true-unreach-call_true-termination.c",YES,"","None","Results/CPA_Outputs/Loopy_dataset_InvarBenchmark/count_by_1_variant_true-unreach-call_true-termination.c_lasso_out",YES,"","None","Results/CPA_Outputs/Loopy_dataset_InvarBenchmark/count_by_1_variant_true-unreach-call_true-termination.c_general_out",2.09,2.17,"Datasets/Loopy_dataset_InvarBenchmark/loop_invariants/LinearArbitrary-SeaHorn/loops/loop-new/count_by_1_variant_true-unreach-call_true-termination.c"
"half_true-unreach-call_true-termination.c",MAYBE,"","None","Results/CPA_Outputs/Loopy_dataset_InvarBenchmark/half_true-unreach-call_true-termination.c_lasso_out",MAYBE,"","None","Results/CPA_Outputs/Loopy_dataset_InvarBenchmark/half_true-unreach-call_true-termination.c_general_out",1.80,264.39,"Datasets/Loopy_dataset_InvarBenchmark/loop_invariants/LinearArbitrary-SeaHorn/loops/loop-new/half_true-unreach-call_true-termination.c"
"count_by_k_true-unreach-call_true-termination.c",MAYBE,"","None","Results/CPA_Outputs/Loopy_dataset_InvarBenchmark/count_by_k_true-unreach-call_true-termination.c_lasso_out",MAYBE,"","None","Results/CPA_Outputs/Loopy_dataset_InvarBenchmark/count_by_k_true-unreach-call_true-termination.c_general_out",1.49,294.79,"Datasets/Loopy_dataset_InvarBenchmark/loop_invariants/LinearArbitrary-SeaHorn/loops/loop-new/count_by_k_true-unreach-call_true-termination.c"
"loop4_merged_safe.c",NO,"","None","Results/CPA_Outputs/Loopy_dataset_InvarBenchmark/loop4_merged_safe.c_lasso_out",NO,"","None","Results/CPA_Outputs/Loopy_dataset_InvarBenchmark/loop4_merged_safe.c_general_out",1.70,1.46,"Datasets/Loopy_dataset_InvarBenchmark/loop_invariants/LinearArbitrary-SeaHorn/llreve/loop4_merged_safe.c"
"fib_merged_safe.c",YES,"","None","Results/CPA_Outputs/Loopy_dataset_InvarBenchmark/fib_merged_safe.c_lasso_out",YES,"","None","Results/CPA_Outputs/Loopy_dataset_InvarBenchmark/fib_merged_safe.c_general_out",1.63,2.00,"Datasets/Loopy_dataset_InvarBenchmark/loop_invariants/LinearArbitrary-SeaHorn/llreve/fib_merged_safe.c"
"barthe2_merged_safe.c",YES,"","None","Results/CPA_Outputs/Loopy_dataset_InvarBenchmark/barthe2_merged_safe.c_lasso_out",YES,"","None","Results/CPA_Outputs/Loopy_dataset_InvarBenchmark/barthe2_merged_safe.c_general_out",1.65,2.05,"Datasets/Loopy_dataset_InvarBenchmark/loop_invariants/LinearArbitrary-SeaHorn/llreve/barthe2_merged_safe.c"
"barthe_merged_safe.c",YES,"","None","Results/CPA_Outputs/Loopy_dataset_InvarBenchmark/barthe_merged_safe.c_lasso_out",YES,"","None","Results/CPA_Outputs/Loopy_dataset_InvarBenchmark/barthe_merged_safe.c_general_out",1.65,2.01,"Datasets/Loopy_dataset_InvarBenchmark/loop_invariants/LinearArbitrary-SeaHorn/llreve/barthe_merged_safe.c"
"TRACER-testabs12_VeriMAP_true.c",YES,"","None","Results/CPA_Outputs/Loopy_dataset_InvarBenchmark/TRACER-testabs12_VeriMAP_true.c_lasso_out",YES,"","None","Results/CPA_Outputs/Loopy_dataset_InvarBenchmark/TRACER-testabs12_VeriMAP_true.c_general_out",1.91,2.21,"Datasets/Loopy_dataset_InvarBenchmark/loop_invariants/LinearArbitrary-SeaHorn/VeriMAP/TRACER-testabs12_VeriMAP_true.c"
"TRACER-testloop17_VeriMAP_true.c",YES,"","None","Results/CPA_Outputs/Loopy_dataset_InvarBenchmark/TRACER-testloop17_VeriMAP_true.c_lasso_out",YES,"","None","Results/CPA_Outputs/Loopy_dataset_InvarBenchmark/TRACER-testloop17_VeriMAP_true.c_general_out",1.87,2.19,"Datasets/Loopy_dataset_InvarBenchmark/loop_invariants/LinearArbitrary-SeaHorn/VeriMAP/TRACER-testloop17_VeriMAP_true.c"
"TRACER-testloop16_VeriMAP_true.c",YES,"","None","Results/CPA_Outputs/Loopy_dataset_InvarBenchmark/TRACER-testloop16_VeriMAP_true.c_lasso_out",YES,"","None","Results/CPA_Outputs/Loopy_dataset_InvarBenchmark/TRACER-testloop16_VeriMAP_true.c_general_out",2.03,2.47,"Datasets/Loopy_dataset_InvarBenchmark/loop_invariants/LinearArbitrary-SeaHorn/VeriMAP/TRACER-testloop16_VeriMAP_true.c"
"TRACER-testabs8_VeriMAP_true.c",YES,"","None","Results/CPA_Outputs/Loopy_dataset_InvarBenchmark/TRACER-testabs8_VeriMAP_true.c_lasso_out",YES,"","None","Results/CPA_Outputs/Loopy_dataset_InvarBenchmark/TRACER-testabs8_VeriMAP_true.c_general_out",1.65,1.39,"Datasets/Loopy_dataset_InvarBenchmark/loop_invariants/LinearArbitrary-SeaHorn/VeriMAP/TRACER-testabs8_VeriMAP_true.c"
"TRACER-testloop13_VeriMAP_true.c",MAYBE,"","None","Results/CPA_Outputs/Loopy_dataset_InvarBenchmark/TRACER-testloop13_VeriMAP_true.c_lasso_out",MAYBE,"","None","Results/CPA_Outputs/Loopy_dataset_InvarBenchmark/TRACER-testloop13_VeriMAP_true.c_general_out",1.91,263.57,"Datasets/Loopy_dataset_InvarBenchmark/loop_invariants/LinearArbitrary-SeaHorn/VeriMAP/TRACER-testloop13_VeriMAP_true.c"
"MAP-disj_VeriMAP_true.c",MAYBE,"","None","Results/CPA_Outputs/Loopy_dataset_InvarBenchmark/MAP-disj_VeriMAP_true.c_lasso_out",YES,"","None","Results/CPA_Outputs/Loopy_dataset_InvarBenchmark/MAP-disj_VeriMAP_true.c_general_out",289.09,1.82,"Datasets/Loopy_dataset_InvarBenchmark/loop_invariants/LinearArbitrary-SeaHorn/VeriMAP/MAP-disj_VeriMAP_true.c"
"TRACER-testloop1_VeriMAP_true.c",YES,"","None","Results/CPA_Outputs/Loopy_dataset_InvarBenchmark/TRACER-testloop1_VeriMAP_true.c_lasso_out",YES,"","None","Results/CPA_Outputs/Loopy_dataset_InvarBenchmark/TRACER-testloop1_VeriMAP_true.c_general_out",1.57,1.96,"Datasets/Loopy_dataset_InvarBenchmark/loop_invariants/LinearArbitrary-SeaHorn/VeriMAP/TRACER-testloop1_VeriMAP_true.c"
"TRACER-testabs15_VeriMAP_true.c",YES,"","None","Results/CPA_Outputs/Loopy_dataset_InvarBenchmark/TRACER-testabs15_VeriMAP_true.c_lasso_out",YES,"","None","Results/CPA_Outputs/Loopy_dataset_InvarBenchmark/TRACER-testabs15_VeriMAP_true.c_general_out",1.83,2.16,"Datasets/Loopy_dataset_InvarBenchmark/loop_invariants/LinearArbitrary-SeaHorn/VeriMAP/TRACER-testabs15_VeriMAP_true.c"
"TRACER-testloop9_VeriMAP_true.c",YES,"","None","Results/CPA_Outputs/Loopy_dataset_InvarBenchmark/TRACER-testloop9_VeriMAP_true.c_lasso_out",YES,"","None","Results/CPA_Outputs/Loopy_dataset_InvarBenchmark/TRACER-testloop9_VeriMAP_true.c_general_out",2.11,1.40,"Datasets/Loopy_dataset_InvarBenchmark/loop_invariants/LinearArbitrary-SeaHorn/VeriMAP/TRACER-testloop9_VeriMAP_true.c"
"MAP-interpolants_needed-pepm-proc.c_VeriMAP_true.c",NO,"","None","Results/CPA_Outputs/Loopy_dataset_InvarBenchmark/MAP-interpolants_needed-pepm-proc.c_VeriMAP_true.c_lasso_out",NO,"","None","Results/CPA_Outputs/Loopy_dataset_InvarBenchmark/MAP-interpolants_needed-pepm-proc.c_VeriMAP_true.c_general_out",1.49,1.58,"Datasets/Loopy_dataset_InvarBenchmark/loop_invariants/LinearArbitrary-SeaHorn/VeriMAP/MAP-interpolants_needed-pepm-proc.c_VeriMAP_true.c"
"TRACER-testloop4_VeriMAP_true.c",YES,"","None","Results/CPA_Outputs/Loopy_dataset_InvarBenchmark/TRACER-testloop4_VeriMAP_true.c_lasso_out",YES,"","None","Results/CPA_Outputs/Loopy_dataset_InvarBenchmark/TRACER-testloop4_VeriMAP_true.c_general_out",3.75,1.44,"Datasets/Loopy_dataset_InvarBenchmark/loop_invariants/LinearArbitrary-SeaHorn/VeriMAP/TRACER-testloop4_VeriMAP_true.c"
"TRACER-testloop2_VeriMAP_true.c",YES,"","None","Results/CPA_Outputs/Loopy_dataset_InvarBenchmark/TRACER-testloop2_VeriMAP_true.c_lasso_out",NO,"","None","Results/CPA_Outputs/Loopy_dataset_InvarBenchmark/TRACER-testloop2_VeriMAP_true.c_general_out",1.55,1.44,"Datasets/Loopy_dataset_InvarBenchmark/loop_invariants/LinearArbitrary-SeaHorn/VeriMAP/TRACER-testloop2_VeriMAP_true.c"
"TRACER-testloop7_VeriMAP_true.c",MAYBE,"","None","Results/CPA_Outputs/Loopy_dataset_InvarBenchmark/TRACER-testloop7_VeriMAP_true.c_lasso_out",NO,"","None","Results/CPA_Outputs/Loopy_dataset_InvarBenchmark/TRACER-testloop7_VeriMAP_true.c_general_out",1.62,1.49,"Datasets/Loopy_dataset_InvarBenchmark/loop_invariants/LinearArbitrary-SeaHorn/VeriMAP/TRACER-testloop7_VeriMAP_true.c"
"TRACER-testloop11_VeriMAP_true.c",NO,"","None","Results/CPA_Outputs/Loopy_dataset_InvarBenchmark/TRACER-testloop11_VeriMAP_true.c_lasso_out",NO,"","None","Results/CPA_Outputs/Loopy_dataset_InvarBenchmark/TRACER-testloop11_VeriMAP_true.c_general_out",3.76,1.48,"Datasets/Loopy_dataset_InvarBenchmark/loop_invariants/LinearArbitrary-SeaHorn/VeriMAP/TRACER-testloop11_VeriMAP_true.c"
"TRACER-testabs7_VeriMAP_true.c",YES,"","None","Results/CPA_Outputs/Loopy_dataset_InvarBenchmark/TRACER-testabs7_VeriMAP_true.c_lasso_out",YES,"","None","Results/CPA_Outputs/Loopy_dataset_InvarBenchmark/TRACER-testabs7_VeriMAP_true.c_general_out",1.64,1.42,"Datasets/Loopy_dataset_InvarBenchmark/loop_invariants/LinearArbitrary-SeaHorn/VeriMAP/TRACER-testabs7_VeriMAP_true.c"
"TRACER-testloop6_VeriMAP_true.c",YES,"","None","Results/CPA_Outputs/Loopy_dataset_InvarBenchmark/TRACER-testloop6_VeriMAP_true.c_lasso_out",YES,"","None","Results/CPA_Outputs/Loopy_dataset_InvarBenchmark/TRACER-testloop6_VeriMAP_true.c_general_out",1.85,2.17,"Datasets/Loopy_dataset_InvarBenchmark/loop_invariants/LinearArbitrary-SeaHorn/VeriMAP/TRACER-testloop6_VeriMAP_true.c"
"MAP-forward_VeriMAP_true.c",YES,"","None","Results/CPA_Outputs/Loopy_dataset_InvarBenchmark/MAP-forward_VeriMAP_true.c_lasso_out",YES,"","None","Results/CPA_Outputs/Loopy_dataset_InvarBenchmark/MAP-forward_VeriMAP_true.c_general_out",1.68,1.67,"Datasets/Loopy_dataset_InvarBenchmark/loop_invariants/LinearArbitrary-SeaHorn/VeriMAP/MAP-forward_VeriMAP_true.c"
"TRACER-paper-prog_d-pepm-proc.c_VeriMAP_true.c",YES,"","None","Results/CPA_Outputs/Loopy_dataset_InvarBenchmark/TRACER-paper-prog_d-pepm-proc.c_VeriMAP_true.c_lasso_out",YES,"","None","Results/CPA_Outputs/Loopy_dataset_InvarBenchmark/TRACER-paper-prog_d-pepm-proc.c_VeriMAP_true.c_general_out",1.61,1.66,"Datasets/Loopy_dataset_InvarBenchmark/loop_invariants/LinearArbitrary-SeaHorn/VeriMAP/TRACER-paper-prog_d-pepm-proc.c_VeriMAP_true.c"
"MAP-singleloop2-pepm-proc.c_VeriMAP_true.c",FAILED,"","None","Results/CPA_Outputs/Loopy_dataset_InvarBenchmark/MAP-singleloop2-pepm-proc.c_VeriMAP_true.c_lasso_out",MAYBE,"","None","Results/CPA_Outputs/Loopy_dataset_InvarBenchmark/MAP-singleloop2-pepm-proc.c_VeriMAP_true.c_general_out",305.55,303.35,"Datasets/Loopy_dataset_InvarBenchmark/loop_invariants/LinearArbitrary-SeaHorn/VeriMAP/MAP-singleloop2-pepm-proc.c_VeriMAP_true.c"
"TRACER-testloop15_VeriMAP_true.c",YES,"","None","Results/CPA_Outputs/Loopy_dataset_InvarBenchmark/TRACER-testloop15_VeriMAP_true.c_lasso_out",YES,"","None","Results/CPA_Outputs/Loopy_dataset_InvarBenchmark/TRACER-testloop15_VeriMAP_true.c_general_out",1.68,1.95,"Datasets/Loopy_dataset_InvarBenchmark/loop_invariants/LinearArbitrary-SeaHorn/VeriMAP/TRACER-testloop15_VeriMAP_true.c"
"TRACER-testloop14_VeriMAP_true.c",YES,"","None","Results/CPA_Outputs/Loopy_dataset_InvarBenchmark/TRACER-testloop14_VeriMAP_true.c_lasso_out",YES,"","None","Results/CPA_Outputs/Loopy_dataset_InvarBenchmark/TRACER-testloop14_VeriMAP_true.c_general_out",1.68,1.47,"Datasets/Loopy_dataset_InvarBenchmark/loop_invariants/LinearArbitrary-SeaHorn/VeriMAP/TRACER-testloop14_VeriMAP_true.c"
"TRACER-testloop29_VeriMAP_true.c",YES,"","None","Results/CPA_Outputs/Loopy_dataset_InvarBenchmark/TRACER-testloop29_VeriMAP_true.c_lasso_out",YES,"","None","Results/CPA_Outputs/Loopy_dataset_InvarBenchmark/TRACER-testloop29_VeriMAP_true.c_general_out",1.58,1.57,"Datasets/Loopy_dataset_InvarBenchmark/loop_invariants/LinearArbitrary-SeaHorn/VeriMAP/TRACER-testloop29_VeriMAP_true.c"
"TRACER-testabs13_VeriMAP_true.c",YES,"","None","Results/CPA_Outputs/Loopy_dataset_InvarBenchmark/TRACER-testabs13_VeriMAP_true.c_lasso_out",YES,"","None","Results/CPA_Outputs/Loopy_dataset_InvarBenchmark/TRACER-testabs13_VeriMAP_true.c_general_out",1.62,1.40,"Datasets/Loopy_dataset_InvarBenchmark/loop_invariants/LinearArbitrary-SeaHorn/VeriMAP/TRACER-testabs13_VeriMAP_true.c"
"MAP-CPA-example_VeriMAP_true.c",YES,"","None","Results/CPA_Outputs/Loopy_dataset_InvarBenchmark/MAP-CPA-example_VeriMAP_true.c_lasso_out",YES,"","None","Results/CPA_Outputs/Loopy_dataset_InvarBenchmark/MAP-CPA-example_VeriMAP_true.c_general_out",1.75,1.49,"Datasets/Loopy_dataset_InvarBenchmark/loop_invariants/LinearArbitrary-SeaHorn/VeriMAP/MAP-CPA-example_VeriMAP_true.c"
"TRACER-testloop10_VeriMAP_true.c",MAYBE,"","None","Results/CPA_Outputs/Loopy_dataset_InvarBenchmark/TRACER-testloop10_VeriMAP_true.c_lasso_out",MAYBE,"","None","Results/CPA_Outputs/Loopy_dataset_InvarBenchmark/TRACER-testloop10_VeriMAP_true.c_general_out",5.40,259.53,"Datasets/Loopy_dataset_InvarBenchmark/loop_invariants/LinearArbitrary-SeaHorn/VeriMAP/TRACER-testloop10_VeriMAP_true.c"
"popl.c",MAYBE,"","None","Results/CPA_Outputs/Loopy_dataset_InvarBenchmark/popl.c_lasso_out",YES,"","None","Results/CPA_Outputs/Loopy_dataset_InvarBenchmark/popl.c_general_out",288.17,1.88,"Datasets/Loopy_dataset_InvarBenchmark/loop_invariants/LinearArbitrary-SeaHorn/sharma_splitter/popl.c"
"cav.c",MAYBE,"","None","Results/CPA_Outputs/Loopy_dataset_InvarBenchmark/cav.c_lasso_out",YES,"","None","Results/CPA_Outputs/Loopy_dataset_InvarBenchmark/cav.c_general_out",287.11,2.11,"Datasets/Loopy_dataset_InvarBenchmark/loop_invariants/LinearArbitrary-SeaHorn/sharma_splitter/cav.c"
"ex1.c",MAYBE,"","None","Results/CPA_Outputs/Loopy_dataset_InvarBenchmark/ex1.c_lasso_out",YES,"","None","Results/CPA_Outputs/Loopy_dataset_InvarBenchmark/ex1.c_general_out",286.57,2.14,"Datasets/Loopy_dataset_InvarBenchmark/loop_invariants/LinearArbitrary-SeaHorn/sharma_splitter/ex1.c"
"ex2.c",YES,"","None","Results/CPA_Outputs/Loopy_dataset_InvarBenchmark/ex2.c_lasso_out",YES,"","None","Results/CPA_Outputs/Loopy_dataset_InvarBenchmark/ex2.c_general_out",182.28,2.15,"Datasets/Loopy_dataset_InvarBenchmark/loop_invariants/LinearArbitrary-SeaHorn/sharma_splitter/ex2.c"
"sendmail-close-angle.c",YES,"","None","Results/CPA_Outputs/Loopy_dataset_InvarBenchmark/sendmail-close-angle.c_lasso_out",YES,"","None","Results/CPA_Outputs/Loopy_dataset_InvarBenchmark/sendmail-close-angle.c_general_out",1.31,1.40,"Datasets/Loopy_dataset_InvarBenchmark/loop_invariants/LinearArbitrary-SeaHorn/invgen/sendmail-close-angle.c"
"rajamani_1.c",MAYBE,"","None","Results/CPA_Outputs/Loopy_dataset_InvarBenchmark/rajamani_1.c_lasso_out",MAYBE,"","None","Results/CPA_Outputs/Loopy_dataset_InvarBenchmark/rajamani_1.c_general_out",6.26,260.56,"Datasets/Loopy_dataset_InvarBenchmark/loop_invariants/LinearArbitrary-SeaHorn/invgen/rajamani_1.c"
"MADWiFi-encode_ie_ok.c",YES,"","None","Results/CPA_Outputs/Loopy_dataset_InvarBenchmark/MADWiFi-encode_ie_ok.c_lasso_out",YES,"","None","Results/CPA_Outputs/Loopy_dataset_InvarBenchmark/MADWiFi-encode_ie_ok.c_general_out",1.32,1.41,"Datasets/Loopy_dataset_InvarBenchmark/loop_invariants/LinearArbitrary-SeaHorn/invgen/MADWiFi-encode_ie_ok.c"
"split.c",YES,"","None","Results/CPA_Outputs/Loopy_dataset_InvarBenchmark/split.c_lasso_out",YES,"","None","Results/CPA_Outputs/Loopy_dataset_InvarBenchmark/split.c_general_out",10.00,4.60,"Datasets/Loopy_dataset_InvarBenchmark/loop_invariants/LinearArbitrary-SeaHorn/invgen/split.c"
"ken-imp.c",MAYBE,"","None","Results/CPA_Outputs/Loopy_dataset_InvarBenchmark/ken-imp.c_lasso_out",MAYBE,"","None","Results/CPA_Outputs/Loopy_dataset_InvarBenchmark/ken-imp.c_general_out",7.47,255.27,"Datasets/Loopy_dataset_InvarBenchmark/loop_invariants/LinearArbitrary-SeaHorn/invgen/ken-imp.c"
"sendmail-mime7to8_arr_three_chars_no_test_ok.c",YES,"","None","Results/CPA_Outputs/Loopy_dataset_InvarBenchmark/sendmail-mime7to8_arr_three_chars_no_test_ok.c_lasso_out",YES,"","None","Results/CPA_Outputs/Loopy_dataset_InvarBenchmark/sendmail-mime7to8_arr_three_chars_no_test_ok.c_general_out",1.30,1.44,"Datasets/Loopy_dataset_InvarBenchmark/loop_invariants/LinearArbitrary-SeaHorn/invgen/sendmail-mime7to8_arr_three_chars_no_test_ok.c"
"bind_expands_vars2.c",YES,"","None","Results/CPA_Outputs/Loopy_dataset_InvarBenchmark/bind_expands_vars2.c_lasso_out",YES,"","None","Results/CPA_Outputs/Loopy_dataset_InvarBenchmark/bind_expands_vars2.c_general_out",1.65,1.96,"Datasets/Loopy_dataset_InvarBenchmark/loop_invariants/LinearArbitrary-SeaHorn/invgen/bind_expands_vars2.c"
"gulwani_cegar1.c",NO,"","None","Results/CPA_Outputs/Loopy_dataset_InvarBenchmark/gulwani_cegar1.c_lasso_out",NO,"","None","Results/CPA_Outputs/Loopy_dataset_InvarBenchmark/gulwani_cegar1.c_general_out",1.49,1.57,"Datasets/Loopy_dataset_InvarBenchmark/loop_invariants/LinearArbitrary-SeaHorn/invgen/gulwani_cegar1.c"
"gulwani_fig1a.c",MAYBE,"","None","Results/CPA_Outputs/Loopy_dataset_InvarBenchmark/gulwani_fig1a.c_lasso_out",MAYBE,"","None","Results/CPA_Outputs/Loopy_dataset_InvarBenchmark/gulwani_fig1a.c_general_out",1.97,270.56,"Datasets/Loopy_dataset_InvarBenchmark/loop_invariants/LinearArbitrary-SeaHorn/invgen/gulwani_fig1a.c"
"sendmail-mime-fromqp.c",YES,"","None","Results/CPA_Outputs/Loopy_dataset_InvarBenchmark/sendmail-mime-fromqp.c_lasso_out",YES,"","None","Results/CPA_Outputs/Loopy_dataset_InvarBenchmark/sendmail-mime-fromqp.c_general_out",1.35,1.45,"Datasets/Loopy_dataset_InvarBenchmark/loop_invariants/LinearArbitrary-SeaHorn/invgen/sendmail-mime-fromqp.c"
"NetBSD_g_Ctoc.c",YES,"","None","Results/CPA_Outputs/Loopy_dataset_InvarBenchmark/NetBSD_g_Ctoc.c_lasso_out",YES,"","None","Results/CPA_Outputs/Loopy_dataset_InvarBenchmark/NetBSD_g_Ctoc.c_general_out",1.29,1.47,"Datasets/Loopy_dataset_InvarBenchmark/loop_invariants/LinearArbitrary-SeaHorn/invgen/NetBSD_g_Ctoc.c"
"simple.c",YES,"","None","Results/CPA_Outputs/Loopy_dataset_InvarBenchmark/simple.c_lasso_out",YES,"","None","Results/CPA_Outputs/Loopy_dataset_InvarBenchmark/simple.c_general_out",1.60,1.67,"Datasets/Loopy_dataset_InvarBenchmark/loop_invariants/LinearArbitrary-SeaHorn/invgen/simple.c"
"simple_if.c",YES,"","None","Results/CPA_Outputs/Loopy_dataset_InvarBenchmark/simple_if.c_lasso_out",YES,"","None","Results/CPA_Outputs/Loopy_dataset_InvarBenchmark/simple_if.c_general_out",1.59,1.95,"Datasets/Loopy_dataset_InvarBenchmark/loop_invariants/LinearArbitrary-SeaHorn/invgen/simple_if.c"
"gulwani_cegar2.c",YES,"","None","Results/CPA_Outputs/Loopy_dataset_InvarBenchmark/gulwani_cegar2.c_lasso_out",YES,"","None","Results/CPA_Outputs/Loopy_dataset_InvarBenchmark/gulwani_cegar2.c_general_out",1.61,1.97,"Datasets/Loopy_dataset_InvarBenchmark/loop_invariants/LinearArbitrary-SeaHorn/invgen/gulwani_cegar2.c"
"NetBSD_loop.c",YES,"","None","Results/CPA_Outputs/Loopy_dataset_InvarBenchmark/NetBSD_loop.c_lasso_out",YES,"","None","Results/CPA_Outputs/Loopy_dataset_InvarBenchmark/NetBSD_loop.c_general_out",1.70,2.06,"Datasets/Loopy_dataset_InvarBenchmark/loop_invariants/LinearArbitrary-SeaHorn/invgen/NetBSD_loop.c"
"NetBSD_loop_int.c",YES,"","None","Results/CPA_Outputs/Loopy_dataset_InvarBenchmark/NetBSD_loop_int.c_lasso_out",YES,"","None","Results/CPA_Outputs/Loopy_dataset_InvarBenchmark/NetBSD_loop_int.c_general_out",1.30,1.40,"Datasets/Loopy_dataset_InvarBenchmark/loop_invariants/LinearArbitrary-SeaHorn/invgen/NetBSD_loop_int.c"
"up-nested.c",YES,"","None","Results/CPA_Outputs/Loopy_dataset_InvarBenchmark/up-nested.c_lasso_out",YES,"","None","Results/CPA_Outputs/Loopy_dataset_InvarBenchmark/up-nested.c_general_out",1.63,1.92,"Datasets/Loopy_dataset_InvarBenchmark/loop_invariants/LinearArbitrary-SeaHorn/invgen/up-nested.c"
"substring1.c",MAYBE,"","None","Results/CPA_Outputs/Loopy_dataset_InvarBenchmark/substring1.c_lasso_out",MAYBE,"","None","Results/CPA_Outputs/Loopy_dataset_InvarBenchmark/substring1.c_general_out",286.88,139.40,"Datasets/Loopy_dataset_InvarBenchmark/loop_invariants/accelerating_invariant_generation/cav/substring1.c"
"35.c",MAYBE,"","None","Results/CPA_Outputs/Loopy_dataset_InvarBenchmark/35.c_lasso_out",MAYBE,"","None","Results/CPA_Outputs/Loopy_dataset_InvarBenchmark/35.c_general_out",1.85,248.68,"Datasets/Loopy_dataset_InvarBenchmark/loop_invariants/accelerating_invariant_generation/cav/35.c"
"39.c",YES,"","None","Results/CPA_Outputs/Loopy_dataset_InvarBenchmark/39.c_lasso_out",YES,"","None","Results/CPA_Outputs/Loopy_dataset_InvarBenchmark/39.c_general_out",1.30,1.39,"Datasets/Loopy_dataset_InvarBenchmark/loop_invariants/accelerating_invariant_generation/cav/39.c"
"xy10.c",NO,"","None","Results/CPA_Outputs/Loopy_dataset_InvarBenchmark/xy10.c_lasso_out",NO,"","None","Results/CPA_Outputs/Loopy_dataset_InvarBenchmark/xy10.c_general_out",1.47,1.50,"Datasets/Loopy_dataset_InvarBenchmark/loop_invariants/accelerating_invariant_generation/cav/xy10.c"
"05.c",MAYBE,"","None","Results/CPA_Outputs/Loopy_dataset_InvarBenchmark/05.c_lasso_out",MAYBE,"","None","Results/CPA_Outputs/Loopy_dataset_InvarBenchmark/05.c_general_out",3.26,266.28,"Datasets/Loopy_dataset_InvarBenchmark/loop_invariants/accelerating_invariant_generation/cav/05.c"
"gulv_simp.c",NO,"","None","Results/CPA_Outputs/Loopy_dataset_InvarBenchmark/gulv_simp.c_lasso_out",NO,"","None","Results/CPA_Outputs/Loopy_dataset_InvarBenchmark/gulv_simp.c_general_out",1.51,1.53,"Datasets/Loopy_dataset_InvarBenchmark/loop_invariants/accelerating_invariant_generation/cav/gulv_simp.c"
"07.c",YES,"","None","Results/CPA_Outputs/Loopy_dataset_InvarBenchmark/07.c_lasso_out",YES,"","None","Results/CPA_Outputs/Loopy_dataset_InvarBenchmark/07.c_general_out",1.92,2.29,"Datasets/Loopy_dataset_InvarBenchmark/loop_invariants/accelerating_invariant_generation/cav/07.c"
"pldi082_unbounded.c",YES,"","None","Results/CPA_Outputs/Loopy_dataset_InvarBenchmark/pldi082_unbounded.c_lasso_out",YES,"","None","Results/CPA_Outputs/Loopy_dataset_InvarBenchmark/pldi082_unbounded.c_general_out",2.72,2.92,"Datasets/Loopy_dataset_InvarBenchmark/loop_invariants/accelerating_invariant_generation/cav/pldi082_unbounded.c"
"20.c",MAYBE,"","None","Results/CPA_Outputs/Loopy_dataset_InvarBenchmark/20.c_lasso_out",MAYBE,"","None","Results/CPA_Outputs/Loopy_dataset_InvarBenchmark/20.c_general_out",7.69,254.51,"Datasets/Loopy_dataset_InvarBenchmark/loop_invariants/accelerating_invariant_generation/cav/20.c"
"gulv.c",NO,"","None","Results/CPA_Outputs/Loopy_dataset_InvarBenchmark/gulv.c_lasso_out",NO,"","None","Results/CPA_Outputs/Loopy_dataset_InvarBenchmark/gulv.c_general_out",1.53,1.57,"Datasets/Loopy_dataset_InvarBenchmark/loop_invariants/accelerating_invariant_generation/cav/gulv.c"
"19.c",YES,"","None","Results/CPA_Outputs/Loopy_dataset_InvarBenchmark/19.c_lasso_out",YES,"","None","Results/CPA_Outputs/Loopy_dataset_InvarBenchmark/19.c_general_out",1.95,2.33,"Datasets/Loopy_dataset_InvarBenchmark/loop_invariants/accelerating_invariant_generation/cav/19.c"
"37.c",YES,"","None","Results/CPA_Outputs/Loopy_dataset_InvarBenchmark/37.c_lasso_out",YES,"","None","Results/CPA_Outputs/Loopy_dataset_InvarBenchmark/37.c_general_out",1.71,2.09,"Datasets/Loopy_dataset_InvarBenchmark/loop_invariants/accelerating_invariant_generation/cav/37.c"
"trex03_true.c",MAYBE,"","None","Results/CPA_Outputs/Loopy_dataset_InvarBenchmark/trex03_true.c_lasso_out",MAYBE,"","None","Results/CPA_Outputs/Loopy_dataset_InvarBenchmark/trex03_true.c_general_out",1.96,255.20,"Datasets/Loopy_dataset_InvarBenchmark/loop_invariants/accelerating_invariant_generation/svcomp/trex03_true.c"
"for_infinite_loop_2_true.c",NO,"","None","Results/CPA_Outputs/Loopy_dataset_InvarBenchmark/for_infinite_loop_2_true.c_lasso_out",NO,"","None","Results/CPA_Outputs/Loopy_dataset_InvarBenchmark/for_infinite_loop_2_true.c_general_out",1.47,1.52,"Datasets/Loopy_dataset_InvarBenchmark/loop_invariants/accelerating_invariant_generation/svcomp/for_infinite_loop_2_true.c"
"while_infinite_loop_1_true.c",NO,"","None","Results/CPA_Outputs/Loopy_dataset_InvarBenchmark/while_infinite_loop_1_true.c_lasso_out",NO,"","None","Results/CPA_Outputs/Loopy_dataset_InvarBenchmark/while_infinite_loop_1_true.c_general_out",1.42,1.41,"Datasets/Loopy_dataset_InvarBenchmark/loop_invariants/accelerating_invariant_generation/svcomp/while_infinite_loop_1_true.c"
"count_up_down_true.c",MAYBE,"","None","Results/CPA_Outputs/Loopy_dataset_InvarBenchmark/count_up_down_true.c_lasso_out",MAYBE,"","None","Results/CPA_Outputs/Loopy_dataset_InvarBenchmark/count_up_down_true.c_general_out",1.51,268.98,"Datasets/Loopy_dataset_InvarBenchmark/loop_invariants/accelerating_invariant_generation/svcomp/count_up_down_true.c"
"sum03_true.c",MAYBE,"","None","Results/CPA_Outputs/Loopy_dataset_InvarBenchmark/sum03_true.c_lasso_out",MAYBE,"","None","Results/CPA_Outputs/Loopy_dataset_InvarBenchmark/sum03_true.c_general_out",2.64,276.16,"Datasets/Loopy_dataset_InvarBenchmark/loop_invariants/accelerating_invariant_generation/svcomp/sum03_true.c"
"sum01_true.c",YES,"","None","Results/CPA_Outputs/Loopy_dataset_InvarBenchmark/sum01_true.c_lasso_out",YES,"","None","Results/CPA_Outputs/Loopy_dataset_InvarBenchmark/sum01_true.c_general_out",1.59,1.96,"Datasets/Loopy_dataset_InvarBenchmark/loop_invariants/accelerating_invariant_generation/svcomp/sum01_true.c"
"for_infinite_loop_1_true.c",NO,"","None","Results/CPA_Outputs/Loopy_dataset_InvarBenchmark/for_infinite_loop_1_true.c_lasso_out",NO,"","None","Results/CPA_Outputs/Loopy_dataset_InvarBenchmark/for_infinite_loop_1_true.c_general_out",1.49,1.51,"Datasets/Loopy_dataset_InvarBenchmark/loop_invariants/accelerating_invariant_generation/svcomp/for_infinite_loop_1_true.c"
"sum04_true.c",YES,"","None","Results/CPA_Outputs/Loopy_dataset_InvarBenchmark/sum04_true.c_lasso_out",YES,"","None","Results/CPA_Outputs/Loopy_dataset_InvarBenchmark/sum04_true.c_general_out",1.59,1.43,"Datasets/Loopy_dataset_InvarBenchmark/loop_invariants/accelerating_invariant_generation/svcomp/sum04_true.c"
"terminator_02_true.c",MAYBE,"","None","Results/CPA_Outputs/Loopy_dataset_InvarBenchmark/terminator_02_true.c_lasso_out",MAYBE,"","None","Results/CPA_Outputs/Loopy_dataset_InvarBenchmark/terminator_02_true.c_general_out",1.27,1.32,"Datasets/Loopy_dataset_InvarBenchmark/loop_invariants/accelerating_invariant_generation/svcomp/terminator_02_true.c"
"while_infinite_loop_2_true.c",NO,"","None","Results/CPA_Outputs/Loopy_dataset_InvarBenchmark/while_infinite_loop_2_true.c_lasso_out",NO,"","None","Results/CPA_Outputs/Loopy_dataset_InvarBenchmark/while_infinite_loop_2_true.c_general_out",1.38,1.45,"Datasets/Loopy_dataset_InvarBenchmark/loop_invariants/accelerating_invariant_generation/svcomp/while_infinite_loop_2_true.c"
"substring1.c",MAYBE,"","None","Results/CPA_Outputs/Loopy_dataset_InvarBenchmark/substring1.c_lasso_out",MAYBE,"","None","Results/CPA_Outputs/Loopy_dataset_InvarBenchmark/substring1.c_general_out",287.09,139.60,"Datasets/Loopy_dataset_InvarBenchmark/loop_invariants/accelerating_invariant_generation/dagger/substring1.c"
"lifnatprime.c",YES,"","None","Results/CPA_Outputs/Loopy_dataset_InvarBenchmark/lifnatprime.c_lasso_out",YES,"","None","Results/CPA_Outputs/Loopy_dataset_InvarBenchmark/lifnatprime.c_general_out",1.39,1.49,"Datasets/Loopy_dataset_InvarBenchmark/loop_invariants/accelerating_invariant_generation/dagger/lifnatprime.c"
"bkley.c",YES,"","None","Results/CPA_Outputs/Loopy_dataset_InvarBenchmark/bkley.c_lasso_out",YES,"","None","Results/CPA_Outputs/Loopy_dataset_InvarBenchmark/bkley.c_general_out",1.79,2.16,"Datasets/Loopy_dataset_InvarBenchmark/loop_invariants/accelerating_invariant_generation/dagger/bkley.c"
"lifo.c",YES,"","None","Results/CPA_Outputs/Loopy_dataset_InvarBenchmark/lifo.c_lasso_out",YES,"","None","Results/CPA_Outputs/Loopy_dataset_InvarBenchmark/lifo.c_general_out",1.39,1.52,"Datasets/Loopy_dataset_InvarBenchmark/loop_invariants/accelerating_invariant_generation/dagger/lifo.c"
"swim1.c",YES,"","None","Results/CPA_Outputs/Loopy_dataset_InvarBenchmark/swim1.c_lasso_out",YES,"","None","Results/CPA_Outputs/Loopy_dataset_InvarBenchmark/swim1.c_general_out",1.93,2.27,"Datasets/Loopy_dataset_InvarBenchmark/loop_invariants/accelerating_invariant_generation/dagger/swim1.c"
"swim.c",YES,"","None","Results/CPA_Outputs/Loopy_dataset_InvarBenchmark/swim.c_lasso_out",YES,"","None","Results/CPA_Outputs/Loopy_dataset_InvarBenchmark/swim.c_general_out",1.90,2.28,"Datasets/Loopy_dataset_InvarBenchmark/loop_invariants/accelerating_invariant_generation/dagger/swim.c"
"cars.c",YES,"","None","Results/CPA_Outputs/Loopy_dataset_InvarBenchmark/cars.c_lasso_out",YES,"","None","Results/CPA_Outputs/Loopy_dataset_InvarBenchmark/cars.c_general_out",2.04,2.44,"Datasets/Loopy_dataset_InvarBenchmark/loop_invariants/accelerating_invariant_generation/dagger/cars.c"
"bk-nat.c",YES,"","None","Results/CPA_Outputs/Loopy_dataset_InvarBenchmark/bk-nat.c_lasso_out",YES,"","None","Results/CPA_Outputs/Loopy_dataset_InvarBenchmark/bk-nat.c_general_out",1.79,2.19,"Datasets/Loopy_dataset_InvarBenchmark/loop_invariants/accelerating_invariant_generation/dagger/bk-nat.c"
"barbrprime.c",YES,"","None","Results/CPA_Outputs/Loopy_dataset_InvarBenchmark/barbrprime.c_lasso_out",YES,"","None","Results/CPA_Outputs/Loopy_dataset_InvarBenchmark/barbrprime.c_general_out",1.45,1.53,"Datasets/Loopy_dataset_InvarBenchmark/loop_invariants/accelerating_invariant_generation/dagger/barbrprime.c"
"fig2.c",MAYBE,"","None","Results/CPA_Outputs/Loopy_dataset_InvarBenchmark/fig2.c_lasso_out",MAYBE,"","None","Results/CPA_Outputs/Loopy_dataset_InvarBenchmark/fig2.c_general_out",3.85,261.67,"Datasets/Loopy_dataset_InvarBenchmark/loop_invariants/accelerating_invariant_generation/dagger/fig2.c"
"barbr.c",YES,"","None","Results/CPA_Outputs/Loopy_dataset_InvarBenchmark/barbr.c_lasso_out",YES,"","None","Results/CPA_Outputs/Loopy_dataset_InvarBenchmark/barbr.c_general_out",1.42,1.54,"Datasets/Loopy_dataset_InvarBenchmark/loop_invariants/accelerating_invariant_generation/dagger/barbr.c"
"seesaw.c",YES,"","None","Results/CPA_Outputs/Loopy_dataset_InvarBenchmark/seesaw.c_lasso_out",YES,"","None","Results/CPA_Outputs/Loopy_dataset_InvarBenchmark/seesaw.c_general_out",1.35,1.46,"Datasets/Loopy_dataset_InvarBenchmark/loop_invariants/accelerating_invariant_generation/dagger/seesaw.c"
"ex1.c",MAYBE,"","None","Results/CPA_Outputs/Loopy_dataset_InvarBenchmark/ex1.c_lasso_out",MAYBE,"","None","Results/CPA_Outputs/Loopy_dataset_InvarBenchmark/ex1.c_general_out",1.86,266.55,"Datasets/Loopy_dataset_InvarBenchmark/loop_invariants/accelerating_invariant_generation/dagger/ex1.c"
"lifnat.c",YES,"","None","Results/CPA_Outputs/Loopy_dataset_InvarBenchmark/lifnat.c_lasso_out",YES,"","None","Results/CPA_Outputs/Loopy_dataset_InvarBenchmark/lifnat.c_general_out",1.43,1.56,"Datasets/Loopy_dataset_InvarBenchmark/loop_invariants/accelerating_invariant_generation/dagger/lifnat.c"
"efm.c",YES,"","None","Results/CPA_Outputs/Loopy_dataset_InvarBenchmark/efm.c_lasso_out",YES,"","None","Results/CPA_Outputs/Loopy_dataset_InvarBenchmark/efm.c_general_out",1.86,1.51,"Datasets/Loopy_dataset_InvarBenchmark/loop_invariants/accelerating_invariant_generation/dagger/efm.c"
"multivar_safe1.c",MAYBE,"","None","Results/CPA_Outputs/Loopy_dataset_InvarBenchmark/multivar_safe1.c_lasso_out",MAYBE,"","None","Results/CPA_Outputs/Loopy_dataset_InvarBenchmark/multivar_safe1.c_general_out",1.55,268.73,"Datasets/Loopy_dataset_InvarBenchmark/loop_invariants/accelerating_invariant_generation/crafted/multivar_safe1.c"
"underapprox_unsafe1.c",MAYBE,"","None","Results/CPA_Outputs/Loopy_dataset_InvarBenchmark/underapprox_unsafe1.c_lasso_out",YES,"","None","Results/CPA_Outputs/Loopy_dataset_InvarBenchmark/underapprox_unsafe1.c_general_out",1.64,1.34,"Datasets/Loopy_dataset_InvarBenchmark/loop_invariants/accelerating_invariant_generation/crafted/underapprox_unsafe1.c"
"overflow_safe1.c",NO,"","None","Results/CPA_Outputs/Loopy_dataset_InvarBenchmark/overflow_safe1.c_lasso_out",NO,"","None","Results/CPA_Outputs/Loopy_dataset_InvarBenchmark/overflow_safe1.c_general_out",1.42,1.52,"Datasets/Loopy_dataset_InvarBenchmark/loop_invariants/accelerating_invariant_generation/crafted/overflow_safe1.c"
"const_safe1.c",MAYBE,"","None","Results/CPA_Outputs/Loopy_dataset_InvarBenchmark/const_safe1.c_lasso_out",YES,"","None","Results/CPA_Outputs/Loopy_dataset_InvarBenchmark/const_safe1.c_general_out",1.61,1.42,"Datasets/Loopy_dataset_InvarBenchmark/loop_invariants/accelerating_invariant_generation/crafted/const_safe1.c"
"simple_safe1.c",MAYBE,"","None","Results/CPA_Outputs/Loopy_dataset_InvarBenchmark/simple_safe1.c_lasso_out",MAYBE,"","None","Results/CPA_Outputs/Loopy_dataset_InvarBenchmark/simple_safe1.c_general_out",1.52,273.46,"Datasets/Loopy_dataset_InvarBenchmark/loop_invariants/accelerating_invariant_generation/crafted/simple_safe1.c"
"underapprox_safe2.c",MAYBE,"","None","Results/CPA_Outputs/Loopy_dataset_InvarBenchmark/underapprox_safe2.c_lasso_out",YES,"","None","Results/CPA_Outputs/Loopy_dataset_InvarBenchmark/underapprox_safe2.c_general_out",1.60,1.37,"Datasets/Loopy_dataset_InvarBenchmark/loop_invariants/accelerating_invariant_generation/crafted/underapprox_safe2.c"
"diamond_safe2.c",MAYBE,"","None","Results/CPA_Outputs/Loopy_dataset_InvarBenchmark/diamond_safe2.c_lasso_out",MAYBE,"","None","Results/CPA_Outputs/Loopy_dataset_InvarBenchmark/diamond_safe2.c_general_out",10.14,250.34,"Datasets/Loopy_dataset_InvarBenchmark/loop_invariants/accelerating_invariant_generation/crafted/diamond_safe2.c"
"diamond_safe1.c",MAYBE,"","None","Results/CPA_Outputs/Loopy_dataset_InvarBenchmark/diamond_safe1.c_lasso_out",MAYBE,"","None","Results/CPA_Outputs/Loopy_dataset_InvarBenchmark/diamond_safe1.c_general_out",2.00,247.11,"Datasets/Loopy_dataset_InvarBenchmark/loop_invariants/accelerating_invariant_generation/crafted/diamond_safe1.c"
"simple_safe2.c",MAYBE,"","None","Results/CPA_Outputs/Loopy_dataset_InvarBenchmark/simple_safe2.c_lasso_out",NO,"","None","Results/CPA_Outputs/Loopy_dataset_InvarBenchmark/simple_safe2.c_general_out",1.44,1.42,"Datasets/Loopy_dataset_InvarBenchmark/loop_invariants/accelerating_invariant_generation/crafted/simple_safe2.c"
"phases_safe1.c",MAYBE,"","None","Results/CPA_Outputs/Loopy_dataset_InvarBenchmark/phases_safe1.c_lasso_out",MAYBE,"","None","Results/CPA_Outputs/Loopy_dataset_InvarBenchmark/phases_safe1.c_general_out",287.32,141.20,"Datasets/Loopy_dataset_InvarBenchmark/loop_invariants/accelerating_invariant_generation/crafted/phases_safe1.c"
"simple_safe3.c",MAYBE,"","None","Results/CPA_Outputs/Loopy_dataset_InvarBenchmark/simple_safe3.c_lasso_out",MAYBE,"","None","Results/CPA_Outputs/Loopy_dataset_InvarBenchmark/simple_safe3.c_general_out",1.44,262.18,"Datasets/Loopy_dataset_InvarBenchmark/loop_invariants/accelerating_invariant_generation/crafted/simple_safe3.c"
"simple_safe4.c",MAYBE,"","None","Results/CPA_Outputs/Loopy_dataset_InvarBenchmark/simple_safe4.c_lasso_out",MAYBE,"","None","Results/CPA_Outputs/Loopy_dataset_InvarBenchmark/simple_safe4.c_general_out",1.51,273.32,"Datasets/Loopy_dataset_InvarBenchmark/loop_invariants/accelerating_invariant_generation/crafted/simple_safe4.c"
"sendmail-close-angle.c",YES,"","None","Results/CPA_Outputs/Loopy_dataset_InvarBenchmark/sendmail-close-angle.c_lasso_out",YES,"","None","Results/CPA_Outputs/Loopy_dataset_InvarBenchmark/sendmail-close-angle.c_general_out",1.88,2.23,"Datasets/Loopy_dataset_InvarBenchmark/loop_invariants/accelerating_invariant_generation/invgen/sendmail-close-angle.c"
"rajamani_1.c",YES,"","None","Results/CPA_Outputs/Loopy_dataset_InvarBenchmark/rajamani_1.c_lasso_out",YES,"","None","Results/CPA_Outputs/Loopy_dataset_InvarBenchmark/rajamani_1.c_general_out",1.31,1.36,"Datasets/Loopy_dataset_InvarBenchmark/loop_invariants/accelerating_invariant_generation/invgen/rajamani_1.c"
"MADWiFi-encode_ie_ok.c",YES,"","None","Results/CPA_Outputs/Loopy_dataset_InvarBenchmark/MADWiFi-encode_ie_ok.c_lasso_out",YES,"","None","Results/CPA_Outputs/Loopy_dataset_InvarBenchmark/MADWiFi-encode_ie_ok.c_general_out",1.69,2.01,"Datasets/Loopy_dataset_InvarBenchmark/loop_invariants/accelerating_invariant_generation/invgen/MADWiFi-encode_ie_ok.c"
"split.c",YES,"","None","Results/CPA_Outputs/Loopy_dataset_InvarBenchmark/split.c_lasso_out",YES,"","None","Results/CPA_Outputs/Loopy_dataset_InvarBenchmark/split.c_general_out",2.00,2.41,"Datasets/Loopy_dataset_InvarBenchmark/loop_invariants/accelerating_invariant_generation/invgen/split.c"
"ken-imp.c",MAYBE,"","None","Results/CPA_Outputs/Loopy_dataset_InvarBenchmark/ken-imp.c_lasso_out",MAYBE,"","None","Results/CPA_Outputs/Loopy_dataset_InvarBenchmark/ken-imp.c_general_out",4.12,256.99,"Datasets/Loopy_dataset_InvarBenchmark/loop_invariants/accelerating_invariant_generation/invgen/ken-imp.c"
"sendmail-mime7to8_arr_three_chars_no_test_ok.c",YES,"","None","Results/CPA_Outputs/Loopy_dataset_InvarBenchmark/sendmail-mime7to8_arr_three_chars_no_test_ok.c_lasso_out",YES,"","None","Results/CPA_Outputs/Loopy_dataset_InvarBenchmark/sendmail-mime7to8_arr_three_chars_no_test_ok.c_general_out",1.30,1.34,"Datasets/Loopy_dataset_InvarBenchmark/loop_invariants/accelerating_invariant_generation/invgen/sendmail-mime7to8_arr_three_chars_no_test_ok.c"
"bind_expands_vars2.c",YES,"","None","Results/CPA_Outputs/Loopy_dataset_InvarBenchmark/bind_expands_vars2.c_lasso_out",YES,"","None","Results/CPA_Outputs/Loopy_dataset_InvarBenchmark/bind_expands_vars2.c_general_out",1.60,1.96,"Datasets/Loopy_dataset_InvarBenchmark/loop_invariants/accelerating_invariant_generation/invgen/bind_expands_vars2.c"
"gulwani_cegar1.c",YES,"","None","Results/CPA_Outputs/Loopy_dataset_InvarBenchmark/gulwani_cegar1.c_lasso_out",YES,"","None","Results/CPA_Outputs/Loopy_dataset_InvarBenchmark/gulwani_cegar1.c_general_out",1.31,1.33,"Datasets/Loopy_dataset_InvarBenchmark/loop_invariants/accelerating_invariant_generation/invgen/gulwani_cegar1.c"
"sendmail-mime-fromqp.c",YES,"","None","Results/CPA_Outputs/Loopy_dataset_InvarBenchmark/sendmail-mime-fromqp.c_lasso_out",YES,"","None","Results/CPA_Outputs/Loopy_dataset_InvarBenchmark/sendmail-mime-fromqp.c_general_out",1.30,1.33,"Datasets/Loopy_dataset_InvarBenchmark/loop_invariants/accelerating_invariant_generation/invgen/sendmail-mime-fromqp.c"
"NetBSD_g_Ctoc.c",YES,"","None","Results/CPA_Outputs/Loopy_dataset_InvarBenchmark/NetBSD_g_Ctoc.c_lasso_out",YES,"","None","Results/CPA_Outputs/Loopy_dataset_InvarBenchmark/NetBSD_g_Ctoc.c_general_out",1.26,1.35,"Datasets/Loopy_dataset_InvarBenchmark/loop_invariants/accelerating_invariant_generation/invgen/NetBSD_g_Ctoc.c"
"simple.c",YES,"","None","Results/CPA_Outputs/Loopy_dataset_InvarBenchmark/simple.c_lasso_out",YES,"","None","Results/CPA_Outputs/Loopy_dataset_InvarBenchmark/simple.c_general_out",1.61,1.60,"Datasets/Loopy_dataset_InvarBenchmark/loop_invariants/accelerating_invariant_generation/invgen/simple.c"
"simple_if.c",YES,"","None","Results/CPA_Outputs/Loopy_dataset_InvarBenchmark/simple_if.c_lasso_out",YES,"","None","Results/CPA_Outputs/Loopy_dataset_InvarBenchmark/simple_if.c_general_out",1.61,1.65,"Datasets/Loopy_dataset_InvarBenchmark/loop_invariants/accelerating_invariant_generation/invgen/simple_if.c"
"gulwani_cegar2.c",YES,"","None","Results/CPA_Outputs/Loopy_dataset_InvarBenchmark/gulwani_cegar2.c_lasso_out",YES,"","None","Results/CPA_Outputs/Loopy_dataset_InvarBenchmark/gulwani_cegar2.c_general_out",1.72,2.07,"Datasets/Loopy_dataset_InvarBenchmark/loop_invariants/accelerating_invariant_generation/invgen/gulwani_cegar2.c"
"NetBSD_loop.c",YES,"","None","Results/CPA_Outputs/Loopy_dataset_InvarBenchmark/NetBSD_loop.c_lasso_out",YES,"","None","Results/CPA_Outputs/Loopy_dataset_InvarBenchmark/NetBSD_loop.c_general_out",1.70,2.07,"Datasets/Loopy_dataset_InvarBenchmark/loop_invariants/accelerating_invariant_generation/invgen/NetBSD_loop.c"
"NetBSD_loop_int.c",YES,"","None","Results/CPA_Outputs/Loopy_dataset_InvarBenchmark/NetBSD_loop_int.c_lasso_out",YES,"","None","Results/CPA_Outputs/Loopy_dataset_InvarBenchmark/NetBSD_loop_int.c_general_out",1.32,1.40,"Datasets/Loopy_dataset_InvarBenchmark/loop_invariants/accelerating_invariant_generation/invgen/NetBSD_loop_int.c"
"up-nested.c",YES,"","None","Results/CPA_Outputs/Loopy_dataset_InvarBenchmark/up-nested.c_lasso_out",YES,"","None","Results/CPA_Outputs/Loopy_dataset_InvarBenchmark/up-nested.c_general_out",1.64,1.62,"Datasets/Loopy_dataset_InvarBenchmark/loop_invariants/accelerating_invariant_generation/invgen/up-nested.c"
"40.c",NO,"","None","Results/CPA_Outputs/Loopy_dataset_InvarBenchmark/40.c_lasso_out",NO,"","None","Results/CPA_Outputs/Loopy_dataset_InvarBenchmark/40.c_general_out",1.49,1.52,"Datasets/Loopy_dataset_InvarBenchmark/loop_invariants/code2inv/40.c"
"121.c",YES,"","None","Results/CPA_Outputs/Loopy_dataset_InvarBenchmark/121.c_lasso_out",YES,"","None","Results/CPA_Outputs/Loopy_dataset_InvarBenchmark/121.c_general_out",1.59,1.40,"Datasets/Loopy_dataset_InvarBenchmark/loop_invariants/code2inv/121.c"
"69.c",YES,"","None","Results/CPA_Outputs/Loopy_dataset_InvarBenchmark/69.c_lasso_out",YES,"","None","Results/CPA_Outputs/Loopy_dataset_InvarBenchmark/69.c_general_out",1.50,1.59,"Datasets/Loopy_dataset_InvarBenchmark/loop_invariants/code2inv/69.c"
"25.c",YES,"","None","Results/CPA_Outputs/Loopy_dataset_InvarBenchmark/25.c_lasso_out",YES,"","None","Results/CPA_Outputs/Loopy_dataset_InvarBenchmark/25.c_general_out",1.56,1.62,"Datasets/Loopy_dataset_InvarBenchmark/loop_invariants/code2inv/25.c"
"50.c",NO,"","None","Results/CPA_Outputs/Loopy_dataset_InvarBenchmark/50.c_lasso_out",NO,"","None","Results/CPA_Outputs/Loopy_dataset_InvarBenchmark/50.c_general_out",2.08,1.46,"Datasets/Loopy_dataset_InvarBenchmark/loop_invariants/code2inv/50.c"
"55.c",NO,"","None","Results/CPA_Outputs/Loopy_dataset_InvarBenchmark/55.c_lasso_out",NO,"","None","Results/CPA_Outputs/Loopy_dataset_InvarBenchmark/55.c_general_out",1.48,1.55,"Datasets/Loopy_dataset_InvarBenchmark/loop_invariants/code2inv/55.c"
"58.c",NO,"","None","Results/CPA_Outputs/Loopy_dataset_InvarBenchmark/58.c_lasso_out",NO,"","None","Results/CPA_Outputs/Loopy_dataset_InvarBenchmark/58.c_general_out",1.83,2.15,"Datasets/Loopy_dataset_InvarBenchmark/loop_invariants/code2inv/58.c"
"22.c",YES,"","None","Results/CPA_Outputs/Loopy_dataset_InvarBenchmark/22.c_lasso_out",YES,"","None","Results/CPA_Outputs/Loopy_dataset_InvarBenchmark/22.c_general_out",1.72,2.03,"Datasets/Loopy_dataset_InvarBenchmark/loop_invariants/code2inv/22.c"
"104.c",YES,"","None","Results/CPA_Outputs/Loopy_dataset_InvarBenchmark/104.c_lasso_out",YES,"","None","Results/CPA_Outputs/Loopy_dataset_InvarBenchmark/104.c_general_out",1.53,1.61,"Datasets/Loopy_dataset_InvarBenchmark/loop_invariants/code2inv/104.c"
"118.c",YES,"","None","Results/CPA_Outputs/Loopy_dataset_InvarBenchmark/118.c_lasso_out",YES,"","None","Results/CPA_Outputs/Loopy_dataset_InvarBenchmark/118.c_general_out",1.60,1.60,"Datasets/Loopy_dataset_InvarBenchmark/loop_invariants/code2inv/118.c"
"35.c",NO,"","None","Results/CPA_Outputs/Loopy_dataset_InvarBenchmark/35.c_lasso_out",NO,"","None","Results/CPA_Outputs/Loopy_dataset_InvarBenchmark/35.c_general_out",235.09,1.87,"Datasets/Loopy_dataset_InvarBenchmark/loop_invariants/code2inv/35.c"
"66.c",YES,"","None","Results/CPA_Outputs/Loopy_dataset_InvarBenchmark/66.c_lasso_out",YES,"","None","Results/CPA_Outputs/Loopy_dataset_InvarBenchmark/66.c_general_out",1.57,1.64,"Datasets/Loopy_dataset_InvarBenchmark/loop_invariants/code2inv/66.c"
"45.c",NO,"","None","Results/CPA_Outputs/Loopy_dataset_InvarBenchmark/45.c_lasso_out",NO,"","None","Results/CPA_Outputs/Loopy_dataset_InvarBenchmark/45.c_general_out",1.81,1.86,"Datasets/Loopy_dataset_InvarBenchmark/loop_invariants/code2inv/45.c"
"42.c",NO,"","None","Results/CPA_Outputs/Loopy_dataset_InvarBenchmark/42.c_lasso_out",NO,"","None","Results/CPA_Outputs/Loopy_dataset_InvarBenchmark/42.c_general_out",1.45,1.52,"Datasets/Loopy_dataset_InvarBenchmark/loop_invariants/code2inv/42.c"
"13.c",NO,"","None","Results/CPA_Outputs/Loopy_dataset_InvarBenchmark/13.c_lasso_out",NO,"","None","Results/CPA_Outputs/Loopy_dataset_InvarBenchmark/13.c_general_out",1.45,1.54,"Datasets/Loopy_dataset_InvarBenchmark/loop_invariants/code2inv/13.c"
"39.c",NO,"","None","Results/CPA_Outputs/Loopy_dataset_InvarBenchmark/39.c_lasso_out",NO,"","None","Results/CPA_Outputs/Loopy_dataset_InvarBenchmark/39.c_general_out",1.80,1.85,"Datasets/Loopy_dataset_InvarBenchmark/loop_invariants/code2inv/39.c"
"5.c",YES,"","None","Results/CPA_Outputs/Loopy_dataset_InvarBenchmark/5.c_lasso_out",YES,"","None","Results/CPA_Outputs/Loopy_dataset_InvarBenchmark/5.c_general_out",1.59,1.98,"Datasets/Loopy_dataset_InvarBenchmark/loop_invariants/code2inv/5.c"
"8.c",NO,"","None","Results/CPA_Outputs/Loopy_dataset_InvarBenchmark/8.c_lasso_out",NO,"","None","Results/CPA_Outputs/Loopy_dataset_InvarBenchmark/8.c_general_out",1.45,1.53,"Datasets/Loopy_dataset_InvarBenchmark/loop_invariants/code2inv/8.c"
"91.c",NO,"","None","Results/CPA_Outputs/Loopy_dataset_InvarBenchmark/91.c_lasso_out",NO,"","None","Results/CPA_Outputs/Loopy_dataset_InvarBenchmark/91.c_general_out",1.43,1.42,"Datasets/Loopy_dataset_InvarBenchmark/loop_invariants/code2inv/91.c"
"83.c",YES,"","None","Results/CPA_Outputs/Loopy_dataset_InvarBenchmark/83.c_lasso_out",NO,"","None","Results/CPA_Outputs/Loopy_dataset_InvarBenchmark/83.c_general_out",11.34,1.44,"Datasets/Loopy_dataset_InvarBenchmark/loop_invariants/code2inv/83.c"
"105.c",YES,"","None","Results/CPA_Outputs/Loopy_dataset_InvarBenchmark/105.c_lasso_out",YES,"","None","Results/CPA_Outputs/Loopy_dataset_InvarBenchmark/105.c_general_out",1.55,1.58,"Datasets/Loopy_dataset_InvarBenchmark/loop_invariants/code2inv/105.c"
"73.c",NO,"","None","Results/CPA_Outputs/Loopy_dataset_InvarBenchmark/73.c_lasso_out",NO,"","None","Results/CPA_Outputs/Loopy_dataset_InvarBenchmark/73.c_general_out",211.60,211.49,"Datasets/Loopy_dataset_InvarBenchmark/loop_invariants/code2inv/73.c"
"1.c",YES,"","None","Results/CPA_Outputs/Loopy_dataset_InvarBenchmark/1.c_lasso_out",YES,"","None","Results/CPA_Outputs/Loopy_dataset_InvarBenchmark/1.c_general_out",1.62,1.63,"Datasets/Loopy_dataset_InvarBenchmark/loop_invariants/code2inv/1.c"
"41.c",NO,"","None","Results/CPA_Outputs/Loopy_dataset_InvarBenchmark/41.c_lasso_out",NO,"","None","Results/CPA_Outputs/Loopy_dataset_InvarBenchmark/41.c_general_out",1.48,1.56,"Datasets/Loopy_dataset_InvarBenchmark/loop_invariants/code2inv/41.c"
"90.c",NO,"","None","Results/CPA_Outputs/Loopy_dataset_InvarBenchmark/90.c_lasso_out",NO,"","None","Results/CPA_Outputs/Loopy_dataset_InvarBenchmark/90.c_general_out",1.44,1.52,"Datasets/Loopy_dataset_InvarBenchmark/loop_invariants/code2inv/90.c"
"47.c",NO,"","None","Results/CPA_Outputs/Loopy_dataset_InvarBenchmark/47.c_lasso_out",NO,"","None","Results/CPA_Outputs/Loopy_dataset_InvarBenchmark/47.c_general_out",1.83,1.85,"Datasets/Loopy_dataset_InvarBenchmark/loop_invariants/code2inv/47.c"
"23.c",YES,"","None","Results/CPA_Outputs/Loopy_dataset_InvarBenchmark/23.c_lasso_out",YES,"","None","Results/CPA_Outputs/Loopy_dataset_InvarBenchmark/23.c_general_out",1.78,1.35,"Datasets/Loopy_dataset_InvarBenchmark/loop_invariants/code2inv/23.c"
"18.c",YES,"","None","Results/CPA_Outputs/Loopy_dataset_InvarBenchmark/18.c_lasso_out",YES,"","None","Results/CPA_Outputs/Loopy_dataset_InvarBenchmark/18.c_general_out",1.67,2.03,"Datasets/Loopy_dataset_InvarBenchmark/loop_invariants/code2inv/18.c"
"92.c",NO,"","None","Results/CPA_Outputs/Loopy_dataset_InvarBenchmark/92.c_lasso_out",NO,"","None","Results/CPA_Outputs/Loopy_dataset_InvarBenchmark/92.c_general_out",1.47,1.42,"Datasets/Loopy_dataset_InvarBenchmark/loop_invariants/code2inv/92.c"
"74.c",NO,"","None","Results/CPA_Outputs/Loopy_dataset_InvarBenchmark/74.c_lasso_out",NO,"","None","Results/CPA_Outputs/Loopy_dataset_InvarBenchmark/74.c_general_out",196.09,194.89,"Datasets/Loopy_dataset_InvarBenchmark/loop_invariants/code2inv/74.c"
"17.c",YES,"","None","Results/CPA_Outputs/Loopy_dataset_InvarBenchmark/17.c_lasso_out",YES,"","None","Results/CPA_Outputs/Loopy_dataset_InvarBenchmark/17.c_general_out",1.71,2.08,"Datasets/Loopy_dataset_InvarBenchmark/loop_invariants/code2inv/17.c"
"30.c",YES,"","None","Results/CPA_Outputs/Loopy_dataset_InvarBenchmark/30.c_lasso_out",YES,"","None","Results/CPA_Outputs/Loopy_dataset_InvarBenchmark/30.c_general_out",1.55,1.67,"Datasets/Loopy_dataset_InvarBenchmark/loop_invariants/code2inv/30.c"
"84.c",YES,"","None","Results/CPA_Outputs/Loopy_dataset_InvarBenchmark/84.c_lasso_out",NO,"","None","Results/CPA_Outputs/Loopy_dataset_InvarBenchmark/84.c_general_out",12.81,1.42,"Datasets/Loopy_dataset_InvarBenchmark/loop_invariants/code2inv/84.c"
"124.c",NO,"","None","Results/CPA_Outputs/Loopy_dataset_InvarBenchmark/124.c_lasso_out",NO,"","None","Results/CPA_Outputs/Loopy_dataset_InvarBenchmark/124.c_general_out",1.46,1.54,"Datasets/Loopy_dataset_InvarBenchmark/loop_invariants/code2inv/124.c"
"87.c",YES,"","None","Results/CPA_Outputs/Loopy_dataset_InvarBenchmark/87.c_lasso_out",YES,"","None","Results/CPA_Outputs/Loopy_dataset_InvarBenchmark/87.c_general_out",1.33,1.38,"Datasets/Loopy_dataset_InvarBenchmark/loop_invariants/code2inv/87.c"
"122.c",YES,"","None","Results/CPA_Outputs/Loopy_dataset_InvarBenchmark/122.c_lasso_out",YES,"","None","Results/CPA_Outputs/Loopy_dataset_InvarBenchmark/122.c_general_out",1.57,2.02,"Datasets/Loopy_dataset_InvarBenchmark/loop_invariants/code2inv/122.c"
"88.c",NO,"","None","Results/CPA_Outputs/Loopy_dataset_InvarBenchmark/88.c_lasso_out",NO,"","None","Results/CPA_Outputs/Loopy_dataset_InvarBenchmark/88.c_general_out",1.45,1.57,"Datasets/Loopy_dataset_InvarBenchmark/loop_invariants/code2inv/88.c"
"63.c",YES,"","None","Results/CPA_Outputs/Loopy_dataset_InvarBenchmark/63.c_lasso_out",YES,"","None","Results/CPA_Outputs/Loopy_dataset_InvarBenchmark/63.c_general_out",1.66,1.41,"Datasets/Loopy_dataset_InvarBenchmark/loop_invariants/code2inv/63.c"
"99.c",YES,"","None","Results/CPA_Outputs/Loopy_dataset_InvarBenchmark/99.c_lasso_out",YES,"","None","Results/CPA_Outputs/Loopy_dataset_InvarBenchmark/99.c_general_out",1.56,1.59,"Datasets/Loopy_dataset_InvarBenchmark/loop_invariants/code2inv/99.c"
"80.c",NO,"","None","Results/CPA_Outputs/Loopy_dataset_InvarBenchmark/80.c_lasso_out",NO,"","None","Results/CPA_Outputs/Loopy_dataset_InvarBenchmark/80.c_general_out",1.74,1.80,"Datasets/Loopy_dataset_InvarBenchmark/loop_invariants/code2inv/80.c"
"57.c",NO,"","None","Results/CPA_Outputs/Loopy_dataset_InvarBenchmark/57.c_lasso_out",NO,"","None","Results/CPA_Outputs/Loopy_dataset_InvarBenchmark/57.c_general_out",1.49,1.56,"Datasets/Loopy_dataset_InvarBenchmark/loop_invariants/code2inv/57.c"
"129.c",YES,"","None","Results/CPA_Outputs/Loopy_dataset_InvarBenchmark/129.c_lasso_out",NO,"","None","Results/CPA_Outputs/Loopy_dataset_InvarBenchmark/129.c_general_out",1.54,1.56,"Datasets/Loopy_dataset_InvarBenchmark/loop_invariants/code2inv/129.c"
"46.c",NO,"","None","Results/CPA_Outputs/Loopy_dataset_InvarBenchmark/46.c_lasso_out",NO,"","None","Results/CPA_Outputs/Loopy_dataset_InvarBenchmark/46.c_general_out",1.84,1.84,"Datasets/Loopy_dataset_InvarBenchmark/loop_invariants/code2inv/46.c"
"119.c",YES,"","None","Results/CPA_Outputs/Loopy_dataset_InvarBenchmark/119.c_lasso_out",YES,"","None","Results/CPA_Outputs/Loopy_dataset_InvarBenchmark/119.c_general_out",1.56,1.61,"Datasets/Loopy_dataset_InvarBenchmark/loop_invariants/code2inv/119.c"
"29.c",YES,"","None","Results/CPA_Outputs/Loopy_dataset_InvarBenchmark/29.c_lasso_out",YES,"","None","Results/CPA_Outputs/Loopy_dataset_InvarBenchmark/29.c_general_out",1.50,1.61,"Datasets/Loopy_dataset_InvarBenchmark/loop_invariants/code2inv/29.c"
"131.c",NO,"","None","Results/CPA_Outputs/Loopy_dataset_InvarBenchmark/131.c_lasso_out",NO,"","None","Results/CPA_Outputs/Loopy_dataset_InvarBenchmark/131.c_general_out",1.47,1.49,"Datasets/Loopy_dataset_InvarBenchmark/loop_invariants/code2inv/131.c"
"101.c",YES,"","None","Results/CPA_Outputs/Loopy_dataset_InvarBenchmark/101.c_lasso_out",YES,"","None","Results/CPA_Outputs/Loopy_dataset_InvarBenchmark/101.c_general_out",1.51,1.60,"Datasets/Loopy_dataset_InvarBenchmark/loop_invariants/code2inv/101.c"
"89.c",YES,"","None","Results/CPA_Outputs/Loopy_dataset_InvarBenchmark/89.c_lasso_out",YES,"","None","Results/CPA_Outputs/Loopy_dataset_InvarBenchmark/89.c_general_out",1.28,1.41,"Datasets/Loopy_dataset_InvarBenchmark/loop_invariants/code2inv/89.c"
"52.c",NO,"","None","Results/CPA_Outputs/Loopy_dataset_InvarBenchmark/52.c_lasso_out",NO,"","None","Results/CPA_Outputs/Loopy_dataset_InvarBenchmark/52.c_general_out",2.06,1.49,"Datasets/Loopy_dataset_InvarBenchmark/loop_invariants/code2inv/52.c"
"60.c",NO,"","None","Results/CPA_Outputs/Loopy_dataset_InvarBenchmark/60.c_lasso_out",NO,"","None","Results/CPA_Outputs/Loopy_dataset_InvarBenchmark/60.c_general_out",1.82,1.88,"Datasets/Loopy_dataset_InvarBenchmark/loop_invariants/code2inv/60.c"
"70.c",YES,"","None","Results/CPA_Outputs/Loopy_dataset_InvarBenchmark/70.c_lasso_out",YES,"","None","Results/CPA_Outputs/Loopy_dataset_InvarBenchmark/70.c_general_out",1.59,1.58,"Datasets/Loopy_dataset_InvarBenchmark/loop_invariants/code2inv/70.c"
"48.c",NO,"","None","Results/CPA_Outputs/Loopy_dataset_InvarBenchmark/48.c_lasso_out",NO,"","None","Results/CPA_Outputs/Loopy_dataset_InvarBenchmark/48.c_general_out",1.82,1.85,"Datasets/Loopy_dataset_InvarBenchmark/loop_invariants/code2inv/48.c"
"107.c",YES,"","None","Results/CPA_Outputs/Loopy_dataset_InvarBenchmark/107.c_lasso_out",YES,"","None","Results/CPA_Outputs/Loopy_dataset_InvarBenchmark/107.c_general_out",1.59,1.32,"Datasets/Loopy_dataset_InvarBenchmark/loop_invariants/code2inv/107.c"
"111.c",YES,"","None","Results/CPA_Outputs/Loopy_dataset_InvarBenchmark/111.c_lasso_out",YES,"","None","Results/CPA_Outputs/Loopy_dataset_InvarBenchmark/111.c_general_out",1.61,1.60,"Datasets/Loopy_dataset_InvarBenchmark/loop_invariants/code2inv/111.c"
"16.c",YES,"","None","Results/CPA_Outputs/Loopy_dataset_InvarBenchmark/16.c_lasso_out",YES,"","None","Results/CPA_Outputs/Loopy_dataset_InvarBenchmark/16.c_general_out",1.65,2.00,"Datasets/Loopy_dataset_InvarBenchmark/loop_invariants/code2inv/16.c"
"15.c",YES,"","None","Results/CPA_Outputs/Loopy_dataset_InvarBenchmark/15.c_lasso_out",YES,"","None","Results/CPA_Outputs/Loopy_dataset_InvarBenchmark/15.c_general_out",1.67,2.04,"Datasets/Loopy_dataset_InvarBenchmark/loop_invariants/code2inv/15.c"
"4.c",YES,"","None","Results/CPA_Outputs/Loopy_dataset_InvarBenchmark/4.c_lasso_out",YES,"","None","Results/CPA_Outputs/Loopy_dataset_InvarBenchmark/4.c_general_out",1.60,1.63,"Datasets/Loopy_dataset_InvarBenchmark/loop_invariants/code2inv/4.c"
"96.c",YES,"","None","Results/CPA_Outputs/Loopy_dataset_InvarBenchmark/96.c_lasso_out",YES,"","None","Results/CPA_Outputs/Loopy_dataset_InvarBenchmark/96.c_general_out",1.55,1.61,"Datasets/Loopy_dataset_InvarBenchmark/loop_invariants/code2inv/96.c"
"128.c",YES,"","None","Results/CPA_Outputs/Loopy_dataset_InvarBenchmark/128.c_lasso_out",NO,"","None","Results/CPA_Outputs/Loopy_dataset_InvarBenchmark/128.c_general_out",1.60,1.54,"Datasets/Loopy_dataset_InvarBenchmark/loop_invariants/code2inv/128.c"
"108.c",YES,"","None","Results/CPA_Outputs/Loopy_dataset_InvarBenchmark/108.c_lasso_out",YES,"","None","Results/CPA_Outputs/Loopy_dataset_InvarBenchmark/108.c_general_out",1.63,1.69,"Datasets/Loopy_dataset_InvarBenchmark/loop_invariants/code2inv/108.c"
"10.c",NO,"","None","Results/CPA_Outputs/Loopy_dataset_InvarBenchmark/10.c_lasso_out",NO,"","None","Results/CPA_Outputs/Loopy_dataset_InvarBenchmark/10.c_general_out",1.45,1.51,"Datasets/Loopy_dataset_InvarBenchmark/loop_invariants/code2inv/10.c"
"115.c",NO,"","None","Results/CPA_Outputs/Loopy_dataset_InvarBenchmark/115.c_lasso_out",NO,"","None","Results/CPA_Outputs/Loopy_dataset_InvarBenchmark/115.c_general_out",1.42,1.49,"Datasets/Loopy_dataset_InvarBenchmark/loop_invariants/code2inv/115.c"
"9.c",NO,"","None","Results/CPA_Outputs/Loopy_dataset_InvarBenchmark/9.c_lasso_out",NO,"","None","Results/CPA_Outputs/Loopy_dataset_InvarBenchmark/9.c_general_out",1.45,1.49,"Datasets/Loopy_dataset_InvarBenchmark/loop_invariants/code2inv/9.c"
"112.c",YES,"","None","Results/CPA_Outputs/Loopy_dataset_InvarBenchmark/112.c_lasso_out",YES,"","None","Results/CPA_Outputs/Loopy_dataset_InvarBenchmark/112.c_general_out",1.58,1.91,"Datasets/Loopy_dataset_InvarBenchmark/loop_invariants/code2inv/112.c"
"36.c",NO,"","None","Results/CPA_Outputs/Loopy_dataset_InvarBenchmark/36.c_lasso_out",NO,"","None","Results/CPA_Outputs/Loopy_dataset_InvarBenchmark/36.c_general_out",235.40,1.87,"Datasets/Loopy_dataset_InvarBenchmark/loop_invariants/code2inv/36.c"
"56.c",NO,"","None","Results/CPA_Outputs/Loopy_dataset_InvarBenchmark/56.c_lasso_out",NO,"","None","Results/CPA_Outputs/Loopy_dataset_InvarBenchmark/56.c_general_out",1.47,1.61,"Datasets/Loopy_dataset_InvarBenchmark/loop_invariants/code2inv/56.c"
"2.c",YES,"","None","Results/CPA_Outputs/Loopy_dataset_InvarBenchmark/2.c_lasso_out",YES,"","None","Results/CPA_Outputs/Loopy_dataset_InvarBenchmark/2.c_general_out",1.64,1.66,"Datasets/Loopy_dataset_InvarBenchmark/loop_invariants/code2inv/2.c"
"79.c",NO,"","None","Results/CPA_Outputs/Loopy_dataset_InvarBenchmark/79.c_lasso_out",NO,"","None","Results/CPA_Outputs/Loopy_dataset_InvarBenchmark/79.c_general_out",1.76,1.78,"Datasets/Loopy_dataset_InvarBenchmark/loop_invariants/code2inv/79.c"
"28.c",YES,"","None","Results/CPA_Outputs/Loopy_dataset_InvarBenchmark/28.c_lasso_out",YES,"","None","Results/CPA_Outputs/Loopy_dataset_InvarBenchmark/28.c_general_out",1.53,1.57,"Datasets/Loopy_dataset_InvarBenchmark/loop_invariants/code2inv/28.c"
"7.c",NO,"","None","Results/CPA_Outputs/Loopy_dataset_InvarBenchmark/7.c_lasso_out",NO,"","None","Results/CPA_Outputs/Loopy_dataset_InvarBenchmark/7.c_general_out",1.47,1.51,"Datasets/Loopy_dataset_InvarBenchmark/loop_invariants/code2inv/7.c"
"53.c",NO,"","None","Results/CPA_Outputs/Loopy_dataset_InvarBenchmark/53.c_lasso_out",NO,"","None","Results/CPA_Outputs/Loopy_dataset_InvarBenchmark/53.c_general_out",1.52,1.58,"Datasets/Loopy_dataset_InvarBenchmark/loop_invariants/code2inv/53.c"
"132.c",NO,"","None","Results/CPA_Outputs/Loopy_dataset_InvarBenchmark/132.c_lasso_out",NO,"","None","Results/CPA_Outputs/Loopy_dataset_InvarBenchmark/132.c_general_out",1.51,1.47,"Datasets/Loopy_dataset_InvarBenchmark/loop_invariants/code2inv/132.c"
"44.c",NO,"","None","Results/CPA_Outputs/Loopy_dataset_InvarBenchmark/44.c_lasso_out",NO,"","None","Results/CPA_Outputs/Loopy_dataset_InvarBenchmark/44.c_general_out",1.48,1.57,"Datasets/Loopy_dataset_InvarBenchmark/loop_invariants/code2inv/44.c"
"78.c",NO,"","None","Results/CPA_Outputs/Loopy_dataset_InvarBenchmark/78.c_lasso_out",NO,"","None","Results/CPA_Outputs/Loopy_dataset_InvarBenchmark/78.c_general_out",1.77,1.75,"Datasets/Loopy_dataset_InvarBenchmark/loop_invariants/code2inv/78.c"
"38.c",NO,"","None","Results/CPA_Outputs/Loopy_dataset_InvarBenchmark/38.c_lasso_out",NO,"","None","Results/CPA_Outputs/Loopy_dataset_InvarBenchmark/38.c_general_out",1.82,1.83,"Datasets/Loopy_dataset_InvarBenchmark/loop_invariants/code2inv/38.c"
"109.c",YES,"","None","Results/CPA_Outputs/Loopy_dataset_InvarBenchmark/109.c_lasso_out",YES,"","None","Results/CPA_Outputs/Loopy_dataset_InvarBenchmark/109.c_general_out",1.58,1.99,"Datasets/Loopy_dataset_InvarBenchmark/loop_invariants/code2inv/109.c"
"125.c",NO,"","None","Results/CPA_Outputs/Loopy_dataset_InvarBenchmark/125.c_lasso_out",NO,"","None","Results/CPA_Outputs/Loopy_dataset_InvarBenchmark/125.c_general_out",1.58,1.55,"Datasets/Loopy_dataset_InvarBenchmark/loop_invariants/code2inv/125.c"
"97.c",YES,"","None","Results/CPA_Outputs/Loopy_dataset_InvarBenchmark/97.c_lasso_out",YES,"","None","Results/CPA_Outputs/Loopy_dataset_InvarBenchmark/97.c_general_out",1.58,1.62,"Datasets/Loopy_dataset_InvarBenchmark/loop_invariants/code2inv/97.c"
"130.c",NO,"","None","Results/CPA_Outputs/Loopy_dataset_InvarBenchmark/130.c_lasso_out",NO,"","None","Results/CPA_Outputs/Loopy_dataset_InvarBenchmark/130.c_general_out",1.44,1.42,"Datasets/Loopy_dataset_InvarBenchmark/loop_invariants/code2inv/130.c"
"102.c",YES,"","None","Results/CPA_Outputs/Loopy_dataset_InvarBenchmark/102.c_lasso_out",YES,"","None","Results/CPA_Outputs/Loopy_dataset_InvarBenchmark/102.c_general_out",1.52,1.57,"Datasets/Loopy_dataset_InvarBenchmark/loop_invariants/code2inv/102.c"
"76.c",NO,"","None","Results/CPA_Outputs/Loopy_dataset_InvarBenchmark/76.c_lasso_out",NO,"","None","Results/CPA_Outputs/Loopy_dataset_InvarBenchmark/76.c_general_out",193.75,194.83,"Datasets/Loopy_dataset_InvarBenchmark/loop_invariants/code2inv/76.c"
"68.c",YES,"","None","Results/CPA_Outputs/Loopy_dataset_InvarBenchmark/68.c_lasso_out",YES,"","None","Results/CPA_Outputs/Loopy_dataset_InvarBenchmark/68.c_general_out",1.53,1.60,"Datasets/Loopy_dataset_InvarBenchmark/loop_invariants/code2inv/68.c"
"54.c",NO,"","None","Results/CPA_Outputs/Loopy_dataset_InvarBenchmark/54.c_lasso_out",NO,"","None","Results/CPA_Outputs/Loopy_dataset_InvarBenchmark/54.c_general_out",1.52,1.57,"Datasets/Loopy_dataset_InvarBenchmark/loop_invariants/code2inv/54.c"
"21.c",YES,"","None","Results/CPA_Outputs/Loopy_dataset_InvarBenchmark/21.c_lasso_out",YES,"","None","Results/CPA_Outputs/Loopy_dataset_InvarBenchmark/21.c_general_out",1.69,2.00,"Datasets/Loopy_dataset_InvarBenchmark/loop_invariants/code2inv/21.c"
"20.c",YES,"","None","Results/CPA_Outputs/Loopy_dataset_InvarBenchmark/20.c_lasso_out",YES,"","None","Results/CPA_Outputs/Loopy_dataset_InvarBenchmark/20.c_general_out",1.68,2.00,"Datasets/Loopy_dataset_InvarBenchmark/loop_invariants/code2inv/20.c"
"82.c",NO,"","None","Results/CPA_Outputs/Loopy_dataset_InvarBenchmark/82.c_lasso_out",NO,"","None","Results/CPA_Outputs/Loopy_dataset_InvarBenchmark/82.c_general_out",1.78,1.78,"Datasets/Loopy_dataset_InvarBenchmark/loop_invariants/code2inv/82.c"
"98.c",YES,"","None","Results/CPA_Outputs/Loopy_dataset_InvarBenchmark/98.c_lasso_out",YES,"","None","Results/CPA_Outputs/Loopy_dataset_InvarBenchmark/98.c_general_out",1.60,1.96,"Datasets/Loopy_dataset_InvarBenchmark/loop_invariants/code2inv/98.c"
"59.c",NO,"","None","Results/CPA_Outputs/Loopy_dataset_InvarBenchmark/59.c_lasso_out",NO,"","None","Results/CPA_Outputs/Loopy_dataset_InvarBenchmark/59.c_general_out",1.80,1.81,"Datasets/Loopy_dataset_InvarBenchmark/loop_invariants/code2inv/59.c"
"126.c",NO,"","None","Results/CPA_Outputs/Loopy_dataset_InvarBenchmark/126.c_lasso_out",NO,"","None","Results/CPA_Outputs/Loopy_dataset_InvarBenchmark/126.c_general_out",1.50,1.54,"Datasets/Loopy_dataset_InvarBenchmark/loop_invariants/code2inv/126.c"
"123.c",YES,"","None","Results/CPA_Outputs/Loopy_dataset_InvarBenchmark/123.c_lasso_out",YES,"","None","Results/CPA_Outputs/Loopy_dataset_InvarBenchmark/123.c_general_out",1.57,1.59,"Datasets/Loopy_dataset_InvarBenchmark/loop_invariants/code2inv/123.c"
"117.c",NO,"","None","Results/CPA_Outputs/Loopy_dataset_InvarBenchmark/117.c_lasso_out",NO,"","None","Results/CPA_Outputs/Loopy_dataset_InvarBenchmark/117.c_general_out",1.43,1.51,"Datasets/Loopy_dataset_InvarBenchmark/loop_invariants/code2inv/117.c"
"24.c",YES,"","None","Results/CPA_Outputs/Loopy_dataset_InvarBenchmark/24.c_lasso_out",YES,"","None","Results/CPA_Outputs/Loopy_dataset_InvarBenchmark/24.c_general_out",1.66,1.34,"Datasets/Loopy_dataset_InvarBenchmark/loop_invariants/code2inv/24.c"
"116.c",NO,"","None","Results/CPA_Outputs/Loopy_dataset_InvarBenchmark/116.c_lasso_out",NO,"","None","Results/CPA_Outputs/Loopy_dataset_InvarBenchmark/116.c_general_out",1.46,1.45,"Datasets/Loopy_dataset_InvarBenchmark/loop_invariants/code2inv/116.c"
"100.c",YES,"","None","Results/CPA_Outputs/Loopy_dataset_InvarBenchmark/100.c_lasso_out",YES,"","None","Results/CPA_Outputs/Loopy_dataset_InvarBenchmark/100.c_general_out",1.59,1.59,"Datasets/Loopy_dataset_InvarBenchmark/loop_invariants/code2inv/100.c"
"34.c",YES,"","None","Results/CPA_Outputs/Loopy_dataset_InvarBenchmark/34.c_lasso_out",YES,"","None","Results/CPA_Outputs/Loopy_dataset_InvarBenchmark/34.c_general_out",1.53,1.59,"Datasets/Loopy_dataset_InvarBenchmark/loop_invariants/code2inv/34.c"
"49.c",NO,"","None","Results/CPA_Outputs/Loopy_dataset_InvarBenchmark/49.c_lasso_out",NO,"","None","Results/CPA_Outputs/Loopy_dataset_InvarBenchmark/49.c_general_out",1.81,1.84,"Datasets/Loopy_dataset_InvarBenchmark/loop_invariants/code2inv/49.c"
"127.c",NO,"","None","Results/CPA_Outputs/Loopy_dataset_InvarBenchmark/127.c_lasso_out",NO,"","None","Results/CPA_Outputs/Loopy_dataset_InvarBenchmark/127.c_general_out",1.46,1.52,"Datasets/Loopy_dataset_InvarBenchmark/loop_invariants/code2inv/127.c"
"114.c",NO,"","None","Results/CPA_Outputs/Loopy_dataset_InvarBenchmark/114.c_lasso_out",NO,"","None","Results/CPA_Outputs/Loopy_dataset_InvarBenchmark/114.c_general_out",1.48,1.50,"Datasets/Loopy_dataset_InvarBenchmark/loop_invariants/code2inv/114.c"
"65.c",YES,"","None","Results/CPA_Outputs/Loopy_dataset_InvarBenchmark/65.c_lasso_out",YES,"","None","Results/CPA_Outputs/Loopy_dataset_InvarBenchmark/65.c_general_out",1.61,1.69,"Datasets/Loopy_dataset_InvarBenchmark/loop_invariants/code2inv/65.c"
"64.c",YES,"","None","Results/CPA_Outputs/Loopy_dataset_InvarBenchmark/64.c_lasso_out",YES,"","None","Results/CPA_Outputs/Loopy_dataset_InvarBenchmark/64.c_general_out",1.61,1.43,"Datasets/Loopy_dataset_InvarBenchmark/loop_invariants/code2inv/64.c"
"3.c",YES,"","None","Results/CPA_Outputs/Loopy_dataset_InvarBenchmark/3.c_lasso_out",YES,"","None","Results/CPA_Outputs/Loopy_dataset_InvarBenchmark/3.c_general_out",1.64,1.52,"Datasets/Loopy_dataset_InvarBenchmark/loop_invariants/code2inv/3.c"
"93.c",YES,"","None","Results/CPA_Outputs/Loopy_dataset_InvarBenchmark/93.c_lasso_out",YES,"","None","Results/CPA_Outputs/Loopy_dataset_InvarBenchmark/93.c_general_out",1.77,1.74,"Datasets/Loopy_dataset_InvarBenchmark/loop_invariants/code2inv/93.c"
"67.c",YES,"","None","Results/CPA_Outputs/Loopy_dataset_InvarBenchmark/67.c_lasso_out",YES,"","None","Results/CPA_Outputs/Loopy_dataset_InvarBenchmark/67.c_general_out",1.55,1.56,"Datasets/Loopy_dataset_InvarBenchmark/loop_invariants/code2inv/67.c"
"110.c",YES,"","None","Results/CPA_Outputs/Loopy_dataset_InvarBenchmark/110.c_lasso_out",YES,"","None","Results/CPA_Outputs/Loopy_dataset_InvarBenchmark/110.c_general_out",1.60,1.61,"Datasets/Loopy_dataset_InvarBenchmark/loop_invariants/code2inv/110.c"
"33.c",YES,"","None","Results/CPA_Outputs/Loopy_dataset_InvarBenchmark/33.c_lasso_out",YES,"","None","Results/CPA_Outputs/Loopy_dataset_InvarBenchmark/33.c_general_out",1.49,1.57,"Datasets/Loopy_dataset_InvarBenchmark/loop_invariants/code2inv/33.c"
"12.c",NO,"","None","Results/CPA_Outputs/Loopy_dataset_InvarBenchmark/12.c_lasso_out",NO,"","None","Results/CPA_Outputs/Loopy_dataset_InvarBenchmark/12.c_general_out",1.46,1.54,"Datasets/Loopy_dataset_InvarBenchmark/loop_invariants/code2inv/12.c"
"19.c",YES,"","None","Results/CPA_Outputs/Loopy_dataset_InvarBenchmark/19.c_lasso_out",YES,"","None","Results/CPA_Outputs/Loopy_dataset_InvarBenchmark/19.c_general_out",1.68,2.00,"Datasets/Loopy_dataset_InvarBenchmark/loop_invariants/code2inv/19.c"
"86.c",YES,"","None","Results/CPA_Outputs/Loopy_dataset_InvarBenchmark/86.c_lasso_out",NO,"","None","Results/CPA_Outputs/Loopy_dataset_InvarBenchmark/86.c_general_out",12.65,1.45,"Datasets/Loopy_dataset_InvarBenchmark/loop_invariants/code2inv/86.c"
"51.c",NO,"","None","Results/CPA_Outputs/Loopy_dataset_InvarBenchmark/51.c_lasso_out",NO,"","None","Results/CPA_Outputs/Loopy_dataset_InvarBenchmark/51.c_general_out",2.16,1.47,"Datasets/Loopy_dataset_InvarBenchmark/loop_invariants/code2inv/51.c"
"14.c",NO,"","None","Results/CPA_Outputs/Loopy_dataset_InvarBenchmark/14.c_lasso_out",NO,"","None","Results/CPA_Outputs/Loopy_dataset_InvarBenchmark/14.c_general_out",1.44,1.50,"Datasets/Loopy_dataset_InvarBenchmark/loop_invariants/code2inv/14.c"
"37.c",NO,"","None","Results/CPA_Outputs/Loopy_dataset_InvarBenchmark/37.c_lasso_out",NO,"","None","Results/CPA_Outputs/Loopy_dataset_InvarBenchmark/37.c_general_out",235.24,1.88,"Datasets/Loopy_dataset_InvarBenchmark/loop_invariants/code2inv/37.c"
"113.c",YES,"","None","Results/CPA_Outputs/Loopy_dataset_InvarBenchmark/113.c_lasso_out",YES,"","None","Results/CPA_Outputs/Loopy_dataset_InvarBenchmark/113.c_general_out",1.62,1.97,"Datasets/Loopy_dataset_InvarBenchmark/loop_invariants/code2inv/113.c"
"71.c",NO,"","None","Results/CPA_Outputs/Loopy_dataset_InvarBenchmark/71.c_lasso_out",NO,"","None","Results/CPA_Outputs/Loopy_dataset_InvarBenchmark/71.c_general_out",210.66,211.08,"Datasets/Loopy_dataset_InvarBenchmark/loop_invariants/code2inv/71.c"
"6.c",YES,"","None","Results/CPA_Outputs/Loopy_dataset_InvarBenchmark/6.c_lasso_out",YES,"","None","Results/CPA_Outputs/Loopy_dataset_InvarBenchmark/6.c_general_out",1.61,1.92,"Datasets/Loopy_dataset_InvarBenchmark/loop_invariants/code2inv/6.c"
"85.c",YES,"","None","Results/CPA_Outputs/Loopy_dataset_InvarBenchmark/85.c_lasso_out",NO,"","None","Results/CPA_Outputs/Loopy_dataset_InvarBenchmark/85.c_general_out",11.86,1.45,"Datasets/Loopy_dataset_InvarBenchmark/loop_invariants/code2inv/85.c"
"81.c",NO,"","None","Results/CPA_Outputs/Loopy_dataset_InvarBenchmark/81.c_lasso_out",NO,"","None","Results/CPA_Outputs/Loopy_dataset_InvarBenchmark/81.c_general_out",1.75,1.76,"Datasets/Loopy_dataset_InvarBenchmark/loop_invariants/code2inv/81.c"
"94.c",YES,"","None","Results/CPA_Outputs/Loopy_dataset_InvarBenchmark/94.c_lasso_out",YES,"","None","Results/CPA_Outputs/Loopy_dataset_InvarBenchmark/94.c_general_out",1.62,1.63,"Datasets/Loopy_dataset_InvarBenchmark/loop_invariants/code2inv/94.c"
"11.c",NO,"","None","Results/CPA_Outputs/Loopy_dataset_InvarBenchmark/11.c_lasso_out",NO,"","None","Results/CPA_Outputs/Loopy_dataset_InvarBenchmark/11.c_general_out",1.44,1.53,"Datasets/Loopy_dataset_InvarBenchmark/loop_invariants/code2inv/11.c"
"103.c",YES,"","None","Results/CPA_Outputs/Loopy_dataset_InvarBenchmark/103.c_lasso_out",YES,"","None","Results/CPA_Outputs/Loopy_dataset_InvarBenchmark/103.c_general_out",1.57,1.65,"Datasets/Loopy_dataset_InvarBenchmark/loop_invariants/code2inv/103.c"
"120.c",YES,"","None","Results/CPA_Outputs/Loopy_dataset_InvarBenchmark/120.c_lasso_out",YES,"","None","Results/CPA_Outputs/Loopy_dataset_InvarBenchmark/120.c_general_out",1.58,1.42,"Datasets/Loopy_dataset_InvarBenchmark/loop_invariants/code2inv/120.c"
"95.c",YES,"","None","Results/CPA_Outputs/Loopy_dataset_InvarBenchmark/95.c_lasso_out",YES,"","None","Results/CPA_Outputs/Loopy_dataset_InvarBenchmark/95.c_general_out",1.56,1.61,"Datasets/Loopy_dataset_InvarBenchmark/loop_invariants/code2inv/95.c"
"43.c",NO,"","None","Results/CPA_Outputs/Loopy_dataset_InvarBenchmark/43.c_lasso_out",NO,"","None","Results/CPA_Outputs/Loopy_dataset_InvarBenchmark/43.c_general_out",1.47,1.55,"Datasets/Loopy_dataset_InvarBenchmark/loop_invariants/code2inv/43.c"
"133.c",YES,"","None","Results/CPA_Outputs/Loopy_dataset_InvarBenchmark/133.c_lasso_out",YES,"","None","Results/CPA_Outputs/Loopy_dataset_InvarBenchmark/133.c_general_out",1.53,1.56,"Datasets/Loopy_dataset_InvarBenchmark/loop_invariants/code2inv/133.c"
"77.c",NO,"","None","Results/CPA_Outputs/Loopy_dataset_InvarBenchmark/77.c_lasso_out",NO,"","None","Results/CPA_Outputs/Loopy_dataset_InvarBenchmark/77.c_general_out",1.75,1.76,"Datasets/Loopy_dataset_InvarBenchmark/loop_invariants/code2inv/77.c"
"Benghazi_nondet_true-termination.c",YES,"","None","Results/CPA_Outputs/Loopy_dataset_InvarBenchmark/Benghazi_nondet_true-termination.c_lasso_out",YES,"","None","Results/CPA_Outputs/Loopy_dataset_InvarBenchmark/Benghazi_nondet_true-termination.c_general_out",1.88,2.21,"Datasets/Loopy_dataset_InvarBenchmark/termination/tpdb/C_Integer/Ton_Chanh_15/Benghazi_nondet_true-termination.c"
"Gothenburg_v2_true-termination.c",YES,"","None","Results/CPA_Outputs/Loopy_dataset_InvarBenchmark/Gothenburg_v2_true-termination.c_lasso_out",YES,"","None","Results/CPA_Outputs/Loopy_dataset_InvarBenchmark/Gothenburg_v2_true-termination.c_general_out",1.29,1.31,"Datasets/Loopy_dataset_InvarBenchmark/termination/tpdb/C_Integer/Ton_Chanh_15/Gothenburg_v2_true-termination.c"
"McCarthy91_Iteration_true-termination.c",YES,"","None","Results/CPA_Outputs/Loopy_dataset_InvarBenchmark/McCarthy91_Iteration_true-termination.c_lasso_out",YES,"","None","Results/CPA_Outputs/Loopy_dataset_InvarBenchmark/McCarthy91_Iteration_true-termination.c_general_out",5.20,5.20,"Datasets/Loopy_dataset_InvarBenchmark/termination/tpdb/C_Integer/Ton_Chanh_15/McCarthy91_Iteration_true-termination.c"
"Singapore_true-termination.c",YES,"","None","Results/CPA_Outputs/Loopy_dataset_InvarBenchmark/Singapore_true-termination.c_lasso_out",YES,"","None","Results/CPA_Outputs/Loopy_dataset_InvarBenchmark/Singapore_true-termination.c_general_out",1.29,1.40,"Datasets/Loopy_dataset_InvarBenchmark/termination/tpdb/C_Integer/Ton_Chanh_15/Singapore_true-termination.c"
"Hanoi_plus_false-termination.c",MAYBE,"","None","Results/CPA_Outputs/Loopy_dataset_InvarBenchmark/Hanoi_plus_false-termination.c_lasso_out",MAYBE,"","None","Results/CPA_Outputs/Loopy_dataset_InvarBenchmark/Hanoi_plus_false-termination.c_general_out",1.51,295.14,"Datasets/Loopy_dataset_InvarBenchmark/termination/tpdb/C_Integer/Ton_Chanh_15/Hanoi_plus_false-termination.c"
"Copenhagen_disj_true-termination.c",YES,"","None","Results/CPA_Outputs/Loopy_dataset_InvarBenchmark/Copenhagen_disj_true-termination.c_lasso_out",YES,"","None","Results/CPA_Outputs/Loopy_dataset_InvarBenchmark/Copenhagen_disj_true-termination.c_general_out",1.66,1.98,"Datasets/Loopy_dataset_InvarBenchmark/termination/tpdb/C_Integer/Ton_Chanh_15/Copenhagen_disj_true-termination.c"
"Bangalore_v4_true-termination.c",YES,"","None","Results/CPA_Outputs/Loopy_dataset_InvarBenchmark/Bangalore_v4_true-termination.c_lasso_out",YES,"","None","Results/CPA_Outputs/Loopy_dataset_InvarBenchmark/Bangalore_v4_true-termination.c_general_out",1.32,1.42,"Datasets/Loopy_dataset_InvarBenchmark/termination/tpdb/C_Integer/Ton_Chanh_15/Bangalore_v4_true-termination.c"
"ChenFlurMukhopadhyay-SAS2012-Ex1.03_true-termination.c",YES,"","None","Results/CPA_Outputs/Loopy_dataset_InvarBenchmark/ChenFlurMukhopadhyay-SAS2012-Ex1.03_true-termination.c_lasso_out",NO,"","None","Results/CPA_Outputs/Loopy_dataset_InvarBenchmark/ChenFlurMukhopadhyay-SAS2012-Ex1.03_true-termination.c_general_out",1.58,1.43,"Datasets/Loopy_dataset_InvarBenchmark/termination/tpdb/C_Integer/Stroeder_15/ChenFlurMukhopadhyay-SAS2012-Ex1.03_true-termination.c"
"svcomp_b.07.c",YES,"","None","Results/CPA_Outputs/Loopy_dataset_InvarBenchmark/svcomp_b.07.c_lasso_out",YES,"","None","Results/CPA_Outputs/Loopy_dataset_InvarBenchmark/svcomp_b.07.c_general_out",1.32,1.44,"Datasets/Loopy_dataset_InvarBenchmark/termination/tpdb/C_Integer/Stroeder_15/svcomp_b.07.c"
"ChenFlurMukhopadhyay-SAS2012-Ex1.05_true-termination.c",MAYBE,"","None","Results/CPA_Outputs/Loopy_dataset_InvarBenchmark/ChenFlurMukhopadhyay-SAS2012-Ex1.05_true-termination.c_lasso_out",NO,"","None","Results/CPA_Outputs/Loopy_dataset_InvarBenchmark/ChenFlurMukhopadhyay-SAS2012-Ex1.05_true-termination.c_general_out",1.44,1.45,"Datasets/Loopy_dataset_InvarBenchmark/termination/tpdb/C_Integer/Stroeder_15/ChenFlurMukhopadhyay-SAS2012-Ex1.05_true-termination.c"
"svcomp_b.05.c",YES,"","None","Results/CPA_Outputs/Loopy_dataset_InvarBenchmark/svcomp_b.05.c_lasso_out",YES,"","None","Results/CPA_Outputs/Loopy_dataset_InvarBenchmark/svcomp_b.05.c_general_out",1.30,1.42,"Datasets/Loopy_dataset_InvarBenchmark/termination/tpdb/C_Integer/Stroeder_15/svcomp_b.05.c"
"ChawdharyCookGulwaniSagivYang-ESOP2008-random1d_true-termination.c",YES,"","None","Results/CPA_Outputs/Loopy_dataset_InvarBenchmark/ChawdharyCookGulwaniSagivYang-ESOP2008-random1d_true-termination.c_lasso_out",YES,"","None","Results/CPA_Outputs/Loopy_dataset_InvarBenchmark/ChawdharyCookGulwaniSagivYang-ESOP2008-random1d_true-termination.c_general_out",1.62,2.03,"Datasets/Loopy_dataset_InvarBenchmark/termination/tpdb/C_Integer/Stroeder_15/ChawdharyCookGulwaniSagivYang-ESOP2008-random1d_true-termination.c"
"Ben-Amram-LMCS2010-Ex2.3_true-termination.c",YES,"","None","Results/CPA_Outputs/Loopy_dataset_InvarBenchmark/Ben-Amram-LMCS2010-Ex2.3_true-termination.c_lasso_out",YES,"","None","Results/CPA_Outputs/Loopy_dataset_InvarBenchmark/Ben-Amram-LMCS2010-Ex2.3_true-termination.c_general_out",1.75,1.98,"Datasets/Loopy_dataset_InvarBenchmark/termination/tpdb/C_Integer/Stroeder_15/Ben-Amram-LMCS2010-Ex2.3_true-termination.c"
"AliasDarteFeautrierGonnord-SAS2010-exmini_true-termination.c",YES,"","None","Results/CPA_Outputs/Loopy_dataset_InvarBenchmark/AliasDarteFeautrierGonnord-SAS2010-exmini_true-termination.c_lasso_out",YES,"","None","Results/CPA_Outputs/Loopy_dataset_InvarBenchmark/AliasDarteFeautrierGonnord-SAS2010-exmini_true-termination.c_general_out",1.66,2.01,"Datasets/Loopy_dataset_InvarBenchmark/termination/tpdb/C_Integer/Stroeder_15/AliasDarteFeautrierGonnord-SAS2010-exmini_true-termination.c"
"Masse-VMCAI2014-Ex6_true-termination.c",TIMEOUT,"Analysis timed out after 300 seconds","None","Results/CPA_Outputs/Loopy_dataset_InvarBenchmark/Masse-VMCAI2014-Ex6_true-termination.c_lasso_out",MAYBE,"","None","Results/CPA_Outputs/Loopy_dataset_InvarBenchmark/Masse-VMCAI2014-Ex6_true-termination.c_general_out",310.06,155.79,"Datasets/Loopy_dataset_InvarBenchmark/termination/tpdb/C_Integer/Stroeder_15/Masse-VMCAI2014-Ex6_true-termination.c"
"LeikeHeizmann-TACAS2014-Ex7_true-termination.c",YES,"","None","Results/CPA_Outputs/Loopy_dataset_InvarBenchmark/LeikeHeizmann-TACAS2014-Ex7_true-termination.c_lasso_out",YES,"","None","Results/CPA_Outputs/Loopy_dataset_InvarBenchmark/LeikeHeizmann-TACAS2014-Ex7_true-termination.c_general_out",1.70,1.71,"Datasets/Loopy_dataset_InvarBenchmark/termination/tpdb/C_Integer/Stroeder_15/LeikeHeizmann-TACAS2014-Ex7_true-termination.c"
"ChenFlurMukhopadhyay-SAS2012-Ex1.04_true-termination.c",YES,"","None","Results/CPA_Outputs/Loopy_dataset_InvarBenchmark/ChenFlurMukhopadhyay-SAS2012-Ex1.04_true-termination.c_lasso_out",NO,"","None","Results/CPA_Outputs/Loopy_dataset_InvarBenchmark/ChenFlurMukhopadhyay-SAS2012-Ex1.04_true-termination.c_general_out",1.54,1.43,"Datasets/Loopy_dataset_InvarBenchmark/termination/tpdb/C_Integer/Stroeder_15/ChenFlurMukhopadhyay-SAS2012-Ex1.04_true-termination.c"
"svcomp_c.07.c",YES,"","None","Results/CPA_Outputs/Loopy_dataset_InvarBenchmark/svcomp_c.07.c_lasso_out",YES,"","None","Results/CPA_Outputs/Loopy_dataset_InvarBenchmark/svcomp_c.07.c_general_out",1.71,2.03,"Datasets/Loopy_dataset_InvarBenchmark/termination/tpdb/C_Integer/Stroeder_15/svcomp_c.07.c"
"AliasDarteFeautrierGonnord-SAS2010-speedpldi3_true-termination.c",YES,"","None","Results/CPA_Outputs/Loopy_dataset_InvarBenchmark/AliasDarteFeautrierGonnord-SAS2010-speedpldi3_true-termination.c_lasso_out",YES,"","None","Results/CPA_Outputs/Loopy_dataset_InvarBenchmark/AliasDarteFeautrierGonnord-SAS2010-speedpldi3_true-termination.c_general_out",1.31,1.40,"Datasets/Loopy_dataset_InvarBenchmark/termination/tpdb/C_Integer/Stroeder_15/AliasDarteFeautrierGonnord-SAS2010-speedpldi3_true-termination.c"
"svcomp_b.03_assume.c",YES,"","None","Results/CPA_Outputs/Loopy_dataset_InvarBenchmark/svcomp_b.03_assume.c_lasso_out",YES,"","None","Results/CPA_Outputs/Loopy_dataset_InvarBenchmark/svcomp_b.03_assume.c_general_out",1.30,1.41,"Datasets/Loopy_dataset_InvarBenchmark/termination/tpdb/C_Integer/Stroeder_15/svcomp_b.03_assume.c"
"Masse-VMCAI2014-Fig1a_true-termination.c",YES,"","None","Results/CPA_Outputs/Loopy_dataset_InvarBenchmark/Masse-VMCAI2014-Fig1a_true-termination.c_lasso_out",YES,"","None","Results/CPA_Outputs/Loopy_dataset_InvarBenchmark/Masse-VMCAI2014-Fig1a_true-termination.c_general_out",2.08,2.42,"Datasets/Loopy_dataset_InvarBenchmark/termination/tpdb/C_Integer/Stroeder_15/Masse-VMCAI2014-Fig1a_true-termination.c"
"HeizmannHoenickeLeikePodelski-ATVA2013-Fig8_true-termination.c",MAYBE,"","None","Results/CPA_Outputs/Loopy_dataset_InvarBenchmark/HeizmannHoenickeLeikePodelski-ATVA2013-Fig8_true-termination.c_lasso_out",MAYBE,"","None","Results/CPA_Outputs/Loopy_dataset_InvarBenchmark/HeizmannHoenickeLeikePodelski-ATVA2013-Fig8_true-termination.c_general_out",1.51,294.56,"Datasets/Loopy_dataset_InvarBenchmark/termination/tpdb/C_Integer/Stroeder_15/HeizmannHoenickeLeikePodelski-ATVA2013-Fig8_true-termination.c"
"Bangalore_true-termination.c",YES,"","None","Results/CPA_Outputs/Loopy_dataset_InvarBenchmark/Bangalore_true-termination.c_lasso_out",YES,"","None","Results/CPA_Outputs/Loopy_dataset_InvarBenchmark/Bangalore_true-termination.c_general_out",1.61,1.61,"Datasets/Loopy_dataset_InvarBenchmark/termination/tpdb/C_Integer/Stroeder_15/Bangalore_true-termination.c"
"Masse-VMCAI2014-Fig1b_true-termination.c",MAYBE,"","None","Results/CPA_Outputs/Loopy_dataset_InvarBenchmark/Masse-VMCAI2014-Fig1b_true-termination.c_lasso_out",MAYBE,"","None","Results/CPA_Outputs/Loopy_dataset_InvarBenchmark/Masse-VMCAI2014-Fig1b_true-termination.c_general_out",1.47,264.51,"Datasets/Loopy_dataset_InvarBenchmark/termination/tpdb/C_Integer/Stroeder_15/Masse-VMCAI2014-Fig1b_true-termination.c"
"Overflow.c",YES,"","None","Results/CPA_Outputs/Loopy_dataset_InvarBenchmark/Overflow.c_lasso_out",YES,"","None","Results/CPA_Outputs/Loopy_dataset_InvarBenchmark/Overflow.c_general_out",1.53,1.90,"Datasets/Loopy_dataset_InvarBenchmark/termination/tpdb/C_Integer/Stroeder_15/Overflow.c"
"ChenFlurMukhopadhyay-SAS2012-Ex2.13_true-termination.c",YES,"","None","Results/CPA_Outputs/Loopy_dataset_InvarBenchmark/ChenFlurMukhopadhyay-SAS2012-Ex2.13_true-termination.c_lasso_out",YES,"","None","Results/CPA_Outputs/Loopy_dataset_InvarBenchmark/ChenFlurMukhopadhyay-SAS2012-Ex2.13_true-termination.c_general_out",1.31,1.41,"Datasets/Loopy_dataset_InvarBenchmark/termination/tpdb/C_Integer/Stroeder_15/ChenFlurMukhopadhyay-SAS2012-Ex2.13_true-termination.c"
"PastaB3.c",YES,"","None","Results/CPA_Outputs/Loopy_dataset_InvarBenchmark/PastaB3.c_lasso_out",YES,"","None","Results/CPA_Outputs/Loopy_dataset_InvarBenchmark/PastaB3.c_general_out",1.30,1.41,"Datasets/Loopy_dataset_InvarBenchmark/termination/tpdb/C_Integer/Stroeder_15/PastaB3.c"
"GulwaniJainKoskinen-PLDI2009-Fig1_true-termination.c",YES,"","None","Results/CPA_Outputs/Loopy_dataset_InvarBenchmark/GulwaniJainKoskinen-PLDI2009-Fig1_true-termination.c_lasso_out",YES,"","None","Results/CPA_Outputs/Loopy_dataset_InvarBenchmark/GulwaniJainKoskinen-PLDI2009-Fig1_true-termination.c_general_out",1.29,1.44,"Datasets/Loopy_dataset_InvarBenchmark/termination/tpdb/C_Integer/Stroeder_15/GulwaniJainKoskinen-PLDI2009-Fig1_true-termination.c"
"LeikeHeizmann-TACAS2014-Fig1_true-termination.c",YES,"","None","Results/CPA_Outputs/Loopy_dataset_InvarBenchmark/LeikeHeizmann-TACAS2014-Fig1_true-termination.c_lasso_out",YES,"","None","Results/CPA_Outputs/Loopy_dataset_InvarBenchmark/LeikeHeizmann-TACAS2014-Fig1_true-termination.c_general_out",1.64,2.01,"Datasets/Loopy_dataset_InvarBenchmark/termination/tpdb/C_Integer/Stroeder_15/LeikeHeizmann-TACAS2014-Fig1_true-termination.c"
"Fibonacci.c",MAYBE,"","None","Results/CPA_Outputs/Loopy_dataset_InvarBenchmark/Fibonacci.c_lasso_out",MAYBE,"","None","Results/CPA_Outputs/Loopy_dataset_InvarBenchmark/Fibonacci.c_general_out",1.69,268.99,"Datasets/Loopy_dataset_InvarBenchmark/termination/tpdb/C_Integer/Stroeder_15/Fibonacci.c"
"svcomp_a.04.c",YES,"","None","Results/CPA_Outputs/Loopy_dataset_InvarBenchmark/svcomp_a.04.c_lasso_out",YES,"","None","Results/CPA_Outputs/Loopy_dataset_InvarBenchmark/svcomp_a.04.c_general_out",1.29,1.42,"Datasets/Loopy_dataset_InvarBenchmark/termination/tpdb/C_Integer/Stroeder_15/svcomp_a.04.c"
"LeikeHeizmann-WST2014-Ex5_false-termination.c",MAYBE,"","None","Results/CPA_Outputs/Loopy_dataset_InvarBenchmark/LeikeHeizmann-WST2014-Ex5_false-termination.c_lasso_out",MAYBE,"","None","Results/CPA_Outputs/Loopy_dataset_InvarBenchmark/LeikeHeizmann-WST2014-Ex5_false-termination.c_general_out",1.44,269.97,"Datasets/Loopy_dataset_InvarBenchmark/termination/tpdb/C_Integer/Stroeder_15/LeikeHeizmann-WST2014-Ex5_false-termination.c"
"AliasDarteFeautrierGonnord-SAS2010-ndecr_true-termination.c",YES,"","None","Results/CPA_Outputs/Loopy_dataset_InvarBenchmark/AliasDarteFeautrierGonnord-SAS2010-ndecr_true-termination.c_lasso_out",YES,"","None","Results/CPA_Outputs/Loopy_dataset_InvarBenchmark/AliasDarteFeautrierGonnord-SAS2010-ndecr_true-termination.c_general_out",1.53,1.93,"Datasets/Loopy_dataset_InvarBenchmark/termination/tpdb/C_Integer/Stroeder_15/AliasDarteFeautrierGonnord-SAS2010-ndecr_true-termination.c"
"CookSeeZuleger-TACAS2013-Fig8a_true-termination.c",YES,"","None","Results/CPA_Outputs/Loopy_dataset_InvarBenchmark/CookSeeZuleger-TACAS2013-Fig8a_true-termination.c_lasso_out",YES,"","None","Results/CPA_Outputs/Loopy_dataset_InvarBenchmark/CookSeeZuleger-TACAS2013-Fig8a_true-termination.c_general_out",1.63,2.00,"Datasets/Loopy_dataset_InvarBenchmark/termination/tpdb/C_Integer/Stroeder_15/CookSeeZuleger-TACAS2013-Fig8a_true-termination.c"
"ChenFlurMukhopadhyay-SAS2012-Ex3.07_true-termination.c",YES,"","None","Results/CPA_Outputs/Loopy_dataset_InvarBenchmark/ChenFlurMukhopadhyay-SAS2012-Ex3.07_true-termination.c_lasso_out",YES,"","None","Results/CPA_Outputs/Loopy_dataset_InvarBenchmark/ChenFlurMukhopadhyay-SAS2012-Ex3.07_true-termination.c_general_out",1.86,2.15,"Datasets/Loopy_dataset_InvarBenchmark/termination/tpdb/C_Integer/Stroeder_15/ChenFlurMukhopadhyay-SAS2012-Ex3.07_true-termination.c"
"BrockschmidtCookFuhs-CAV2013-Introduction_true-termination.c",YES,"","None","Results/CPA_Outputs/Loopy_dataset_InvarBenchmark/BrockschmidtCookFuhs-CAV2013-Introduction_true-termination.c_lasso_out",YES,"","None","Results/CPA_Outputs/Loopy_dataset_InvarBenchmark/BrockschmidtCookFuhs-CAV2013-Introduction_true-termination.c_general_out",1.58,1.93,"Datasets/Loopy_dataset_InvarBenchmark/termination/tpdb/C_Integer/Stroeder_15/BrockschmidtCookFuhs-CAV2013-Introduction_true-termination.c"
"CookSeeZuleger-TACAS2013-Fig7b_true-termination.c",YES,"","None","Results/CPA_Outputs/Loopy_dataset_InvarBenchmark/CookSeeZuleger-TACAS2013-Fig7b_true-termination.c_lasso_out",YES,"","None","Results/CPA_Outputs/Loopy_dataset_InvarBenchmark/CookSeeZuleger-TACAS2013-Fig7b_true-termination.c_general_out",1.65,1.99,"Datasets/Loopy_dataset_InvarBenchmark/termination/tpdb/C_Integer/Stroeder_15/CookSeeZuleger-TACAS2013-Fig7b_true-termination.c"
"ChawdharyCookGulwaniSagivYang-ESOP2008-aaron6_true-termination.c",YES,"","None","Results/CPA_Outputs/Loopy_dataset_InvarBenchmark/ChawdharyCookGulwaniSagivYang-ESOP2008-aaron6_true-termination.c_lasso_out",YES,"","None","Results/CPA_Outputs/Loopy_dataset_InvarBenchmark/ChawdharyCookGulwaniSagivYang-ESOP2008-aaron6_true-termination.c_general_out",1.31,1.43,"Datasets/Loopy_dataset_InvarBenchmark/termination/tpdb/C_Integer/Stroeder_15/ChawdharyCookGulwaniSagivYang-ESOP2008-aaron6_true-termination.c"
"PastaB7.c",YES,"","None","Results/CPA_Outputs/Loopy_dataset_InvarBenchmark/PastaB7.c_lasso_out",YES,"","None","Results/CPA_Outputs/Loopy_dataset_InvarBenchmark/PastaB7.c_general_out",1.29,1.40,"Datasets/Loopy_dataset_InvarBenchmark/termination/tpdb/C_Integer/Stroeder_15/PastaB7.c"
"svcomp_b.06.c",YES,"","None","Results/CPA_Outputs/Loopy_dataset_InvarBenchmark/svcomp_b.06.c_lasso_out",YES,"","None","Results/CPA_Outputs/Loopy_dataset_InvarBenchmark/svcomp_b.06.c_general_out",1.62,1.96,"Datasets/Loopy_dataset_InvarBenchmark/termination/tpdb/C_Integer/Stroeder_15/svcomp_b.06.c"
"NO_24.c",MAYBE,"","None","Results/CPA_Outputs/Loopy_dataset_InvarBenchmark/NO_24.c_lasso_out",NO,"","None","Results/CPA_Outputs/Loopy_dataset_InvarBenchmark/NO_24.c_general_out",1.67,1.42,"Datasets/Loopy_dataset_InvarBenchmark/termination/tpdb/C_Integer/Stroeder_15/NO_24.c"
"svcomp_fermat.c",TIMEOUT,"Analysis timed out after 300 seconds","None","Results/CPA_Outputs/Loopy_dataset_InvarBenchmark/svcomp_fermat.c_lasso_out",MAYBE,"","None","Results/CPA_Outputs/Loopy_dataset_InvarBenchmark/svcomp_fermat.c_general_out",310.06,191.62,"Datasets/Loopy_dataset_InvarBenchmark/termination/tpdb/C_Integer/Stroeder_15/svcomp_fermat.c"
"AliasDarteFeautrierGonnord-SAS2010-random1d_true-termination.c",YES,"","None","Results/CPA_Outputs/Loopy_dataset_InvarBenchmark/AliasDarteFeautrierGonnord-SAS2010-random1d_true-termination.c_lasso_out",YES,"","None","Results/CPA_Outputs/Loopy_dataset_InvarBenchmark/AliasDarteFeautrierGonnord-SAS2010-random1d_true-termination.c_general_out",1.65,2.04,"Datasets/Loopy_dataset_InvarBenchmark/termination/tpdb/C_Integer/Stroeder_15/AliasDarteFeautrierGonnord-SAS2010-random1d_true-termination.c"
"PastaA4.c",YES,"","None","Results/CPA_Outputs/Loopy_dataset_InvarBenchmark/PastaA4.c_lasso_out",YES,"","None","Results/CPA_Outputs/Loopy_dataset_InvarBenchmark/PastaA4.c_general_out",1.29,1.37,"Datasets/Loopy_dataset_InvarBenchmark/termination/tpdb/C_Integer/Stroeder_15/PastaA4.c"
"MinusBuiltIn.c",YES,"","None","Results/CPA_Outputs/Loopy_dataset_InvarBenchmark/MinusBuiltIn.c_lasso_out",YES,"","None","Results/CPA_Outputs/Loopy_dataset_InvarBenchmark/MinusBuiltIn.c_general_out",1.30,1.44,"Datasets/Loopy_dataset_InvarBenchmark/termination/tpdb/C_Integer/Stroeder_15/MinusBuiltIn.c"
"PodelskiRybalchenko-LICS2004-Fig2-TACAS2011-Fig3_true-termination.c",YES,"","None","Results/CPA_Outputs/Loopy_dataset_InvarBenchmark/PodelskiRybalchenko-LICS2004-Fig2-TACAS2011-Fig3_true-termination.c_lasso_out",YES,"","None","Results/CPA_Outputs/Loopy_dataset_InvarBenchmark/PodelskiRybalchenko-LICS2004-Fig2-TACAS2011-Fig3_true-termination.c_general_out",1.59,2.01,"Datasets/Loopy_dataset_InvarBenchmark/termination/tpdb/C_Integer/Stroeder_15/PodelskiRybalchenko-LICS2004-Fig2-TACAS2011-Fig3_true-termination.c"
"easy1_true-termination.c",YES,"","None","Results/CPA_Outputs/Loopy_dataset_InvarBenchmark/easy1_true-termination.c_lasso_out",YES,"","None","Results/CPA_Outputs/Loopy_dataset_InvarBenchmark/easy1_true-termination.c_general_out",1.73,1.57,"Datasets/Loopy_dataset_InvarBenchmark/termination/tpdb/C_Integer/Stroeder_15/easy1_true-termination.c"
"PastaB11.c",YES,"","None","Results/CPA_Outputs/Loopy_dataset_InvarBenchmark/PastaB11.c_lasso_out",YES,"","None","Results/CPA_Outputs/Loopy_dataset_InvarBenchmark/PastaB11.c_general_out",1.81,2.23,"Datasets/Loopy_dataset_InvarBenchmark/termination/tpdb/C_Integer/Stroeder_15/PastaB11.c"
"aaron2_true-termination.c",YES,"","None","Results/CPA_Outputs/Loopy_dataset_InvarBenchmark/aaron2_true-termination.c_lasso_out",YES,"","None","Results/CPA_Outputs/Loopy_dataset_InvarBenchmark/aaron2_true-termination.c_general_out",1.64,1.98,"Datasets/Loopy_dataset_InvarBenchmark/termination/tpdb/C_Integer/Stroeder_15/aaron2_true-termination.c"
"DivMinus.c",MAYBE,"","None","Results/CPA_Outputs/Loopy_dataset_InvarBenchmark/DivMinus.c_lasso_out",MAYBE,"","None","Results/CPA_Outputs/Loopy_dataset_InvarBenchmark/DivMinus.c_general_out",1.47,261.36,"Datasets/Loopy_dataset_InvarBenchmark/termination/tpdb/C_Integer/Stroeder_15/DivMinus.c"
"AliasDarteFeautrierGonnord-SAS2010-wise_true-termination.c",YES,"","None","Results/CPA_Outputs/Loopy_dataset_InvarBenchmark/AliasDarteFeautrierGonnord-SAS2010-wise_true-termination.c_lasso_out",YES,"","None","Results/CPA_Outputs/Loopy_dataset_InvarBenchmark/AliasDarteFeautrierGonnord-SAS2010-wise_true-termination.c_general_out",1.29,1.50,"Datasets/Loopy_dataset_InvarBenchmark/termination/tpdb/C_Integer/Stroeder_15/AliasDarteFeautrierGonnord-SAS2010-wise_true-termination.c"
"Toulouse-MultiBranchesToLoop_true-termination.c",FAILED,"","None","Results/CPA_Outputs/Loopy_dataset_InvarBenchmark/Toulouse-MultiBranchesToLoop_true-termination.c_lasso_out",MAYBE,"","None","Results/CPA_Outputs/Loopy_dataset_InvarBenchmark/Toulouse-MultiBranchesToLoop_true-termination.c_general_out",305.59,140.87,"Datasets/Loopy_dataset_InvarBenchmark/termination/tpdb/C_Integer/Stroeder_15/Toulouse-MultiBranchesToLoop_true-termination.c"
"ChenFlurMukhopadhyay-SAS2012-Ex2.10_true-termination.c",YES,"","None","Results/CPA_Outputs/Loopy_dataset_InvarBenchmark/ChenFlurMukhopadhyay-SAS2012-Ex2.10_true-termination.c_lasso_out",YES,"","None","Results/CPA_Outputs/Loopy_dataset_InvarBenchmark/ChenFlurMukhopadhyay-SAS2012-Ex2.10_true-termination.c_general_out",1.30,1.43,"Datasets/Loopy_dataset_InvarBenchmark/termination/tpdb/C_Integer/Stroeder_15/ChenFlurMukhopadhyay-SAS2012-Ex2.10_true-termination.c"
"svcomp_a.07.c",YES,"","None","Results/CPA_Outputs/Loopy_dataset_InvarBenchmark/svcomp_a.07.c_lasso_out",YES,"","None","Results/CPA_Outputs/Loopy_dataset_InvarBenchmark/svcomp_a.07.c_general_out",1.31,1.41,"Datasets/Loopy_dataset_InvarBenchmark/termination/tpdb/C_Integer/Stroeder_15/svcomp_a.07.c"
"PastaA8.c",YES,"","None","Results/CPA_Outputs/Loopy_dataset_InvarBenchmark/PastaA8.c_lasso_out",YES,"","None","Results/CPA_Outputs/Loopy_dataset_InvarBenchmark/PastaA8.c_general_out",1.31,1.40,"Datasets/Loopy_dataset_InvarBenchmark/termination/tpdb/C_Integer/Stroeder_15/PastaA8.c"
"ColonSipma-TACAS2001-Fig1_true-termination.c",YES,"","None","Results/CPA_Outputs/Loopy_dataset_InvarBenchmark/ColonSipma-TACAS2001-Fig1_true-termination.c_lasso_out",YES,"","None","Results/CPA_Outputs/Loopy_dataset_InvarBenchmark/ColonSipma-TACAS2001-Fig1_true-termination.c_general_out",1.60,1.98,"Datasets/Loopy_dataset_InvarBenchmark/termination/tpdb/C_Integer/Stroeder_15/ColonSipma-TACAS2001-Fig1_true-termination.c"
"KroeningSharyginaTsitovichWintersteiger-CAV2010-Ex_true-termination.c",YES,"","None","Results/CPA_Outputs/Loopy_dataset_InvarBenchmark/KroeningSharyginaTsitovichWintersteiger-CAV2010-Ex_true-termination.c_lasso_out",YES,"","None","Results/CPA_Outputs/Loopy_dataset_InvarBenchmark/KroeningSharyginaTsitovichWintersteiger-CAV2010-Ex_true-termination.c_general_out",1.56,1.89,"Datasets/Loopy_dataset_InvarBenchmark/termination/tpdb/C_Integer/Stroeder_15/KroeningSharyginaTsitovichWintersteiger-CAV2010-Ex_true-termination.c"
"ChenFlurMukhopadhyay-SAS2012-Ex4.01_true-termination.c",TIMEOUT,"Analysis timed out after 300 seconds","None","Results/CPA_Outputs/Loopy_dataset_InvarBenchmark/ChenFlurMukhopadhyay-SAS2012-Ex4.01_true-termination.c_lasso_out",MAYBE,"","None","Results/CPA_Outputs/Loopy_dataset_InvarBenchmark/ChenFlurMukhopadhyay-SAS2012-Ex4.01_true-termination.c_general_out",310.05,267.86,"Datasets/Loopy_dataset_InvarBenchmark/termination/tpdb/C_Integer/Stroeder_15/ChenFlurMukhopadhyay-SAS2012-Ex4.01_true-termination.c"
"PastaB2.c",YES,"","None","Results/CPA_Outputs/Loopy_dataset_InvarBenchmark/PastaB2.c_lasso_out",YES,"","None","Results/CPA_Outputs/Loopy_dataset_InvarBenchmark/PastaB2.c_general_out",1.28,1.38,"Datasets/Loopy_dataset_InvarBenchmark/termination/tpdb/C_Integer/Stroeder_15/PastaB2.c"
"min_rf_true-termination.c",YES,"","None","Results/CPA_Outputs/Loopy_dataset_InvarBenchmark/min_rf_true-termination.c_lasso_out",YES,"","None","Results/CPA_Outputs/Loopy_dataset_InvarBenchmark/min_rf_true-termination.c_general_out",1.63,2.03,"Datasets/Loopy_dataset_InvarBenchmark/termination/tpdb/C_Integer/Stroeder_15/min_rf_true-termination.c"
"ChenFlurMukhopadhyay-SAS2012-Ex1.02_true-termination.c",YES,"","None","Results/CPA_Outputs/Loopy_dataset_InvarBenchmark/ChenFlurMukhopadhyay-SAS2012-Ex1.02_true-termination.c_lasso_out",NO,"","None","Results/CPA_Outputs/Loopy_dataset_InvarBenchmark/ChenFlurMukhopadhyay-SAS2012-Ex1.02_true-termination.c_general_out",1.65,1.54,"Datasets/Loopy_dataset_InvarBenchmark/termination/tpdb/C_Integer/Stroeder_15/ChenFlurMukhopadhyay-SAS2012-Ex1.02_true-termination.c"
"UrbanMine-ESOP2014-Fig3_true-termination.c",YES,"","None","Results/CPA_Outputs/Loopy_dataset_InvarBenchmark/UrbanMine-ESOP2014-Fig3_true-termination.c_lasso_out",YES,"","None","Results/CPA_Outputs/Loopy_dataset_InvarBenchmark/UrbanMine-ESOP2014-Fig3_true-termination.c_general_out",1.66,2.02,"Datasets/Loopy_dataset_InvarBenchmark/termination/tpdb/C_Integer/Stroeder_15/UrbanMine-ESOP2014-Fig3_true-termination.c"
"Mysore_true-termination.c",YES,"","None","Results/CPA_Outputs/Loopy_dataset_InvarBenchmark/Mysore_true-termination.c_lasso_out",YES,"","None","Results/CPA_Outputs/Loopy_dataset_InvarBenchmark/Mysore_true-termination.c_general_out",1.62,1.99,"Datasets/Loopy_dataset_InvarBenchmark/termination/tpdb/C_Integer/Stroeder_15/Mysore_true-termination.c"
"NoriSharma-FSE2013-Fig7_true-termination.c",YES,"","None","Results/CPA_Outputs/Loopy_dataset_InvarBenchmark/NoriSharma-FSE2013-Fig7_true-termination.c_lasso_out",YES,"","None","Results/CPA_Outputs/Loopy_dataset_InvarBenchmark/NoriSharma-FSE2013-Fig7_true-termination.c_general_out",1.29,1.39,"Datasets/Loopy_dataset_InvarBenchmark/termination/tpdb/C_Integer/Stroeder_15/NoriSharma-FSE2013-Fig7_true-termination.c"
"ChawdharyCookGulwaniSagivYang-ESOP2008-random2d_true-termination.c",YES,"","None","Results/CPA_Outputs/Loopy_dataset_InvarBenchmark/ChawdharyCookGulwaniSagivYang-ESOP2008-random2d_true-termination.c_lasso_out",YES,"","None","Results/CPA_Outputs/Loopy_dataset_InvarBenchmark/ChawdharyCookGulwaniSagivYang-ESOP2008-random2d_true-termination.c_general_out",1.70,2.06,"Datasets/Loopy_dataset_InvarBenchmark/termination/tpdb/C_Integer/Stroeder_15/ChawdharyCookGulwaniSagivYang-ESOP2008-random2d_true-termination.c"
"AliasDarteFeautrierGonnord-SAS2010-rsd_true-termination.c",YES,"","None","Results/CPA_Outputs/Loopy_dataset_InvarBenchmark/AliasDarteFeautrierGonnord-SAS2010-rsd_true-termination.c_lasso_out",YES,"","None","Results/CPA_Outputs/Loopy_dataset_InvarBenchmark/AliasDarteFeautrierGonnord-SAS2010-rsd_true-termination.c_general_out",1.67,2.04,"Datasets/Loopy_dataset_InvarBenchmark/termination/tpdb/C_Integer/Stroeder_15/AliasDarteFeautrierGonnord-SAS2010-rsd_true-termination.c"
"svcomp_b.13.c",YES,"","None","Results/CPA_Outputs/Loopy_dataset_InvarBenchmark/svcomp_b.13.c_lasso_out",YES,"","None","Results/CPA_Outputs/Loopy_dataset_InvarBenchmark/svcomp_b.13.c_general_out",1.31,1.40,"Datasets/Loopy_dataset_InvarBenchmark/termination/tpdb/C_Integer/Stroeder_15/svcomp_b.13.c"
"svcomp_c.03.c",YES,"","None","Results/CPA_Outputs/Loopy_dataset_InvarBenchmark/svcomp_c.03.c_lasso_out",YES,"","None","Results/CPA_Outputs/Loopy_dataset_InvarBenchmark/svcomp_c.03.c_general_out",1.30,1.41,"Datasets/Loopy_dataset_InvarBenchmark/termination/tpdb/C_Integer/Stroeder_15/svcomp_c.03.c"
"Swingers.c",MAYBE,"","None","Results/CPA_Outputs/Loopy_dataset_InvarBenchmark/Swingers.c_lasso_out",NO,"","None","Results/CPA_Outputs/Loopy_dataset_InvarBenchmark/Swingers.c_general_out",1.63,1.44,"Datasets/Loopy_dataset_InvarBenchmark/termination/tpdb/C_Integer/Stroeder_15/Swingers.c"
"PodelskiRybalchenko-TACAS2011-Fig1_true-termination.c",YES,"","None","Results/CPA_Outputs/Loopy_dataset_InvarBenchmark/PodelskiRybalchenko-TACAS2011-Fig1_true-termination.c_lasso_out",YES,"","None","Results/CPA_Outputs/Loopy_dataset_InvarBenchmark/PodelskiRybalchenko-TACAS2011-Fig1_true-termination.c_general_out",1.48,1.54,"Datasets/Loopy_dataset_InvarBenchmark/termination/tpdb/C_Integer/Stroeder_15/PodelskiRybalchenko-TACAS2011-Fig1_true-termination.c"
"Pure2Phase_true-termination.c",YES,"","None","Results/CPA_Outputs/Loopy_dataset_InvarBenchmark/Pure2Phase_true-termination.c_lasso_out",YES,"","None","Results/CPA_Outputs/Loopy_dataset_InvarBenchmark/Pure2Phase_true-termination.c_general_out",1.81,2.17,"Datasets/Loopy_dataset_InvarBenchmark/termination/tpdb/C_Integer/Stroeder_15/Pure2Phase_true-termination.c"
"Cairo_true-termination.c",YES,"","None","Results/CPA_Outputs/Loopy_dataset_InvarBenchmark/Cairo_true-termination.c_lasso_out",YES,"","None","Results/CPA_Outputs/Loopy_dataset_InvarBenchmark/Cairo_true-termination.c_general_out",1.57,1.97,"Datasets/Loopy_dataset_InvarBenchmark/termination/tpdb/C_Integer/Stroeder_15/Cairo_true-termination.c"
"MinusMin.c",YES,"","None","Results/CPA_Outputs/Loopy_dataset_InvarBenchmark/MinusMin.c_lasso_out",YES,"","None","Results/CPA_Outputs/Loopy_dataset_InvarBenchmark/MinusMin.c_general_out",1.70,2.08,"Datasets/Loopy_dataset_InvarBenchmark/termination/tpdb/C_Integer/Stroeder_15/MinusMin.c"
"ChenFlurMukhopadhyay-SAS2012-Ex3.09_true-termination.c",YES,"","None","Results/CPA_Outputs/Loopy_dataset_InvarBenchmark/ChenFlurMukhopadhyay-SAS2012-Ex3.09_true-termination.c_lasso_out",YES,"","None","Results/CPA_Outputs/Loopy_dataset_InvarBenchmark/ChenFlurMukhopadhyay-SAS2012-Ex3.09_true-termination.c_general_out",1.31,1.40,"Datasets/Loopy_dataset_InvarBenchmark/termination/tpdb/C_Integer/Stroeder_15/ChenFlurMukhopadhyay-SAS2012-Ex3.09_true-termination.c"
"Nyala-2lex_true-termination.c",YES,"","None","Results/CPA_Outputs/Loopy_dataset_InvarBenchmark/Nyala-2lex_true-termination.c_lasso_out",NO,"","None","Results/CPA_Outputs/Loopy_dataset_InvarBenchmark/Nyala-2lex_true-termination.c_general_out",1.63,1.41,"Datasets/Loopy_dataset_InvarBenchmark/termination/tpdb/C_Integer/Stroeder_15/Nyala-2lex_true-termination.c"
"ChenFlurMukhopadhyay-SAS2012-Ex3.10_true-termination.c",YES,"","None","Results/CPA_Outputs/Loopy_dataset_InvarBenchmark/ChenFlurMukhopadhyay-SAS2012-Ex3.10_true-termination.c_lasso_out",YES,"","None","Results/CPA_Outputs/Loopy_dataset_InvarBenchmark/ChenFlurMukhopadhyay-SAS2012-Ex3.10_true-termination.c_general_out",1.62,1.91,"Datasets/Loopy_dataset_InvarBenchmark/termination/tpdb/C_Integer/Stroeder_15/ChenFlurMukhopadhyay-SAS2012-Ex3.10_true-termination.c"
"ChenFlurMukhopadhyay-SAS2012-Ex3.05_true-termination.c",YES,"","None","Results/CPA_Outputs/Loopy_dataset_InvarBenchmark/ChenFlurMukhopadhyay-SAS2012-Ex3.05_true-termination.c_lasso_out",YES,"","None","Results/CPA_Outputs/Loopy_dataset_InvarBenchmark/ChenFlurMukhopadhyay-SAS2012-Ex3.05_true-termination.c_general_out",1.79,2.18,"Datasets/Loopy_dataset_InvarBenchmark/termination/tpdb/C_Integer/Stroeder_15/ChenFlurMukhopadhyay-SAS2012-Ex3.05_true-termination.c"
"PastaA9.c",MAYBE,"","None","Results/CPA_Outputs/Loopy_dataset_InvarBenchmark/PastaA9.c_lasso_out",NO,"","None","Results/CPA_Outputs/Loopy_dataset_InvarBenchmark/PastaA9.c_general_out",1.45,1.43,"Datasets/Loopy_dataset_InvarBenchmark/termination/tpdb/C_Integer/Stroeder_15/PastaA9.c"
"ChenFlurMukhopadhyay-SAS2012-Ex2.11_false-termination.c",MAYBE,"","None","Results/CPA_Outputs/Loopy_dataset_InvarBenchmark/ChenFlurMukhopadhyay-SAS2012-Ex2.11_false-termination.c_lasso_out",MAYBE,"","None","Results/CPA_Outputs/Loopy_dataset_InvarBenchmark/ChenFlurMukhopadhyay-SAS2012-Ex2.11_false-termination.c_general_out",1.52,292.58,"Datasets/Loopy_dataset_InvarBenchmark/termination/tpdb/C_Integer/Stroeder_15/ChenFlurMukhopadhyay-SAS2012-Ex2.11_false-termination.c"
"ChenFlurMukhopadhyay-SAS2012-Ex2.06_false-termination.c",MAYBE,"","None","Results/CPA_Outputs/Loopy_dataset_InvarBenchmark/ChenFlurMukhopadhyay-SAS2012-Ex2.06_false-termination.c_lasso_out",MAYBE,"","None","Results/CPA_Outputs/Loopy_dataset_InvarBenchmark/ChenFlurMukhopadhyay-SAS2012-Ex2.06_false-termination.c_general_out",1.51,293.91,"Datasets/Loopy_dataset_InvarBenchmark/termination/tpdb/C_Integer/Stroeder_15/ChenFlurMukhopadhyay-SAS2012-Ex2.06_false-termination.c"
"ChenFlurMukhopadhyay-SAS2012-Ex2.20_true-termination.c",YES,"","None","Results/CPA_Outputs/Loopy_dataset_InvarBenchmark/ChenFlurMukhopadhyay-SAS2012-Ex2.20_true-termination.c_lasso_out",YES,"","None","Results/CPA_Outputs/Loopy_dataset_InvarBenchmark/ChenFlurMukhopadhyay-SAS2012-Ex2.20_true-termination.c_general_out",1.30,1.39,"Datasets/Loopy_dataset_InvarBenchmark/termination/tpdb/C_Integer/Stroeder_15/ChenFlurMukhopadhyay-SAS2012-Ex2.20_true-termination.c"
"ComplInterv.c",NO,"","None","Results/CPA_Outputs/Loopy_dataset_InvarBenchmark/ComplInterv.c_lasso_out",MAYBE,"","None","Results/CPA_Outputs/Loopy_dataset_InvarBenchmark/ComplInterv.c_general_out",1.45,258.42,"Datasets/Loopy_dataset_InvarBenchmark/termination/tpdb/C_Integer/Stroeder_15/ComplInterv.c"
"ChooseLife.c",MAYBE,"","None","Results/CPA_Outputs/Loopy_dataset_InvarBenchmark/ChooseLife.c_lasso_out",NO,"","None","Results/CPA_Outputs/Loopy_dataset_InvarBenchmark/ChooseLife.c_general_out",1.62,1.47,"Datasets/Loopy_dataset_InvarBenchmark/termination/tpdb/C_Integer/Stroeder_15/ChooseLife.c"
"PodelskiRybalchenko-VMCAI2004-Ex1_true-termination.c",YES,"","None","Results/CPA_Outputs/Loopy_dataset_InvarBenchmark/PodelskiRybalchenko-VMCAI2004-Ex1_true-termination.c_lasso_out",YES,"","None","Results/CPA_Outputs/Loopy_dataset_InvarBenchmark/PodelskiRybalchenko-VMCAI2004-Ex1_true-termination.c_general_out",1.32,1.44,"Datasets/Loopy_dataset_InvarBenchmark/termination/tpdb/C_Integer/Stroeder_15/PodelskiRybalchenko-VMCAI2004-Ex1_true-termination.c"
"svcomp_b.09-no-inv_assume.c",YES,"","None","Results/CPA_Outputs/Loopy_dataset_InvarBenchmark/svcomp_b.09-no-inv_assume.c_lasso_out",YES,"","None","Results/CPA_Outputs/Loopy_dataset_InvarBenchmark/svcomp_b.09-no-inv_assume.c_general_out",1.67,1.99,"Datasets/Loopy_dataset_InvarBenchmark/termination/tpdb/C_Integer/Stroeder_15/svcomp_b.09-no-inv_assume.c"
"PastaB6.c",YES,"","None","Results/CPA_Outputs/Loopy_dataset_InvarBenchmark/PastaB6.c_lasso_out",YES,"","None","Results/CPA_Outputs/Loopy_dataset_InvarBenchmark/PastaB6.c_general_out",1.57,1.96,"Datasets/Loopy_dataset_InvarBenchmark/termination/tpdb/C_Integer/Stroeder_15/PastaB6.c"
"svcomp_a.06.c",YES,"","None","Results/CPA_Outputs/Loopy_dataset_InvarBenchmark/svcomp_a.06.c_lasso_out",YES,"","None","Results/CPA_Outputs/Loopy_dataset_InvarBenchmark/svcomp_a.06.c_general_out",1.66,1.98,"Datasets/Loopy_dataset_InvarBenchmark/termination/tpdb/C_Integer/Stroeder_15/svcomp_a.06.c"
"Pure3Phase_true-termination.c",MAYBE,"","None","Results/CPA_Outputs/Loopy_dataset_InvarBenchmark/Pure3Phase_true-termination.c_lasso_out",MAYBE,"","None","Results/CPA_Outputs/Loopy_dataset_InvarBenchmark/Pure3Phase_true-termination.c_general_out",295.07,140.69,"Datasets/Loopy_dataset_InvarBenchmark/termination/tpdb/C_Integer/Stroeder_15/Pure3Phase_true-termination.c"
"ChenFlurMukhopadhyay-SAS2012-Ex2.16_true-termination.c",YES,"","None","Results/CPA_Outputs/Loopy_dataset_InvarBenchmark/ChenFlurMukhopadhyay-SAS2012-Ex2.16_true-termination.c_lasso_out",YES,"","None","Results/CPA_Outputs/Loopy_dataset_InvarBenchmark/ChenFlurMukhopadhyay-SAS2012-Ex2.16_true-termination.c_general_out",1.58,1.97,"Datasets/Loopy_dataset_InvarBenchmark/termination/tpdb/C_Integer/Stroeder_15/ChenFlurMukhopadhyay-SAS2012-Ex2.16_true-termination.c"
"PastaA5.c",YES,"","None","Results/CPA_Outputs/Loopy_dataset_InvarBenchmark/PastaA5.c_lasso_out",YES,"","None","Results/CPA_Outputs/Loopy_dataset_InvarBenchmark/PastaA5.c_general_out",1.30,1.40,"Datasets/Loopy_dataset_InvarBenchmark/termination/tpdb/C_Integer/Stroeder_15/PastaA5.c"
"svcomp_b.03-no-inv_assume.c",YES,"","None","Results/CPA_Outputs/Loopy_dataset_InvarBenchmark/svcomp_b.03-no-inv_assume.c_lasso_out",YES,"","None","Results/CPA_Outputs/Loopy_dataset_InvarBenchmark/svcomp_b.03-no-inv_assume.c_general_out",1.28,1.42,"Datasets/Loopy_dataset_InvarBenchmark/termination/tpdb/C_Integer/Stroeder_15/svcomp_b.03-no-inv_assume.c"
"PastaB1.c",YES,"","None","Results/CPA_Outputs/Loopy_dataset_InvarBenchmark/PastaB1.c_lasso_out",YES,"","None","Results/CPA_Outputs/Loopy_dataset_InvarBenchmark/PastaB1.c_general_out",1.26,1.42,"Datasets/Loopy_dataset_InvarBenchmark/termination/tpdb/C_Integer/Stroeder_15/PastaB1.c"
"svcomp_a.10.c",YES,"","None","Results/CPA_Outputs/Loopy_dataset_InvarBenchmark/svcomp_a.10.c_lasso_out",YES,"","None","Results/CPA_Outputs/Loopy_dataset_InvarBenchmark/svcomp_a.10.c_general_out",1.29,1.44,"Datasets/Loopy_dataset_InvarBenchmark/termination/tpdb/C_Integer/Stroeder_15/svcomp_a.10.c"
"NoriSharma-FSE2013-Fig8_true-termination.c",FAILED,"","None","Results/CPA_Outputs/Loopy_dataset_InvarBenchmark/NoriSharma-FSE2013-Fig8_true-termination.c_lasso_out",MAYBE,"","None","Results/CPA_Outputs/Loopy_dataset_InvarBenchmark/NoriSharma-FSE2013-Fig8_true-termination.c_general_out",305.01,146.33,"Datasets/Loopy_dataset_InvarBenchmark/termination/tpdb/C_Integer/Stroeder_15/NoriSharma-FSE2013-Fig8_true-termination.c"
"Factorial.c",NO,"","None","Results/CPA_Outputs/Loopy_dataset_InvarBenchmark/Factorial.c_lasso_out",NO,"","None","Results/CPA_Outputs/Loopy_dataset_InvarBenchmark/Factorial.c_general_out",1.47,1.50,"Datasets/Loopy_dataset_InvarBenchmark/termination/tpdb/C_Integer/Stroeder_15/Factorial.c"
"AliasDarteFeautrierGonnord-SAS2010-terminate_true-termination.c",YES,"","None","Results/CPA_Outputs/Loopy_dataset_InvarBenchmark/AliasDarteFeautrierGonnord-SAS2010-terminate_true-termination.c_lasso_out",YES,"","None","Results/CPA_Outputs/Loopy_dataset_InvarBenchmark/AliasDarteFeautrierGonnord-SAS2010-terminate_true-termination.c_general_out",1.62,1.96,"Datasets/Loopy_dataset_InvarBenchmark/termination/tpdb/C_Integer/Stroeder_15/AliasDarteFeautrierGonnord-SAS2010-terminate_true-termination.c"
"AliasDarteFeautrierGonnord-SAS2010-speedpldi2_true-termination.c",YES,"","None","Results/CPA_Outputs/Loopy_dataset_InvarBenchmark/AliasDarteFeautrierGonnord-SAS2010-speedpldi2_true-termination.c_lasso_out",YES,"","None","Results/CPA_Outputs/Loopy_dataset_InvarBenchmark/AliasDarteFeautrierGonnord-SAS2010-speedpldi2_true-termination.c_general_out",1.72,2.10,"Datasets/Loopy_dataset_InvarBenchmark/termination/tpdb/C_Integer/Stroeder_15/AliasDarteFeautrierGonnord-SAS2010-speedpldi2_true-termination.c"
"svcomp_b.11.c",YES,"","None","Results/CPA_Outputs/Loopy_dataset_InvarBenchmark/svcomp_b.11.c_lasso_out",YES,"","None","Results/CPA_Outputs/Loopy_dataset_InvarBenchmark/svcomp_b.11.c_general_out",1.85,2.20,"Datasets/Loopy_dataset_InvarBenchmark/termination/tpdb/C_Integer/Stroeder_15/svcomp_b.11.c"
"svcomp_ex3b.c",YES,"","None","Results/CPA_Outputs/Loopy_dataset_InvarBenchmark/svcomp_ex3b.c_lasso_out",YES,"","None","Results/CPA_Outputs/Loopy_dataset_InvarBenchmark/svcomp_ex3b.c_general_out",1.30,1.38,"Datasets/Loopy_dataset_InvarBenchmark/termination/tpdb/C_Integer/Stroeder_15/svcomp_ex3b.c"
"svcomp_a.09_assume.c",MAYBE,"","None","Results/CPA_Outputs/Loopy_dataset_InvarBenchmark/svcomp_a.09_assume.c_lasso_out",NO,"","None","Results/CPA_Outputs/Loopy_dataset_InvarBenchmark/svcomp_a.09_assume.c_general_out",1.46,1.45,"Datasets/Loopy_dataset_InvarBenchmark/termination/tpdb/C_Integer/Stroeder_15/svcomp_a.09_assume.c"
"ChenFlurMukhopadhyay-SAS2012-Ex2.21_true-termination.c",YES,"","None","Results/CPA_Outputs/Loopy_dataset_InvarBenchmark/ChenFlurMukhopadhyay-SAS2012-Ex2.21_true-termination.c_lasso_out",YES,"","None","Results/CPA_Outputs/Loopy_dataset_InvarBenchmark/ChenFlurMukhopadhyay-SAS2012-Ex2.21_true-termination.c_general_out",1.71,1.78,"Datasets/Loopy_dataset_InvarBenchmark/termination/tpdb/C_Integer/Stroeder_15/ChenFlurMukhopadhyay-SAS2012-Ex2.21_true-termination.c"
"Parallel_true-termination.c",YES,"","None","Results/CPA_Outputs/Loopy_dataset_InvarBenchmark/Parallel_true-termination.c_lasso_out",YES,"","None","Results/CPA_Outputs/Loopy_dataset_InvarBenchmark/Parallel_true-termination.c_general_out",1.71,2.09,"Datasets/Loopy_dataset_InvarBenchmark/termination/tpdb/C_Integer/Stroeder_15/Parallel_true-termination.c"
"PastaA6.c",YES,"","None","Results/CPA_Outputs/Loopy_dataset_InvarBenchmark/PastaA6.c_lasso_out",YES,"","None","Results/CPA_Outputs/Loopy_dataset_InvarBenchmark/PastaA6.c_general_out",1.55,1.92,"Datasets/Loopy_dataset_InvarBenchmark/termination/tpdb/C_Integer/Stroeder_15/PastaA6.c"
"ChenFlurMukhopadhyay-SAS2012-Ex3.08_true-termination.c",YES,"","None","Results/CPA_Outputs/Loopy_dataset_InvarBenchmark/ChenFlurMukhopadhyay-SAS2012-Ex3.08_true-termination.c_lasso_out",YES,"","None","Results/CPA_Outputs/Loopy_dataset_InvarBenchmark/ChenFlurMukhopadhyay-SAS2012-Ex3.08_true-termination.c_general_out",1.32,1.42,"Datasets/Loopy_dataset_InvarBenchmark/termination/tpdb/C_Integer/Stroeder_15/ChenFlurMukhopadhyay-SAS2012-Ex3.08_true-termination.c"
"Toulouse-BranchesToLoop_true-termination.c",FAILED,"","None","Results/CPA_Outputs/Loopy_dataset_InvarBenchmark/Toulouse-BranchesToLoop_true-termination.c_lasso_out",MAYBE,"","None","Results/CPA_Outputs/Loopy_dataset_InvarBenchmark/Toulouse-BranchesToLoop_true-termination.c_general_out",305.14,146.75,"Datasets/Loopy_dataset_InvarBenchmark/termination/tpdb/C_Integer/Stroeder_15/Toulouse-BranchesToLoop_true-termination.c"
"Lobnya-Boolean-Reordered_true-termination.c",MAYBE,"","None","Results/CPA_Outputs/Loopy_dataset_InvarBenchmark/Lobnya-Boolean-Reordered_true-termination.c_lasso_out",MAYBE,"","None","Results/CPA_Outputs/Loopy_dataset_InvarBenchmark/Lobnya-Boolean-Reordered_true-termination.c_general_out",1.74,270.13,"Datasets/Loopy_dataset_InvarBenchmark/termination/tpdb/C_Integer/Stroeder_15/Lobnya-Boolean-Reordered_true-termination.c"
"ChawdharyCookGulwaniSagivYang-ESOP2008-aaron12_true-termination.c",NO,"","None","Results/CPA_Outputs/Loopy_dataset_InvarBenchmark/ChawdharyCookGulwaniSagivYang-ESOP2008-aaron12_true-termination.c_lasso_out",MAYBE,"","None","Results/CPA_Outputs/Loopy_dataset_InvarBenchmark/ChawdharyCookGulwaniSagivYang-ESOP2008-aaron12_true-termination.c_general_out",1.87,263.88,"Datasets/Loopy_dataset_InvarBenchmark/termination/tpdb/C_Integer/Stroeder_15/ChawdharyCookGulwaniSagivYang-ESOP2008-aaron12_true-termination.c"
"DoubleNeg.c",NO,"","None","Results/CPA_Outputs/Loopy_dataset_InvarBenchmark/DoubleNeg.c_lasso_out",NO,"","None","Results/CPA_Outputs/Loopy_dataset_InvarBenchmark/DoubleNeg.c_general_out",1.43,1.52,"Datasets/Loopy_dataset_InvarBenchmark/termination/tpdb/C_Integer/Stroeder_15/DoubleNeg.c"
"genady_true-termination.c",YES,"","None","Results/CPA_Outputs/Loopy_dataset_InvarBenchmark/genady_true-termination.c_lasso_out",YES,"","None","Results/CPA_Outputs/Loopy_dataset_InvarBenchmark/genady_true-termination.c_general_out",1.64,1.65,"Datasets/Loopy_dataset_InvarBenchmark/termination/tpdb/C_Integer/Stroeder_15/genady_true-termination.c"
"ChenFlurMukhopadhyay-SAS2012-Ex2.19_true-termination.c",YES,"","None","Results/CPA_Outputs/Loopy_dataset_InvarBenchmark/ChenFlurMukhopadhyay-SAS2012-Ex2.19_true-termination.c_lasso_out",YES,"","None","Results/CPA_Outputs/Loopy_dataset_InvarBenchmark/ChenFlurMukhopadhyay-SAS2012-Ex2.19_true-termination.c_general_out",1.67,2.08,"Datasets/Loopy_dataset_InvarBenchmark/termination/tpdb/C_Integer/Stroeder_15/ChenFlurMukhopadhyay-SAS2012-Ex2.19_true-termination.c"
"svcomp_b.10.c",YES,"","None","Results/CPA_Outputs/Loopy_dataset_InvarBenchmark/svcomp_b.10.c_lasso_out",YES,"","None","Results/CPA_Outputs/Loopy_dataset_InvarBenchmark/svcomp_b.10.c_general_out",1.84,2.19,"Datasets/Loopy_dataset_InvarBenchmark/termination/tpdb/C_Integer/Stroeder_15/svcomp_b.10.c"
"PodelskiRybalchenko-TACAS2011-Fig4_true-termination.c",YES,"","None","Results/CPA_Outputs/Loopy_dataset_InvarBenchmark/PodelskiRybalchenko-TACAS2011-Fig4_true-termination.c_lasso_out",YES,"","None","Results/CPA_Outputs/Loopy_dataset_InvarBenchmark/PodelskiRybalchenko-TACAS2011-Fig4_true-termination.c_general_out",1.62,1.98,"Datasets/Loopy_dataset_InvarBenchmark/termination/tpdb/C_Integer/Stroeder_15/PodelskiRybalchenko-TACAS2011-Fig4_true-termination.c"
"ChenFlurMukhopadhyay-SAS2012-Ex1.01_true-termination.c",MAYBE,"","None","Results/CPA_Outputs/Loopy_dataset_InvarBenchmark/ChenFlurMukhopadhyay-SAS2012-Ex1.01_true-termination.c_lasso_out",MAYBE,"","None","Results/CPA_Outputs/Loopy_dataset_InvarBenchmark/ChenFlurMukhopadhyay-SAS2012-Ex1.01_true-termination.c_general_out",1.48,290.63,"Datasets/Loopy_dataset_InvarBenchmark/termination/tpdb/C_Integer/Stroeder_15/ChenFlurMukhopadhyay-SAS2012-Ex1.01_true-termination.c"
"svcomp_a.08.c",YES,"","None","Results/CPA_Outputs/Loopy_dataset_InvarBenchmark/svcomp_a.08.c_lasso_out",YES,"","None","Results/CPA_Outputs/Loopy_dataset_InvarBenchmark/svcomp_a.08.c_general_out",1.30,1.44,"Datasets/Loopy_dataset_InvarBenchmark/termination/tpdb/C_Integer/Stroeder_15/svcomp_a.08.c"
"WhileFalse_true-termination.c",YES,"","None","Results/CPA_Outputs/Loopy_dataset_InvarBenchmark/WhileFalse_true-termination.c_lasso_out",YES,"","None","Results/CPA_Outputs/Loopy_dataset_InvarBenchmark/WhileFalse_true-termination.c_general_out",1.16,1.28,"Datasets/Loopy_dataset_InvarBenchmark/termination/tpdb/C_Integer/Stroeder_15/WhileFalse_true-termination.c"
"svcomp_java_Continue1.c",YES,"","None","Results/CPA_Outputs/Loopy_dataset_InvarBenchmark/svcomp_java_Continue1.c_lasso_out",YES,"","None","Results/CPA_Outputs/Loopy_dataset_InvarBenchmark/svcomp_java_Continue1.c_general_out",3.83,1.47,"Datasets/Loopy_dataset_InvarBenchmark/termination/tpdb/C_Integer/Stroeder_15/svcomp_java_Continue1.c"
"2Nested_true-termination.c",YES,"","None","Results/CPA_Outputs/Loopy_dataset_InvarBenchmark/2Nested_true-termination.c_lasso_out",YES,"","None","Results/CPA_Outputs/Loopy_dataset_InvarBenchmark/2Nested_true-termination.c_general_out",1.92,2.25,"Datasets/Loopy_dataset_InvarBenchmark/termination/tpdb/C_Integer/Stroeder_15/2Nested_true-termination.c"
"AliasDarteFeautrierGonnord-SAS2010-random2d_true-termination.c",YES,"","None","Results/CPA_Outputs/Loopy_dataset_InvarBenchmark/AliasDarteFeautrierGonnord-SAS2010-random2d_true-termination.c_lasso_out",YES,"","None","Results/CPA_Outputs/Loopy_dataset_InvarBenchmark/AliasDarteFeautrierGonnord-SAS2010-random2d_true-termination.c_general_out",1.76,2.13,"Datasets/Loopy_dataset_InvarBenchmark/termination/tpdb/C_Integer/Stroeder_15/AliasDarteFeautrierGonnord-SAS2010-random2d_true-termination.c"
"CookSeeZuleger-TACAS2013-Fig8b_true-termination.c",YES,"","None","Results/CPA_Outputs/Loopy_dataset_InvarBenchmark/CookSeeZuleger-TACAS2013-Fig8b_true-termination.c_lasso_out",YES,"","None","Results/CPA_Outputs/Loopy_dataset_InvarBenchmark/CookSeeZuleger-TACAS2013-Fig8b_true-termination.c_general_out",1.30,1.39,"Datasets/Loopy_dataset_InvarBenchmark/termination/tpdb/C_Integer/Stroeder_15/CookSeeZuleger-TACAS2013-Fig8b_true-termination.c"
"LeikeHeizmann-TACAS2014-Ex1_true-termination.c",YES,"","None","Results/CPA_Outputs/Loopy_dataset_InvarBenchmark/LeikeHeizmann-TACAS2014-Ex1_true-termination.c_lasso_out",YES,"","None","Results/CPA_Outputs/Loopy_dataset_InvarBenchmark/LeikeHeizmann-TACAS2014-Ex1_true-termination.c_general_out",1.57,1.95,"Datasets/Loopy_dataset_InvarBenchmark/termination/tpdb/C_Integer/Stroeder_15/LeikeHeizmann-TACAS2014-Ex1_true-termination.c"
"LeikeHeizmann-TACAS2014-Ex9_true-termination.c",YES,"","None","Results/CPA_Outputs/Loopy_dataset_InvarBenchmark/LeikeHeizmann-TACAS2014-Ex9_true-termination.c_lasso_out",YES,"","None","Results/CPA_Outputs/Loopy_dataset_InvarBenchmark/LeikeHeizmann-TACAS2014-Ex9_true-termination.c_general_out",1.33,1.43,"Datasets/Loopy_dataset_InvarBenchmark/termination/tpdb/C_Integer/Stroeder_15/LeikeHeizmann-TACAS2014-Ex9_true-termination.c"
"BradleyMannaSipma-ICALP2005-Fig1_true-termination.c",YES,"","None","Results/CPA_Outputs/Loopy_dataset_InvarBenchmark/BradleyMannaSipma-ICALP2005-Fig1_true-termination.c_lasso_out",YES,"","None","Results/CPA_Outputs/Loopy_dataset_InvarBenchmark/BradleyMannaSipma-ICALP2005-Fig1_true-termination.c_general_out",1.68,2.03,"Datasets/Loopy_dataset_InvarBenchmark/termination/tpdb/C_Integer/Stroeder_15/BradleyMannaSipma-ICALP2005-Fig1_true-termination.c"
"svcomp_b.01.c",YES,"","None","Results/CPA_Outputs/Loopy_dataset_InvarBenchmark/svcomp_b.01.c_lasso_out",YES,"","None","Results/CPA_Outputs/Loopy_dataset_InvarBenchmark/svcomp_b.01.c_general_out",1.27,1.38,"Datasets/Loopy_dataset_InvarBenchmark/termination/tpdb/C_Integer/Stroeder_15/svcomp_b.01.c"
"svcomp_b.09_assume.c",YES,"","None","Results/CPA_Outputs/Loopy_dataset_InvarBenchmark/svcomp_b.09_assume.c_lasso_out",YES,"","None","Results/CPA_Outputs/Loopy_dataset_InvarBenchmark/svcomp_b.09_assume.c_general_out",1.60,1.97,"Datasets/Loopy_dataset_InvarBenchmark/termination/tpdb/C_Integer/Stroeder_15/svcomp_b.09_assume.c"
"AliasDarteFeautrierGonnord-SAS2010-speedpldi4_true-termination.c",YES,"","None","Results/CPA_Outputs/Loopy_dataset_InvarBenchmark/AliasDarteFeautrierGonnord-SAS2010-speedpldi4_true-termination.c_lasso_out",YES,"","None","Results/CPA_Outputs/Loopy_dataset_InvarBenchmark/AliasDarteFeautrierGonnord-SAS2010-speedpldi4_true-termination.c_general_out",1.30,1.39,"Datasets/Loopy_dataset_InvarBenchmark/termination/tpdb/C_Integer/Stroeder_15/AliasDarteFeautrierGonnord-SAS2010-speedpldi4_true-termination.c"
"LeikeHeizmann-TACAS2014-Ex8_true-termination.c",MAYBE,"","None","Results/CPA_Outputs/Loopy_dataset_InvarBenchmark/LeikeHeizmann-TACAS2014-Ex8_true-termination.c_lasso_out",MAYBE,"","None","Results/CPA_Outputs/Loopy_dataset_InvarBenchmark/LeikeHeizmann-TACAS2014-Ex8_true-termination.c_general_out",1.49,261.15,"Datasets/Loopy_dataset_InvarBenchmark/termination/tpdb/C_Integer/Stroeder_15/LeikeHeizmann-TACAS2014-Ex8_true-termination.c"
"ChawdharyCookGulwaniSagivYang-ESOP2008-aaron4_true-termination.c",YES,"","None","Results/CPA_Outputs/Loopy_dataset_InvarBenchmark/ChawdharyCookGulwaniSagivYang-ESOP2008-aaron4_true-termination.c_lasso_out",YES,"","None","Results/CPA_Outputs/Loopy_dataset_InvarBenchmark/ChawdharyCookGulwaniSagivYang-ESOP2008-aaron4_true-termination.c_general_out",1.33,1.47,"Datasets/Loopy_dataset_InvarBenchmark/termination/tpdb/C_Integer/Stroeder_15/ChawdharyCookGulwaniSagivYang-ESOP2008-aaron4_true-termination.c"
"BradleyMannaSipma-CAV2005-Fig1_true-termination.c",YES,"","None","Results/CPA_Outputs/Loopy_dataset_InvarBenchmark/BradleyMannaSipma-CAV2005-Fig1_true-termination.c_lasso_out",YES,"","None","Results/CPA_Outputs/Loopy_dataset_InvarBenchmark/BradleyMannaSipma-CAV2005-Fig1_true-termination.c_general_out",1.31,1.39,"Datasets/Loopy_dataset_InvarBenchmark/termination/tpdb/C_Integer/Stroeder_15/BradleyMannaSipma-CAV2005-Fig1_true-termination.c"
"ChawdharyCookGulwaniSagivYang-ESOP2008-aaron1_true-termination.c",YES,"","None","Results/CPA_Outputs/Loopy_dataset_InvarBenchmark/ChawdharyCookGulwaniSagivYang-ESOP2008-aaron1_true-termination.c_lasso_out",YES,"","None","Results/CPA_Outputs/Loopy_dataset_InvarBenchmark/ChawdharyCookGulwaniSagivYang-ESOP2008-aaron1_true-termination.c_general_out",1.95,2.38,"Datasets/Loopy_dataset_InvarBenchmark/termination/tpdb/C_Integer/Stroeder_15/ChawdharyCookGulwaniSagivYang-ESOP2008-aaron1_true-termination.c"
"svcomp_b.02.c",YES,"","None","Results/CPA_Outputs/Loopy_dataset_InvarBenchmark/svcomp_b.02.c_lasso_out",YES,"","None","Results/CPA_Outputs/Loopy_dataset_InvarBenchmark/svcomp_b.02.c_general_out",1.30,1.42,"Datasets/Loopy_dataset_InvarBenchmark/termination/tpdb/C_Integer/Stroeder_15/svcomp_b.02.c"
"Gothenburg_true-termination.c",MAYBE,"","None","Results/CPA_Outputs/Loopy_dataset_InvarBenchmark/Gothenburg_true-termination.c_lasso_out",MAYBE,"","None","Results/CPA_Outputs/Loopy_dataset_InvarBenchmark/Gothenburg_true-termination.c_general_out",291.27,146.32,"Datasets/Loopy_dataset_InvarBenchmark/termination/tpdb/C_Integer/Stroeder_15/Gothenburg_true-termination.c"
"GulavaniGulwani-CAV2008-Fig1c_true-termination.c",YES,"","None","Results/CPA_Outputs/Loopy_dataset_InvarBenchmark/GulavaniGulwani-CAV2008-Fig1c_true-termination.c_lasso_out",YES,"","None","Results/CPA_Outputs/Loopy_dataset_InvarBenchmark/GulavaniGulwani-CAV2008-Fig1c_true-termination.c_general_out",1.29,1.41,"Datasets/Loopy_dataset_InvarBenchmark/termination/tpdb/C_Integer/Stroeder_15/GulavaniGulwani-CAV2008-Fig1c_true-termination.c"
"ChenFlurMukhopadhyay-SAS2012-Ex2.08_true-termination.c",YES,"","None","Results/CPA_Outputs/Loopy_dataset_InvarBenchmark/ChenFlurMukhopadhyay-SAS2012-Ex2.08_true-termination.c_lasso_out",YES,"","None","Results/CPA_Outputs/Loopy_dataset_InvarBenchmark/ChenFlurMukhopadhyay-SAS2012-Ex2.08_true-termination.c_general_out",1.60,2.01,"Datasets/Loopy_dataset_InvarBenchmark/termination/tpdb/C_Integer/Stroeder_15/ChenFlurMukhopadhyay-SAS2012-Ex2.08_true-termination.c"
"PastaC7.c",YES,"","None","Results/CPA_Outputs/Loopy_dataset_InvarBenchmark/PastaC7.c_lasso_out",YES,"","None","Results/CPA_Outputs/Loopy_dataset_InvarBenchmark/PastaC7.c_general_out",1.72,1.96,"Datasets/Loopy_dataset_InvarBenchmark/termination/tpdb/C_Integer/Stroeder_15/PastaC7.c"
"ChenFlurMukhopadhyay-SAS2012-Fig1_true-termination.c",YES,"","None","Results/CPA_Outputs/Loopy_dataset_InvarBenchmark/ChenFlurMukhopadhyay-SAS2012-Fig1_true-termination.c_lasso_out",YES,"","None","Results/CPA_Outputs/Loopy_dataset_InvarBenchmark/ChenFlurMukhopadhyay-SAS2012-Fig1_true-termination.c_general_out",9.22,9.54,"Datasets/Loopy_dataset_InvarBenchmark/termination/tpdb/C_Integer/Stroeder_15/ChenFlurMukhopadhyay-SAS2012-Fig1_true-termination.c"
"McCarthyIterative.c",YES,"","None","Results/CPA_Outputs/Loopy_dataset_InvarBenchmark/McCarthyIterative.c_lasso_out",YES,"","None","Results/CPA_Outputs/Loopy_dataset_InvarBenchmark/McCarthyIterative.c_general_out",5.31,5.33,"Datasets/Loopy_dataset_InvarBenchmark/termination/tpdb/C_Integer/Stroeder_15/McCarthyIterative.c"
"Thun_true-termination.c",YES,"","None","Results/CPA_Outputs/Loopy_dataset_InvarBenchmark/Thun_true-termination.c_lasso_out",YES,"","None","Results/CPA_Outputs/Loopy_dataset_InvarBenchmark/Thun_true-termination.c_general_out",1.67,1.70,"Datasets/Loopy_dataset_InvarBenchmark/termination/tpdb/C_Integer/Stroeder_15/Thun_true-termination.c"
"TelAviv-Amir-Minimum_true-termination.c",YES,"","None","Results/CPA_Outputs/Loopy_dataset_InvarBenchmark/TelAviv-Amir-Minimum_true-termination.c_lasso_out",YES,"","None","Results/CPA_Outputs/Loopy_dataset_InvarBenchmark/TelAviv-Amir-Minimum_true-termination.c_general_out",1.65,2.02,"Datasets/Loopy_dataset_InvarBenchmark/termination/tpdb/C_Integer/Stroeder_15/TelAviv-Amir-Minimum_true-termination.c"
"PastaC9.c",YES,"","None","Results/CPA_Outputs/Loopy_dataset_InvarBenchmark/PastaC9.c_lasso_out",YES,"","None","Results/CPA_Outputs/Loopy_dataset_InvarBenchmark/PastaC9.c_general_out",1.94,2.30,"Datasets/Loopy_dataset_InvarBenchmark/termination/tpdb/C_Integer/Stroeder_15/PastaC9.c"
"ChenFlurMukhopadhyay-SAS2012-Ex2.18_true-termination.c",YES,"","None","Results/CPA_Outputs/Loopy_dataset_InvarBenchmark/ChenFlurMukhopadhyay-SAS2012-Ex2.18_true-termination.c_lasso_out",YES,"","None","Results/CPA_Outputs/Loopy_dataset_InvarBenchmark/ChenFlurMukhopadhyay-SAS2012-Ex2.18_true-termination.c_general_out",1.68,1.73,"Datasets/Loopy_dataset_InvarBenchmark/termination/tpdb/C_Integer/Stroeder_15/ChenFlurMukhopadhyay-SAS2012-Ex2.18_true-termination.c"
"PastaC3.c",YES,"","None","Results/CPA_Outputs/Loopy_dataset_InvarBenchmark/PastaC3.c_lasso_out",YES,"","None","Results/CPA_Outputs/Loopy_dataset_InvarBenchmark/PastaC3.c_general_out",1.33,1.40,"Datasets/Loopy_dataset_InvarBenchmark/termination/tpdb/C_Integer/Stroeder_15/PastaC3.c"
"4NestedWith3Variables_true-termination.c",MAYBE,"","None","Results/CPA_Outputs/Loopy_dataset_InvarBenchmark/4NestedWith3Variables_true-termination.c_lasso_out",MAYBE,"","None","Results/CPA_Outputs/Loopy_dataset_InvarBenchmark/4NestedWith3Variables_true-termination.c_general_out",1.95,294.07,"Datasets/Loopy_dataset_InvarBenchmark/termination/tpdb/C_Integer/Stroeder_15/4NestedWith3Variables_true-termination.c"
"LogMult.c",MAYBE,"","None","Results/CPA_Outputs/Loopy_dataset_InvarBenchmark/LogMult.c_lasso_out",NO,"","None","Results/CPA_Outputs/Loopy_dataset_InvarBenchmark/LogMult.c_general_out",1.68,1.67,"Datasets/Loopy_dataset_InvarBenchmark/termination/tpdb/C_Integer/Stroeder_15/LogMult.c"
"svcomp_flag.c",MAYBE,"","None","Results/CPA_Outputs/Loopy_dataset_InvarBenchmark/svcomp_flag.c_lasso_out",MAYBE,"","None","Results/CPA_Outputs/Loopy_dataset_InvarBenchmark/svcomp_flag.c_general_out",1.60,264.41,"Datasets/Loopy_dataset_InvarBenchmark/termination/tpdb/C_Integer/Stroeder_15/svcomp_flag.c"
"ChenFlurMukhopadhyay-SAS2012-Ex2.22_true-termination.c",MAYBE,"","None","Results/CPA_Outputs/Loopy_dataset_InvarBenchmark/ChenFlurMukhopadhyay-SAS2012-Ex2.22_true-termination.c_lasso_out",NO,"","None","Results/CPA_Outputs/Loopy_dataset_InvarBenchmark/ChenFlurMukhopadhyay-SAS2012-Ex2.22_true-termination.c_general_out",1.54,1.44,"Datasets/Loopy_dataset_InvarBenchmark/termination/tpdb/C_Integer/Stroeder_15/ChenFlurMukhopadhyay-SAS2012-Ex2.22_true-termination.c"
"ChenFlurMukhopadhyay-SAS2012-Ex3.01_true-termination.c",YES,"","None","Results/CPA_Outputs/Loopy_dataset_InvarBenchmark/ChenFlurMukhopadhyay-SAS2012-Ex3.01_true-termination.c_lasso_out",YES,"","None","Results/CPA_Outputs/Loopy_dataset_InvarBenchmark/ChenFlurMukhopadhyay-SAS2012-Ex3.01_true-termination.c_general_out",1.28,1.42,"Datasets/Loopy_dataset_InvarBenchmark/termination/tpdb/C_Integer/Stroeder_15/ChenFlurMukhopadhyay-SAS2012-Ex3.01_true-termination.c"
"svcomp_a.05.c",YES,"","None","Results/CPA_Outputs/Loopy_dataset_InvarBenchmark/svcomp_a.05.c_lasso_out",YES,"","None","Results/CPA_Outputs/Loopy_dataset_InvarBenchmark/svcomp_a.05.c_general_out",1.31,1.43,"Datasets/Loopy_dataset_InvarBenchmark/termination/tpdb/C_Integer/Stroeder_15/svcomp_a.05.c"
"ChenFlurMukhopadhyay-SAS2012-Ex3.03_true-termination.c",YES,"","None","Results/CPA_Outputs/Loopy_dataset_InvarBenchmark/ChenFlurMukhopadhyay-SAS2012-Ex3.03_true-termination.c_lasso_out",YES,"","None","Results/CPA_Outputs/Loopy_dataset_InvarBenchmark/ChenFlurMukhopadhyay-SAS2012-Ex3.03_true-termination.c_general_out",3.58,3.61,"Datasets/Loopy_dataset_InvarBenchmark/termination/tpdb/C_Integer/Stroeder_15/ChenFlurMukhopadhyay-SAS2012-Ex3.03_true-termination.c"
"PastaA10.c",YES,"","None","Results/CPA_Outputs/Loopy_dataset_InvarBenchmark/PastaA10.c_lasso_out",YES,"","None","Results/CPA_Outputs/Loopy_dataset_InvarBenchmark/PastaA10.c_general_out",1.38,1.47,"Datasets/Loopy_dataset_InvarBenchmark/termination/tpdb/C_Integer/Stroeder_15/PastaA10.c"
"ChenFlurMukhopadhyay-SAS2012-Ex2.01_true-termination.c",YES,"","None","Results/CPA_Outputs/Loopy_dataset_InvarBenchmark/ChenFlurMukhopadhyay-SAS2012-Ex2.01_true-termination.c_lasso_out",YES,"","None","Results/CPA_Outputs/Loopy_dataset_InvarBenchmark/ChenFlurMukhopadhyay-SAS2012-Ex2.01_true-termination.c_general_out",1.84,2.25,"Datasets/Loopy_dataset_InvarBenchmark/termination/tpdb/C_Integer/Stroeder_15/ChenFlurMukhopadhyay-SAS2012-Ex2.01_true-termination.c"
"ChenFlurMukhopadhyay-SAS2012-Ex3.04_true-termination.c",YES,"","None","Results/CPA_Outputs/Loopy_dataset_InvarBenchmark/ChenFlurMukhopadhyay-SAS2012-Ex3.04_true-termination.c_lasso_out",YES,"","None","Results/CPA_Outputs/Loopy_dataset_InvarBenchmark/ChenFlurMukhopadhyay-SAS2012-Ex3.04_true-termination.c_general_out",1.86,2.21,"Datasets/Loopy_dataset_InvarBenchmark/termination/tpdb/C_Integer/Stroeder_15/ChenFlurMukhopadhyay-SAS2012-Ex3.04_true-termination.c"
"CookSeeZuleger-TACAS2013-Fig7a_true-termination.c",YES,"","None","Results/CPA_Outputs/Loopy_dataset_InvarBenchmark/CookSeeZuleger-TACAS2013-Fig7a_true-termination.c_lasso_out",YES,"","None","Results/CPA_Outputs/Loopy_dataset_InvarBenchmark/CookSeeZuleger-TACAS2013-Fig7a_true-termination.c_general_out",1.67,1.99,"Datasets/Loopy_dataset_InvarBenchmark/termination/tpdb/C_Integer/Stroeder_15/CookSeeZuleger-TACAS2013-Fig7a_true-termination.c"
"IntPath.c",YES,"","None","Results/CPA_Outputs/Loopy_dataset_InvarBenchmark/IntPath.c_lasso_out",YES,"","None","Results/CPA_Outputs/Loopy_dataset_InvarBenchmark/IntPath.c_general_out",1.30,1.38,"Datasets/Loopy_dataset_InvarBenchmark/termination/tpdb/C_Integer/Stroeder_15/IntPath.c"
"CookSeeZuleger-TACAS2013-Fig1_true-termination.c",YES,"","None","Results/CPA_Outputs/Loopy_dataset_InvarBenchmark/CookSeeZuleger-TACAS2013-Fig1_true-termination.c_lasso_out",YES,"","None","Results/CPA_Outputs/Loopy_dataset_InvarBenchmark/CookSeeZuleger-TACAS2013-Fig1_true-termination.c_general_out",1.62,1.99,"Datasets/Loopy_dataset_InvarBenchmark/termination/tpdb/C_Integer/Stroeder_15/CookSeeZuleger-TACAS2013-Fig1_true-termination.c"
"ChenFlurMukhopadhyay-SAS2012-Ex2.07_true-termination.c",YES,"","None","Results/CPA_Outputs/Loopy_dataset_InvarBenchmark/ChenFlurMukhopadhyay-SAS2012-Ex2.07_true-termination.c_lasso_out",YES,"","None","Results/CPA_Outputs/Loopy_dataset_InvarBenchmark/ChenFlurMukhopadhyay-SAS2012-Ex2.07_true-termination.c_general_out",1.29,1.43,"Datasets/Loopy_dataset_InvarBenchmark/termination/tpdb/C_Integer/Stroeder_15/ChenFlurMukhopadhyay-SAS2012-Ex2.07_true-termination.c"
"svcomp_java_Break.c",YES,"","None","Results/CPA_Outputs/Loopy_dataset_InvarBenchmark/svcomp_java_Break.c_lasso_out",YES,"","None","Results/CPA_Outputs/Loopy_dataset_InvarBenchmark/svcomp_java_Break.c_general_out",1.62,1.44,"Datasets/Loopy_dataset_InvarBenchmark/termination/tpdb/C_Integer/Stroeder_15/svcomp_java_Break.c"
"PastaB4.c",YES,"","None","Results/CPA_Outputs/Loopy_dataset_InvarBenchmark/PastaB4.c_lasso_out",YES,"","None","Results/CPA_Outputs/Loopy_dataset_InvarBenchmark/PastaB4.c_general_out",1.28,1.38,"Datasets/Loopy_dataset_InvarBenchmark/termination/tpdb/C_Integer/Stroeder_15/PastaB4.c"
"Piecewise_true-termination.c",YES,"","None","Results/CPA_Outputs/Loopy_dataset_InvarBenchmark/Piecewise_true-termination.c_lasso_out",YES,"","None","Results/CPA_Outputs/Loopy_dataset_InvarBenchmark/Piecewise_true-termination.c_general_out",1.32,1.44,"Datasets/Loopy_dataset_InvarBenchmark/termination/tpdb/C_Integer/Stroeder_15/Piecewise_true-termination.c"
"HeizmannHoenickeLeikePodelski-ATVA2013-Fig6_true-termination.c",YES,"","None","Results/CPA_Outputs/Loopy_dataset_InvarBenchmark/HeizmannHoenickeLeikePodelski-ATVA2013-Fig6_true-termination.c_lasso_out",YES,"","None","Results/CPA_Outputs/Loopy_dataset_InvarBenchmark/HeizmannHoenickeLeikePodelski-ATVA2013-Fig6_true-termination.c_general_out",1.62,1.63,"Datasets/Loopy_dataset_InvarBenchmark/termination/tpdb/C_Integer/Stroeder_15/HeizmannHoenickeLeikePodelski-ATVA2013-Fig6_true-termination.c"
"Et1.c",YES,"","None","Results/CPA_Outputs/Loopy_dataset_InvarBenchmark/Et1.c_lasso_out",YES,"","None","Results/CPA_Outputs/Loopy_dataset_InvarBenchmark/Et1.c_general_out",1.27,1.43,"Datasets/Loopy_dataset_InvarBenchmark/termination/tpdb/C_Integer/Stroeder_15/Et1.c"
"svcomp_ex1.c",YES,"","None","Results/CPA_Outputs/Loopy_dataset_InvarBenchmark/svcomp_ex1.c_lasso_out",YES,"","None","Results/CPA_Outputs/Loopy_dataset_InvarBenchmark/svcomp_ex1.c_general_out",1.54,1.89,"Datasets/Loopy_dataset_InvarBenchmark/termination/tpdb/C_Integer/Stroeder_15/svcomp_ex1.c"
"AliasDarteFeautrierGonnord-SAS2010-speedFails4_true-termination.c",YES,"","None","Results/CPA_Outputs/Loopy_dataset_InvarBenchmark/AliasDarteFeautrierGonnord-SAS2010-speedFails4_true-termination.c_lasso_out",YES,"","None","Results/CPA_Outputs/Loopy_dataset_InvarBenchmark/AliasDarteFeautrierGonnord-SAS2010-speedFails4_true-termination.c_general_out",2.70,2.83,"Datasets/Loopy_dataset_InvarBenchmark/termination/tpdb/C_Integer/Stroeder_15/AliasDarteFeautrierGonnord-SAS2010-speedFails4_true-termination.c"
"svcomp_easySum.c",YES,"","None","Results/CPA_Outputs/Loopy_dataset_InvarBenchmark/svcomp_easySum.c_lasso_out",YES,"","None","Results/CPA_Outputs/Loopy_dataset_InvarBenchmark/svcomp_easySum.c_general_out",1.54,1.96,"Datasets/Loopy_dataset_InvarBenchmark/termination/tpdb/C_Integer/Stroeder_15/svcomp_easySum.c"
"ChenFlurMukhopadhyay-SAS2012-Ex2.09_true-termination.c",YES,"","None","Results/CPA_Outputs/Loopy_dataset_InvarBenchmark/ChenFlurMukhopadhyay-SAS2012-Ex2.09_true-termination.c_lasso_out",YES,"","None","Results/CPA_Outputs/Loopy_dataset_InvarBenchmark/ChenFlurMukhopadhyay-SAS2012-Ex2.09_true-termination.c_general_out",1.30,1.43,"Datasets/Loopy_dataset_InvarBenchmark/termination/tpdb/C_Integer/Stroeder_15/ChenFlurMukhopadhyay-SAS2012-Ex2.09_true-termination.c"
"MirrorInterv.c",NO,"","None","Results/CPA_Outputs/Loopy_dataset_InvarBenchmark/MirrorInterv.c_lasso_out",NO,"","None","Results/CPA_Outputs/Loopy_dataset_InvarBenchmark/MirrorInterv.c_general_out",1.58,1.95,"Datasets/Loopy_dataset_InvarBenchmark/termination/tpdb/C_Integer/Stroeder_15/MirrorInterv.c"
"svcomp_b.04.c",YES,"","None","Results/CPA_Outputs/Loopy_dataset_InvarBenchmark/svcomp_b.04.c_lasso_out",YES,"","None","Results/CPA_Outputs/Loopy_dataset_InvarBenchmark/svcomp_b.04.c_general_out",1.31,1.40,"Datasets/Loopy_dataset_InvarBenchmark/termination/tpdb/C_Integer/Stroeder_15/svcomp_b.04.c"
"GopanReps-CAV2006-Fig1a_true-termination.c.c",MAYBE,"","None","Results/CPA_Outputs/Loopy_dataset_InvarBenchmark/GopanReps-CAV2006-Fig1a_true-termination.c.c_lasso_out",YES,"","None","Results/CPA_Outputs/Loopy_dataset_InvarBenchmark/GopanReps-CAV2006-Fig1a_true-termination.c.c_general_out",287.34,1.93,"Datasets/Loopy_dataset_InvarBenchmark/termination/tpdb/C_Integer/Stroeder_15/GopanReps-CAV2006-Fig1a_true-termination.c.c"
"svcomp_ex2.c",YES,"","None","Results/CPA_Outputs/Loopy_dataset_InvarBenchmark/svcomp_ex2.c_lasso_out",YES,"","None","Results/CPA_Outputs/Loopy_dataset_InvarBenchmark/svcomp_ex2.c_general_out",1.35,1.42,"Datasets/Loopy_dataset_InvarBenchmark/termination/tpdb/C_Integer/Stroeder_15/svcomp_ex2.c"
"GulavaniGulwani-CAV2008-Fig1a_true-termination.c",YES,"","None","Results/CPA_Outputs/Loopy_dataset_InvarBenchmark/GulavaniGulwani-CAV2008-Fig1a_true-termination.c_lasso_out",YES,"","None","Results/CPA_Outputs/Loopy_dataset_InvarBenchmark/GulavaniGulwani-CAV2008-Fig1a_true-termination.c_general_out",1.29,1.40,"Datasets/Loopy_dataset_InvarBenchmark/termination/tpdb/C_Integer/Stroeder_15/GulavaniGulwani-CAV2008-Fig1a_true-termination.c"
"svcomp_ex3a.c",NO,"","None","Results/CPA_Outputs/Loopy_dataset_InvarBenchmark/svcomp_ex3a.c_lasso_out",MAYBE,"","None","Results/CPA_Outputs/Loopy_dataset_InvarBenchmark/svcomp_ex3a.c_general_out",1.44,259.89,"Datasets/Loopy_dataset_InvarBenchmark/termination/tpdb/C_Integer/Stroeder_15/svcomp_ex3a.c"
"HeizmannHoenickeLeikePodelski-ATVA2013-Fig9_true-termination.c",YES,"","None","Results/CPA_Outputs/Loopy_dataset_InvarBenchmark/HeizmannHoenickeLeikePodelski-ATVA2013-Fig9_true-termination.c_lasso_out",YES,"","None","Results/CPA_Outputs/Loopy_dataset_InvarBenchmark/HeizmannHoenickeLeikePodelski-ATVA2013-Fig9_true-termination.c_general_out",1.62,1.98,"Datasets/Loopy_dataset_InvarBenchmark/termination/tpdb/C_Integer/Stroeder_15/HeizmannHoenickeLeikePodelski-ATVA2013-Fig9_true-termination.c"
"PastaA7.c",YES,"","None","Results/CPA_Outputs/Loopy_dataset_InvarBenchmark/PastaA7.c_lasso_out",YES,"","None","Results/CPA_Outputs/Loopy_dataset_InvarBenchmark/PastaA7.c_general_out",1.28,1.42,"Datasets/Loopy_dataset_InvarBenchmark/termination/tpdb/C_Integer/Stroeder_15/PastaA7.c"
"Benghazi_true-termination.c",YES,"","None","Results/CPA_Outputs/Loopy_dataset_InvarBenchmark/Benghazi_true-termination.c_lasso_out",YES,"","None","Results/CPA_Outputs/Loopy_dataset_InvarBenchmark/Benghazi_true-termination.c_general_out",1.81,2.18,"Datasets/Loopy_dataset_InvarBenchmark/termination/tpdb/C_Integer/Stroeder_15/Benghazi_true-termination.c"
"AliasDarteFeautrierGonnord-SAS2010-counterex1a_true-termination.c",YES,"","None","Results/CPA_Outputs/Loopy_dataset_InvarBenchmark/AliasDarteFeautrierGonnord-SAS2010-counterex1a_true-termination.c_lasso_out",YES,"","None","Results/CPA_Outputs/Loopy_dataset_InvarBenchmark/AliasDarteFeautrierGonnord-SAS2010-counterex1a_true-termination.c_general_out",4.92,5.04,"Datasets/Loopy_dataset_InvarBenchmark/termination/tpdb/C_Integer/Stroeder_15/AliasDarteFeautrierGonnord-SAS2010-counterex1a_true-termination.c"
"Waldkirch_true-termination.c",YES,"","None","Results/CPA_Outputs/Loopy_dataset_InvarBenchmark/Waldkirch_true-termination.c_lasso_out",YES,"","None","Results/CPA_Outputs/Loopy_dataset_InvarBenchmark/Waldkirch_true-termination.c_general_out",1.52,1.35,"Datasets/Loopy_dataset_InvarBenchmark/termination/tpdb/C_Integer/Stroeder_15/Waldkirch_true-termination.c"
"easy2_true-termination.c",YES,"","None","Results/CPA_Outputs/Loopy_dataset_InvarBenchmark/easy2_true-termination.c_lasso_out",YES,"","None","Results/CPA_Outputs/Loopy_dataset_InvarBenchmark/easy2_true-termination.c_general_out",1.58,1.95,"Datasets/Loopy_dataset_InvarBenchmark/termination/tpdb/C_Integer/Stroeder_15/easy2_true-termination.c"
"HeizmannHoenickeLeikePodelski-ATVA2013-Fig4_true-termination.c",YES,"","None","Results/CPA_Outputs/Loopy_dataset_InvarBenchmark/HeizmannHoenickeLeikePodelski-ATVA2013-Fig4_true-termination.c_lasso_out",YES,"","None","Results/CPA_Outputs/Loopy_dataset_InvarBenchmark/HeizmannHoenickeLeikePodelski-ATVA2013-Fig4_true-termination.c_general_out",1.59,1.88,"Datasets/Loopy_dataset_InvarBenchmark/termination/tpdb/C_Integer/Stroeder_15/HeizmannHoenickeLeikePodelski-ATVA2013-Fig4_true-termination.c"
"aaron3_true-termination.c",YES,"","None","Results/CPA_Outputs/Loopy_dataset_InvarBenchmark/aaron3_true-termination.c_lasso_out",YES,"","None","Results/CPA_Outputs/Loopy_dataset_InvarBenchmark/aaron3_true-termination.c_general_out",1.97,2.35,"Datasets/Loopy_dataset_InvarBenchmark/termination/tpdb/C_Integer/Stroeder_15/aaron3_true-termination.c"
"svcomp_b.12.c",YES,"","None","Results/CPA_Outputs/Loopy_dataset_InvarBenchmark/svcomp_b.12.c_lasso_out",YES,"","None","Results/CPA_Outputs/Loopy_dataset_InvarBenchmark/svcomp_b.12.c_general_out",22.77,23.72,"Datasets/Loopy_dataset_InvarBenchmark/termination/tpdb/C_Integer/Stroeder_15/svcomp_b.12.c"
"svcomp_java_AG313.c",MAYBE,"","None","Results/CPA_Outputs/Loopy_dataset_InvarBenchmark/svcomp_java_AG313.c_lasso_out",MAYBE,"","None","Results/CPA_Outputs/Loopy_dataset_InvarBenchmark/svcomp_java_AG313.c_general_out",1.55,262.31,"Datasets/Loopy_dataset_InvarBenchmark/termination/tpdb/C_Integer/Stroeder_15/svcomp_java_AG313.c"
"MenloPark_true-termination.c",YES,"","None","Results/CPA_Outputs/Loopy_dataset_InvarBenchmark/MenloPark_true-termination.c_lasso_out",YES,"","None","Results/CPA_Outputs/Loopy_dataset_InvarBenchmark/MenloPark_true-termination.c_general_out",1.84,2.24,"Datasets/Loopy_dataset_InvarBenchmark/termination/tpdb/C_Integer/Stroeder_15/MenloPark_true-termination.c"
"AliasDarteFeautrierGonnord-SAS2010-cousot9_true-termination.c",YES,"","None","Results/CPA_Outputs/Loopy_dataset_InvarBenchmark/AliasDarteFeautrierGonnord-SAS2010-cousot9_true-termination.c_lasso_out",YES,"","None","Results/CPA_Outputs/Loopy_dataset_InvarBenchmark/AliasDarteFeautrierGonnord-SAS2010-cousot9_true-termination.c_general_out",1.84,2.17,"Datasets/Loopy_dataset_InvarBenchmark/termination/tpdb/C_Integer/Stroeder_15/AliasDarteFeautrierGonnord-SAS2010-cousot9_true-termination.c"
"Stockholm_true-termination.c",YES,"","None","Results/CPA_Outputs/Loopy_dataset_InvarBenchmark/Stockholm_true-termination.c_lasso_out",YES,"","None","Results/CPA_Outputs/Loopy_dataset_InvarBenchmark/Stockholm_true-termination.c_general_out",1.63,1.60,"Datasets/Loopy_dataset_InvarBenchmark/termination/tpdb/C_Integer/Stroeder_15/Stockholm_true-termination.c"
"WhileDecr.c",YES,"","None","Results/CPA_Outputs/Loopy_dataset_InvarBenchmark/WhileDecr.c_lasso_out",YES,"","None","Results/CPA_Outputs/Loopy_dataset_InvarBenchmark/WhileDecr.c_general_out",1.52,1.56,"Datasets/Loopy_dataset_InvarBenchmark/termination/tpdb/C_Integer/Stroeder_15/WhileDecr.c"
"HeizmannHoenickeLeikePodelski-ATVA2013-Fig1_true-termination.c",YES,"","None","Results/CPA_Outputs/Loopy_dataset_InvarBenchmark/HeizmannHoenickeLeikePodelski-ATVA2013-Fig1_true-termination.c_lasso_out",YES,"","None","Results/CPA_Outputs/Loopy_dataset_InvarBenchmark/HeizmannHoenickeLeikePodelski-ATVA2013-Fig1_true-termination.c_general_out",1.57,1.93,"Datasets/Loopy_dataset_InvarBenchmark/termination/tpdb/C_Integer/Stroeder_15/HeizmannHoenickeLeikePodelski-ATVA2013-Fig1_true-termination.c"
"PodelskiRybalchenko-VMCAI2004-Ex2_true-termination.c",MAYBE,"","None","Results/CPA_Outputs/Loopy_dataset_InvarBenchmark/PodelskiRybalchenko-VMCAI2004-Ex2_true-termination.c_lasso_out",MAYBE,"","None","Results/CPA_Outputs/Loopy_dataset_InvarBenchmark/PodelskiRybalchenko-VMCAI2004-Ex2_true-termination.c_general_out",1.41,290.42,"Datasets/Loopy_dataset_InvarBenchmark/termination/tpdb/C_Integer/Stroeder_15/PodelskiRybalchenko-VMCAI2004-Ex2_true-termination.c"
"CookSeeZuleger-TACAS2013-Fig8a-modified_true-termination.c",YES,"","None","Results/CPA_Outputs/Loopy_dataset_InvarBenchmark/CookSeeZuleger-TACAS2013-Fig8a-modified_true-termination.c_lasso_out",YES,"","None","Results/CPA_Outputs/Loopy_dataset_InvarBenchmark/CookSeeZuleger-TACAS2013-Fig8a-modified_true-termination.c_general_out",1.28,1.39,"Datasets/Loopy_dataset_InvarBenchmark/termination/tpdb/C_Integer/Stroeder_15/CookSeeZuleger-TACAS2013-Fig8a-modified_true-termination.c"
"PlusSwap.c",YES,"","None","Results/CPA_Outputs/Loopy_dataset_InvarBenchmark/PlusSwap.c_lasso_out",YES,"","None","Results/CPA_Outputs/Loopy_dataset_InvarBenchmark/PlusSwap.c_general_out",1.70,2.04,"Datasets/Loopy_dataset_InvarBenchmark/termination/tpdb/C_Integer/Stroeder_15/PlusSwap.c"
"Copenhagen_true-termination.c",YES,"","None","Results/CPA_Outputs/Loopy_dataset_InvarBenchmark/Copenhagen_true-termination.c_lasso_out",YES,"","None","Results/CPA_Outputs/Loopy_dataset_InvarBenchmark/Copenhagen_true-termination.c_general_out",1.54,1.94,"Datasets/Loopy_dataset_InvarBenchmark/termination/tpdb/C_Integer/Stroeder_15/Copenhagen_true-termination.c"
"svcomp_java_Continue1.c",YES,"","None","Results/CPA_Outputs/Loopy_dataset_InvarBenchmark/svcomp_java_Continue1.c_lasso_out",YES,"","None","Results/CPA_Outputs/Loopy_dataset_InvarBenchmark/svcomp_java_Continue1.c_general_out",3.56,1.46,"Datasets/Loopy_dataset_InvarBenchmark/termination/tpdb/C/AProVE_numeric/svcomp_java_Continue1.c"
"svcomp_java_Break.c",YES,"","None","Results/CPA_Outputs/Loopy_dataset_InvarBenchmark/svcomp_java_Break.c_lasso_out",YES,"","None","Results/CPA_Outputs/Loopy_dataset_InvarBenchmark/svcomp_java_Break.c_general_out",3.97,1.42,"Datasets/Loopy_dataset_InvarBenchmark/termination/tpdb/C/AProVE_numeric/svcomp_java_Break.c"
"Bangalore_true-termination.c",YES,"","None","Results/CPA_Outputs/Loopy_dataset_InvarBenchmark/Bangalore_true-termination.c_lasso_out",YES,"","None","Results/CPA_Outputs/Loopy_dataset_InvarBenchmark/Bangalore_true-termination.c_general_out",1.59,1.62,"Datasets/Loopy_dataset_InvarBenchmark/termination/tpdb/C/Ultimate/Bangalore_true-termination.c"
"Mysore_true-termination.c",YES,"","None","Results/CPA_Outputs/Loopy_dataset_InvarBenchmark/Mysore_true-termination.c_lasso_out",YES,"","None","Results/CPA_Outputs/Loopy_dataset_InvarBenchmark/Mysore_true-termination.c_general_out",1.60,2.01,"Datasets/Loopy_dataset_InvarBenchmark/termination/tpdb/C/Ultimate/Mysore_true-termination.c"
"Cairo_true-termination.c",YES,"","None","Results/CPA_Outputs/Loopy_dataset_InvarBenchmark/Cairo_true-termination.c_lasso_out",YES,"","None","Results/CPA_Outputs/Loopy_dataset_InvarBenchmark/Cairo_true-termination.c_general_out",1.58,1.90,"Datasets/Loopy_dataset_InvarBenchmark/termination/tpdb/C/Ultimate/Cairo_true-termination.c"
"Nyala-2lex_true-termination.c",YES,"","None","Results/CPA_Outputs/Loopy_dataset_InvarBenchmark/Nyala-2lex_true-termination.c_lasso_out",NO,"","None","Results/CPA_Outputs/Loopy_dataset_InvarBenchmark/Nyala-2lex_true-termination.c_general_out",1.61,1.43,"Datasets/Loopy_dataset_InvarBenchmark/termination/tpdb/C/Ultimate/Nyala-2lex_true-termination.c"
"Pure3Phase_true-termination.c",MAYBE,"","None","Results/CPA_Outputs/Loopy_dataset_InvarBenchmark/Pure3Phase_true-termination.c_lasso_out",MAYBE,"","None","Results/CPA_Outputs/Loopy_dataset_InvarBenchmark/Pure3Phase_true-termination.c_general_out",294.61,140.78,"Datasets/Loopy_dataset_InvarBenchmark/termination/tpdb/C/Ultimate/Pure3Phase_true-termination.c"
"Parallel_true-termination.c",YES,"","None","Results/CPA_Outputs/Loopy_dataset_InvarBenchmark/Parallel_true-termination.c_lasso_out",YES,"","None","Results/CPA_Outputs/Loopy_dataset_InvarBenchmark/Parallel_true-termination.c_general_out",1.73,2.10,"Datasets/Loopy_dataset_InvarBenchmark/termination/tpdb/C/Ultimate/Parallel_true-termination.c"
"Lobnya-Boolean-Reordered_true-termination.c",MAYBE,"","None","Results/CPA_Outputs/Loopy_dataset_InvarBenchmark/Lobnya-Boolean-Reordered_true-termination.c_lasso_out",MAYBE,"","None","Results/CPA_Outputs/Loopy_dataset_InvarBenchmark/Lobnya-Boolean-Reordered_true-termination.c_general_out",2.44,265.30,"Datasets/Loopy_dataset_InvarBenchmark/termination/tpdb/C/Ultimate/Lobnya-Boolean-Reordered_true-termination.c"
"WhileFalse_true-termination.c",YES,"","None","Results/CPA_Outputs/Loopy_dataset_InvarBenchmark/WhileFalse_true-termination.c_lasso_out",YES,"","None","Results/CPA_Outputs/Loopy_dataset_InvarBenchmark/WhileFalse_true-termination.c_general_out",1.19,1.25,"Datasets/Loopy_dataset_InvarBenchmark/termination/tpdb/C/Ultimate/WhileFalse_true-termination.c"
"Collatz_unknown-termination.c",MAYBE,"","None","Results/CPA_Outputs/Loopy_dataset_InvarBenchmark/Collatz_unknown-termination.c_lasso_out",MAYBE,"","None","Results/CPA_Outputs/Loopy_dataset_InvarBenchmark/Collatz_unknown-termination.c_general_out",2.97,287.06,"Datasets/Loopy_dataset_InvarBenchmark/termination/tpdb/C/Ultimate/Collatz_unknown-termination.c"
"Gothenburg_true-termination.c",MAYBE,"","None","Results/CPA_Outputs/Loopy_dataset_InvarBenchmark/Gothenburg_true-termination.c_lasso_out",MAYBE,"","None","Results/CPA_Outputs/Loopy_dataset_InvarBenchmark/Gothenburg_true-termination.c_general_out",290.96,146.53,"Datasets/Loopy_dataset_InvarBenchmark/termination/tpdb/C/Ultimate/Gothenburg_true-termination.c"
"Stockholm_true-termination.c",YES,"","None","Results/CPA_Outputs/Loopy_dataset_InvarBenchmark/Stockholm_true-termination.c_lasso_out",YES,"","None","Results/CPA_Outputs/Loopy_dataset_InvarBenchmark/Stockholm_true-termination.c_general_out",1.55,1.59,"Datasets/Loopy_dataset_InvarBenchmark/termination/tpdb/C/Ultimate/Stockholm_true-termination.c"
"ChenFlurMukhopadhyay-SAS2012-Ex1.03_true-termination.c",YES,"","None","Results/CPA_Outputs/Loopy_dataset_InvarBenchmark/ChenFlurMukhopadhyay-SAS2012-Ex1.03_true-termination.c_lasso_out",YES,"","None","Results/CPA_Outputs/Loopy_dataset_InvarBenchmark/ChenFlurMukhopadhyay-SAS2012-Ex1.03_true-termination.c_general_out",1.27,1.47,"Datasets/Loopy_dataset_InvarBenchmark/termination/tpdb/C/SV-COMP_Termination_Category/ChenFlurMukhopadhyay-SAS2012-Ex1.03_true-termination.c"
"ChenFlurMukhopadhyay-SAS2012-Ex1.05_true-termination.c",YES,"","None","Results/CPA_Outputs/Loopy_dataset_InvarBenchmark/ChenFlurMukhopadhyay-SAS2012-Ex1.05_true-termination.c_lasso_out",NO,"","None","Results/CPA_Outputs/Loopy_dataset_InvarBenchmark/ChenFlurMukhopadhyay-SAS2012-Ex1.05_true-termination.c_general_out",1.29,1.41,"Datasets/Loopy_dataset_InvarBenchmark/termination/tpdb/C/SV-COMP_Termination_Category/ChenFlurMukhopadhyay-SAS2012-Ex1.05_true-termination.c"
"ChawdharyCookGulwaniSagivYang-ESOP2008-random1d_true-termination.c",YES,"","None","Results/CPA_Outputs/Loopy_dataset_InvarBenchmark/ChawdharyCookGulwaniSagivYang-ESOP2008-random1d_true-termination.c_lasso_out",YES,"","None","Results/CPA_Outputs/Loopy_dataset_InvarBenchmark/ChawdharyCookGulwaniSagivYang-ESOP2008-random1d_true-termination.c_general_out",1.65,2.01,"Datasets/Loopy_dataset_InvarBenchmark/termination/tpdb/C/SV-COMP_Termination_Category/ChawdharyCookGulwaniSagivYang-ESOP2008-random1d_true-termination.c"
"ChenFlurMukhopadhyay-SAS2012-Ex1.04_true-termination.c",YES,"","None","Results/CPA_Outputs/Loopy_dataset_InvarBenchmark/ChenFlurMukhopadhyay-SAS2012-Ex1.04_true-termination.c_lasso_out",NO,"","None","Results/CPA_Outputs/Loopy_dataset_InvarBenchmark/ChenFlurMukhopadhyay-SAS2012-Ex1.04_true-termination.c_general_out",1.29,1.45,"Datasets/Loopy_dataset_InvarBenchmark/termination/tpdb/C/SV-COMP_Termination_Category/ChenFlurMukhopadhyay-SAS2012-Ex1.04_true-termination.c"
"AliasDarteFeautrierGonnord-SAS2010-speedpldi3_true-termination.c",YES,"","None","Results/CPA_Outputs/Loopy_dataset_InvarBenchmark/AliasDarteFeautrierGonnord-SAS2010-speedpldi3_true-termination.c_lasso_out",YES,"","None","Results/CPA_Outputs/Loopy_dataset_InvarBenchmark/AliasDarteFeautrierGonnord-SAS2010-speedpldi3_true-termination.c_general_out",1.30,1.40,"Datasets/Loopy_dataset_InvarBenchmark/termination/tpdb/C/SV-COMP_Termination_Category/AliasDarteFeautrierGonnord-SAS2010-speedpldi3_true-termination.c"
"HeizmannHoenickeLeikePodelski-ATVA2013-Fig8_true-termination.c",MAYBE,"","None","Results/CPA_Outputs/Loopy_dataset_InvarBenchmark/HeizmannHoenickeLeikePodelski-ATVA2013-Fig8_true-termination.c_lasso_out",MAYBE,"","None","Results/CPA_Outputs/Loopy_dataset_InvarBenchmark/HeizmannHoenickeLeikePodelski-ATVA2013-Fig8_true-termination.c_general_out",1.46,294.55,"Datasets/Loopy_dataset_InvarBenchmark/termination/tpdb/C/SV-COMP_Termination_Category/HeizmannHoenickeLeikePodelski-ATVA2013-Fig8_true-termination.c"
"Masse-VMCAI2014-Fig1b_true-termination.c",MAYBE,"","None","Results/CPA_Outputs/Loopy_dataset_InvarBenchmark/Masse-VMCAI2014-Fig1b_true-termination.c_lasso_out",MAYBE,"","None","Results/CPA_Outputs/Loopy_dataset_InvarBenchmark/Masse-VMCAI2014-Fig1b_true-termination.c_general_out",1.60,286.71,"Datasets/Loopy_dataset_InvarBenchmark/termination/tpdb/C/SV-COMP_Termination_Category/Masse-VMCAI2014-Fig1b_true-termination.c"
"ChenFlurMukhopadhyay-SAS2012-Ex2.13_true-termination.c",YES,"","None","Results/CPA_Outputs/Loopy_dataset_InvarBenchmark/ChenFlurMukhopadhyay-SAS2012-Ex2.13_true-termination.c_lasso_out",YES,"","None","Results/CPA_Outputs/Loopy_dataset_InvarBenchmark/ChenFlurMukhopadhyay-SAS2012-Ex2.13_true-termination.c_general_out",1.28,1.40,"Datasets/Loopy_dataset_InvarBenchmark/termination/tpdb/C/SV-COMP_Termination_Category/ChenFlurMukhopadhyay-SAS2012-Ex2.13_true-termination.c"
"GulwaniJainKoskinen-PLDI2009-Fig1_true-termination.c",YES,"","None","Results/CPA_Outputs/Loopy_dataset_InvarBenchmark/GulwaniJainKoskinen-PLDI2009-Fig1_true-termination.c_lasso_out",YES,"","None","Results/CPA_Outputs/Loopy_dataset_InvarBenchmark/GulwaniJainKoskinen-PLDI2009-Fig1_true-termination.c_general_out",1.28,1.42,"Datasets/Loopy_dataset_InvarBenchmark/termination/tpdb/C/SV-COMP_Termination_Category/GulwaniJainKoskinen-PLDI2009-Fig1_true-termination.c"
"HeizmannHoenickeLeikePodelski-ATVA2013-Fig2_true-termination.c",YES,"","None","Results/CPA_Outputs/Loopy_dataset_InvarBenchmark/HeizmannHoenickeLeikePodelski-ATVA2013-Fig2_true-termination.c_lasso_out",YES,"","None","Results/CPA_Outputs/Loopy_dataset_InvarBenchmark/HeizmannHoenickeLeikePodelski-ATVA2013-Fig2_true-termination.c_general_out",5.61,5.92,"Datasets/Loopy_dataset_InvarBenchmark/termination/tpdb/C/SV-COMP_Termination_Category/HeizmannHoenickeLeikePodelski-ATVA2013-Fig2_true-termination.c"
"AliasDarteFeautrierGonnord-SAS2010-ndecr_true-termination.c",YES,"","None","Results/CPA_Outputs/Loopy_dataset_InvarBenchmark/AliasDarteFeautrierGonnord-SAS2010-ndecr_true-termination.c_lasso_out",YES,"","None","Results/CPA_Outputs/Loopy_dataset_InvarBenchmark/AliasDarteFeautrierGonnord-SAS2010-ndecr_true-termination.c_general_out",1.57,1.90,"Datasets/Loopy_dataset_InvarBenchmark/termination/tpdb/C/SV-COMP_Termination_Category/AliasDarteFeautrierGonnord-SAS2010-ndecr_true-termination.c"
"CookSeeZuleger-TACAS2013-Fig7b_true-termination.c",YES,"","None","Results/CPA_Outputs/Loopy_dataset_InvarBenchmark/CookSeeZuleger-TACAS2013-Fig7b_true-termination.c_lasso_out",YES,"","None","Results/CPA_Outputs/Loopy_dataset_InvarBenchmark/CookSeeZuleger-TACAS2013-Fig7b_true-termination.c_general_out",1.60,1.99,"Datasets/Loopy_dataset_InvarBenchmark/termination/tpdb/C/SV-COMP_Termination_Category/CookSeeZuleger-TACAS2013-Fig7b_true-termination.c"
"ChawdharyCookGulwaniSagivYang-ESOP2008-aaron6_true-termination.c",YES,"","None","Results/CPA_Outputs/Loopy_dataset_InvarBenchmark/ChawdharyCookGulwaniSagivYang-ESOP2008-aaron6_true-termination.c_lasso_out",YES,"","None","Results/CPA_Outputs/Loopy_dataset_InvarBenchmark/ChawdharyCookGulwaniSagivYang-ESOP2008-aaron6_true-termination.c_general_out",1.36,1.38,"Datasets/Loopy_dataset_InvarBenchmark/termination/tpdb/C/SV-COMP_Termination_Category/ChawdharyCookGulwaniSagivYang-ESOP2008-aaron6_true-termination.c"
"AliasDarteFeautrierGonnord-SAS2010-random1d_true-termination.c",YES,"","None","Results/CPA_Outputs/Loopy_dataset_InvarBenchmark/AliasDarteFeautrierGonnord-SAS2010-random1d_true-termination.c_lasso_out",YES,"","None","Results/CPA_Outputs/Loopy_dataset_InvarBenchmark/AliasDarteFeautrierGonnord-SAS2010-random1d_true-termination.c_general_out",1.63,2.02,"Datasets/Loopy_dataset_InvarBenchmark/termination/tpdb/C/SV-COMP_Termination_Category/AliasDarteFeautrierGonnord-SAS2010-random1d_true-termination.c"
"aaron2_true-termination.c",YES,"","None","Results/CPA_Outputs/Loopy_dataset_InvarBenchmark/aaron2_true-termination.c_lasso_out",YES,"","None","Results/CPA_Outputs/Loopy_dataset_InvarBenchmark/aaron2_true-termination.c_general_out",1.83,2.18,"Datasets/Loopy_dataset_InvarBenchmark/termination/tpdb/C/SV-COMP_Termination_Category/aaron2_true-termination.c"
"AliasDarteFeautrierGonnord-SAS2010-wise_true-termination.c",YES,"","None","Results/CPA_Outputs/Loopy_dataset_InvarBenchmark/AliasDarteFeautrierGonnord-SAS2010-wise_true-termination.c_lasso_out",YES,"","None","Results/CPA_Outputs/Loopy_dataset_InvarBenchmark/AliasDarteFeautrierGonnord-SAS2010-wise_true-termination.c_general_out",1.31,1.41,"Datasets/Loopy_dataset_InvarBenchmark/termination/tpdb/C/SV-COMP_Termination_Category/AliasDarteFeautrierGonnord-SAS2010-wise_true-termination.c"
"Toulouse-MultiBranchesToLoop_true-termination.c",MAYBE,"","None","Results/CPA_Outputs/Loopy_dataset_InvarBenchmark/Toulouse-MultiBranchesToLoop_true-termination.c_lasso_out",MAYBE,"","None","Results/CPA_Outputs/Loopy_dataset_InvarBenchmark/Toulouse-MultiBranchesToLoop_true-termination.c_general_out",293.58,139.07,"Datasets/Loopy_dataset_InvarBenchmark/termination/tpdb/C/SV-COMP_Termination_Category/Toulouse-MultiBranchesToLoop_true-termination.c"
"ChenFlurMukhopadhyay-SAS2012-Ex2.10_true-termination.c",YES,"","None","Results/CPA_Outputs/Loopy_dataset_InvarBenchmark/ChenFlurMukhopadhyay-SAS2012-Ex2.10_true-termination.c_lasso_out",YES,"","None","Results/CPA_Outputs/Loopy_dataset_InvarBenchmark/ChenFlurMukhopadhyay-SAS2012-Ex2.10_true-termination.c_general_out",1.32,1.40,"Datasets/Loopy_dataset_InvarBenchmark/termination/tpdb/C/SV-COMP_Termination_Category/ChenFlurMukhopadhyay-SAS2012-Ex2.10_true-termination.c"
"KroeningSharyginaTsitovichWintersteiger-CAV2010-Ex_true-termination.c",YES,"","None","Results/CPA_Outputs/Loopy_dataset_InvarBenchmark/KroeningSharyginaTsitovichWintersteiger-CAV2010-Ex_true-termination.c_lasso_out",YES,"","None","Results/CPA_Outputs/Loopy_dataset_InvarBenchmark/KroeningSharyginaTsitovichWintersteiger-CAV2010-Ex_true-termination.c_general_out",1.63,2.01,"Datasets/Loopy_dataset_InvarBenchmark/termination/tpdb/C/SV-COMP_Termination_Category/KroeningSharyginaTsitovichWintersteiger-CAV2010-Ex_true-termination.c"
"ChenFlurMukhopadhyay-SAS2012-Ex4.01_true-termination.c",TIMEOUT,"Analysis timed out after 300 seconds","None","Results/CPA_Outputs/Loopy_dataset_InvarBenchmark/ChenFlurMukhopadhyay-SAS2012-Ex4.01_true-termination.c_lasso_out",MAYBE,"","None","Results/CPA_Outputs/Loopy_dataset_InvarBenchmark/ChenFlurMukhopadhyay-SAS2012-Ex4.01_true-termination.c_general_out",310.12,265.20,"Datasets/Loopy_dataset_InvarBenchmark/termination/tpdb/C/SV-COMP_Termination_Category/ChenFlurMukhopadhyay-SAS2012-Ex4.01_true-termination.c"
"min_rf_true-termination.c",YES,"","None","Results/CPA_Outputs/Loopy_dataset_InvarBenchmark/min_rf_true-termination.c_lasso_out",YES,"","None","Results/CPA_Outputs/Loopy_dataset_InvarBenchmark/min_rf_true-termination.c_general_out",1.67,2.00,"Datasets/Loopy_dataset_InvarBenchmark/termination/tpdb/C/SV-COMP_Termination_Category/min_rf_true-termination.c"
"ChenFlurMukhopadhyay-SAS2012-Ex1.02_true-termination.c",YES,"","None","Results/CPA_Outputs/Loopy_dataset_InvarBenchmark/ChenFlurMukhopadhyay-SAS2012-Ex1.02_true-termination.c_lasso_out",YES,"","None","Results/CPA_Outputs/Loopy_dataset_InvarBenchmark/ChenFlurMukhopadhyay-SAS2012-Ex1.02_true-termination.c_general_out",1.29,1.41,"Datasets/Loopy_dataset_InvarBenchmark/termination/tpdb/C/SV-COMP_Termination_Category/ChenFlurMukhopadhyay-SAS2012-Ex1.02_true-termination.c"
"UrbanMine-ESOP2014-Fig3_true-termination.c",YES,"","None","Results/CPA_Outputs/Loopy_dataset_InvarBenchmark/UrbanMine-ESOP2014-Fig3_true-termination.c_lasso_out",YES,"","None","Results/CPA_Outputs/Loopy_dataset_InvarBenchmark/UrbanMine-ESOP2014-Fig3_true-termination.c_general_out",1.65,2.03,"Datasets/Loopy_dataset_InvarBenchmark/termination/tpdb/C/SV-COMP_Termination_Category/UrbanMine-ESOP2014-Fig3_true-termination.c"
"AliasDarteFeautrierGonnord-SAS2010-rsd_true-termination.c",YES,"","None","Results/CPA_Outputs/Loopy_dataset_InvarBenchmark/AliasDarteFeautrierGonnord-SAS2010-rsd_true-termination.c_lasso_out",YES,"","None","Results/CPA_Outputs/Loopy_dataset_InvarBenchmark/AliasDarteFeautrierGonnord-SAS2010-rsd_true-termination.c_general_out",1.68,2.02,"Datasets/Loopy_dataset_InvarBenchmark/termination/tpdb/C/SV-COMP_Termination_Category/AliasDarteFeautrierGonnord-SAS2010-rsd_true-termination.c"
"ChenFlurMukhopadhyay-SAS2012-Ex3.09_true-termination.c",YES,"","None","Results/CPA_Outputs/Loopy_dataset_InvarBenchmark/ChenFlurMukhopadhyay-SAS2012-Ex3.09_true-termination.c_lasso_out",YES,"","None","Results/CPA_Outputs/Loopy_dataset_InvarBenchmark/ChenFlurMukhopadhyay-SAS2012-Ex3.09_true-termination.c_general_out",1.27,1.41,"Datasets/Loopy_dataset_InvarBenchmark/termination/tpdb/C/SV-COMP_Termination_Category/ChenFlurMukhopadhyay-SAS2012-Ex3.09_true-termination.c"
"ChenFlurMukhopadhyay-SAS2012-Ex3.05_true-termination.c",MAYBE,"","None","Results/CPA_Outputs/Loopy_dataset_InvarBenchmark/ChenFlurMukhopadhyay-SAS2012-Ex3.05_true-termination.c_lasso_out",MAYBE,"","None","Results/CPA_Outputs/Loopy_dataset_InvarBenchmark/ChenFlurMukhopadhyay-SAS2012-Ex3.05_true-termination.c_general_out",1.98,262.40,"Datasets/Loopy_dataset_InvarBenchmark/termination/tpdb/C/SV-COMP_Termination_Category/ChenFlurMukhopadhyay-SAS2012-Ex3.05_true-termination.c"
"ChenFlurMukhopadhyay-SAS2012-Ex2.20_true-termination.c",YES,"","None","Results/CPA_Outputs/Loopy_dataset_InvarBenchmark/ChenFlurMukhopadhyay-SAS2012-Ex2.20_true-termination.c_lasso_out",YES,"","None","Results/CPA_Outputs/Loopy_dataset_InvarBenchmark/ChenFlurMukhopadhyay-SAS2012-Ex2.20_true-termination.c_general_out",1.27,1.41,"Datasets/Loopy_dataset_InvarBenchmark/termination/tpdb/C/SV-COMP_Termination_Category/ChenFlurMukhopadhyay-SAS2012-Ex2.20_true-termination.c"
"ChenFlurMukhopadhyay-SAS2012-Ex2.16_true-termination.c",MAYBE,"","None","Results/CPA_Outputs/Loopy_dataset_InvarBenchmark/ChenFlurMukhopadhyay-SAS2012-Ex2.16_true-termination.c_lasso_out",MAYBE,"","None","Results/CPA_Outputs/Loopy_dataset_InvarBenchmark/ChenFlurMukhopadhyay-SAS2012-Ex2.16_true-termination.c_general_out",2.51,264.68,"Datasets/Loopy_dataset_InvarBenchmark/termination/tpdb/C/SV-COMP_Termination_Category/ChenFlurMukhopadhyay-SAS2012-Ex2.16_true-termination.c"
"AliasDarteFeautrierGonnord-SAS2010-terminate_true-termination.c",YES,"","None","Results/CPA_Outputs/Loopy_dataset_InvarBenchmark/AliasDarteFeautrierGonnord-SAS2010-terminate_true-termination.c_lasso_out",YES,"","None","Results/CPA_Outputs/Loopy_dataset_InvarBenchmark/AliasDarteFeautrierGonnord-SAS2010-terminate_true-termination.c_general_out",1.81,2.20,"Datasets/Loopy_dataset_InvarBenchmark/termination/tpdb/C/SV-COMP_Termination_Category/AliasDarteFeautrierGonnord-SAS2010-terminate_true-termination.c"
"AliasDarteFeautrierGonnord-SAS2010-speedpldi2_true-termination.c",YES,"","None","Results/CPA_Outputs/Loopy_dataset_InvarBenchmark/AliasDarteFeautrierGonnord-SAS2010-speedpldi2_true-termination.c_lasso_out",YES,"","None","Results/CPA_Outputs/Loopy_dataset_InvarBenchmark/AliasDarteFeautrierGonnord-SAS2010-speedpldi2_true-termination.c_general_out",1.67,2.07,"Datasets/Loopy_dataset_InvarBenchmark/termination/tpdb/C/SV-COMP_Termination_Category/AliasDarteFeautrierGonnord-SAS2010-speedpldi2_true-termination.c"
"KroeningSharyginaTsitovichWintersteiger-CAV2010-Fig1_true-termination.c",MAYBE,"","None","Results/CPA_Outputs/Loopy_dataset_InvarBenchmark/KroeningSharyginaTsitovichWintersteiger-CAV2010-Fig1_true-termination.c_lasso_out",MAYBE,"","None","Results/CPA_Outputs/Loopy_dataset_InvarBenchmark/KroeningSharyginaTsitovichWintersteiger-CAV2010-Fig1_true-termination.c_general_out",4.18,258.92,"Datasets/Loopy_dataset_InvarBenchmark/termination/tpdb/C/SV-COMP_Termination_Category/KroeningSharyginaTsitovichWintersteiger-CAV2010-Fig1_true-termination.c"
"ChenFlurMukhopadhyay-SAS2012-Ex3.08_true-termination.c",YES,"","None","Results/CPA_Outputs/Loopy_dataset_InvarBenchmark/ChenFlurMukhopadhyay-SAS2012-Ex3.08_true-termination.c_lasso_out",YES,"","None","Results/CPA_Outputs/Loopy_dataset_InvarBenchmark/ChenFlurMukhopadhyay-SAS2012-Ex3.08_true-termination.c_general_out",1.29,1.40,"Datasets/Loopy_dataset_InvarBenchmark/termination/tpdb/C/SV-COMP_Termination_Category/ChenFlurMukhopadhyay-SAS2012-Ex3.08_true-termination.c"
"Toulouse-BranchesToLoop_true-termination.c",YES,"","None","Results/CPA_Outputs/Loopy_dataset_InvarBenchmark/Toulouse-BranchesToLoop_true-termination.c_lasso_out",YES,"","None","Results/CPA_Outputs/Loopy_dataset_InvarBenchmark/Toulouse-BranchesToLoop_true-termination.c_general_out",1.93,2.29,"Datasets/Loopy_dataset_InvarBenchmark/termination/tpdb/C/SV-COMP_Termination_Category/Toulouse-BranchesToLoop_true-termination.c"
"ChawdharyCookGulwaniSagivYang-ESOP2008-aaron12_true-termination.c",NO,"","None","Results/CPA_Outputs/Loopy_dataset_InvarBenchmark/ChawdharyCookGulwaniSagivYang-ESOP2008-aaron12_true-termination.c_lasso_out",MAYBE,"","None","Results/CPA_Outputs/Loopy_dataset_InvarBenchmark/ChawdharyCookGulwaniSagivYang-ESOP2008-aaron12_true-termination.c_general_out",1.89,262.64,"Datasets/Loopy_dataset_InvarBenchmark/termination/tpdb/C/SV-COMP_Termination_Category/ChawdharyCookGulwaniSagivYang-ESOP2008-aaron12_true-termination.c"
"genady_true-termination.c",YES,"","None","Results/CPA_Outputs/Loopy_dataset_InvarBenchmark/genady_true-termination.c_lasso_out",YES,"","None","Results/CPA_Outputs/Loopy_dataset_InvarBenchmark/genady_true-termination.c_general_out",2.17,2.51,"Datasets/Loopy_dataset_InvarBenchmark/termination/tpdb/C/SV-COMP_Termination_Category/genady_true-termination.c"
"PodelskiRybalchenko-TACAS2011-Fig4_true-termination.c",YES,"","None","Results/CPA_Outputs/Loopy_dataset_InvarBenchmark/PodelskiRybalchenko-TACAS2011-Fig4_true-termination.c_lasso_out",YES,"","None","Results/CPA_Outputs/Loopy_dataset_InvarBenchmark/PodelskiRybalchenko-TACAS2011-Fig4_true-termination.c_general_out",1.58,1.92,"Datasets/Loopy_dataset_InvarBenchmark/termination/tpdb/C/SV-COMP_Termination_Category/PodelskiRybalchenko-TACAS2011-Fig4_true-termination.c"
"LeikeHeizmann-TACAS2014-Ex9_true-termination.c",YES,"","None","Results/CPA_Outputs/Loopy_dataset_InvarBenchmark/LeikeHeizmann-TACAS2014-Ex9_true-termination.c_lasso_out",YES,"","None","Results/CPA_Outputs/Loopy_dataset_InvarBenchmark/LeikeHeizmann-TACAS2014-Ex9_true-termination.c_general_out",1.30,1.43,"Datasets/Loopy_dataset_InvarBenchmark/termination/tpdb/C/SV-COMP_Termination_Category/LeikeHeizmann-TACAS2014-Ex9_true-termination.c"
"HeizmannHoenickeLeikePodelski-ATVA2013-Fig5_true-termination.c",MAYBE,"","None","Results/CPA_Outputs/Loopy_dataset_InvarBenchmark/HeizmannHoenickeLeikePodelski-ATVA2013-Fig5_true-termination.c_lasso_out",MAYBE,"","None","Results/CPA_Outputs/Loopy_dataset_InvarBenchmark/HeizmannHoenickeLeikePodelski-ATVA2013-Fig5_true-termination.c_general_out",2.52,261.50,"Datasets/Loopy_dataset_InvarBenchmark/termination/tpdb/C/SV-COMP_Termination_Category/HeizmannHoenickeLeikePodelski-ATVA2013-Fig5_true-termination.c"
"BradleyMannaSipma-ICALP2005-Fig1_true-termination.c",YES,"","None","Results/CPA_Outputs/Loopy_dataset_InvarBenchmark/BradleyMannaSipma-ICALP2005-Fig1_true-termination.c_lasso_out",YES,"","None","Results/CPA_Outputs/Loopy_dataset_InvarBenchmark/BradleyMannaSipma-ICALP2005-Fig1_true-termination.c_general_out",1.69,2.06,"Datasets/Loopy_dataset_InvarBenchmark/termination/tpdb/C/SV-COMP_Termination_Category/BradleyMannaSipma-ICALP2005-Fig1_true-termination.c"
"AliasDarteFeautrierGonnord-SAS2010-speedpldi4_true-termination.c",YES,"","None","Results/CPA_Outputs/Loopy_dataset_InvarBenchmark/AliasDarteFeautrierGonnord-SAS2010-speedpldi4_true-termination.c_lasso_out",YES,"","None","Results/CPA_Outputs/Loopy_dataset_InvarBenchmark/AliasDarteFeautrierGonnord-SAS2010-speedpldi4_true-termination.c_general_out",1.27,1.41,"Datasets/Loopy_dataset_InvarBenchmark/termination/tpdb/C/SV-COMP_Termination_Category/AliasDarteFeautrierGonnord-SAS2010-speedpldi4_true-termination.c"
"LeikeHeizmann-WST2014-Ex9_true-termination.c",MAYBE,"","None","Results/CPA_Outputs/Loopy_dataset_InvarBenchmark/LeikeHeizmann-WST2014-Ex9_true-termination.c_lasso_out",MAYBE,"","None","Results/CPA_Outputs/Loopy_dataset_InvarBenchmark/LeikeHeizmann-WST2014-Ex9_true-termination.c_general_out",3.17,289.17,"Datasets/Loopy_dataset_InvarBenchmark/termination/tpdb/C/SV-COMP_Termination_Category/LeikeHeizmann-WST2014-Ex9_true-termination.c"
"ChawdharyCookGulwaniSagivYang-ESOP2008-aaron4_true-termination.c",YES,"","None","Results/CPA_Outputs/Loopy_dataset_InvarBenchmark/ChawdharyCookGulwaniSagivYang-ESOP2008-aaron4_true-termination.c_lasso_out",YES,"","None","Results/CPA_Outputs/Loopy_dataset_InvarBenchmark/ChawdharyCookGulwaniSagivYang-ESOP2008-aaron4_true-termination.c_general_out",1.32,1.43,"Datasets/Loopy_dataset_InvarBenchmark/termination/tpdb/C/SV-COMP_Termination_Category/ChawdharyCookGulwaniSagivYang-ESOP2008-aaron4_true-termination.c"
"ChawdharyCookGulwaniSagivYang-ESOP2008-aaron1_true-termination.c",YES,"","None","Results/CPA_Outputs/Loopy_dataset_InvarBenchmark/ChawdharyCookGulwaniSagivYang-ESOP2008-aaron1_true-termination.c_lasso_out",YES,"","None","Results/CPA_Outputs/Loopy_dataset_InvarBenchmark/ChawdharyCookGulwaniSagivYang-ESOP2008-aaron1_true-termination.c_general_out",1.97,2.34,"Datasets/Loopy_dataset_InvarBenchmark/termination/tpdb/C/SV-COMP_Termination_Category/ChawdharyCookGulwaniSagivYang-ESOP2008-aaron1_true-termination.c"
"ChenFlurMukhopadhyay-SAS2012-Ex2.08_true-termination.c",MAYBE,"","None","Results/CPA_Outputs/Loopy_dataset_InvarBenchmark/ChenFlurMukhopadhyay-SAS2012-Ex2.08_true-termination.c_lasso_out",MAYBE,"","None","Results/CPA_Outputs/Loopy_dataset_InvarBenchmark/ChenFlurMukhopadhyay-SAS2012-Ex2.08_true-termination.c_general_out",1.93,267.60,"Datasets/Loopy_dataset_InvarBenchmark/termination/tpdb/C/SV-COMP_Termination_Category/ChenFlurMukhopadhyay-SAS2012-Ex2.08_true-termination.c"
"TelAviv-Amir-Minimum_true-termination.c",YES,"","None","Results/CPA_Outputs/Loopy_dataset_InvarBenchmark/TelAviv-Amir-Minimum_true-termination.c_lasso_out",YES,"","None","Results/CPA_Outputs/Loopy_dataset_InvarBenchmark/TelAviv-Amir-Minimum_true-termination.c_general_out",1.64,1.95,"Datasets/Loopy_dataset_InvarBenchmark/termination/tpdb/C/SV-COMP_Termination_Category/TelAviv-Amir-Minimum_true-termination.c"
"ChenFlurMukhopadhyay-SAS2012-Ex2.22_true-termination.c",YES,"","None","Results/CPA_Outputs/Loopy_dataset_InvarBenchmark/ChenFlurMukhopadhyay-SAS2012-Ex2.22_true-termination.c_lasso_out",YES,"","None","Results/CPA_Outputs/Loopy_dataset_InvarBenchmark/ChenFlurMukhopadhyay-SAS2012-Ex2.22_true-termination.c_general_out",1.29,1.44,"Datasets/Loopy_dataset_InvarBenchmark/termination/tpdb/C/SV-COMP_Termination_Category/ChenFlurMukhopadhyay-SAS2012-Ex2.22_true-termination.c"
"ChenFlurMukhopadhyay-SAS2012-Ex3.01_true-termination.c",YES,"","None","Results/CPA_Outputs/Loopy_dataset_InvarBenchmark/ChenFlurMukhopadhyay-SAS2012-Ex3.01_true-termination.c_lasso_out",YES,"","None","Results/CPA_Outputs/Loopy_dataset_InvarBenchmark/ChenFlurMukhopadhyay-SAS2012-Ex3.01_true-termination.c_general_out",1.29,1.38,"Datasets/Loopy_dataset_InvarBenchmark/termination/tpdb/C/SV-COMP_Termination_Category/ChenFlurMukhopadhyay-SAS2012-Ex3.01_true-termination.c"
"ChenFlurMukhopadhyay-SAS2012-Ex3.03_true-termination.c",MAYBE,"","None","Results/CPA_Outputs/Loopy_dataset_InvarBenchmark/ChenFlurMukhopadhyay-SAS2012-Ex3.03_true-termination.c_lasso_out",MAYBE,"","None","Results/CPA_Outputs/Loopy_dataset_InvarBenchmark/ChenFlurMukhopadhyay-SAS2012-Ex3.03_true-termination.c_general_out",2.13,270.97,"Datasets/Loopy_dataset_InvarBenchmark/termination/tpdb/C/SV-COMP_Termination_Category/ChenFlurMukhopadhyay-SAS2012-Ex3.03_true-termination.c"
"ChenFlurMukhopadhyay-SAS2012-Ex2.01_true-termination.c",MAYBE,"","None","Results/CPA_Outputs/Loopy_dataset_InvarBenchmark/ChenFlurMukhopadhyay-SAS2012-Ex2.01_true-termination.c_lasso_out",MAYBE,"","None","Results/CPA_Outputs/Loopy_dataset_InvarBenchmark/ChenFlurMukhopadhyay-SAS2012-Ex2.01_true-termination.c_general_out",2.16,272.51,"Datasets/Loopy_dataset_InvarBenchmark/termination/tpdb/C/SV-COMP_Termination_Category/ChenFlurMukhopadhyay-SAS2012-Ex2.01_true-termination.c"
"ChenFlurMukhopadhyay-SAS2012-Ex3.04_true-termination.c",MAYBE,"","None","Results/CPA_Outputs/Loopy_dataset_InvarBenchmark/ChenFlurMukhopadhyay-SAS2012-Ex3.04_true-termination.c_lasso_out",MAYBE,"","None","Results/CPA_Outputs/Loopy_dataset_InvarBenchmark/ChenFlurMukhopadhyay-SAS2012-Ex3.04_true-termination.c_general_out",2.11,262.86,"Datasets/Loopy_dataset_InvarBenchmark/termination/tpdb/C/SV-COMP_Termination_Category/ChenFlurMukhopadhyay-SAS2012-Ex3.04_true-termination.c"
"CookSeeZuleger-TACAS2013-Fig7a_true-termination.c",YES,"","None","Results/CPA_Outputs/Loopy_dataset_InvarBenchmark/CookSeeZuleger-TACAS2013-Fig7a_true-termination.c_lasso_out",YES,"","None","Results/CPA_Outputs/Loopy_dataset_InvarBenchmark/CookSeeZuleger-TACAS2013-Fig7a_true-termination.c_general_out",1.63,2.03,"Datasets/Loopy_dataset_InvarBenchmark/termination/tpdb/C/SV-COMP_Termination_Category/CookSeeZuleger-TACAS2013-Fig7a_true-termination.c"
"CookSeeZuleger-TACAS2013-Fig1_true-termination.c",YES,"","None","Results/CPA_Outputs/Loopy_dataset_InvarBenchmark/CookSeeZuleger-TACAS2013-Fig1_true-termination.c_lasso_out",YES,"","None","Results/CPA_Outputs/Loopy_dataset_InvarBenchmark/CookSeeZuleger-TACAS2013-Fig1_true-termination.c_general_out",1.66,1.95,"Datasets/Loopy_dataset_InvarBenchmark/termination/tpdb/C/SV-COMP_Termination_Category/CookSeeZuleger-TACAS2013-Fig1_true-termination.c"
"ChenFlurMukhopadhyay-SAS2012-Ex2.07_true-termination.c",YES,"","None","Results/CPA_Outputs/Loopy_dataset_InvarBenchmark/ChenFlurMukhopadhyay-SAS2012-Ex2.07_true-termination.c_lasso_out",YES,"","None","Results/CPA_Outputs/Loopy_dataset_InvarBenchmark/ChenFlurMukhopadhyay-SAS2012-Ex2.07_true-termination.c_general_out",1.29,1.41,"Datasets/Loopy_dataset_InvarBenchmark/termination/tpdb/C/SV-COMP_Termination_Category/ChenFlurMukhopadhyay-SAS2012-Ex2.07_true-termination.c"
"HeizmannHoenickeLeikePodelski-ATVA2013-Fig6_true-termination.c",YES,"","None","Results/CPA_Outputs/Loopy_dataset_InvarBenchmark/HeizmannHoenickeLeikePodelski-ATVA2013-Fig6_true-termination.c_lasso_out",YES,"","None","Results/CPA_Outputs/Loopy_dataset_InvarBenchmark/HeizmannHoenickeLeikePodelski-ATVA2013-Fig6_true-termination.c_general_out",1.60,1.64,"Datasets/Loopy_dataset_InvarBenchmark/termination/tpdb/C/SV-COMP_Termination_Category/HeizmannHoenickeLeikePodelski-ATVA2013-Fig6_true-termination.c"
"PodelskiRybalchenko-LICS2004-Fig2_true-termination.c",YES,"","None","Results/CPA_Outputs/Loopy_dataset_InvarBenchmark/PodelskiRybalchenko-LICS2004-Fig2_true-termination.c_lasso_out",YES,"","None","Results/CPA_Outputs/Loopy_dataset_InvarBenchmark/PodelskiRybalchenko-LICS2004-Fig2_true-termination.c_general_out",1.69,2.03,"Datasets/Loopy_dataset_InvarBenchmark/termination/tpdb/C/SV-COMP_Termination_Category/PodelskiRybalchenko-LICS2004-Fig2_true-termination.c"
"GopanReps-CAV2006-Fig1a_true-termination.c.c",MAYBE,"","None","Results/CPA_Outputs/Loopy_dataset_InvarBenchmark/GopanReps-CAV2006-Fig1a_true-termination.c.c_lasso_out",YES,"","None","Results/CPA_Outputs/Loopy_dataset_InvarBenchmark/GopanReps-CAV2006-Fig1a_true-termination.c.c_general_out",289.55,2.41,"Datasets/Loopy_dataset_InvarBenchmark/termination/tpdb/C/SV-COMP_Termination_Category/GopanReps-CAV2006-Fig1a_true-termination.c.c"
"HeizmannHoenickeLeikePodelski-ATVA2013-Fig9_true-termination.c",YES,"","None","Results/CPA_Outputs/Loopy_dataset_InvarBenchmark/HeizmannHoenickeLeikePodelski-ATVA2013-Fig9_true-termination.c_lasso_out",YES,"","None","Results/CPA_Outputs/Loopy_dataset_InvarBenchmark/HeizmannHoenickeLeikePodelski-ATVA2013-Fig9_true-termination.c_general_out",1.62,1.98,"Datasets/Loopy_dataset_InvarBenchmark/termination/tpdb/C/SV-COMP_Termination_Category/HeizmannHoenickeLeikePodelski-ATVA2013-Fig9_true-termination.c"
"AliasDarteFeautrierGonnord-SAS2010-counterex1a_true-termination.c",MAYBE,"","None","Results/CPA_Outputs/Loopy_dataset_InvarBenchmark/AliasDarteFeautrierGonnord-SAS2010-counterex1a_true-termination.c_lasso_out",MAYBE,"","None","Results/CPA_Outputs/Loopy_dataset_InvarBenchmark/AliasDarteFeautrierGonnord-SAS2010-counterex1a_true-termination.c_general_out",293.68,138.41,"Datasets/Loopy_dataset_InvarBenchmark/termination/tpdb/C/SV-COMP_Termination_Category/AliasDarteFeautrierGonnord-SAS2010-counterex1a_true-termination.c"
"aaron3_true-termination.c",YES,"","None","Results/CPA_Outputs/Loopy_dataset_InvarBenchmark/aaron3_true-termination.c_lasso_out",YES,"","None","Results/CPA_Outputs/Loopy_dataset_InvarBenchmark/aaron3_true-termination.c_general_out",2.07,2.39,"Datasets/Loopy_dataset_InvarBenchmark/termination/tpdb/C/SV-COMP_Termination_Category/aaron3_true-termination.c"
"AliasDarteFeautrierGonnord-SAS2010-cousot9_true-termination.c",YES,"","None","Results/CPA_Outputs/Loopy_dataset_InvarBenchmark/AliasDarteFeautrierGonnord-SAS2010-cousot9_true-termination.c_lasso_out",YES,"","None","Results/CPA_Outputs/Loopy_dataset_InvarBenchmark/AliasDarteFeautrierGonnord-SAS2010-cousot9_true-termination.c_general_out",1.89,2.26,"Datasets/Loopy_dataset_InvarBenchmark/termination/tpdb/C/SV-COMP_Termination_Category/AliasDarteFeautrierGonnord-SAS2010-cousot9_true-termination.c"
"Unsigned_Wraparound_Error_4_T.c",MAYBE,"","None","Results/CPA_Outputs/Loopy_dataset_InvarBenchmark/Unsigned_Wraparound_Error_4_T.c_lasso_out",MAYBE,"","None","Results/CPA_Outputs/Loopy_dataset_InvarBenchmark/Unsigned_Wraparound_Error_4_T.c_general_out",1.46,260.57,"Datasets/Loopy_dataset_InvarBenchmark/termination/non_termination/loop/Unsigned_Wraparound_Error_4_T.c"
"Unsigned_Wraparound_Error_1_T.c",MAYBE,"","None","Results/CPA_Outputs/Loopy_dataset_InvarBenchmark/Unsigned_Wraparound_Error_1_T.c_lasso_out",MAYBE,"","None","Results/CPA_Outputs/Loopy_dataset_InvarBenchmark/Unsigned_Wraparound_Error_1_T.c_general_out",1.23,269.09,"Datasets/Loopy_dataset_InvarBenchmark/termination/non_termination/loop/Unsigned_Wraparound_Error_1_T.c"
"Adding_Subtracting_Zero_1_T.c",MAYBE,"","None","Results/CPA_Outputs/Loopy_dataset_InvarBenchmark/Adding_Subtracting_Zero_1_T.c_lasso_out",MAYBE,"","None","Results/CPA_Outputs/Loopy_dataset_InvarBenchmark/Adding_Subtracting_Zero_1_T.c_general_out",1.49,251.16,"Datasets/Loopy_dataset_InvarBenchmark/termination/non_termination/loop/Adding_Subtracting_Zero_1_T.c"
"Using_Erroneous_Condition_2_T.c",YES,"","None","Results/CPA_Outputs/Loopy_dataset_InvarBenchmark/Using_Erroneous_Condition_2_T.c_lasso_out",YES,"","None","Results/CPA_Outputs/Loopy_dataset_InvarBenchmark/Using_Erroneous_Condition_2_T.c_general_out",1.59,1.93,"Datasets/Loopy_dataset_InvarBenchmark/termination/non_termination/loop/Using_Erroneous_Condition_2_T.c"
"Signed_Overflow_Error_1_T.c",NO,"","None","Results/CPA_Outputs/Loopy_dataset_InvarBenchmark/Signed_Overflow_Error_1_T.c_lasso_out",YES,"","None","Results/CPA_Outputs/Loopy_dataset_InvarBenchmark/Signed_Overflow_Error_1_T.c_general_out",1.42,1.79,"Datasets/Loopy_dataset_InvarBenchmark/termination/non_termination/loop/Signed_Overflow_Error_1_T.c"
"Missing_Corner-case_Handling_2_T.c",NO,"","None","Results/CPA_Outputs/Loopy_dataset_InvarBenchmark/Missing_Corner-case_Handling_2_T.c_lasso_out",NO,"","None","Results/CPA_Outputs/Loopy_dataset_InvarBenchmark/Missing_Corner-case_Handling_2_T.c_general_out",1.44,1.54,"Datasets/Loopy_dataset_InvarBenchmark/termination/non_termination/loop/Missing_Corner-case_Handling_2_T.c"
"Unsigned_Wraparound_Error_3_T.c",MAYBE,"","None","Results/CPA_Outputs/Loopy_dataset_InvarBenchmark/Unsigned_Wraparound_Error_3_T.c_lasso_out",MAYBE,"","None","Results/CPA_Outputs/Loopy_dataset_InvarBenchmark/Unsigned_Wraparound_Error_3_T.c_general_out",1.79,288.57,"Datasets/Loopy_dataset_InvarBenchmark/termination/non_termination/loop/Unsigned_Wraparound_Error_3_T.c"
"Undefined_Behavior_3_T.c",MAYBE,"","None","Results/CPA_Outputs/Loopy_dataset_InvarBenchmark/Undefined_Behavior_3_T.c_lasso_out",YES,"","None","Results/CPA_Outputs/Loopy_dataset_InvarBenchmark/Undefined_Behavior_3_T.c_general_out",1.70,1.42,"Datasets/Loopy_dataset_InvarBenchmark/termination/non_termination/loop/Undefined_Behavior_3_T.c"
"Incorrect_Bit_Calculation_2_T.c",NO,"","None","Results/CPA_Outputs/Loopy_dataset_InvarBenchmark/Incorrect_Bit_Calculation_2_T.c_lasso_out",MAYBE,"","None","Results/CPA_Outputs/Loopy_dataset_InvarBenchmark/Incorrect_Bit_Calculation_2_T.c_general_out",1.50,294.09,"Datasets/Loopy_dataset_InvarBenchmark/termination/non_termination/loop/Incorrect_Bit_Calculation_2_T.c"
"Type_Conversion_in_Comparison_2_T.c",NO,"","None","Results/CPA_Outputs/Loopy_dataset_InvarBenchmark/Type_Conversion_in_Comparison_2_T.c_lasso_out",NO,"","None","Results/CPA_Outputs/Loopy_dataset_InvarBenchmark/Type_Conversion_in_Comparison_2_T.c_general_out",1.51,1.54,"Datasets/Loopy_dataset_InvarBenchmark/termination/non_termination/loop/Type_Conversion_in_Comparison_2_T.c"
"Type_Conversion_in_Comparison_1_T.c",MAYBE,"","None","Results/CPA_Outputs/Loopy_dataset_InvarBenchmark/Type_Conversion_in_Comparison_1_T.c_lasso_out",MAYBE,"","None","Results/CPA_Outputs/Loopy_dataset_InvarBenchmark/Type_Conversion_in_Comparison_1_T.c_general_out",1.76,268.45,"Datasets/Loopy_dataset_InvarBenchmark/termination/non_termination/loop/Type_Conversion_in_Comparison_1_T.c"
"Signed_Overflow_Error_3_T.c",MAYBE,"","None","Results/CPA_Outputs/Loopy_dataset_InvarBenchmark/Signed_Overflow_Error_3_T.c_lasso_out",MAYBE,"","None","Results/CPA_Outputs/Loopy_dataset_InvarBenchmark/Signed_Overflow_Error_3_T.c_general_out",2.68,260.16,"Datasets/Loopy_dataset_InvarBenchmark/termination/non_termination/loop/Signed_Overflow_Error_3_T.c"
"Incorrect_Update_for_Loop_Iterator_1_T.c",YES,"","None","Results/CPA_Outputs/Loopy_dataset_InvarBenchmark/Incorrect_Update_for_Loop_Iterator_1_T.c_lasso_out",YES,"","None","Results/CPA_Outputs/Loopy_dataset_InvarBenchmark/Incorrect_Update_for_Loop_Iterator_1_T.c_general_out",1.29,1.42,"Datasets/Loopy_dataset_InvarBenchmark/termination/non_termination/loop/Incorrect_Update_for_Loop_Iterator_1_T.c"
"Unsigned_Wraparound_Error_2_T.c",MAYBE,"","None","Results/CPA_Outputs/Loopy_dataset_InvarBenchmark/Unsigned_Wraparound_Error_2_T.c_lasso_out",YES,"","None","Results/CPA_Outputs/Loopy_dataset_InvarBenchmark/Unsigned_Wraparound_Error_2_T.c_general_out",1.58,1.66,"Datasets/Loopy_dataset_InvarBenchmark/termination/non_termination/loop/Unsigned_Wraparound_Error_2_T.c"
"Incorrect_Initialization_4_T.c",YES,"","None","Results/CPA_Outputs/Loopy_dataset_InvarBenchmark/Incorrect_Initialization_4_T.c_lasso_out",YES,"","None","Results/CPA_Outputs/Loopy_dataset_InvarBenchmark/Incorrect_Initialization_4_T.c_general_out",3.12,3.44,"Datasets/Loopy_dataset_InvarBenchmark/termination/non_termination/loop/Incorrect_Initialization_4_T.c"
"Incorrect_Update_for_Loop_Iterator_2_T.c",MAYBE,"","None","Results/CPA_Outputs/Loopy_dataset_InvarBenchmark/Incorrect_Update_for_Loop_Iterator_2_T.c_lasso_out",MAYBE,"","None","Results/CPA_Outputs/Loopy_dataset_InvarBenchmark/Incorrect_Update_for_Loop_Iterator_2_T.c_general_out",2.33,290.81,"Datasets/Loopy_dataset_InvarBenchmark/termination/non_termination/loop/Incorrect_Update_for_Loop_Iterator_2_T.c"
"Signed_Overflow_Error_2_T.c",NO,"","None","Results/CPA_Outputs/Loopy_dataset_InvarBenchmark/Signed_Overflow_Error_2_T.c_lasso_out",YES,"","None","Results/CPA_Outputs/Loopy_dataset_InvarBenchmark/Signed_Overflow_Error_2_T.c_general_out",1.45,1.53,"Datasets/Loopy_dataset_InvarBenchmark/termination/non_termination/loop/Signed_Overflow_Error_2_T.c"
"Incorrect_Bit_Calculation_1_T.c",NO,"","None","Results/CPA_Outputs/Loopy_dataset_InvarBenchmark/Incorrect_Bit_Calculation_1_T.c_lasso_out",NO,"","None","Results/CPA_Outputs/Loopy_dataset_InvarBenchmark/Incorrect_Bit_Calculation_1_T.c_general_out",1.43,1.52,"Datasets/Loopy_dataset_InvarBenchmark/termination/non_termination/loop/Incorrect_Bit_Calculation_1_T.c"
"Incorrect_Bit_Calculation_3_T.c",NO,"","None","Results/CPA_Outputs/Loopy_dataset_InvarBenchmark/Incorrect_Bit_Calculation_3_T.c_lasso_out",MAYBE,"","None","Results/CPA_Outputs/Loopy_dataset_InvarBenchmark/Incorrect_Bit_Calculation_3_T.c_general_out",1.42,293.24,"Datasets/Loopy_dataset_InvarBenchmark/termination/non_termination/loop/Incorrect_Bit_Calculation_3_T.c"
"Addition03-1.c",MAYBE,"","None","Results/CPA_Outputs/Loopy_dataset_InvarBenchmark/Addition03-1.c_lasso_out",MAYBE,"","None","Results/CPA_Outputs/Loopy_dataset_InvarBenchmark/Addition03-1.c_general_out",1.17,281.02,"Datasets/Loopy_dataset_InvarBenchmark/recursive_functions/sv-benchmarks/recursive/Addition03-1.c"
"Ackermann04.c",MAYBE,"","None","Results/CPA_Outputs/Loopy_dataset_InvarBenchmark/Ackermann04.c_lasso_out",MAYBE,"","None","Results/CPA_Outputs/Loopy_dataset_InvarBenchmark/Ackermann04.c_general_out",1.17,2.75,"Datasets/Loopy_dataset_InvarBenchmark/recursive_functions/sv-benchmarks/recursive/Ackermann04.c"
"Addition01-2.c",MAYBE,"","None","Results/CPA_Outputs/Loopy_dataset_InvarBenchmark/Addition01-2.c_lasso_out",MAYBE,"","None","Results/CPA_Outputs/Loopy_dataset_InvarBenchmark/Addition01-2.c_general_out",1.19,281.43,"Datasets/Loopy_dataset_InvarBenchmark/recursive_functions/sv-benchmarks/recursive/Addition01-2.c"
"recHanoi03-2.c",MAYBE,"","None","Results/CPA_Outputs/Loopy_dataset_InvarBenchmark/recHanoi03-2.c_lasso_out",MAYBE,"","None","Results/CPA_Outputs/Loopy_dataset_InvarBenchmark/recHanoi03-2.c_general_out",1.18,280.88,"Datasets/Loopy_dataset_InvarBenchmark/recursive_functions/sv-benchmarks/recursive/recHanoi03-2.c"
"Fibonacci03.c",MAYBE,"","None","Results/CPA_Outputs/Loopy_dataset_InvarBenchmark/Fibonacci03.c_lasso_out",MAYBE,"","None","Results/CPA_Outputs/Loopy_dataset_InvarBenchmark/Fibonacci03.c_general_out",1.21,2.16,"Datasets/Loopy_dataset_InvarBenchmark/recursive_functions/sv-benchmarks/recursive/Fibonacci03.c"
"gcd01-1.c",MAYBE,"","None","Results/CPA_Outputs/Loopy_dataset_InvarBenchmark/gcd01-1.c_lasso_out",MAYBE,"","None","Results/CPA_Outputs/Loopy_dataset_InvarBenchmark/gcd01-1.c_general_out",1.20,281.28,"Datasets/Loopy_dataset_InvarBenchmark/recursive_functions/sv-benchmarks/recursive/gcd01-1.c"
"EvenOdd01-1.c",MAYBE,"","None","Results/CPA_Outputs/Loopy_dataset_InvarBenchmark/EvenOdd01-1.c_lasso_out",MAYBE,"","None","Results/CPA_Outputs/Loopy_dataset_InvarBenchmark/EvenOdd01-1.c_general_out",1.20,280.93,"Datasets/Loopy_dataset_InvarBenchmark/recursive_functions/sv-benchmarks/recursive/EvenOdd01-1.c"
"recHanoi02-2.c",MAYBE,"","None","Results/CPA_Outputs/Loopy_dataset_InvarBenchmark/recHanoi02-2.c_lasso_out",MAYBE,"","None","Results/CPA_Outputs/Loopy_dataset_InvarBenchmark/recHanoi02-2.c_general_out",1.21,281.20,"Datasets/Loopy_dataset_InvarBenchmark/recursive_functions/sv-benchmarks/recursive/recHanoi02-2.c"
"recHanoi01.c",MAYBE,"","None","Results/CPA_Outputs/Loopy_dataset_InvarBenchmark/recHanoi01.c_lasso_out",MAYBE,"","None","Results/CPA_Outputs/Loopy_dataset_InvarBenchmark/recHanoi01.c_general_out",1.20,1.35,"Datasets/Loopy_dataset_InvarBenchmark/recursive_functions/sv-benchmarks/recursive/recHanoi01.c"
"Ackermann01-2.c",MAYBE,"","None","Results/CPA_Outputs/Loopy_dataset_InvarBenchmark/Ackermann01-2.c_lasso_out",MAYBE,"","None","Results/CPA_Outputs/Loopy_dataset_InvarBenchmark/Ackermann01-2.c_general_out",1.22,2.76,"Datasets/Loopy_dataset_InvarBenchmark/recursive_functions/sv-benchmarks/recursive/Ackermann01-2.c"
"Fibonacci02.c",MAYBE,"","None","Results/CPA_Outputs/Loopy_dataset_InvarBenchmark/Fibonacci02.c_lasso_out",MAYBE,"","None","Results/CPA_Outputs/Loopy_dataset_InvarBenchmark/Fibonacci02.c_general_out",1.20,1.97,"Datasets/Loopy_dataset_InvarBenchmark/recursive_functions/sv-benchmarks/recursive/Fibonacci02.c"
"MultCommutative-2.c",MAYBE,"","None","Results/CPA_Outputs/Loopy_dataset_InvarBenchmark/MultCommutative-2.c_lasso_out",MAYBE,"","None","Results/CPA_Outputs/Loopy_dataset_InvarBenchmark/MultCommutative-2.c_general_out",1.17,279.39,"Datasets/Loopy_dataset_InvarBenchmark/recursive_functions/sv-benchmarks/recursive/MultCommutative-2.c"
"gcd02.c",MAYBE,"","None","Results/CPA_Outputs/Loopy_dataset_InvarBenchmark/gcd02.c_lasso_out",MAYBE,"","None","Results/CPA_Outputs/Loopy_dataset_InvarBenchmark/gcd02.c_general_out",1.23,1.39,"Datasets/Loopy_dataset_InvarBenchmark/recursive_functions/sv-benchmarks/recursive/gcd02.c"
"Fibonacci01-1.c",MAYBE,"","None","Results/CPA_Outputs/Loopy_dataset_InvarBenchmark/Fibonacci01-1.c_lasso_out",MAYBE,"","None","Results/CPA_Outputs/Loopy_dataset_InvarBenchmark/Fibonacci01-1.c_general_out",1.22,2.13,"Datasets/Loopy_dataset_InvarBenchmark/recursive_functions/sv-benchmarks/recursive/Fibonacci01-1.c"
"Primes.c",MAYBE,"","None","Results/CPA_Outputs/Loopy_dataset_InvarBenchmark/Primes.c_lasso_out",MAYBE,"","None","Results/CPA_Outputs/Loopy_dataset_InvarBenchmark/Primes.c_general_out",1.19,1.36,"Datasets/Loopy_dataset_InvarBenchmark/recursive_functions/sv-benchmarks/recursive/Primes.c"
"Ackermann03.c",MAYBE,"","None","Results/CPA_Outputs/Loopy_dataset_InvarBenchmark/Ackermann03.c_lasso_out",MAYBE,"","None","Results/CPA_Outputs/Loopy_dataset_InvarBenchmark/Ackermann03.c_general_out",1.20,2.73,"Datasets/Loopy_dataset_InvarBenchmark/recursive_functions/sv-benchmarks/recursive/Ackermann03.c"
"McCarthy91-2.c",MAYBE,"","None","Results/CPA_Outputs/Loopy_dataset_InvarBenchmark/McCarthy91-2.c_lasso_out",MAYBE,"","None","Results/CPA_Outputs/Loopy_dataset_InvarBenchmark/McCarthy91-2.c_general_out",1.19,274.55,"Datasets/Loopy_dataset_InvarBenchmark/recursive_functions/sv-benchmarks/recursive/McCarthy91-2.c"
"id2_b5_o10.c",MAYBE,"","None","Results/CPA_Outputs/Loopy_dataset_InvarBenchmark/id2_b5_o10.c_lasso_out",MAYBE,"","None","Results/CPA_Outputs/Loopy_dataset_InvarBenchmark/id2_b5_o10.c_general_out",1.20,280.22,"Datasets/Loopy_dataset_InvarBenchmark/recursive_functions/sv-benchmarks/recursive-simple/id2_b5_o10.c"
"fibo_2calls_25-2.c",MAYBE,"","None","Results/CPA_Outputs/Loopy_dataset_InvarBenchmark/fibo_2calls_25-2.c_lasso_out",MAYBE,"","None","Results/CPA_Outputs/Loopy_dataset_InvarBenchmark/fibo_2calls_25-2.c_general_out",1.18,2.10,"Datasets/Loopy_dataset_InvarBenchmark/recursive_functions/sv-benchmarks/recursive-simple/fibo_2calls_25-2.c"
"fibo_25-2.c",MAYBE,"","None","Results/CPA_Outputs/Loopy_dataset_InvarBenchmark/fibo_25-2.c_lasso_out",MAYBE,"","None","Results/CPA_Outputs/Loopy_dataset_InvarBenchmark/fibo_25-2.c_general_out",1.19,1.97,"Datasets/Loopy_dataset_InvarBenchmark/recursive_functions/sv-benchmarks/recursive-simple/fibo_25-2.c"
"fibo_2calls_10-1.c",MAYBE,"","None","Results/CPA_Outputs/Loopy_dataset_InvarBenchmark/fibo_2calls_10-1.c_lasso_out",MAYBE,"","None","Results/CPA_Outputs/Loopy_dataset_InvarBenchmark/fibo_2calls_10-1.c_general_out",1.20,2.10,"Datasets/Loopy_dataset_InvarBenchmark/recursive_functions/sv-benchmarks/recursive-simple/fibo_2calls_10-1.c"
"fibo_2calls_20-2.c",MAYBE,"","None","Results/CPA_Outputs/Loopy_dataset_InvarBenchmark/fibo_2calls_20-2.c_lasso_out",MAYBE,"","None","Results/CPA_Outputs/Loopy_dataset_InvarBenchmark/fibo_2calls_20-2.c_general_out",1.17,2.07,"Datasets/Loopy_dataset_InvarBenchmark/recursive_functions/sv-benchmarks/recursive-simple/fibo_2calls_20-2.c"
"id2_b3_o5.c",MAYBE,"","None","Results/CPA_Outputs/Loopy_dataset_InvarBenchmark/id2_b3_o5.c_lasso_out",MAYBE,"","None","Results/CPA_Outputs/Loopy_dataset_InvarBenchmark/id2_b3_o5.c_general_out",1.21,279.34,"Datasets/Loopy_dataset_InvarBenchmark/recursive_functions/sv-benchmarks/recursive-simple/id2_b3_o5.c"
"fibo_15-1.c",MAYBE,"","None","Results/CPA_Outputs/Loopy_dataset_InvarBenchmark/fibo_15-1.c_lasso_out",MAYBE,"","None","Results/CPA_Outputs/Loopy_dataset_InvarBenchmark/fibo_15-1.c_general_out",1.17,1.92,"Datasets/Loopy_dataset_InvarBenchmark/recursive_functions/sv-benchmarks/recursive-simple/fibo_15-1.c"
"fibo_2calls_15-2.c",MAYBE,"","None","Results/CPA_Outputs/Loopy_dataset_InvarBenchmark/fibo_2calls_15-2.c_lasso_out",MAYBE,"","None","Results/CPA_Outputs/Loopy_dataset_InvarBenchmark/fibo_2calls_15-2.c_general_out",1.20,2.07,"Datasets/Loopy_dataset_InvarBenchmark/recursive_functions/sv-benchmarks/recursive-simple/fibo_2calls_15-2.c"
"id2_b2_o3.c",MAYBE,"","None","Results/CPA_Outputs/Loopy_dataset_InvarBenchmark/id2_b2_o3.c_lasso_out",MAYBE,"","None","Results/CPA_Outputs/Loopy_dataset_InvarBenchmark/id2_b2_o3.c_general_out",1.20,280.19,"Datasets/Loopy_dataset_InvarBenchmark/recursive_functions/sv-benchmarks/recursive-simple/id2_b2_o3.c"
"id_b5_o10-2.c",MAYBE,"","None","Results/CPA_Outputs/Loopy_dataset_InvarBenchmark/id_b5_o10-2.c_lasso_out",MAYBE,"","None","Results/CPA_Outputs/Loopy_dataset_InvarBenchmark/id_b5_o10-2.c_general_out",1.18,1.52,"Datasets/Loopy_dataset_InvarBenchmark/recursive_functions/sv-benchmarks/recursive-simple/id_b5_o10-2.c"
"fibo_20-2.c",MAYBE,"","None","Results/CPA_Outputs/Loopy_dataset_InvarBenchmark/fibo_20-2.c_lasso_out",MAYBE,"","None","Results/CPA_Outputs/Loopy_dataset_InvarBenchmark/fibo_20-2.c_general_out",1.21,1.98,"Datasets/Loopy_dataset_InvarBenchmark/recursive_functions/sv-benchmarks/recursive-simple/fibo_20-2.c"
"id_b2_o3.c",MAYBE,"","None","Results/CPA_Outputs/Loopy_dataset_InvarBenchmark/id_b2_o3.c_lasso_out",MAYBE,"","None","Results/CPA_Outputs/Loopy_dataset_InvarBenchmark/id_b2_o3.c_general_out",1.17,1.58,"Datasets/Loopy_dataset_InvarBenchmark/recursive_functions/sv-benchmarks/recursive-simple/id_b2_o3.c"
"sum_non_eq-2.c",MAYBE,"","None","Results/CPA_Outputs/Loopy_dataset_InvarBenchmark/sum_non_eq-2.c_lasso_out",MAYBE,"","None","Results/CPA_Outputs/Loopy_dataset_InvarBenchmark/sum_non_eq-2.c_general_out",1.20,1.58,"Datasets/Loopy_dataset_InvarBenchmark/recursive_functions/sv-benchmarks/recursive-simple/sum_non_eq-2.c"
"id_b3_o5-2.c",MAYBE,"","None","Results/CPA_Outputs/Loopy_dataset_InvarBenchmark/id_b3_o5-2.c_lasso_out",MAYBE,"","None","Results/CPA_Outputs/Loopy_dataset_InvarBenchmark/id_b3_o5-2.c_general_out",1.20,1.54,"Datasets/Loopy_dataset_InvarBenchmark/recursive_functions/sv-benchmarks/recursive-simple/id_b3_o5-2.c"
"nested-nsna3.c",MAYBE,"","None","Results/CPA_Outputs/Loopy_dataset_InvarBenchmark/nested-nsna3.c_lasso_out",MAYBE,"","None","Results/CPA_Outputs/Loopy_dataset_InvarBenchmark/nested-nsna3.c_general_out",2.11,259.68,"Datasets/Loopy_dataset_InvarBenchmark/arrays/diffy_cav21_bench/nested-nsna3.c"
"standard_compare_ground.c",MAYBE,"","None","Results/CPA_Outputs/Loopy_dataset_InvarBenchmark/standard_compare_ground.c_lasso_out",MAYBE,"","None","Results/CPA_Outputs/Loopy_dataset_InvarBenchmark/standard_compare_ground.c_general_out",1.63,261.43,"Datasets/Loopy_dataset_InvarBenchmark/arrays/diffy_cav21_bench/standard_compare_ground.c"
"nested-ss3.c",MAYBE,"","None","Results/CPA_Outputs/Loopy_dataset_InvarBenchmark/nested-ss3.c_lasso_out",MAYBE,"","None","Results/CPA_Outputs/Loopy_dataset_InvarBenchmark/nested-ss3.c_general_out",2.43,257.98,"Datasets/Loopy_dataset_InvarBenchmark/arrays/diffy_cav21_bench/nested-ss3.c"
"modn.c",MAYBE,"","None","Results/CPA_Outputs/Loopy_dataset_InvarBenchmark/modn.c_lasso_out",MAYBE,"","None","Results/CPA_Outputs/Loopy_dataset_InvarBenchmark/modn.c_general_out",1.75,262.78,"Datasets/Loopy_dataset_InvarBenchmark/arrays/diffy_cav21_bench/modn.c"
"sina5.c",MAYBE,"","None","Results/CPA_Outputs/Loopy_dataset_InvarBenchmark/sina5.c_lasso_out",MAYBE,"","None","Results/CPA_Outputs/Loopy_dataset_InvarBenchmark/sina5.c_general_out",2.19,258.58,"Datasets/Loopy_dataset_InvarBenchmark/arrays/diffy_cav21_bench/sina5.c"
"s4lif.c",MAYBE,"","None","Results/CPA_Outputs/Loopy_dataset_InvarBenchmark/s4lif.c_lasso_out",MAYBE,"","None","Results/CPA_Outputs/Loopy_dataset_InvarBenchmark/s4lif.c_general_out",1.76,266.83,"Datasets/Loopy_dataset_InvarBenchmark/arrays/diffy_cav21_bench/s4lif.c"
"nested-sna3.c",MAYBE,"","None","Results/CPA_Outputs/Loopy_dataset_InvarBenchmark/nested-sna3.c_lasso_out",MAYBE,"","None","Results/CPA_Outputs/Loopy_dataset_InvarBenchmark/nested-sna3.c_general_out",2.02,260.97,"Datasets/Loopy_dataset_InvarBenchmark/arrays/diffy_cav21_bench/nested-sna3.c"
"ss4.c",MAYBE,"","None","Results/CPA_Outputs/Loopy_dataset_InvarBenchmark/ss4.c_lasso_out",MAYBE,"","None","Results/CPA_Outputs/Loopy_dataset_InvarBenchmark/ss4.c_general_out",1.88,263.62,"Datasets/Loopy_dataset_InvarBenchmark/arrays/diffy_cav21_bench/ss4.c"
"nested-unb1.c",MAYBE,"","None","Results/CPA_Outputs/Loopy_dataset_InvarBenchmark/nested-unb1.c_lasso_out",MAYBE,"","None","Results/CPA_Outputs/Loopy_dataset_InvarBenchmark/nested-unb1.c_general_out",1.70,261.23,"Datasets/Loopy_dataset_InvarBenchmark/arrays/diffy_cav21_bench/nested-unb1.c"
"cond2s2.c",MAYBE,"","None","Results/CPA_Outputs/Loopy_dataset_InvarBenchmark/cond2s2.c_lasso_out",MAYBE,"","None","Results/CPA_Outputs/Loopy_dataset_InvarBenchmark/cond2s2.c_general_out",2.01,261.20,"Datasets/Loopy_dataset_InvarBenchmark/arrays/diffy_cav21_bench/cond2s2.c"
"ss3.c",MAYBE,"","None","Results/CPA_Outputs/Loopy_dataset_InvarBenchmark/ss3.c_lasso_out",MAYBE,"","None","Results/CPA_Outputs/Loopy_dataset_InvarBenchmark/ss3.c_general_out",2.10,264.52,"Datasets/Loopy_dataset_InvarBenchmark/arrays/diffy_cav21_bench/ss3.c"
"condi.c",MAYBE,"","None","Results/CPA_Outputs/Loopy_dataset_InvarBenchmark/condi.c_lasso_out",MAYBE,"","None","Results/CPA_Outputs/Loopy_dataset_InvarBenchmark/condi.c_general_out",1.65,261.04,"Datasets/Loopy_dataset_InvarBenchmark/arrays/diffy_cav21_bench/condi.c"
"s2lif.c",MAYBE,"","None","Results/CPA_Outputs/Loopy_dataset_InvarBenchmark/s2lif.c_lasso_out",MAYBE,"","None","Results/CPA_Outputs/Loopy_dataset_InvarBenchmark/s2lif.c_general_out",1.75,265.94,"Datasets/Loopy_dataset_InvarBenchmark/arrays/diffy_cav21_bench/s2lif.c"
"zero_sum_const_m6.c",MAYBE,"","None","Results/CPA_Outputs/Loopy_dataset_InvarBenchmark/zero_sum_const_m6.c_lasso_out",MAYBE,"","None","Results/CPA_Outputs/Loopy_dataset_InvarBenchmark/zero_sum_const_m6.c_general_out",4.69,253.66,"Datasets/Loopy_dataset_InvarBenchmark/arrays/diffy_cav21_bench/zero_sum_const_m6.c"
"ms2.c",MAYBE,"","None","Results/CPA_Outputs/Loopy_dataset_InvarBenchmark/ms2.c_lasso_out",MAYBE,"","None","Results/CPA_Outputs/Loopy_dataset_InvarBenchmark/ms2.c_general_out",1.66,264.25,"Datasets/Loopy_dataset_InvarBenchmark/arrays/diffy_cav21_bench/ms2.c"
"zero_sum1.c",MAYBE,"","None","Results/CPA_Outputs/Loopy_dataset_InvarBenchmark/zero_sum1.c_lasso_out",MAYBE,"","None","Results/CPA_Outputs/Loopy_dataset_InvarBenchmark/zero_sum1.c_general_out",1.76,265.48,"Datasets/Loopy_dataset_InvarBenchmark/arrays/diffy_cav21_bench/zero_sum1.c"
"standard_copy8_ground-1.c",MAYBE,"","None","Results/CPA_Outputs/Loopy_dataset_InvarBenchmark/standard_copy8_ground-1.c_lasso_out",MAYBE,"","None","Results/CPA_Outputs/Loopy_dataset_InvarBenchmark/standard_copy8_ground-1.c_general_out",3.19,256.31,"Datasets/Loopy_dataset_InvarBenchmark/arrays/diffy_cav21_bench/standard_copy8_ground-1.c"
"mods.c",MAYBE,"","None","Results/CPA_Outputs/Loopy_dataset_InvarBenchmark/mods.c_lasso_out",MAYBE,"","None","Results/CPA_Outputs/Loopy_dataset_InvarBenchmark/mods.c_general_out",2.10,259.79,"Datasets/Loopy_dataset_InvarBenchmark/arrays/diffy_cav21_bench/mods.c"
"standard_copyInitSum2_ground-2.c",MAYBE,"","None","Results/CPA_Outputs/Loopy_dataset_InvarBenchmark/standard_copyInitSum2_ground-2.c_lasso_out",MAYBE,"","None","Results/CPA_Outputs/Loopy_dataset_InvarBenchmark/standard_copyInitSum2_ground-2.c_general_out",1.64,260.84,"Datasets/Loopy_dataset_InvarBenchmark/arrays/diffy_cav21_bench/standard_copyInitSum2_ground-2.c"
"conds2.c",MAYBE,"","None","Results/CPA_Outputs/Loopy_dataset_InvarBenchmark/conds2.c_lasso_out",MAYBE,"","None","Results/CPA_Outputs/Loopy_dataset_InvarBenchmark/conds2.c_general_out",1.87,260.54,"Datasets/Loopy_dataset_InvarBenchmark/arrays/diffy_cav21_bench/conds2.c"
"modp.c",MAYBE,"","None","Results/CPA_Outputs/Loopy_dataset_InvarBenchmark/modp.c_lasso_out",MAYBE,"","None","Results/CPA_Outputs/Loopy_dataset_InvarBenchmark/modp.c_general_out",1.74,263.06,"Datasets/Loopy_dataset_InvarBenchmark/arrays/diffy_cav21_bench/modp.c"
"sina4.c",MAYBE,"","None","Results/CPA_Outputs/Loopy_dataset_InvarBenchmark/sina4.c_lasso_out",MAYBE,"","None","Results/CPA_Outputs/Loopy_dataset_InvarBenchmark/sina4.c_general_out",1.99,258.34,"Datasets/Loopy_dataset_InvarBenchmark/arrays/diffy_cav21_bench/sina4.c"
"ifeqn2.c",MAYBE,"","None","Results/CPA_Outputs/Loopy_dataset_InvarBenchmark/ifeqn2.c_lasso_out",MAYBE,"","None","Results/CPA_Outputs/Loopy_dataset_InvarBenchmark/ifeqn2.c_general_out",1.70,259.12,"Datasets/Loopy_dataset_InvarBenchmark/arrays/diffy_cav21_bench/ifeqn2.c"
"ncomp.c",MAYBE,"","None","Results/CPA_Outputs/Loopy_dataset_InvarBenchmark/ncomp.c_lasso_out",MAYBE,"","None","Results/CPA_Outputs/Loopy_dataset_InvarBenchmark/ncomp.c_general_out",1.62,265.47,"Datasets/Loopy_dataset_InvarBenchmark/arrays/diffy_cav21_bench/ncomp.c"
"s4if.c",MAYBE,"","None","Results/CPA_Outputs/Loopy_dataset_InvarBenchmark/s4if.c_lasso_out",MAYBE,"","None","Results/CPA_Outputs/Loopy_dataset_InvarBenchmark/s4if.c_general_out",1.62,261.33,"Datasets/Loopy_dataset_InvarBenchmark/arrays/diffy_cav21_bench/s4if.c"
"s52if.c",MAYBE,"","None","Results/CPA_Outputs/Loopy_dataset_InvarBenchmark/s52if.c_lasso_out",MAYBE,"","None","Results/CPA_Outputs/Loopy_dataset_InvarBenchmark/s52if.c_general_out",1.77,259.15,"Datasets/Loopy_dataset_InvarBenchmark/arrays/diffy_cav21_bench/s52if.c"
"condn.c",MAYBE,"","None","Results/CPA_Outputs/Loopy_dataset_InvarBenchmark/condn.c_lasso_out",MAYBE,"","None","Results/CPA_Outputs/Loopy_dataset_InvarBenchmark/condn.c_general_out",1.62,261.97,"Datasets/Loopy_dataset_InvarBenchmark/arrays/diffy_cav21_bench/condn.c"
"brs5.c",MAYBE,"","None","Results/CPA_Outputs/Loopy_dataset_InvarBenchmark/brs5.c_lasso_out",MAYBE,"","None","Results/CPA_Outputs/Loopy_dataset_InvarBenchmark/brs5.c_general_out",1.67,264.56,"Datasets/Loopy_dataset_InvarBenchmark/arrays/diffy_cav21_bench/brs5.c"
"conds.c",MAYBE,"","None","Results/CPA_Outputs/Loopy_dataset_InvarBenchmark/conds.c_lasso_out",MAYBE,"","None","Results/CPA_Outputs/Loopy_dataset_InvarBenchmark/conds.c_general_out",1.94,261.66,"Datasets/Loopy_dataset_InvarBenchmark/arrays/diffy_cav21_bench/conds.c"
"nested-nsna1.c",MAYBE,"","None","Results/CPA_Outputs/Loopy_dataset_InvarBenchmark/nested-nsna1.c_lasso_out",MAYBE,"","None","Results/CPA_Outputs/Loopy_dataset_InvarBenchmark/nested-nsna1.c_general_out",2.20,259.43,"Datasets/Loopy_dataset_InvarBenchmark/arrays/diffy_cav21_bench/nested-nsna1.c"
"zero_sum2.c",MAYBE,"","None","Results/CPA_Outputs/Loopy_dataset_InvarBenchmark/zero_sum2.c_lasso_out",MAYBE,"","None","Results/CPA_Outputs/Loopy_dataset_InvarBenchmark/zero_sum2.c_general_out",2.16,262.60,"Datasets/Loopy_dataset_InvarBenchmark/arrays/diffy_cav21_bench/zero_sum2.c"
"condg.c",MAYBE,"","None","Results/CPA_Outputs/Loopy_dataset_InvarBenchmark/condg.c_lasso_out",MAYBE,"","None","Results/CPA_Outputs/Loopy_dataset_InvarBenchmark/condg.c_general_out",1.96,261.58,"Datasets/Loopy_dataset_InvarBenchmark/arrays/diffy_cav21_bench/condg.c"
"cond2s1.c",MAYBE,"","None","Results/CPA_Outputs/Loopy_dataset_InvarBenchmark/cond2s1.c_lasso_out",MAYBE,"","None","Results/CPA_Outputs/Loopy_dataset_InvarBenchmark/cond2s1.c_general_out",2.04,260.56,"Datasets/Loopy_dataset_InvarBenchmark/arrays/diffy_cav21_bench/cond2s1.c"
"sanfoundry_27_ground.c",MAYBE,"","None","Results/CPA_Outputs/Loopy_dataset_InvarBenchmark/sanfoundry_27_ground.c_lasso_out",MAYBE,"","None","Results/CPA_Outputs/Loopy_dataset_InvarBenchmark/sanfoundry_27_ground.c_general_out",1.71,262.45,"Datasets/Loopy_dataset_InvarBenchmark/arrays/diffy_cav21_bench/sanfoundry_27_ground.c"
"ss1.c",MAYBE,"","None","Results/CPA_Outputs/Loopy_dataset_InvarBenchmark/ss1.c_lasso_out",MAYBE,"","None","Results/CPA_Outputs/Loopy_dataset_InvarBenchmark/ss1.c_general_out",1.95,263.92,"Datasets/Loopy_dataset_InvarBenchmark/arrays/diffy_cav21_bench/ss1.c"
"s2if.c",MAYBE,"","None","Results/CPA_Outputs/Loopy_dataset_InvarBenchmark/s2if.c_lasso_out",MAYBE,"","None","Results/CPA_Outputs/Loopy_dataset_InvarBenchmark/s2if.c_general_out",1.59,260.64,"Datasets/Loopy_dataset_InvarBenchmark/arrays/diffy_cav21_bench/s2if.c"
"nested-unb3.c",MAYBE,"","None","Results/CPA_Outputs/Loopy_dataset_InvarBenchmark/nested-unb3.c_lasso_out",MAYBE,"","None","Results/CPA_Outputs/Loopy_dataset_InvarBenchmark/nested-unb3.c_general_out",1.67,260.80,"Datasets/Loopy_dataset_InvarBenchmark/arrays/diffy_cav21_bench/nested-unb3.c"
"standard_copyInit_ground.c",MAYBE,"","None","Results/CPA_Outputs/Loopy_dataset_InvarBenchmark/standard_copyInit_ground.c_lasso_out",MAYBE,"","None","Results/CPA_Outputs/Loopy_dataset_InvarBenchmark/standard_copyInit_ground.c_general_out",1.48,261.75,"Datasets/Loopy_dataset_InvarBenchmark/arrays/diffy_cav21_bench/standard_copyInit_ground.c"
"s1lif.c",MAYBE,"","None","Results/CPA_Outputs/Loopy_dataset_InvarBenchmark/s1lif.c_lasso_out",MAYBE,"","None","Results/CPA_Outputs/Loopy_dataset_InvarBenchmark/s1lif.c_general_out",1.77,265.35,"Datasets/Loopy_dataset_InvarBenchmark/arrays/diffy_cav21_bench/s1lif.c"
"nested-ss1.c",MAYBE,"","None","Results/CPA_Outputs/Loopy_dataset_InvarBenchmark/nested-ss1.c_lasso_out",MAYBE,"","None","Results/CPA_Outputs/Loopy_dataset_InvarBenchmark/nested-ss1.c_general_out",2.50,258.10,"Datasets/Loopy_dataset_InvarBenchmark/arrays/diffy_cav21_bench/nested-ss1.c"
"ifeqn5.c",MAYBE,"","None","Results/CPA_Outputs/Loopy_dataset_InvarBenchmark/ifeqn5.c_lasso_out",MAYBE,"","None","Results/CPA_Outputs/Loopy_dataset_InvarBenchmark/ifeqn5.c_general_out",1.69,259.39,"Datasets/Loopy_dataset_InvarBenchmark/arrays/diffy_cav21_bench/ifeqn5.c"
"indp1.c",MAYBE,"","None","Results/CPA_Outputs/Loopy_dataset_InvarBenchmark/indp1.c_lasso_out",MAYBE,"","None","Results/CPA_Outputs/Loopy_dataset_InvarBenchmark/indp1.c_general_out",1.81,260.84,"Datasets/Loopy_dataset_InvarBenchmark/arrays/diffy_cav21_bench/indp1.c"
"condss2.c",MAYBE,"","None","Results/CPA_Outputs/Loopy_dataset_InvarBenchmark/condss2.c_lasso_out",MAYBE,"","None","Results/CPA_Outputs/Loopy_dataset_InvarBenchmark/condss2.c_general_out",2.26,258.29,"Datasets/Loopy_dataset_InvarBenchmark/arrays/diffy_cav21_bench/condss2.c"
"standard_copy2_ground-2.c",MAYBE,"","None","Results/CPA_Outputs/Loopy_dataset_InvarBenchmark/standard_copy2_ground-2.c_lasso_out",MAYBE,"","None","Results/CPA_Outputs/Loopy_dataset_InvarBenchmark/standard_copy2_ground-2.c_general_out",1.67,261.10,"Datasets/Loopy_dataset_InvarBenchmark/arrays/diffy_cav21_bench/standard_copy2_ground-2.c"
"nested-nlj3.c",MAYBE,"","None","Results/CPA_Outputs/Loopy_dataset_InvarBenchmark/nested-nlj3.c_lasso_out",MAYBE,"","None","Results/CPA_Outputs/Loopy_dataset_InvarBenchmark/nested-nlj3.c_general_out",1.78,1.76,"Datasets/Loopy_dataset_InvarBenchmark/arrays/diffy_cav21_bench/nested-nlj3.c"
"s42if.c",MAYBE,"","None","Results/CPA_Outputs/Loopy_dataset_InvarBenchmark/s42if.c_lasso_out",MAYBE,"","None","Results/CPA_Outputs/Loopy_dataset_InvarBenchmark/s42if.c_general_out",1.83,259.43,"Datasets/Loopy_dataset_InvarBenchmark/arrays/diffy_cav21_bench/s42if.c"
"sina2.c",MAYBE,"","None","Results/CPA_Outputs/Loopy_dataset_InvarBenchmark/sina2.c_lasso_out",MAYBE,"","None","Results/CPA_Outputs/Loopy_dataset_InvarBenchmark/sina2.c_general_out",1.87,262.44,"Datasets/Loopy_dataset_InvarBenchmark/arrays/diffy_cav21_bench/sina2.c"
"nested-ss2.c",MAYBE,"","None","Results/CPA_Outputs/Loopy_dataset_InvarBenchmark/nested-ss2.c_lasso_out",MAYBE,"","None","Results/CPA_Outputs/Loopy_dataset_InvarBenchmark/nested-ss2.c_general_out",2.97,256.64,"Datasets/Loopy_dataset_InvarBenchmark/arrays/diffy_cav21_bench/nested-ss2.c"
"res2o.c",MAYBE,"","None","Results/CPA_Outputs/Loopy_dataset_InvarBenchmark/res2o.c_lasso_out",MAYBE,"","None","Results/CPA_Outputs/Loopy_dataset_InvarBenchmark/res2o.c_general_out",2.20,262.60,"Datasets/Loopy_dataset_InvarBenchmark/arrays/diffy_cav21_bench/res2o.c"
"zero_sum_const5.c",MAYBE,"","None","Results/CPA_Outputs/Loopy_dataset_InvarBenchmark/zero_sum_const5.c_lasso_out",MAYBE,"","None","Results/CPA_Outputs/Loopy_dataset_InvarBenchmark/zero_sum_const5.c_general_out",3.84,255.18,"Datasets/Loopy_dataset_InvarBenchmark/arrays/diffy_cav21_bench/zero_sum_const5.c"
"nested-as1.c",MAYBE,"","None","Results/CPA_Outputs/Loopy_dataset_InvarBenchmark/nested-as1.c_lasso_out",MAYBE,"","None","Results/CPA_Outputs/Loopy_dataset_InvarBenchmark/nested-as1.c_general_out",2.21,259.38,"Datasets/Loopy_dataset_InvarBenchmark/arrays/diffy_cav21_bench/nested-as1.c"
"ifeqn1.c",MAYBE,"","None","Results/CPA_Outputs/Loopy_dataset_InvarBenchmark/ifeqn1.c_lasso_out",MAYBE,"","None","Results/CPA_Outputs/Loopy_dataset_InvarBenchmark/ifeqn1.c_general_out",1.70,259.29,"Datasets/Loopy_dataset_InvarBenchmark/arrays/diffy_cav21_bench/ifeqn1.c"
"ss2.c",MAYBE,"","None","Results/CPA_Outputs/Loopy_dataset_InvarBenchmark/ss2.c_lasso_out",MAYBE,"","None","Results/CPA_Outputs/Loopy_dataset_InvarBenchmark/ss2.c_general_out",2.69,258.11,"Datasets/Loopy_dataset_InvarBenchmark/arrays/diffy_cav21_bench/ss2.c"
"nested-nli3.c",MAYBE,"","None","Results/CPA_Outputs/Loopy_dataset_InvarBenchmark/nested-nli3.c_lasso_out",MAYBE,"","None","Results/CPA_Outputs/Loopy_dataset_InvarBenchmark/nested-nli3.c_general_out",1.73,1.78,"Datasets/Loopy_dataset_InvarBenchmark/arrays/diffy_cav21_bench/nested-nli3.c"
"s5if.c",MAYBE,"","None","Results/CPA_Outputs/Loopy_dataset_InvarBenchmark/s5if.c_lasso_out",MAYBE,"","None","Results/CPA_Outputs/Loopy_dataset_InvarBenchmark/s5if.c_general_out",1.65,262.74,"Datasets/Loopy_dataset_InvarBenchmark/arrays/diffy_cav21_bench/s5if.c"
"indp2.c",MAYBE,"","None","Results/CPA_Outputs/Loopy_dataset_InvarBenchmark/indp2.c_lasso_out",MAYBE,"","None","Results/CPA_Outputs/Loopy_dataset_InvarBenchmark/indp2.c_general_out",1.79,261.18,"Datasets/Loopy_dataset_InvarBenchmark/arrays/diffy_cav21_bench/indp2.c"
"standard_init7_ground-2.c",MAYBE,"","None","Results/CPA_Outputs/Loopy_dataset_InvarBenchmark/standard_init7_ground-2.c_lasso_out",MAYBE,"","None","Results/CPA_Outputs/Loopy_dataset_InvarBenchmark/standard_init7_ground-2.c_general_out",2.38,258.90,"Datasets/Loopy_dataset_InvarBenchmark/arrays/diffy_cav21_bench/standard_init7_ground-2.c"
"condm.c",MAYBE,"","None","Results/CPA_Outputs/Loopy_dataset_InvarBenchmark/condm.c_lasso_out",MAYBE,"","None","Results/CPA_Outputs/Loopy_dataset_InvarBenchmark/condm.c_general_out",1.72,260.57,"Datasets/Loopy_dataset_InvarBenchmark/arrays/diffy_cav21_bench/condm.c"
"ifeqn3.c",MAYBE,"","None","Results/CPA_Outputs/Loopy_dataset_InvarBenchmark/ifeqn3.c_lasso_out",MAYBE,"","None","Results/CPA_Outputs/Loopy_dataset_InvarBenchmark/ifeqn3.c_general_out",1.70,258.97,"Datasets/Loopy_dataset_InvarBenchmark/arrays/diffy_cav21_bench/ifeqn3.c"
"standard_seq_init_ground.c",MAYBE,"","None","Results/CPA_Outputs/Loopy_dataset_InvarBenchmark/standard_seq_init_ground.c_lasso_out",MAYBE,"","None","Results/CPA_Outputs/Loopy_dataset_InvarBenchmark/standard_seq_init_ground.c_general_out",1.55,263.97,"Datasets/Loopy_dataset_InvarBenchmark/arrays/diffy_cav21_bench/standard_seq_init_ground.c"
"standard_copy9_ground-2.c",MAYBE,"","None","Results/CPA_Outputs/Loopy_dataset_InvarBenchmark/standard_copy9_ground-2.c_lasso_out",MAYBE,"","None","Results/CPA_Outputs/Loopy_dataset_InvarBenchmark/standard_copy9_ground-2.c_general_out",3.50,254.68,"Datasets/Loopy_dataset_InvarBenchmark/arrays/diffy_cav21_bench/standard_copy9_ground-2.c"
"zero_sum5.c",MAYBE,"","None","Results/CPA_Outputs/Loopy_dataset_InvarBenchmark/zero_sum5.c_lasso_out",MAYBE,"","None","Results/CPA_Outputs/Loopy_dataset_InvarBenchmark/zero_sum5.c_general_out",3.86,256.32,"Datasets/Loopy_dataset_InvarBenchmark/arrays/diffy_cav21_bench/zero_sum5.c"
"zero_sum3.c",MAYBE,"","None","Results/CPA_Outputs/Loopy_dataset_InvarBenchmark/zero_sum3.c_lasso_out",MAYBE,"","None","Results/CPA_Outputs/Loopy_dataset_InvarBenchmark/zero_sum3.c_general_out",2.67,260.90,"Datasets/Loopy_dataset_InvarBenchmark/arrays/diffy_cav21_bench/zero_sum3.c"
"standard_copy6_ground-2.c",MAYBE,"","None","Results/CPA_Outputs/Loopy_dataset_InvarBenchmark/standard_copy6_ground-2.c_lasso_out",MAYBE,"","None","Results/CPA_Outputs/Loopy_dataset_InvarBenchmark/standard_copy6_ground-2.c_general_out",2.47,258.00,"Datasets/Loopy_dataset_InvarBenchmark/arrays/diffy_cav21_bench/standard_copy6_ground-2.c"
"standard_init9_ground-2.c",MAYBE,"","None","Results/CPA_Outputs/Loopy_dataset_InvarBenchmark/standard_init9_ground-2.c_lasso_out",MAYBE,"","None","Results/CPA_Outputs/Loopy_dataset_InvarBenchmark/standard_init9_ground-2.c_general_out",2.91,255.33,"Datasets/Loopy_dataset_InvarBenchmark/arrays/diffy_cav21_bench/standard_init9_ground-2.c"
"nested-nlj1.c",MAYBE,"","None","Results/CPA_Outputs/Loopy_dataset_InvarBenchmark/nested-nlj1.c_lasso_out",MAYBE,"","None","Results/CPA_Outputs/Loopy_dataset_InvarBenchmark/nested-nlj1.c_general_out",1.80,1.80,"Datasets/Loopy_dataset_InvarBenchmark/arrays/diffy_cav21_bench/nested-nlj1.c"
"brs1.c",MAYBE,"","None","Results/CPA_Outputs/Loopy_dataset_InvarBenchmark/brs1.c_lasso_out",MAYBE,"","None","Results/CPA_Outputs/Loopy_dataset_InvarBenchmark/brs1.c_general_out",1.69,263.79,"Datasets/Loopy_dataset_InvarBenchmark/arrays/diffy_cav21_bench/brs1.c"
"s32if.c",MAYBE,"","None","Results/CPA_Outputs/Loopy_dataset_InvarBenchmark/s32if.c_lasso_out",MAYBE,"","None","Results/CPA_Outputs/Loopy_dataset_InvarBenchmark/s32if.c_general_out",1.76,259.28,"Datasets/Loopy_dataset_InvarBenchmark/arrays/diffy_cav21_bench/s32if.c"
"s3lif.c",MAYBE,"","None","Results/CPA_Outputs/Loopy_dataset_InvarBenchmark/s3lif.c_lasso_out",MAYBE,"","None","Results/CPA_Outputs/Loopy_dataset_InvarBenchmark/s3lif.c_general_out",1.78,265.13,"Datasets/Loopy_dataset_InvarBenchmark/arrays/diffy_cav21_bench/s3lif.c"
"standard_init2_ground-2.c",MAYBE,"","None","Results/CPA_Outputs/Loopy_dataset_InvarBenchmark/standard_init2_ground-2.c_lasso_out",MAYBE,"","None","Results/CPA_Outputs/Loopy_dataset_InvarBenchmark/standard_init2_ground-2.c_general_out",1.62,261.90,"Datasets/Loopy_dataset_InvarBenchmark/arrays/diffy_cav21_bench/standard_init2_ground-2.c"
"sina3.c",MAYBE,"","None","Results/CPA_Outputs/Loopy_dataset_InvarBenchmark/sina3.c_lasso_out",MAYBE,"","None","Results/CPA_Outputs/Loopy_dataset_InvarBenchmark/sina3.c_general_out",1.98,258.97,"Datasets/Loopy_dataset_InvarBenchmark/arrays/diffy_cav21_bench/sina3.c"
"zero_sum_const2.c",MAYBE,"","None","Results/CPA_Outputs/Loopy_dataset_InvarBenchmark/zero_sum_const2.c_lasso_out",MAYBE,"","None","Results/CPA_Outputs/Loopy_dataset_InvarBenchmark/zero_sum_const2.c_general_out",2.09,262.83,"Datasets/Loopy_dataset_InvarBenchmark/arrays/diffy_cav21_bench/zero_sum_const2.c"
"nested-as3.c",MAYBE,"","None","Results/CPA_Outputs/Loopy_dataset_InvarBenchmark/nested-as3.c_lasso_out",MAYBE,"","None","Results/CPA_Outputs/Loopy_dataset_InvarBenchmark/nested-as3.c_general_out",2.17,260.27,"Datasets/Loopy_dataset_InvarBenchmark/arrays/diffy_cav21_bench/nested-as3.c"
"ssina.c",MAYBE,"","None","Results/CPA_Outputs/Loopy_dataset_InvarBenchmark/ssina.c_lasso_out",MAYBE,"","None","Results/CPA_Outputs/Loopy_dataset_InvarBenchmark/ssina.c_general_out",2.31,258.54,"Datasets/Loopy_dataset_InvarBenchmark/arrays/diffy_cav21_bench/ssina.c"
"res1.c",MAYBE,"","None","Results/CPA_Outputs/Loopy_dataset_InvarBenchmark/res1.c_lasso_out",MAYBE,"","None","Results/CPA_Outputs/Loopy_dataset_InvarBenchmark/res1.c_general_out",1.85,265.79,"Datasets/Loopy_dataset_InvarBenchmark/arrays/diffy_cav21_bench/res1.c"
"condss.c",MAYBE,"","None","Results/CPA_Outputs/Loopy_dataset_InvarBenchmark/condss.c_lasso_out",MAYBE,"","None","Results/CPA_Outputs/Loopy_dataset_InvarBenchmark/condss.c_general_out",2.20,258.04,"Datasets/Loopy_dataset_InvarBenchmark/arrays/diffy_cav21_bench/condss.c"
"eqn4.c",MAYBE,"","None","Results/CPA_Outputs/Loopy_dataset_InvarBenchmark/eqn4.c_lasso_out",MAYBE,"","None","Results/CPA_Outputs/Loopy_dataset_InvarBenchmark/eqn4.c_general_out",1.48,264.59,"Datasets/Loopy_dataset_InvarBenchmark/arrays/diffy_cav21_bench/eqn4.c"
"res2.c",MAYBE,"","None","Results/CPA_Outputs/Loopy_dataset_InvarBenchmark/res2.c_lasso_out",MAYBE,"","None","Results/CPA_Outputs/Loopy_dataset_InvarBenchmark/res2.c_general_out",2.18,264.12,"Datasets/Loopy_dataset_InvarBenchmark/arrays/diffy_cav21_bench/res2.c"
"sina1.c",MAYBE,"","None","Results/CPA_Outputs/Loopy_dataset_InvarBenchmark/sina1.c_lasso_out",MAYBE,"","None","Results/CPA_Outputs/Loopy_dataset_InvarBenchmark/sina1.c_general_out",1.74,263.07,"Datasets/Loopy_dataset_InvarBenchmark/arrays/diffy_cav21_bench/sina1.c"
"nested-nsna2.c",MAYBE,"","None","Results/CPA_Outputs/Loopy_dataset_InvarBenchmark/nested-nsna2.c_lasso_out",MAYBE,"","None","Results/CPA_Outputs/Loopy_dataset_InvarBenchmark/nested-nsna2.c_general_out",2.20,259.59,"Datasets/Loopy_dataset_InvarBenchmark/arrays/diffy_cav21_bench/nested-nsna2.c"
"condsc.c",MAYBE,"","None","Results/CPA_Outputs/Loopy_dataset_InvarBenchmark/condsc.c_lasso_out",MAYBE,"","None","Results/CPA_Outputs/Loopy_dataset_InvarBenchmark/condsc.c_general_out",1.93,261.25,"Datasets/Loopy_dataset_InvarBenchmark/arrays/diffy_cav21_bench/condsc.c"
"standard_init1_ground-2.c",MAYBE,"","None","Results/CPA_Outputs/Loopy_dataset_InvarBenchmark/standard_init1_ground-2.c_lasso_out",MAYBE,"","None","Results/CPA_Outputs/Loopy_dataset_InvarBenchmark/standard_init1_ground-2.c_general_out",1.55,263.47,"Datasets/Loopy_dataset_InvarBenchmark/arrays/diffy_cav21_bench/standard_init1_ground-2.c"
"standard_copyInitSum3_ground.c",MAYBE,"","None","Results/CPA_Outputs/Loopy_dataset_InvarBenchmark/standard_copyInitSum3_ground.c_lasso_out",MAYBE,"","None","Results/CPA_Outputs/Loopy_dataset_InvarBenchmark/standard_copyInitSum3_ground.c_general_out",1.86,260.09,"Datasets/Loopy_dataset_InvarBenchmark/arrays/diffy_cav21_bench/standard_copyInitSum3_ground.c"
"standard_copyInitSum_ground.c",MAYBE,"","None","Results/CPA_Outputs/Loopy_dataset_InvarBenchmark/standard_copyInitSum_ground.c_lasso_out",MAYBE,"","None","Results/CPA_Outputs/Loopy_dataset_InvarBenchmark/standard_copyInitSum_ground.c_general_out",1.83,261.73,"Datasets/Loopy_dataset_InvarBenchmark/arrays/diffy_cav21_bench/standard_copyInitSum_ground.c"
"zero_sum4.c",FAILED,"","None","Results/CPA_Outputs/Loopy_dataset_InvarBenchmark/zero_sum4.c_lasso_out",MAYBE,"","None","Results/CPA_Outputs/Loopy_dataset_InvarBenchmark/zero_sum4.c_general_out",30.41,257.62,"Datasets/Loopy_dataset_InvarBenchmark/arrays/diffy_cav21_bench/zero_sum4.c"
"ifcomp.c",MAYBE,"","None","Results/CPA_Outputs/Loopy_dataset_InvarBenchmark/ifcomp.c_lasso_out",MAYBE,"","None","Results/CPA_Outputs/Loopy_dataset_InvarBenchmark/ifcomp.c_general_out",2.06,257.42,"Datasets/Loopy_dataset_InvarBenchmark/arrays/diffy_cav21_bench/ifcomp.c"
"standard_copy4_ground-1.c",MAYBE,"","None","Results/CPA_Outputs/Loopy_dataset_InvarBenchmark/standard_copy4_ground-1.c_lasso_out",MAYBE,"","None","Results/CPA_Outputs/Loopy_dataset_InvarBenchmark/standard_copy4_ground-1.c_general_out",1.98,259.84,"Datasets/Loopy_dataset_InvarBenchmark/arrays/diffy_cav21_bench/standard_copy4_ground-1.c"
"standard_copy3_ground-1.c",MAYBE,"","None","Results/CPA_Outputs/Loopy_dataset_InvarBenchmark/standard_copy3_ground-1.c_lasso_out",MAYBE,"","None","Results/CPA_Outputs/Loopy_dataset_InvarBenchmark/standard_copy3_ground-1.c_general_out",1.84,259.37,"Datasets/Loopy_dataset_InvarBenchmark/arrays/diffy_cav21_bench/standard_copy3_ground-1.c"
"sqm.c",MAYBE,"","None","Results/CPA_Outputs/Loopy_dataset_InvarBenchmark/sqm.c_lasso_out",MAYBE,"","None","Results/CPA_Outputs/Loopy_dataset_InvarBenchmark/sqm.c_general_out",1.47,263.74,"Datasets/Loopy_dataset_InvarBenchmark/arrays/diffy_cav21_bench/sqm.c"
"s22if.c",MAYBE,"","None","Results/CPA_Outputs/Loopy_dataset_InvarBenchmark/s22if.c_lasso_out",MAYBE,"","None","Results/CPA_Outputs/Loopy_dataset_InvarBenchmark/s22if.c_general_out",1.82,257.42,"Datasets/Loopy_dataset_InvarBenchmark/arrays/diffy_cav21_bench/s22if.c"
"ifncomp.c",MAYBE,"","None","Results/CPA_Outputs/Loopy_dataset_InvarBenchmark/ifncomp.c_lasso_out",MAYBE,"","None","Results/CPA_Outputs/Loopy_dataset_InvarBenchmark/ifncomp.c_general_out",2.08,257.44,"Datasets/Loopy_dataset_InvarBenchmark/arrays/diffy_cav21_bench/ifncomp.c"
"ms3.c",MAYBE,"","None","Results/CPA_Outputs/Loopy_dataset_InvarBenchmark/ms3.c_lasso_out",MAYBE,"","None","Results/CPA_Outputs/Loopy_dataset_InvarBenchmark/ms3.c_general_out",1.64,264.09,"Datasets/Loopy_dataset_InvarBenchmark/arrays/diffy_cav21_bench/ms3.c"
"eqn2.c",MAYBE,"","None","Results/CPA_Outputs/Loopy_dataset_InvarBenchmark/eqn2.c_lasso_out",MAYBE,"","None","Results/CPA_Outputs/Loopy_dataset_InvarBenchmark/eqn2.c_general_out",1.47,265.17,"Datasets/Loopy_dataset_InvarBenchmark/arrays/diffy_cav21_bench/eqn2.c"
"standard_strcmp_ground.c",MAYBE,"","None","Results/CPA_Outputs/Loopy_dataset_InvarBenchmark/standard_strcmp_ground.c_lasso_out",MAYBE,"","None","Results/CPA_Outputs/Loopy_dataset_InvarBenchmark/standard_strcmp_ground.c_general_out",1.70,261.14,"Datasets/Loopy_dataset_InvarBenchmark/arrays/diffy_cav21_bench/standard_strcmp_ground.c"
"brs4.c",MAYBE,"","None","Results/CPA_Outputs/Loopy_dataset_InvarBenchmark/brs4.c_lasso_out",MAYBE,"","None","Results/CPA_Outputs/Loopy_dataset_InvarBenchmark/brs4.c_general_out",1.69,264.13,"Datasets/Loopy_dataset_InvarBenchmark/arrays/diffy_cav21_bench/brs4.c"
"zero_sum_const1.c",MAYBE,"","None","Results/CPA_Outputs/Loopy_dataset_InvarBenchmark/zero_sum_const1.c_lasso_out",MAYBE,"","None","Results/CPA_Outputs/Loopy_dataset_InvarBenchmark/zero_sum_const1.c_general_out",1.78,264.68,"Datasets/Loopy_dataset_InvarBenchmark/arrays/diffy_cav21_bench/zero_sum_const1.c"
"nested-sna1.c",MAYBE,"","None","Results/CPA_Outputs/Loopy_dataset_InvarBenchmark/nested-sna1.c_lasso_out",MAYBE,"","None","Results/CPA_Outputs/Loopy_dataset_InvarBenchmark/nested-sna1.c_general_out",2.02,261.22,"Datasets/Loopy_dataset_InvarBenchmark/arrays/diffy_cav21_bench/nested-sna1.c"
"standard_running-2.c",MAYBE,"","None","Results/CPA_Outputs/Loopy_dataset_InvarBenchmark/standard_running-2.c_lasso_out",MAYBE,"","None","Results/CPA_Outputs/Loopy_dataset_InvarBenchmark/standard_running-2.c_general_out",2.00,254.67,"Datasets/Loopy_dataset_InvarBenchmark/arrays/diffy_cav21_bench/standard_running-2.c"
"nested-sum.c",MAYBE,"","None","Results/CPA_Outputs/Loopy_dataset_InvarBenchmark/nested-sum.c_lasso_out",MAYBE,"","None","Results/CPA_Outputs/Loopy_dataset_InvarBenchmark/nested-sum.c_general_out",1.55,1.55,"Datasets/Loopy_dataset_InvarBenchmark/arrays/diffy_cav21_bench/nested-sum.c"
"nested-as2.c",MAYBE,"","None","Results/CPA_Outputs/Loopy_dataset_InvarBenchmark/nested-as2.c_lasso_out",MAYBE,"","None","Results/CPA_Outputs/Loopy_dataset_InvarBenchmark/nested-as2.c_general_out",2.39,259.07,"Datasets/Loopy_dataset_InvarBenchmark/arrays/diffy_cav21_bench/nested-as2.c"
"sqm-if.c",MAYBE,"","None","Results/CPA_Outputs/Loopy_dataset_InvarBenchmark/sqm-if.c_lasso_out",MAYBE,"","None","Results/CPA_Outputs/Loopy_dataset_InvarBenchmark/sqm-if.c_general_out",1.69,258.66,"Datasets/Loopy_dataset_InvarBenchmark/arrays/diffy_cav21_bench/sqm-if.c"
"zero_sum_const4.c",FAILED,"","None","Results/CPA_Outputs/Loopy_dataset_InvarBenchmark/zero_sum_const4.c_lasso_out",MAYBE,"","None","Results/CPA_Outputs/Loopy_dataset_InvarBenchmark/zero_sum_const4.c_general_out",30.56,257.99,"Datasets/Loopy_dataset_InvarBenchmark/arrays/diffy_cav21_bench/zero_sum_const4.c"
"eqn5.c",MAYBE,"","None","Results/CPA_Outputs/Loopy_dataset_InvarBenchmark/eqn5.c_lasso_out",MAYBE,"","None","Results/CPA_Outputs/Loopy_dataset_InvarBenchmark/eqn5.c_general_out",1.47,264.44,"Datasets/Loopy_dataset_InvarBenchmark/arrays/diffy_cav21_bench/eqn5.c"
"conda.c",MAYBE,"","None","Results/CPA_Outputs/Loopy_dataset_InvarBenchmark/conda.c_lasso_out",MAYBE,"","None","Results/CPA_Outputs/Loopy_dataset_InvarBenchmark/conda.c_general_out",1.77,267.09,"Datasets/Loopy_dataset_InvarBenchmark/arrays/diffy_cav21_bench/conda.c"
"condss1.c",MAYBE,"","None","Results/CPA_Outputs/Loopy_dataset_InvarBenchmark/condss1.c_lasso_out",MAYBE,"","None","Results/CPA_Outputs/Loopy_dataset_InvarBenchmark/condss1.c_general_out",3.03,253.68,"Datasets/Loopy_dataset_InvarBenchmark/arrays/diffy_cav21_bench/condss1.c"
"standard_vector_difference_ground.c",MAYBE,"","None","Results/CPA_Outputs/Loopy_dataset_InvarBenchmark/standard_vector_difference_ground.c_lasso_out",MAYBE,"","None","Results/CPA_Outputs/Loopy_dataset_InvarBenchmark/standard_vector_difference_ground.c_general_out",1.58,259.31,"Datasets/Loopy_dataset_InvarBenchmark/arrays/diffy_cav21_bench/standard_vector_difference_ground.c"
"zero_sum_m5.c",MAYBE,"","None","Results/CPA_Outputs/Loopy_dataset_InvarBenchmark/zero_sum_m5.c_lasso_out",MAYBE,"","None","Results/CPA_Outputs/Loopy_dataset_InvarBenchmark/zero_sum_m5.c_general_out",4.00,256.02,"Datasets/Loopy_dataset_InvarBenchmark/arrays/diffy_cav21_bench/zero_sum_m5.c"
"standard_maxInArray_ground.c",MAYBE,"","None","Results/CPA_Outputs/Loopy_dataset_InvarBenchmark/standard_maxInArray_ground.c_lasso_out",MAYBE,"","None","Results/CPA_Outputs/Loopy_dataset_InvarBenchmark/standard_maxInArray_ground.c_general_out",1.79,264.43,"Datasets/Loopy_dataset_InvarBenchmark/arrays/diffy_cav21_bench/standard_maxInArray_ground.c"
"zero_sum_const_m4.c",MAYBE,"","None","Results/CPA_Outputs/Loopy_dataset_InvarBenchmark/zero_sum_const_m4.c_lasso_out",MAYBE,"","None","Results/CPA_Outputs/Loopy_dataset_InvarBenchmark/zero_sum_const_m4.c_general_out",3.25,257.48,"Datasets/Loopy_dataset_InvarBenchmark/arrays/diffy_cav21_bench/zero_sum_const_m4.c"
"ifeqn4.c",MAYBE,"","None","Results/CPA_Outputs/Loopy_dataset_InvarBenchmark/ifeqn4.c_lasso_out",MAYBE,"","None","Results/CPA_Outputs/Loopy_dataset_InvarBenchmark/ifeqn4.c_general_out",1.74,258.71,"Datasets/Loopy_dataset_InvarBenchmark/arrays/diffy_cav21_bench/ifeqn4.c"
"standard_init4_ground-2.c",MAYBE,"","None","Results/CPA_Outputs/Loopy_dataset_InvarBenchmark/standard_init4_ground-2.c_lasso_out",MAYBE,"","None","Results/CPA_Outputs/Loopy_dataset_InvarBenchmark/standard_init4_ground-2.c_general_out",1.90,260.52,"Datasets/Loopy_dataset_InvarBenchmark/arrays/diffy_cav21_bench/standard_init4_ground-2.c"
"zero_sum_m4.c",MAYBE,"","None","Results/CPA_Outputs/Loopy_dataset_InvarBenchmark/zero_sum_m4.c_lasso_out",MAYBE,"","None","Results/CPA_Outputs/Loopy_dataset_InvarBenchmark/zero_sum_m4.c_general_out",3.13,257.95,"Datasets/Loopy_dataset_InvarBenchmark/arrays/diffy_cav21_bench/zero_sum_m4.c"
"standard_copy5_ground-1.c",MAYBE,"","None","Results/CPA_Outputs/Loopy_dataset_InvarBenchmark/standard_copy5_ground-1.c_lasso_out",MAYBE,"","None","Results/CPA_Outputs/Loopy_dataset_InvarBenchmark/standard_copy5_ground-1.c_general_out",2.19,258.88,"Datasets/Loopy_dataset_InvarBenchmark/arrays/diffy_cav21_bench/standard_copy5_ground-1.c"
"standard_init6_ground-2.c",MAYBE,"","None","Results/CPA_Outputs/Loopy_dataset_InvarBenchmark/standard_init6_ground-2.c_lasso_out",MAYBE,"","None","Results/CPA_Outputs/Loopy_dataset_InvarBenchmark/standard_init6_ground-2.c_general_out",2.30,259.96,"Datasets/Loopy_dataset_InvarBenchmark/arrays/diffy_cav21_bench/standard_init6_ground-2.c"
"brs3.c",MAYBE,"","None","Results/CPA_Outputs/Loopy_dataset_InvarBenchmark/brs3.c_lasso_out",MAYBE,"","None","Results/CPA_Outputs/Loopy_dataset_InvarBenchmark/brs3.c_general_out",1.68,264.02,"Datasets/Loopy_dataset_InvarBenchmark/arrays/diffy_cav21_bench/brs3.c"
"indp5.c",MAYBE,"","None","Results/CPA_Outputs/Loopy_dataset_InvarBenchmark/indp5.c_lasso_out",MAYBE,"","None","Results/CPA_Outputs/Loopy_dataset_InvarBenchmark/indp5.c_general_out",2.27,261.47,"Datasets/Loopy_dataset_InvarBenchmark/arrays/diffy_cav21_bench/indp5.c"
"s5lif.c",MAYBE,"","None","Results/CPA_Outputs/Loopy_dataset_InvarBenchmark/s5lif.c_lasso_out",MAYBE,"","None","Results/CPA_Outputs/Loopy_dataset_InvarBenchmark/s5lif.c_general_out",1.74,265.72,"Datasets/Loopy_dataset_InvarBenchmark/arrays/diffy_cav21_bench/s5lif.c"
"nested-sna2.c",MAYBE,"","None","Results/CPA_Outputs/Loopy_dataset_InvarBenchmark/nested-sna2.c_lasso_out",MAYBE,"","None","Results/CPA_Outputs/Loopy_dataset_InvarBenchmark/nested-sna2.c_general_out",2.07,259.52,"Datasets/Loopy_dataset_InvarBenchmark/arrays/diffy_cav21_bench/nested-sna2.c"
"zero_sum_const_m3.c",MAYBE,"","None","Results/CPA_Outputs/Loopy_dataset_InvarBenchmark/zero_sum_const_m3.c_lasso_out",MAYBE,"","None","Results/CPA_Outputs/Loopy_dataset_InvarBenchmark/zero_sum_const_m3.c_general_out",2.57,259.93,"Datasets/Loopy_dataset_InvarBenchmark/arrays/diffy_cav21_bench/zero_sum_const_m3.c"
"indp4.c",MAYBE,"","None","Results/CPA_Outputs/Loopy_dataset_InvarBenchmark/indp4.c_lasso_out",MAYBE,"","None","Results/CPA_Outputs/Loopy_dataset_InvarBenchmark/indp4.c_general_out",1.78,259.90,"Datasets/Loopy_dataset_InvarBenchmark/arrays/diffy_cav21_bench/indp4.c"
"eqn3.c",MAYBE,"","None","Results/CPA_Outputs/Loopy_dataset_InvarBenchmark/eqn3.c_lasso_out",MAYBE,"","None","Results/CPA_Outputs/Loopy_dataset_InvarBenchmark/eqn3.c_general_out",1.44,263.43,"Datasets/Loopy_dataset_InvarBenchmark/arrays/diffy_cav21_bench/eqn3.c"
"standard_compareModified_ground.c",MAYBE,"","None","Results/CPA_Outputs/Loopy_dataset_InvarBenchmark/standard_compareModified_ground.c_lasso_out",MAYBE,"","None","Results/CPA_Outputs/Loopy_dataset_InvarBenchmark/standard_compareModified_ground.c_general_out",1.71,261.51,"Datasets/Loopy_dataset_InvarBenchmark/arrays/diffy_cav21_bench/standard_compareModified_ground.c"
"pcomp.c",MAYBE,"","None","Results/CPA_Outputs/Loopy_dataset_InvarBenchmark/pcomp.c_lasso_out",MAYBE,"","None","Results/CPA_Outputs/Loopy_dataset_InvarBenchmark/pcomp.c_general_out",1.64,264.07,"Datasets/Loopy_dataset_InvarBenchmark/arrays/diffy_cav21_bench/pcomp.c"
"ms1.c",MAYBE,"","None","Results/CPA_Outputs/Loopy_dataset_InvarBenchmark/ms1.c_lasso_out",MAYBE,"","None","Results/CPA_Outputs/Loopy_dataset_InvarBenchmark/ms1.c_general_out",1.63,264.48,"Datasets/Loopy_dataset_InvarBenchmark/arrays/diffy_cav21_bench/ms1.c"
"res1o.c",MAYBE,"","None","Results/CPA_Outputs/Loopy_dataset_InvarBenchmark/res1o.c_lasso_out",MAYBE,"","None","Results/CPA_Outputs/Loopy_dataset_InvarBenchmark/res1o.c_general_out",1.78,265.12,"Datasets/Loopy_dataset_InvarBenchmark/arrays/diffy_cav21_bench/res1o.c"
"standard_copy7_ground-2.c",MAYBE,"","None","Results/CPA_Outputs/Loopy_dataset_InvarBenchmark/standard_copy7_ground-2.c_lasso_out",MAYBE,"","None","Results/CPA_Outputs/Loopy_dataset_InvarBenchmark/standard_copy7_ground-2.c_general_out",2.80,256.39,"Datasets/Loopy_dataset_InvarBenchmark/arrays/diffy_cav21_bench/standard_copy7_ground-2.c"
"zero_sum_const_m2.c",MAYBE,"","None","Results/CPA_Outputs/Loopy_dataset_InvarBenchmark/zero_sum_const_m2.c_lasso_out",MAYBE,"","None","Results/CPA_Outputs/Loopy_dataset_InvarBenchmark/zero_sum_const_m2.c_general_out",2.11,262.08,"Datasets/Loopy_dataset_InvarBenchmark/arrays/diffy_cav21_bench/zero_sum_const_m2.c"
"condnl1.c",MAYBE,"","None","Results/CPA_Outputs/Loopy_dataset_InvarBenchmark/condnl1.c_lasso_out",MAYBE,"","None","Results/CPA_Outputs/Loopy_dataset_InvarBenchmark/condnl1.c_general_out",3.87,250.03,"Datasets/Loopy_dataset_InvarBenchmark/arrays/diffy_cav21_bench/condnl1.c"
"s1if.c",MAYBE,"","None","Results/CPA_Outputs/Loopy_dataset_InvarBenchmark/s1if.c_lasso_out",MAYBE,"","None","Results/CPA_Outputs/Loopy_dataset_InvarBenchmark/s1if.c_general_out",1.62,259.39,"Datasets/Loopy_dataset_InvarBenchmark/arrays/diffy_cav21_bench/s1if.c"
"nsqm-if.c",MAYBE,"","None","Results/CPA_Outputs/Loopy_dataset_InvarBenchmark/nsqm-if.c_lasso_out",MAYBE,"","None","Results/CPA_Outputs/Loopy_dataset_InvarBenchmark/nsqm-if.c_general_out",1.88,258.11,"Datasets/Loopy_dataset_InvarBenchmark/arrays/diffy_cav21_bench/nsqm-if.c"
"nested-sa1.c",MAYBE,"","None","Results/CPA_Outputs/Loopy_dataset_InvarBenchmark/nested-sa1.c_lasso_out",MAYBE,"","None","Results/CPA_Outputs/Loopy_dataset_InvarBenchmark/nested-sa1.c_general_out",2.11,260.41,"Datasets/Loopy_dataset_InvarBenchmark/arrays/diffy_cav21_bench/nested-sa1.c"
"zero_sum_const3.c",MAYBE,"","None","Results/CPA_Outputs/Loopy_dataset_InvarBenchmark/zero_sum_const3.c_lasso_out",MAYBE,"","None","Results/CPA_Outputs/Loopy_dataset_InvarBenchmark/zero_sum_const3.c_general_out",2.53,260.35,"Datasets/Loopy_dataset_InvarBenchmark/arrays/diffy_cav21_bench/zero_sum_const3.c"
"standard_copy1_ground-1.c",MAYBE,"","None","Results/CPA_Outputs/Loopy_dataset_InvarBenchmark/standard_copy1_ground-1.c_lasso_out",MAYBE,"","None","Results/CPA_Outputs/Loopy_dataset_InvarBenchmark/standard_copy1_ground-1.c_general_out",1.52,262.02,"Datasets/Loopy_dataset_InvarBenchmark/arrays/diffy_cav21_bench/standard_copy1_ground-1.c"
"cond1.c",MAYBE,"","None","Results/CPA_Outputs/Loopy_dataset_InvarBenchmark/cond1.c_lasso_out",MAYBE,"","None","Results/CPA_Outputs/Loopy_dataset_InvarBenchmark/cond1.c_general_out",2.01,260.37,"Datasets/Loopy_dataset_InvarBenchmark/arrays/diffy_cav21_bench/cond1.c"
"cond2.c",MAYBE,"","None","Results/CPA_Outputs/Loopy_dataset_InvarBenchmark/cond2.c_lasso_out",MAYBE,"","None","Results/CPA_Outputs/Loopy_dataset_InvarBenchmark/cond2.c_general_out",2.13,258.26,"Datasets/Loopy_dataset_InvarBenchmark/arrays/diffy_cav21_bench/cond2.c"
"ms5.c",MAYBE,"","None","Results/CPA_Outputs/Loopy_dataset_InvarBenchmark/ms5.c_lasso_out",MAYBE,"","None","Results/CPA_Outputs/Loopy_dataset_InvarBenchmark/ms5.c_general_out",1.65,263.80,"Datasets/Loopy_dataset_InvarBenchmark/arrays/diffy_cav21_bench/ms5.c"
"standard_init8_ground-2.c",MAYBE,"","None","Results/CPA_Outputs/Loopy_dataset_InvarBenchmark/standard_init8_ground-2.c_lasso_out",MAYBE,"","None","Results/CPA_Outputs/Loopy_dataset_InvarBenchmark/standard_init8_ground-2.c_general_out",2.59,257.39,"Datasets/Loopy_dataset_InvarBenchmark/arrays/diffy_cav21_bench/standard_init8_ground-2.c"
"s3if.c",MAYBE,"","None","Results/CPA_Outputs/Loopy_dataset_InvarBenchmark/s3if.c_lasso_out",MAYBE,"","None","Results/CPA_Outputs/Loopy_dataset_InvarBenchmark/s3if.c_general_out",1.64,260.24,"Datasets/Loopy_dataset_InvarBenchmark/arrays/diffy_cav21_bench/s3if.c"
"standard_init3_ground-2.c",MAYBE,"","None","Results/CPA_Outputs/Loopy_dataset_InvarBenchmark/standard_init3_ground-2.c_lasso_out",MAYBE,"","None","Results/CPA_Outputs/Loopy_dataset_InvarBenchmark/standard_init3_ground-2.c_general_out",1.74,262.08,"Datasets/Loopy_dataset_InvarBenchmark/arrays/diffy_cav21_bench/standard_init3_ground-2.c"
"standard_password_ground.c",MAYBE,"","None","Results/CPA_Outputs/Loopy_dataset_InvarBenchmark/standard_password_ground.c_lasso_out",MAYBE,"","None","Results/CPA_Outputs/Loopy_dataset_InvarBenchmark/standard_password_ground.c_general_out",1.68,261.12,"Datasets/Loopy_dataset_InvarBenchmark/arrays/diffy_cav21_bench/standard_password_ground.c"
"standard_minInArray_ground-2.c",MAYBE,"","None","Results/CPA_Outputs/Loopy_dataset_InvarBenchmark/standard_minInArray_ground-2.c_lasso_out",MAYBE,"","None","Results/CPA_Outputs/Loopy_dataset_InvarBenchmark/standard_minInArray_ground-2.c_general_out",1.74,263.21,"Datasets/Loopy_dataset_InvarBenchmark/arrays/diffy_cav21_bench/standard_minInArray_ground-2.c"
"zero_sum_const_m5.c",MAYBE,"","None","Results/CPA_Outputs/Loopy_dataset_InvarBenchmark/zero_sum_const_m5.c_lasso_out",MAYBE,"","None","Results/CPA_Outputs/Loopy_dataset_InvarBenchmark/zero_sum_const_m5.c_general_out",3.87,254.82,"Datasets/Loopy_dataset_InvarBenchmark/arrays/diffy_cav21_bench/zero_sum_const_m5.c"
"nested-unb2.c",MAYBE,"","None","Results/CPA_Outputs/Loopy_dataset_InvarBenchmark/nested-unb2.c_lasso_out",MAYBE,"","None","Results/CPA_Outputs/Loopy_dataset_InvarBenchmark/nested-unb2.c_general_out",1.65,261.14,"Datasets/Loopy_dataset_InvarBenchmark/arrays/diffy_cav21_bench/nested-unb2.c"
"nested-nli1.c",MAYBE,"","None","Results/CPA_Outputs/Loopy_dataset_InvarBenchmark/nested-nli1.c_lasso_out",MAYBE,"","None","Results/CPA_Outputs/Loopy_dataset_InvarBenchmark/nested-nli1.c_general_out",1.82,1.89,"Datasets/Loopy_dataset_InvarBenchmark/arrays/diffy_cav21_bench/nested-nli1.c"
"zero_sum_m3.c",MAYBE,"","None","Results/CPA_Outputs/Loopy_dataset_InvarBenchmark/zero_sum_m3.c_lasso_out",MAYBE,"","None","Results/CPA_Outputs/Loopy_dataset_InvarBenchmark/zero_sum_m3.c_general_out",2.74,260.43,"Datasets/Loopy_dataset_InvarBenchmark/arrays/diffy_cav21_bench/zero_sum_m3.c"
"eqn1.c",MAYBE,"","None","Results/CPA_Outputs/Loopy_dataset_InvarBenchmark/eqn1.c_lasso_out",MAYBE,"","None","Results/CPA_Outputs/Loopy_dataset_InvarBenchmark/eqn1.c_general_out",1.45,263.58,"Datasets/Loopy_dataset_InvarBenchmark/arrays/diffy_cav21_bench/eqn1.c"
"nested-nlj2.c",MAYBE,"","None","Results/CPA_Outputs/Loopy_dataset_InvarBenchmark/nested-nlj2.c_lasso_out",MAYBE,"","None","Results/CPA_Outputs/Loopy_dataset_InvarBenchmark/nested-nlj2.c_general_out",1.71,1.77,"Datasets/Loopy_dataset_InvarBenchmark/arrays/diffy_cav21_bench/nested-nlj2.c"
"ms4.c",MAYBE,"","None","Results/CPA_Outputs/Loopy_dataset_InvarBenchmark/ms4.c_lasso_out",MAYBE,"","None","Results/CPA_Outputs/Loopy_dataset_InvarBenchmark/ms4.c_general_out",1.69,264.34,"Datasets/Loopy_dataset_InvarBenchmark/arrays/diffy_cav21_bench/ms4.c"
"nsqm.c",MAYBE,"","None","Results/CPA_Outputs/Loopy_dataset_InvarBenchmark/nsqm.c_lasso_out",MAYBE,"","None","Results/CPA_Outputs/Loopy_dataset_InvarBenchmark/nsqm.c_general_out",1.47,263.74,"Datasets/Loopy_dataset_InvarBenchmark/arrays/diffy_cav21_bench/nsqm.c"
"brs2.c",MAYBE,"","None","Results/CPA_Outputs/Loopy_dataset_InvarBenchmark/brs2.c_lasso_out",MAYBE,"","None","Results/CPA_Outputs/Loopy_dataset_InvarBenchmark/brs2.c_general_out",1.66,264.41,"Datasets/Loopy_dataset_InvarBenchmark/arrays/diffy_cav21_bench/brs2.c"
"s12if.c",MAYBE,"","None","Results/CPA_Outputs/Loopy_dataset_InvarBenchmark/s12if.c_lasso_out",MAYBE,"","None","Results/CPA_Outputs/Loopy_dataset_InvarBenchmark/s12if.c_general_out",1.80,258.82,"Datasets/Loopy_dataset_InvarBenchmark/arrays/diffy_cav21_bench/s12if.c"
"zero_sum_m6.c",MAYBE,"","None","Results/CPA_Outputs/Loopy_dataset_InvarBenchmark/zero_sum_m6.c_lasso_out",MAYBE,"","None","Results/CPA_Outputs/Loopy_dataset_InvarBenchmark/zero_sum_m6.c_general_out",4.85,253.75,"Datasets/Loopy_dataset_InvarBenchmark/arrays/diffy_cav21_bench/zero_sum_m6.c"
"condss3.c",MAYBE,"","None","Results/CPA_Outputs/Loopy_dataset_InvarBenchmark/condss3.c_lasso_out",MAYBE,"","None","Results/CPA_Outputs/Loopy_dataset_InvarBenchmark/condss3.c_general_out",2.27,258.54,"Datasets/Loopy_dataset_InvarBenchmark/arrays/diffy_cav21_bench/condss3.c"
"zero_sum_m2.c",MAYBE,"","None","Results/CPA_Outputs/Loopy_dataset_InvarBenchmark/zero_sum_m2.c_lasso_out",MAYBE,"","None","Results/CPA_Outputs/Loopy_dataset_InvarBenchmark/zero_sum_m2.c_general_out",2.07,262.47,"Datasets/Loopy_dataset_InvarBenchmark/arrays/diffy_cav21_bench/zero_sum_m2.c"
"nested-nli2.c",MAYBE,"","None","Results/CPA_Outputs/Loopy_dataset_InvarBenchmark/nested-nli2.c_lasso_out",MAYBE,"","None","Results/CPA_Outputs/Loopy_dataset_InvarBenchmark/nested-nli2.c_general_out",1.78,1.81,"Datasets/Loopy_dataset_InvarBenchmark/arrays/diffy_cav21_bench/nested-nli2.c"
"indp3.c",MAYBE,"","None","Results/CPA_Outputs/Loopy_dataset_InvarBenchmark/indp3.c_lasso_out",MAYBE,"","None","Results/CPA_Outputs/Loopy_dataset_InvarBenchmark/indp3.c_general_out",1.96,259.90,"Datasets/Loopy_dataset_InvarBenchmark/arrays/diffy_cav21_bench/indp3.c"
"standard_init5_ground-1.c",MAYBE,"","None","Results/CPA_Outputs/Loopy_dataset_InvarBenchmark/standard_init5_ground-1.c_lasso_out",MAYBE,"","None","Results/CPA_Outputs/Loopy_dataset_InvarBenchmark/standard_init5_ground-1.c_general_out",1.99,260.80,"Datasets/Loopy_dataset_InvarBenchmark/arrays/diffy_cav21_bench/standard_init5_ground-1.c"
"22.c",MAYBE,"","None","Results/CPA_Outputs/Loopy_dataset_InvarBenchmark/22.c_lasso_out",MAYBE,"","None","Results/CPA_Outputs/Loopy_dataset_InvarBenchmark/22.c_general_out",1.29,262.58,"Datasets/Loopy_dataset_InvarBenchmark/arrays/dillig/safe/22.c"
"5.c",MAYBE,"","None","Results/CPA_Outputs/Loopy_dataset_InvarBenchmark/5.c_lasso_out",MAYBE,"","None","Results/CPA_Outputs/Loopy_dataset_InvarBenchmark/5.c_general_out",1.38,262.11,"Datasets/Loopy_dataset_InvarBenchmark/arrays/dillig/safe/5.c"
"8.c",MAYBE,"","None","Results/CPA_Outputs/Loopy_dataset_InvarBenchmark/8.c_lasso_out",MAYBE,"","None","Results/CPA_Outputs/Loopy_dataset_InvarBenchmark/8.c_general_out",1.37,260.05,"Datasets/Loopy_dataset_InvarBenchmark/arrays/dillig/safe/8.c"
"1.c",MAYBE,"","None","Results/CPA_Outputs/Loopy_dataset_InvarBenchmark/1.c_lasso_out",MAYBE,"","None","Results/CPA_Outputs/Loopy_dataset_InvarBenchmark/1.c_general_out",1.37,259.39,"Datasets/Loopy_dataset_InvarBenchmark/arrays/dillig/safe/1.c"
"23.c",MAYBE,"","None","Results/CPA_Outputs/Loopy_dataset_InvarBenchmark/23.c_lasso_out",MAYBE,"","None","Results/CPA_Outputs/Loopy_dataset_InvarBenchmark/23.c_general_out",1.29,262.25,"Datasets/Loopy_dataset_InvarBenchmark/arrays/dillig/safe/23.c"
"10.c",MAYBE,"","None","Results/CPA_Outputs/Loopy_dataset_InvarBenchmark/10.c_lasso_out",MAYBE,"","None","Results/CPA_Outputs/Loopy_dataset_InvarBenchmark/10.c_general_out",1.41,266.42,"Datasets/Loopy_dataset_InvarBenchmark/arrays/dillig/safe/10.c"
"9.c",MAYBE,"","None","Results/CPA_Outputs/Loopy_dataset_InvarBenchmark/9.c_lasso_out",MAYBE,"","None","Results/CPA_Outputs/Loopy_dataset_InvarBenchmark/9.c_general_out",1.38,1.47,"Datasets/Loopy_dataset_InvarBenchmark/arrays/dillig/safe/9.c"
"2.c",MAYBE,"","None","Results/CPA_Outputs/Loopy_dataset_InvarBenchmark/2.c_lasso_out",MAYBE,"","None","Results/CPA_Outputs/Loopy_dataset_InvarBenchmark/2.c_general_out",1.37,259.85,"Datasets/Loopy_dataset_InvarBenchmark/arrays/dillig/safe/2.c"
"21.c",MAYBE,"","None","Results/CPA_Outputs/Loopy_dataset_InvarBenchmark/21.c_lasso_out",MAYBE,"","None","Results/CPA_Outputs/Loopy_dataset_InvarBenchmark/21.c_general_out",1.29,262.45,"Datasets/Loopy_dataset_InvarBenchmark/arrays/dillig/safe/21.c"
"24.c",MAYBE,"","None","Results/CPA_Outputs/Loopy_dataset_InvarBenchmark/24.c_lasso_out",MAYBE,"","None","Results/CPA_Outputs/Loopy_dataset_InvarBenchmark/24.c_general_out",1.37,253.23,"Datasets/Loopy_dataset_InvarBenchmark/arrays/dillig/safe/24.c"
"3.c",MAYBE,"","None","Results/CPA_Outputs/Loopy_dataset_InvarBenchmark/3.c_lasso_out",MAYBE,"","None","Results/CPA_Outputs/Loopy_dataset_InvarBenchmark/3.c_general_out",1.43,1.48,"Datasets/Loopy_dataset_InvarBenchmark/arrays/dillig/safe/3.c"
"12.c",MAYBE,"","None","Results/CPA_Outputs/Loopy_dataset_InvarBenchmark/12.c_lasso_out",MAYBE,"","None","Results/CPA_Outputs/Loopy_dataset_InvarBenchmark/12.c_general_out",1.40,258.67,"Datasets/Loopy_dataset_InvarBenchmark/arrays/dillig/safe/12.c"
