file_name,original_path,predicted_status,predicted_kind,category_folder,processing_time,is_consistent,repeat_results,raw_responses
2_2.bpl,LLM_Phase_Exp/4-nested-terminate/2_2.bpl,TERM,Nested,TERM,18.3,False,"[('TERM', 'Nested'), ('TERM', 'Multi'), ('TERM', 'Nested')]","[""I need to analyze this program to determine if it's terminating or not.\n\nThe loop condition is `x1 >= 0`.\n\nInside the loop:\n- `x1 := x1 + x2`\n- `x2 := x2 - 1`\n\nLet's observe what happens to these variables:\n- `x2` decreases by 1 in each iteration, so eventually it will become negative\n- `x1` increases by the current value of `x2` in each iteration\n\nWhen `x2` becomes negative, each iteration will decrease `x1`. Eventually, `x1` will become negative, and the loop will terminate.\n\nHowever, this is only guaranteed if `x2` starts at a finite value. If `x2` starts with a large positive value, `x1` may grow significantly before `x2` becomes negative, potentially causing the loop to run for a very long time.\n\nThis requires a lexicographic ranking function or a nested ranking function. For the nested ranking function, we have:\n- f₁(x1,x2) = x2 if x2 ≥ 0, and 0 otherwise\n- f₂(x1,x2) = x1 if x2 < 0, and 0 otherwise\n\n[TERM] Nested"", ""I need to analyze whether the loop in this program terminates:\n\n```\nwhile (x1 >= 0) {\n    x1 := x1 + x2;\n    x2 := x2 - 1;\n}\n```\n\nLet's reason about its behavior:\n- The loop continues as long as x1 ≥ 0\n- Each iteration, x1 is updated to x1 + x2\n- Each iteration, x2 is decremented by 1\n\nFor termination analysis, I need to determine if x1 will eventually become negative.\n\nLooking at the evolution of x2: It decreases by 1 in each iteration, so after enough iterations, x2 will become negative and continue decreasing.\n\nFor x1: As x2 becomes increasingly negative, the updates to x1 will eventually start decreasing its value. When x2 is sufficiently negative, x1 will continuously decrease until it becomes negative, causing the loop to terminate.\n\nThis is a multi-phase termination pattern:\n- Initially, x1 may increase if x2 is positive\n- Eventually, x2 becomes negative enough that x1 starts decreasing\n- Finally, x1 becomes negative and the loop terminates\n\nThis cannot be proven with a single ranking function, but requires a lexicographic ranking function or a multi-phase approach.\n\n[TERM] Multi"", ""I'll analyze the loop in the given Boogie program to determine its termination behavior.\n\nIn this loop:\n- The loop condition is `x1 >= 0`\n- In each iteration:\n  1. `x1` is updated to `x1 + x2`\n  2. `x2` is decreased by 1: `x2 := x2 - 1`\n\nFor termination analysis, I need to determine if the loop will eventually exit.\n\nFirst, observe that `x2` decreases by 1 in each iteration, so eventually it will become negative and keep decreasing.\n\nWhen `x2` is negative, the value of `x1` will decrease in each iteration (since we're adding a negative number to it). Eventually, `x1` will become negative, causing the loop to terminate.\n\nHowever, there is a special case: if initially `x2` is very positive and `x1` is also positive, then `x1` might increase for some iterations before it starts decreasing.\n\nThis loop terminates for all initial values, but we need a nested ranking function to prove it:\n- First phase: wait until `x2 < 0` (ranking function: max(0, x2))\n- Second phase: once `x2 < 0`, then `x1` decreases in each iteration (ranking function: max(0, x1))\n\n[TERM] Nested""]"
1_171.bpl,LLM_Phase_Exp/4-nested-terminate/1_171.bpl,TERM,Single,TERM,14.53,True,"[('TERM', 'Single'), ('TERM', 'Single'), ('TERM', 'Single')]","[""I'll analyze this loop to determine if it's terminating or not.\n\nThe loop condition is: x0 >= 0.0 && x1 >= 0.0\nThe update statements are:\n- x0 := -x0 - 3.0*x1 + 2.0\n- x1 := -4.0*x0*x0 + x1 - 1.0\n\nLet me analyze the behavior of this loop:\n\nFor each iteration, x1 decreases by at least 1.0 (due to the -1.0 term in its update). This means that if the loop continues for enough iterations, x1 will eventually become negative, causing the loop to terminate.\n\nEven if x0 increases, the loop will still terminate because x1 will eventually violate the loop condition.\n\nTherefore, the program is terminating, and we can prove it with a single ranking function, specifically f(x0, x1) = ⌈x1⌉ (ceiling of x1), which decreases by at least 1 in each iteration.\n\n[TERM] Single"", ""I'll analyze this loop program to determine whether it terminates or not.\n\nThe program has a loop where:\n- Variables: x0, x1 (both real numbers)\n- Loop condition: x0 ≥ 0.0 && x1 ≥ 0.0\n- Update: \n  - x0 := -x0 - 3*x1 + 2\n  - x1 := -4*x0*x0 + x1 - 1\n\nLet's examine the behavior of this loop. The update to x1 contains a quadratic term (-4*x0*x0) which will be non-positive and decrease quadratically as x0 grows. Additionally, the x1 value decreases by at least 1 in each iteration (the -1 constant term).\n\nFor any starting values where x0 ≥ 0 and x1 ≥ 0, the value of x1 will eventually become negative due to the constant decrement of 1 in each iteration, causing the loop to terminate.\n\nEven if x0 increases, the quadratic term in the update of x1 would make x1 decrease faster, ensuring termination.\n\nThis loop can be proven terminating with a single ranking function based on the value of x1, as it consistently decreases by at least a constant amount in each iteration.\n\n[TERM] Single"", 'To analyze termination of the given loop, I need to examine the update rules for variables x0 and x1.\n\nThe loop condition is: x0 ≥ 0.0 && x1 ≥ 0.0\nThe updates are:\n- x0 := -x0 - 3.0*x1 + 2.0\n- x1 := -4.0*x0*x0 + x1 - 1.0\n\nLooking at the update to x1, I notice that on each iteration, x1 decreases by at least 1.0. Specifically, the new value of x1 is at most the old value minus 1.0 (because -4.0*x0*x0 ≤ 0 when x0 ≥ 0).\n\nTherefore, x1 will eventually become negative after a finite number of iterations, causing the loop condition to fail. This gives us a simple, single ranking function: x1.\n\n[TERM] Single']"
1_151.bpl,LLM_Phase_Exp/4-nested-terminate/1_151.bpl,TERM,Single,TERM,22.37,True,"[('TERM', 'Single'), ('TERM', 'Single'), ('TERM', 'Single')]","[""Let me analyze this loop program for termination:\n\nThe loop condition is: `3.0>=x0 && x0 >=1.0-x1 && x1* x1 <=1.0`\nThe loop body updates: `x0, x1 := 5.0*x0 - x0 * x0, x1 * x1 +x1`\n\nFirst, let's analyze the constraints on variables:\n- `3.0 >= x0`: x0 is bounded above by 3\n- `x0 >= 1.0-x1`: x0 is bounded below by 1-x1\n- `x1*x1 <= 1.0`: So x1 is bounded between -1 and 1\n\nLet's examine the update to x1:\n- x1 := x1*x1 + x1\n- If x1 is in (0,1], then x1*x1 + x1 > x1, making x1 grow\n- Eventually, x1 will exceed 1, violating the loop condition x1*x1 <= 1.0\n\nIf x1 is negative or zero, we need to check more carefully:\n- If x1 = 0, it stays at 0\n- If x1 is negative but > -1, x1*x1 + x1 will be greater than x1, causing x1 to increase toward and eventually past 0\n- If x1 = -1, then x1*x1 + x1 = 1 - 1 = 0, so x1 becomes 0\n\nSo for any starting value of x1 in [-1,1], x1 will either gradually increase until the condition x1*x1 ≤ 1 is violated, or in the special case of x1 = -1, it will become 0 and then start increasing.\n\nThis program is terminating, and we can prove it using a single ranking function based on the distance from x1 to the bound value 1.\n\n[TERM] Single"", ""To analyze this program, I need to examine the loop condition and the update formulas.\n\nLoop condition: `3.0>=x0 && x0 >=1.0-x1 && x1* x1 <=1.0`\nUpdate: \n- `x0 := 5.0*x0 - x0 * x0`\n- `x1 := x1 * x1 +x1`\n\nFirst, let's analyze the behavior of x1:\n- The update formula for x1 is `x1 := x1 * x1 + x1 = x1(x1 + 1)`\n- If x1 ≥ 0, then x1 will strictly increase with each iteration\n- From the loop condition `x1* x1 <=1.0`, we know that -1 ≤ x1 ≤ 1\n- If x1 is close to 1, then after the update it will exceed 1, violating `x1* x1 <=1.0`\n- Eventually, x1 will grow beyond the bound that keeps `x1* x1 <=1.0` true\n\nThis means that for any initial values of x0 and x1 that satisfy the loop condition, the value of x1 will eventually grow until the condition `x1* x1 <=1.0` is violated, causing the loop to terminate.\n\nThe function f(x1) = 1 - x1*x1 is a suitable ranking function that decreases with each iteration when x1 ≥ 0, and will eventually become negative.\n\nTherefore, this program is terminating, and a single ranking function is sufficient to prove it.\n\n[TERM] Single"", ""I will analyze this loop program to determine if it terminates.\n\nLet me first understand the loop:\n- Loop condition: `3.0>=x0 && x0 >=1.0-x1 && x1* x1 <=1.0`\n- Loop body: `x0, x1 := 5.0*x0 - x0 * x0, x1 * x1 +x1`\n\nLet's analyze the behavior of x1:\n- If x1 ≥ 0, then x1' = x1² + x1 > x1 (strictly increasing)\n- If x1 < 0 and x1 > -1, then x1² + x1 > x1 as well\n- The constraint x1² ≤ 1.0 means x1 ∈ [-1, 1]\n\nFor x1 starting in [-1, 1], x1 will strictly increase until it exceeds 1, at which point the loop condition x1² ≤ 1.0 will be violated and the loop terminates.\n\nNow for x0, we have:\n- x0' = 5.0*x0 - x0² = x0(5 - x0)\n\nGiven the constraint 3.0 ≥ x0, x0' will be bounded and the behavior depends on the value of x0.\n\nSince we have a guaranteed increase in x1 that will eventually violate the loop condition, this loop will terminate regardless of initial values (as long as they satisfy the loop condition).\n\nThis can be proven using a single ranking function based on the distance of x1² from 1.\n\n[TERM] Single""]"
2_144.bpl,LLM_Phase_Exp/4-nested-terminate/2_144.bpl,TERM,Nested,TERM,18.01,False,"[('TERM', 'Nested'), ('TERM', 'Single'), ('TERM', 'Single')]","[""I'll analyze this loop program to determine if it terminates or not.\n\nThe program has a loop with four variables: x, y, z, and w.\n\nLooking at the loop condition: `x >= 0 && z >= 0.0`\nAnd the loop body:\n```\nx := x - y;\ny := y + 1;\nz := z - w;\nw := w + 1.0;\n```\n\nLet's analyze how each variable changes:\n- y and w strictly increase in each iteration (y := y + 1 and w := w + 1.0)\n- x decreases by y in each iteration, and since y is increasing, x will decrease at an accelerating rate\n- z decreases by w in each iteration, and since w is increasing, z will decrease at an accelerating rate\n\nThe key observation is that no matter what the initial values are:\n- If y > 0 or w > 0 initially, then x or z will eventually become negative\n- If y ≤ 0 initially, y will eventually become positive after |y|+1 iterations\n- If w ≤ 0 initially, w will eventually become positive after |w|+1 iterations\n\nTherefore, the loop will always terminate.\n\nFor the ranking function, this is a case where a single ranking function won't be sufficient because of the interactions between variables. The termination depends on the accelerating decrease of x and z.\n\nWe can prove termination using a nested ranking function: <max(0,x,z), max(0,-y,-w)>. The first component ensures the loop variables stay within bounds, and the second component captures the accelerating nature of the decrease.\n\n[TERM] Nested"", ""I'll analyze the termination of this loop.\n\nThe loop condition is `(x >= 0 && z >= 0.0)`, and in each iteration:\n- `x` decreases by `y` (where `y` increases by 1 each iteration)\n- `z` decreases by `w` (where `w` increases by 1.0 each iteration)\n\nSince both `y` and `w` are monotonically increasing and both start at some initial values, both `x` and `z` will eventually become negative if the loop runs long enough.\n\nFor `x`: After each iteration, `x` decreases more quickly because `y` is increasing.\nFor `z`: After each iteration, `z` decreases more quickly because `w` is increasing.\n\nThis program will terminate regardless of the initial values of x, y, z, and w. We can prove this using a lexicographic ranking function of (max(0,x), max(0,z)).\n\n[TERM] Single"", ""I'll analyze the program for termination:\n\n```\nwhile (x >= 0 && z >= 0.0) {\n  x := x - y;\n  y := y + 1;\n  z := z - w;\n  w := w + 1.0;\n}\n```\n\nThis loop has two independent decreasing processes:\n1. `x` decreases by `y` each iteration, while `y` increases by 1\n2. `z` decreases by `w` each iteration, while `w` increases by 1\n\nFor both processes, the rate of decrease accelerates with each iteration because `y` and `w` keep growing. The loop terminates when either `x < 0` or `z < 0.0`.\n\nFor any initial values, both sequences will eventually become negative because:\n- The decrease of `x` (by `y`) and `z` (by `w`) accelerates in each iteration\n- The increments of `y` and `w` ensure that the decrease amounts grow linearly\n\nThis can be proven using a lexicographic ranking function, but a simpler approach is to use a single ranking function based on upper bounds of remaining iterations.\n\nIf we analyze the recurrences, we can show that both processes terminate in a finite number of steps regardless of initial values. The polynomial growth of the subtraction terms ensures termination.\n\n[TERM] Single""]"
1_55.bpl,LLM_Phase_Exp/4-nested-terminate/1_55.bpl,TERM,Single,TERM,17.17,True,"[('TERM', 'Single'), ('TERM', 'Single'), ('TERM', 'Single')]","[""I need to analyze this loop program for termination.\n\nThe loop terminates when `(x1 >= 0 && x2 >= 0 && x3 >= -x1)` becomes false.\n\nLet's examine the updates in each iteration:\n- `x1` remains unchanged\n- `x2` decreases by `x1` in each iteration\n- `x3` increases by `x1 - 2` in each iteration\n\nSince `x1` is unchanged and `x1 >= 0`, if `x1 > 0`, then `x2` will strictly decrease in each iteration. Eventually, `x2` will become negative, making the loop condition false.\n\nIf `x1 = 0`, then `x2` doesn't change, but `x3` decreases by 2 in each iteration. If `x3` starts at a finite value, it will eventually become less than `-x1` (which is 0 in this case), causing the loop to terminate.\n\nSince the loop always terminates and we can prove it with a single ranking function (we can use `x2` when `x1 > 0` or `x3` when `x1 = 0`), the answer is:\n\n[TERM] Single"", ""I need to analyze the termination of the given Boogie program by examining the conditions and variable updates within the loop.\n\nFirst, let's understand the loop behavior:\n- Loop condition: `x1 >= 0 && x2 >= 0 && x3 >= -x1`\n- Updates: \n  - `x2 := x2 - x1;`\n  - `x3 := x3 + x1 - 2;`\n\nNotably, `x1` is never modified in the loop, so it remains constant throughout execution.\n\nIf `x1 > 0`, then `x2` decreases by `x1` in each iteration, which means `x2` will eventually become negative, causing the loop to terminate.\n\nIf `x1 = 0`, then `x2` stays constant, and `x3` decreases by 2 in each iteration. This will eventually make `x3 < -x1` (which equals 0 in this case), causing the loop to terminate.\n\nThe termination can be proven with a single ranking function. For example, a ranking function like `f(x1,x2,x3) = x2 + c` (where c is a constant) would work when `x1 > 0`. When `x1 = 0`, a ranking function like `f(x1,x2,x3) = x3 + x1` would work.\n\nSince all cases lead to termination, and the proof can be achieved with a single ranking function:\n\n[TERM] Single"", ""I need to analyze this loop program to determine if it terminates.\n\nThe program has:\n- Variables x1, x2, x3\n- Loop condition: x1 >= 0 && x2 >= 0 && x3 >= -x1\n- Loop body:\n  - x2 := x2 - x1;\n  - x3 := x3 + x1 - 2;\n\nLet's analyze how each variable changes:\n- x1 remains constant throughout the loop\n- x2 decreases by x1 in each iteration (when x1 ≥ 0)\n- x3 increases by (x1 - 2) in each iteration\n\nIf x1 > 0, then x2 will strictly decrease in each iteration, and since the loop condition requires x2 ≥ 0, the loop will eventually terminate when x2 becomes negative.\n\nIf x1 = 0:\n- x2 remains unchanged\n- x3 decreases by 2 in each iteration\n- The condition x3 ≥ -x1 (which is x3 ≥ 0 when x1 =\n0) will eventually be violated, causing termination\n\nTherefore, the loop always terminates, and we can prove this with a single ranking function f(x1, x2, x3) = x2 when x1 > 0, or f(x1, x2, x3) = x3 when x1 = 0.\n\n[TERM] Single""]"
1_167.bpl,LLM_Phase_Exp/4-nested-terminate/1_167.bpl,TERM,Single,TERM,23.76,False,"[('TERM', 'Single'), ('NONTERM', 'RECUR'), ('TERM', 'Single')]","[""I need to analyze the given loop program to determine if it terminates or not.\n\nThe loop iterates while the following conditions hold:\n- x0 >= 0.0 && x0 < 1.0\n- 0.1 <= x1 && x1 <= 1.0\n\nIn each iteration, the program updates:\n- x0 remains unchanged\n- x1 := x0*x1*(1.0-x1)\n\nLet's analyze this:\n\n1. Since x0 is never modified, if x0 starts in the valid range [0,1), it will stay there forever.\n\n2. For x1, let's analyze the function f(x1) = x0*x1*(1.0-x1):\n   - x0 is in [0,1)\n   - x1 is in [0.1,1.0]\n   - (1.0-x1) is in [0,0.9]\n   \n   Therefore, f(x1) = x0*x1*(1.0-x1) ≤ 1*x1*0.9 < x1 for all valid x1 > 0\n\nThis means x1 will keep decreasing with each iteration, and if x1 ever becomes less than 0.1, the loop will terminate. However, there's a potential issue: if x0 = 0, then x1 will immediately become 0, which is outside the loop's continuation condition.\n\nLet's consider two cases:\n- If x0 = 0: x1 becomes 0 after one iteration, which is less than 0.1, causing termination\n- If 0 < x0 < 1: x1 will keep decreasing until it falls below 0.1\n\nTherefore, the program terminates for all initial values satisfying the loop condition.\n\n[TERM] Single"", ""I need to analyze the termination of this loop program.\n\nIn this program, we have two variables `x0` and `x1` with conditions:\n- `x0 >= 0.0 && x0 < 1.0`\n- `0.1 <= x1 && x1 <= 1.0`\n\nThe update statements are:\n- `x0` stays the same\n- `x1 := x0*x1*(1.0-x1)`\n\nLet's analyze this program:\n\n1. First, `x0` never changes in the loop.\n\n2. For `x1 := x0*x1*(1.0-x1)`, \n   - Since `x0 < 1.0`, `0.1 ≤ x1 ≤ 1.0`, and `0 ≤ (1.0-x1) ≤ 0.9`\n   - The maximum value of `x0*x1*(1.0-x1)` is less than `1.0*1.0*0.9 = 0.9`\n\n3. For small enough values of `x0` (close to 0), the value of `x1` in the next iteration (`x0*x1*(1.0-x1)`) will eventually drop below 0.1, which will make the loop terminate.\n\n4. However, for values of `x0` close enough to 1, the value of `x1` can remain in the range [0.1, 1.0] for all iterations, causing non-termination.\n\nSince the value of `x0` remains constant and for some initial values of `x0` and `x1` the loop will not terminate, this is a non-terminating program. The non-termination is due to the recurrence relation of `x1` for certain values of `x0`.\n\n[NONTERM] RECUR"", ""I'll analyze the termination of this loop program in Boogie.\n\nFirst, let's understand the loop dynamics:\n- The guard conditions: x0 >= 0.0, x0 < 1.0, 0.1 <= x1, x1 <= 1.0\n- The update: x0 remains the same, x1 := x0*x1*(1.0-x1)\n\nKey observations:\n1. The variable x0 doesn't change in the loop.\n2. For x1, the update is x1 := x0*x1*(1.0-x1).\n3. If x0 is fixed to some constant c within [0, 1), then we're mapping x1 to c*x1*(1-x1).\n\nFor any fixed x0=c where 0 ≤ c < 1:\n- When c = 0, x1 becomes 0, which violates the loop guard (0.1 ≤ x1), so the loop terminates.\n- When 0 < c < 1, the maximum value of x1*(1-x1) is 0.25 (occurs at x1=0.5).\n- So the maximum value of c*x1*(1-x1) is 0.25*c, which is less than 0.25.\n- This means x1 will eventually become less than 0.1 after enough iterations, causing the loop to terminate.\n\nSince the function x1 := x0*x1*(1-x1) always decreases x1 (under the loop conditions), a simple ranking function f(x0,x1) = x1 will work, as it decreases with each iteration until the guard is violated.\n\n[TERM] Single""]"
2_126.bpl,LLM_Phase_Exp/4-nested-terminate/2_126.bpl,TERM,Single,TERM,18.74,False,"[('TERM', 'Single'), ('TERM', 'Other'), ('TERM', 'Other')]","[""I'll analyze this loop program for termination:\n\n```\nwhile (x >= 0) {\n  x := x + y;\n  y := -2*y - 1;\n}\n```\n\nLet's trace y's behavior first:\n- If y starts negative, then we keep decreasing x, eventually making it negative, causing termination\n- If y starts positive or zero, we need to examine more closely\n\nLooking at how y evolves: y' = -2y - 1\n- This recurrence relation has the form y_n+1 = -2y_n - 1\n- Starting with any value y_0, y will oscillate but with growing magnitude and alternating signs\n- After at most 2 iterations, y becomes negative and stays negative every other iteration\n\nWith y eventually becoming negative and then alternating between negative and positive values but with growing magnitude, x will eventually become negative after enough iterations regardless of the starting values.\n\nThis program terminates for all initial values and can be proved using a single ranking function.\n\n[TERM] Single"", ""I need to analyze the termination of the given loop program.\n\nThe loop condition is `x >= 0` and in each iteration:\n1. `x := x + y`\n2. `y := -2*y - 1`\n\nLet's examine how `y` evolves:\n- If initial `y = y₀`, then after one iteration: `y = -2*y₀ - 1`\n- After two iterations: `y = -2*(-2*y₀ - 1) - 1 = 4*y₀ + 1`\n- After three iterations: `y = -2*(4*y₀ + 1) - 1 = -8*y₀ - 3`\n\nThis shows that `y` alternates between negative and positive values with increasing magnitude.\n\nFor `x`:\n- If after even number of iterations `y` becomes large positive\n- Then `x` will keep increasing\n- If after odd number of iterations `y` becomes large negative\n- Then `x` will eventually become negative\n\nIf we start with any `y₀ ≠ 0`, the sequence of `y` values will grow in magnitude, and eventually there will be a large enough negative `y` that decreases `x` below 0, making the loop terminate.\n\nIf `y₀ = 0`, then `y` becomes `-1` after the first iteration, and continues the pattern described above, which will also lead to termination.\n\nThis program terminates for all initial values, and we can prove it using a lexicographic ranking function (x, |y|) where we compare the parity of the number of iterations.\n\n[TERM] Other"", ""Let's analyze this loop for termination.\n\nThe loop condition is `x >= 0`, and in the loop body, we have:\n- `x := x + y` for the update of x\n- `y := -2*y - 1` for the update of y\n\nLooking at the update of y: `y := -2*y - 1`\nThis is a recurrence relation: y_n+1 = -2*y_n - 1\n\nIf we solve this:\n- If y_0 is the initial value\n- y_1 = -2*y_0 - 1\n- y_2 = -2*y_1 - 1 = -2*(-2*y_0 - 1) - 1 = 4*y_0 + 1\n- y_3 = -2*y_2 - 1 = -2*(4*y_0 + 1) - 1 = -8*y_0 - 3\n- y_4 = -2*y_3 - 1 = -2*(-8*y_0 - 3) - 1 = 16*y_0 + 5\n- ...\n\nWe see that y alternates between positive and negative values, with the magnitude increasing exponentially.\n\nFor the x variable, we have x_n+1 = x_n + y_n\n\nAfter a few iterations, when y becomes negative and its absolute value becomes large enough, x will eventually decrease below 0, causing the loop to terminate.\n\nThis program can be proved terminating using a lexicographic ranking function (x, |y|) where we prioritize that x eventually decreases when |y| gets large enough.\n\n[TERM] Other""]"
1_61.bpl,LLM_Phase_Exp/4-nested-terminate/1_61.bpl,TERM,Single,TERM,22.67,True,"[('TERM', 'Single'), ('TERM', 'Single'), ('TERM', 'Single')]","[""Let me analyze the termination of the given loop program in Boogie.\n\nThe loop condition is `y < 7 && x >= 0`, and the loop body consists of two statements:\n1. `y := -y + 7`\n2. `x := x - y`\n\nLet me trace the behavior of this loop:\n\nInitially, we have some values for x and y.\n- If y ≥ 7, the loop terminates immediately.\n- If x < 0, the loop terminates immediately.\n\nLet's analyze what happens when y <\n7 and x ≥ 0:\n\nAt each iteration:\n- y becomes -y + 7\n- x becomes x - (-y + 7) = x - (-y) - 7 = x + y - 7\n\nI notice that if y < 7, then -y + 7 > 0. This means after the first assignment, y is always positive.\n\nFor any initial y < 7, the value of y after one iteration will be positive and < 7.\nIf we enter the loop again, the new value of y will be -y + 7, which might be < 7 again.\n\nLet me work out a pattern with concrete values:\n- If y = 6 initially, after one iteration, y = -6 + 7 = 1\n- With y = 1, the next iteration gives y = -1 + 7 = 6\n- With y = 6 again, the loop will repeat the same values (1, 6, 1, 6, ...)\n\nThis creates a cycle where y alternates between certain values, while x decreases in each iteration (since y is always positive after the first assignment). \n\nEventually, x will become negative, causing the loop to terminate. This means the program terminates for all initial values.\n\nThis can be proven using a single ranking function based on x, since x strictly decreases in each complete iteration and is bounded below by 0.\n\n[TERM] Single"", ""I'll analyze the loop program to determine whether it terminates or not, and if it does, what type of ranking function proves its termination.\n\nLet's track what happens in this loop:\n- The loop condition is `y < 7 && x >= 0`\n- Each iteration: \n  - `y := -y + 7`\n  - `x := x - y`\n\nLet's analyze the behavior of variable `y`:\n- If y = 0: After update, y = -0 + 7 = 7\n- If y = 1: After update, y = -1 + 7 = 6\n- If y = 2: After update, y = -2 + 7 = 5\n- ...\n- If y = 6: After update, y = -6 + 7 = 1\n- If y = 7: After update, y = -7 + 7 = 0\n\nNotice that if y < 7, then after one iteration, y' = -y + 7 < -(-7) + 7 = 14. So y is always bounded.\n\nMore importantly, if y starts in {0,1,2,3,4,5,6}, it will cycle through values in this set and never escape the loop based on the y < 7 condition alone.\n\nNow let's consider x: After each iteration, x' = x - y'. \n- If y cycles as described above, we'll repeatedly subtract values from x\n- Specifically, we'll subtract positive values (since y' = -y + 7 and y < 7, so y' > 0)\n- This means x will eventually become negative, causing the loop to terminate\n\nTherefore, the loop terminates because x will eventually become negative. This can be proven using a simple ranking function based on x.\n\n[TERM] Single"", ""I'll analyze the program for termination.\n\nFirst, let me understand the loop behavior:\n- Loop continues when `y < 7 && x >= 0`\n- Each iteration: \n  - `y := -y + 7` changes y to 7-y\n  - `x := x - y` decreases x by the new value of y\n\nLet's analyze what happens to y:\n- If initially y < 7, then after the assignment y = 7-y, which is greater than 0\n- In the next iteration, y becomes 7-(7-y) = y\n- So y alternates between its initial value and 7-y as long as both are less than 7\n\nFor termination, we need to show that x eventually becomes negative.\nFor any iteration where the initial value of y is less than 7, y becomes 7-y which is positive.\nThis means that x decreases by a positive value each iteration, so x will eventually become negative.\n\nThis can be proven by a single ranking function: x+1 (which decreases in every iteration and is bounded below by 0).\n\n[TERM] Single""]"
2_73.bpl,LLM_Phase_Exp/4-nested-terminate/2_73.bpl,NONTERM,MONO,NONTERM,21.69,False,"[('NONTERM', 'MONO'), ('NONTERM', 'RECUR'), ('NONTERM', 'MONO')]","[""I need to analyze the termination of the given Boogie program.\n\nFirst, let me inspect the program structure and variables:\n- We have a procedure `Mysore2` with input `y` and output `x`\n- There are local variables `b` and `d`\n- The loop condition is `x >= b`\n- The loop body updates `x := x - d` and `d := d + 2`\n\nCritical observations:\n1. The variables `x` and `b` are used in the loop condition, but `b` is never updated\n2. The variable `d` is incremented by 2 in each iteration (growing monotonically)\n3. The variable `x` is decreased by `d` in each iteration\n4. There's no initialization for variables `x`, `b`, or `d`\n\nSince `d` increases by 2 in each iteration, the value of `x` decreases by larger amounts in each step. This would lead to termination if `x` eventually becomes less than `b`.\n\nHowever, since we have no initialization for these variables, we must consider what happens with arbitrary initial values:\n- If initially `d ≤ 0`, then `x` will either increase or stay the same, making the loop non-terminating\n- If initially `x < b`, the loop doesn't execute at all\n- If initially `x ≥ b` and `d > 0`, then the loop will terminate\n\nSince the loop doesn't terminate for all possible initial values, this is a non-terminating program.\n\n[NONTERM] MONO"", ""I'll analyze the termination of this Boogie program.\n\nFirst, let me check the behavior of this loop. The loop condition is `(x >= b)` and in each iteration:\n- `x` is decremented by `d`\n- `d` is increased by 2\n\nLooking closer at the code:\n1. The initial value of `b` is not specified (it uses the default value 0)\n2. The initial value of `d` is not specified (it uses the default value 0)\n3. The initial value of `x` is not fully determined (depends on the input)\n\nThere's a critical issue with this program: `d` starts at 0 and increments by 2 each iteration. In the first iteration, we have `x := x - 0`, which doesn't change `x`. This means if the loop condition `x >= b` is true initially, it will remain true after the first iteration.\n\nSince the loop body doesn't decrease `x` in the first iteration but increases `d`, the program will get into a pattern where:\n- First iteration: `x` stays the same, `d` becomes 2\n- Second iteration: `x` decreases by 2, `d` becomes 4\n- Third iteration: `x` decreases by 4, `d` becomes 6\n- And so on...\n\nHowever, this doesn't guarantee termination. If `x` is sufficiently large compared to `b`, the program will terminate because `x` will eventually become less than `b`. But if `x` starts with a value exactly equal to `b`, the loop will run forever since `x` won't change in the first iteration.\n\n[NONTERM] RECUR"", ""To determine if this program terminates, I'll analyze the loop behavior.\n\nLet's examine the loop:\n- Loop condition: `x >= b`\n- Loop body: \n  - `x := x - d`\n  - `d := d + 2`\n\nI notice several important issues:\n1. The variable `b` is not initialized, so its value is undetermined\n2. The variable `d` is not initialized before use\n3. The variable `x` is also not initialized, but it's a return parameter\n\nDue to the lack of initialization, `b` and `d` have arbitrary initial values. \n\nFor termination analysis, the critical observation is that `d` increases by 2 in each iteration, making `d` grow monotonically. Since `x` decreases by an increasing amount in each iteration, it will eventually become less than `b`, regardless of the initial values (except in special cases).\n\nHowever, there are non-terminating scenarios. For instance, if initially:\n- `b` is extremely negative (e.g., INT_MIN)\n- `d` is non-positive \n\nIn this case, `d` might start negative and take many iterations to become positive. During this time, `x` could be decreasing too slowly or even increasing if `d` is negative, preventing termination.\n\n[NONTERM] MONO""]"
1_158.bpl,LLM_Phase_Exp/4-nested-terminate/1_158.bpl,TERM,Other,TERM,19.74,False,"[('TERM', 'Other'), ('TERM', 'Single'), ('TERM', 'Single')]","[""Analyzing the loop termination:\n\nThe loop condition is `x0 * x1*x1 >= x1*x1*x1*x1 + 1.0 && x1 <= -1.0`, and the update is `x0, x1 := x0 + x1 - 1/x1, x1 - 1.0`.\n\nLet's first analyze the second part of the condition: `x1 <= -1.0`. The update for x1 is `x1 := x1 - 1.0`, which means x1 decreases by 1 in each iteration. If x1 starts at a value less than or equal to -1.0, it will become more negative in each iteration, so this part of the condition will always remain true.\n\nNow, let's look at the first part: `x0 * x1*x1 >= x1*x1*x1*x1 + 1.0`. \n\nSince x1 <= -1.0 and decreasing, we can simplify this as:\n- `x1^2` is positive and increasing\n- `x1^4` is positive and increasing faster than `x1^2`\n- So `x1^4 + 1.0` is also increasing\n\nFor the loop to terminate, we need the left side `x0 * x1^2` to eventually become less than `x1^4 + 1.0`. \n\nThe update for x0 is `x0 := x0 + x1 - 1/x1`. Since x1 is negative and decreasing, both x1 and -1/x1 are negative. This means x0 decreases in each iteration.\n\nAs the loop continues:\n- x1 becomes more negative, making x1^4 grow very rapidly\n- x0 continues to decrease\n- The product x0 * x1^2 will eventually become less than x1^4 + 1.0\n\nTherefore, the loop will eventually terminate.\n\nThe ranking function here would be a lexicographic ordering considering both variables, which is not expressible as a single, nested, or multi-phase ranking function.\n\n[TERM] Other"", ""Looking at this loop, I need to analyze whether it terminates and identify what kind of ranking function could prove its termination, if applicable.\n\nLet's examine the loop condition and body:\n- Loop condition: `x0 * x1*x1 >= x1*x1*x1*x1 +1.0 && x1 <=-1.0`\n- Loop update: `x0, x1 := x0 +x1 - 1/x1, x1-1.0`\n\nThe key observation is that `x1` starts at some value ≤ -1.0 and decreases by 1.0 in each iteration. This means `x1` becomes more and more negative with each iteration.\n\nLooking at the first part of the loop condition:\n`x0 * x1*x1 >= x1*x1*x1*x1 +1.0`\n\nAs `x1` becomes more negative, `x1^2` grows quadratically while `x1^4` grows much faster. For sufficiently negative values of `x1`, the term `x1^4` will dominate, making the inequality `x0 * x1^2 >= x1^4 + 1.0` impossible to satisfy regardless of the value of `x0`.\n\nThis means that the loop must eventually terminate. A simple decreasing ranking function can be used: `|x1|`.\n\n[TERM] Single"", ""I need to analyze this loop for termination.\n\nGiven loop condition: `(x0 * x1*x1 >= x1*x1*x1*x1 +1.0 && x1 <=-1.0)`\nLoop update: `x0, x1 := x0 +x1 - 1/x1, x1-1.0`\n\nFor termination analysis, let's examine the loop behavior:\n\n1. The condition `x1 <= -1.0` and the update `x1 := x1-1.0` indicate that `x1` decreases in each iteration and moves away from the boundary of -1.0, making it more negative.\n\n2. The first part of the condition can be rewritten as: `x0 * x1² >= x1⁴ + 1.0`\n\n3. As `x1` becomes more negative with each iteration, `x1⁴` will become larger positive, making it harder for the condition `x0 * x1² >= x1⁴ + 1.0` to remain true.\n\n4. Since `x1` is always negative and decreasing, eventually the term `x1⁴` will grow faster than `x0 * x1²` regardless of how `x0` changes, causing the loop condition to become false.\n\n5. The update to `x0` (which is `x0 + x1 - 1/x1`) won't be able to compensate for this growth difference in the long term.\n\nTherefore, the loop must eventually terminate. This termination can be proven using a single ranking function based on the value of `x1`.\n\n[TERM] Single""]"
1_162.bpl,LLM_Phase_Exp/4-nested-terminate/1_162.bpl,NONTERM,MONO,NONTERM,21.84,True,"[('NONTERM', 'MONO'), ('NONTERM', 'MONO'), ('NONTERM', 'MONO')]","[""I'll analyze the loop program to determine if it terminates and identify the appropriate ranking function if it does.\n\nThe loop condition is `(5.0*x0*x0 + 4.0*x2*x2 <=40.0*x1 && x1+x2<= 0.0-1.0)`\nThe update statement is `x0, x1, x2 := x0 +x1, x0+x2, x2-x2*x2-1.0/(x2*x2)`\n\nFirst, I'll note that for the loop to execute, we need `x1+x2 <= -1.0`, which means at least one of x1 or x2 must be negative.\n\nLet's analyze how the variables evolve:\n- From `x1+x2 <= -1.0` and `5.0*x0*x0 + 4.0*x2*x2 <= 40.0*x1`, we can deduce that x1 must be negative for the loop to execute.\n- When x2 is negative, the term `-1.0/(x2*x2)` in the update of x2 is negative, making x2 decrease further.\n- As x2 becomes more negative, the term `x2-x2*x2-1.0/(x2*x2)` can cause x2 to decrease monotonically.\n- When x1 is negative and x2 is negative and decreasing, x0 + x1 and x0 + x2 can both decrease.\n\nThis creates a situation where the variables can decrease monotonically without bound, satisfying the loop condition indefinitely. The combination of the negative values and the term `-1.0/(x2*x2)` can create a pattern of unbounded descent.\n\n[NONTERM] MONO"", ""To determine whether this program terminates, I need to analyze the loop condition and the state transformation.\n\nFirst, let's understand the loop condition:\n`(5.0*x0*x0 + 4.0*x2*x2 ≤ 40.0*x1 && x1+x2 ≤ -1.0)`\n\nAnd the state updates:\n`x0, x1, x2 := x0+x1, x0+x2, x2-x2*x2-1.0/(x2*x2)`\n\nLooking at the second part of the loop condition: `x1+x2 ≤ -1.0`\nSince this is a strict upper bound, we know that at least one of x1 or x2 must be negative to satisfy this condition.\n\nThe update to x2 is particularly problematic: `x2 := x2-x2*x2-1.0/(x2*x2)`\nThis operation subtracts both x2² and 1/(x2²) from x2. Note that 1/(x2²) is always positive for any non-zero x2, and the loop can only execute if x2 is non-zero (otherwise 1/(x2*x2) would be undefined).\n\nIf x2 is negative, then x2-x2*x2 increases its value (since subtracting a negative number is addition), but 1/(x2*x2) always decreases it. If x2 is sufficiently negative, x2 will become more negative with each iteration, causing x1+x2 to stay below -1, and the first part of the condition can remain true because x1 is decreasing.\n\nThis leads to a non-terminating behavior where x2 becomes increasingly negative, causing the loop to continue indefinitely.\n\n[NONTERM] MONO"", ""I need to analyze the termination of this program by examining the loop condition and update statements.\n\nLoop condition:\n- 5.0*x0*x0 + 4.0*x2*x2 ≤ 40.0*x1\n- x1+x2 ≤ -1.0\n\nLoop update:\n- x0 := x0 + x1\n- x1 := x0 + x2\n- x2 := x2 - x2*x2 - 1.0/(x2*x2)\n\nLet's analyze the behavior of x2. The update x2 := x2 - x2*x2 - 1.0/(x2*x2) is interesting because:\n1. If x2 is initially negative (which the condition x1+x2 ≤ -1.0 suggests), then -1.0/(x2*x2) is always negative.\n2. For any x2, the term x2*x2 is always positive.\n\nThis means x2 will keep decreasing in each iteration, making x2 more negative.\n\nAs x2 becomes more negative, the value of x1+x2 will also decrease (since x1 depends on previous x0 and x2 values), making this term stay below -1.0.\n\nThe first condition (5.0*x0*x0 + 4.0*x2*x2 ≤ 40.0*x1) will continue to hold because as x2 becomes more negative, x2*x2 grows larger, but x1 will also become more negative at a rate that maintains the inequality.\n\nThis creates a non-terminating pattern where the variables continue to change in a way that satisfies the loop condition indefinitely.\n\n[NONTERM] MONO""]"
1_133.bpl,LLM_Phase_Exp/4-nested-terminate/1_133.bpl,TERM,Single,TERM,16.63,True,"[('TERM', 'Single'), ('TERM', 'Single'), ('TERM', 'Single')]","[""Analyzing this loop program:\n\n```\nprocedure main() returns ()\n{\n  var x, a, b, c, d : int;\n  while (x >= 0) {\n    x := x - 1;\n    assume (x != a);\n    assume (x != b);\n    assume (x != c);\n//    assume (x != d);\n  }\n}\n```\n\nIn each iteration of the loop, `x` is decremented by 1, and then there are assumptions that the new value of `x` is not equal to `a`, `b`, or `c`. The fourth assumption `assume (x != d)` is commented out.\n\nFor termination analysis:\n- The loop condition is `x >= 0`\n- In each iteration, `x` decreases by 1\n- The assumptions `x != a`, `x != b`, `x != c` might block some executions, but they don't prevent `x` from eventually becoming negative\n\nSince `x` strictly decreases by 1 in each iteration and the loop continues only while `x >= 0`, the loop will eventually terminate when `x < 0`. The function `f(x) = x` serves as a simple ranking function that proves termination.\n\n[TERM] Single"", ""I need to analyze this loop program for termination.\n\nThe loop contains a variable `x` that starts with an initial value (unspecified) and decreases by 1 in each iteration. The loop continues as long as `x >= 0`.\n\nAfter decreasing `x`, there are three `assume` statements that ensure `x` is not equal to variables `a`, `b`, or `c`. These assumptions don't affect the termination behavior since they can't make the program go into an infinite loop - they would just potentially cause the program to fail (block) if the assumptions are not satisfied.\n\nRegardless of the values of `a`, `b`, and `c`, the variable `x` will eventually become negative since it decreases by 1 in each iteration, and there's a finite number of integer values between the initial value of `x` and -1.\n\nTherefore, this program is terminating, and we can prove it with a single ranking function: f(x) = x + 1.\n\n[TERM] Single"", ""I need to analyze the termination of this loop program.\n\nIn this program, we have a loop that continues while `x >= 0`. In each iteration:\n1. `x` is decremented by 1 (`x := x - 1`)\n2. There are assumptions that the new value of `x` is not equal to variables `a`, `b`, or `c`\n\nLet's analyze this:\n- The decrement of `x` by 1 in each iteration means that eventually `x` will become negative, assuming the assumptions don't prevent the loop from continuing\n- The assumptions `assume (x != a)`, `assume (x != b)`, and `assume (x != c)` can block specific iterations if `x-1` equals any of these variables\n- However, these assumptions can at most block 3 specific values of `x`\n- Since `x` decreases by 1 each time, and only a finite number of iterations can be blocked, the program will eventually terminate when `x < 0`\n\nTherefore, this program is terminating. A simple ranking function `x+1` is sufficient to prove termination.\n\n[TERM] Single""]"
4_154.bpl,LLM_Phase_Exp/4-nested-terminate/4_154.bpl,NONTERM,MONO,NONTERM,19.41,False,"[('NONTERM', 'MONO'), ('TERM', 'Nested'), ('NONTERM', 'MONO')]","[""To analyze this loop, I need to understand how the variables `x0` and `x1` evolve through iterations and determine if this process eventually terminates.\n\nLet's examine the loop:\n- Loop condition: `x0 >= x1`\n- Updates: `x0 := x0 - 4.0*x1*x1 + 4.0*x1 + 3.0` and `x1 := x1-2.0`\n\nLooking at the update for `x1`, we see that `x1` decreases by 2 in each iteration. This means that `x1` will become increasingly negative as the loop progresses.\n\nFor `x0`, the update is more complex. As `x1` decreases, the term `-4.0*x1*x1` will grow quadratically in the positive direction (since squaring a negative number gives a positive result). This means that eventually, `x0` will start increasing dramatically with each iteration.\n\nSince `x1` is decreasing linearly and `x0` will eventually start increasing quadratically, the gap between `x0` and `x1` will widen indefinitely. This means the condition `x0 >= x1` will always remain true after some point, making the loop non-terminating.\n\nThe growth pattern of `x0` is a characteristic example of monotonic growth, as `x1` becomes more negative, causing `x0` to eventually grow without bound.\n\n[NONTERM] MONO"", ""I'll analyze this loop program in Boogie to determine whether it terminates.\n\nThe loop condition is: `x0 >= x1`\nThe loop body updates the variables as follows:\n- `x0 := x0 - 4.0*x1*x1 + 4.0*x1 + 3.0`\n- `x1 := x1 - 2.0`\n\nLet's examine how these updates affect the loop condition over time:\n\nThe value of x1 decreases by 2.0 in each iteration (x1 := x1 - 2.0).\n\nFor x0, the update is more complex: x0 := x0 - 4.0*x1*x1 + 4.0*x1 + 3.0\nLet's denote this as x0 := x0 + g(x1) where g(x1) = -4.0*x1*x1 + 4.0*x1 + 3.0\n\nWhat's important is how the difference (x0 - x1) changes in each iteration. As x1 decreases by 2.0 each iteration, eventually x1 will become very negative. When x1 is sufficiently negative, g(x1) will become a large negative value (because the -4.0*x1*x1 term dominates).\n\nThis means that x0 will eventually decrease faster than x1, and the condition x0 >= x1 will eventually become false, terminating the loop.\n\nSince we can show that the loop terminates for all initial values, and a simple ranking function like (x0 - x1) doesn't work (because the difference doesn't strictly decrease in each iteration), we need a more complex ranking function.\n\n[TERM] Nested"", ""I need to analyze whether this loop terminates or not.\n\nLet's examine the behavior of the loop:\n- The loop condition is `x0 >= x1`\n- In each iteration:\n  - `x0' = x0 - 4.0*x1*x1 + 4.0*x1 + 3.0`\n  - `x1' = x1 - 2.0`\n\nFirst, let's look at `x1`. It decreases by 2 in each iteration, so it will eventually become very negative. This means `x1` gets smaller and smaller with each iteration.\n\nFor `x0`, let's analyze its behavior. Since `x1` is decreasing, let's express the update of `x0` in terms of the iteration count:\n- After n iterations, `x1` becomes `x1_initial - 2*n`\n- As n grows larger, the term `-4.0*x1*x1` becomes increasingly positive (since `x1` becomes more and more negative)\n- This means `x0` will eventually start increasing with each iteration\n\nSince `x1` keeps decreasing and `x0` eventually starts increasing, the loop condition `x0 >= x1` will always be true after some point. This indicates that the loop will not terminate.\n\nThe reason for non-termination is monotonic growth - the variables evolve in a way that permanently satisfies the loop condition.\n\n[NONTERM] MONO""]"
1_149.bpl,LLM_Phase_Exp/4-nested-terminate/1_149.bpl,TERM,Single,TERM,21.26,True,"[('TERM', 'Single'), ('TERM', 'Single'), ('TERM', 'Single')]","[""To analyze the termination of this program, I need to examine the loop condition and the updates to variables x0 and x1.\n\nLoop condition: (x1*x1 + 10.0 ≤ x0+6.0*x1) && (x0*x0 + 6.0 ≤ 4.0*x0 +x1)\n\nLet's simplify the first part of the condition:\nx1*x1 + 10.0 ≤ x0+6.0*x1\nx1*x1 - 6.0*x1 + 10.0 ≤ x0\n(x1-3)² + 10.0 - 9 ≤ x0\n(x1-3)² + 1 ≤ x0\n\nAnd the second part:\nx0*x0 + 6.0 ≤ 4.0*x0 + x1\nx0*x0 - 4.0*x0 + 6.0 ≤ x1\n(x0-2)² + 6.0 - 4 ≤ x1\n(x0-2)² + 2 ≤ x1\n\nUpdate: x0, x1 := x0 + x1, x1 - 1.0\n\nLooking at the variable updates, x1 decreases by 1 in each iteration. If we start with some value of x1, it will eventually become negative and very small. Since the second constraint requires (x0-2)² + 2 ≤ x1, as x1 becomes very small (negative), this constraint will eventually be violated, causing the loop to terminate.\n\nA simple ranking function is f(x0, x1) = x1 + c for some sufficiently large constant c.\n\nLet's verify:\n- The function is bounded below (we can choose c to ensure it's always positive)\n- Each iteration decreases the function by 1 (since x1 decreases by 1)\n\nTherefore, this program will terminate for any initial values of x0 and x1, and the termination can be proven with a single ranking function.\n\n[TERM] Single"", ""I'll analyze this program for termination.\n\nThe loop condition is: `x1*x1 + 10.0 <= x0+6.0*x1 && x0*x0 + 6.0 <= 4.0*x0 + x1`\n\nLet's examine the loop update: `x0, x1 := x0 + x1, x1 - 1.0`\n\nFor each iteration:\n- x0 increases by the current value of x1\n- x1 decreases by 1.0\n\nSince x1 is strictly decreasing by 1.0 in each iteration, and the loop condition includes the constraint x0*x0 + 6.0 <= 4.0*x0 + x1, eventually x1 will become small enough that this constraint will be violated.\n\nWhen x1 decreases sufficiently, the right-hand side of the second constraint (4.0*x0 + x1) will eventually become smaller than the left-hand side (x0*x0 + 6.0), especially since x0 is increasing when x1 is positive.\n\nThis program terminates and can be proven with a simple ranking function based on x1.\n\n[TERM] Single"", ""I'll analyze this program to determine its termination status.\n\nGiven:\n```\nprocedure main() returns () {\n    var x0, x1: real;\n    while (x1*x1 + 10.0 <=x0+6.0*x1 && x0*x0 + 6.0 <= 4.0*x0 +x1) {\n        x0, x1 := x0 +x1, x1-1.0;\n    }\n}\n```\n\nLet me examine if there's a ranking function that proves termination.\n\nFirst, I'll analyze the loop guard: `x1*x1 + 10.0 <= x0+6.0*x1 && x0*x0 + 6.0 <= 4.0*x0 +x1`\nAnd the loop body: `x0, x1 := x0 +x1, x1-1.0`\n\nFor each iteration, x1 decreases by 1, which suggests that x1 could be a potential ranking function. Let's verify if this works as a single ranking function:\n\nIf we use f(x0, x1) = x1 as a ranking function:\n- In each iteration, f(x0, x1) decreases by 1\n- We need to ensure f(x0, x1) is bounded from below when the loop condition holds\n\nLooking at the loop condition: since x1*x1 + 10.0 <= x0+6.0*x1, we have x1*x1 - 6.0*x1 <= x0 - 10.0\nThis doesn't directly give us a lower bound on x1.\n\nHowever, from the second part: x0*x0 + 6.0 <= 4.0*x0 + x1\nThis implies x1 >= x0*x0 - 4.0*x0 + 6.0\n\nSo x1 has a lower bound dependent on x0. As x1 decreases and x0 increases (since x0 := x0 + x1), the loop condition will eventually become false.\n\nTherefore, the program is terminating, and we can use x1 as a single ranking function.\n\n[TERM] Single""]"
2_67.bpl,LLM_Phase_Exp/4-nested-terminate/2_67.bpl,TERM,Single,TERM,18.71,True,"[('TERM', 'Single'), ('TERM', 'Single'), ('TERM', 'Single')]","[""I'll analyze this loop for termination.\n\nFirst, let's understand the loop:\n- Loop condition: q >= 0.0\n- Loop body:\n  - q := q + z - y - 1.0\n  - y := 0.0 - y (toggles sign of y)\n  - z := 0.0 - z (toggles sign of z)\n\nLet's look at what happens to q across iterations:\n- Iteration 1: q₁ = q₀ + z₀ - y₀ - 1.0\n- Iteration 2: q₂ = q₁ + z₁ - y₁ - 1.0 = q₁ - z₀ - (-y₀) - 1.0 = q₁ - z₀ + y₀ - 1.0\n  = q₀ + z₀ - y₀ - 1.0 - z₀ + y₀ - 1.0 = q₀ - 2.0\n\nLooking further:\n- q₃ = q₂ - 2.0 = q₀ - 4.0\n- q₄ = q₃ - 2.0 = q₀ - 6.0\n\nI see that q decreases by 2.0 every two iterations, regardless of the values of y and z. This is because the sign changes in y and z cancel out their effect over two iterations.\n\nSince q decreases by a constant amount each time, and the loop exits when q < 0, the program will eventually terminate for any initial values.\n\nThe ranking function can be simply q + 1, which decreases by at least 1 in each iteration.\n\n[TERM] Single"", ""I need to analyze the termination of the given loop program.\n\nLet's track how the variables change in each iteration:\n- `q` updated to `q + z - y - 1.0`\n- `y` updated to `0.0 - y` (which is `-y`)\n- `z` updated to `0.0 - z` (which is `-z`)\n\nFirst, I observe that both `y` and `z` flip their signs in each iteration. This means after two iterations, both `y` and `z` return to their original values.\n\nLet's see how `q` changes over two consecutive iterations:\n- Iteration 1: `q₁ = q₀ + z₀ - y₀ - 1.0`\n- Iteration 2: `q₂ = q₁ + z₁ - y₁ - 1.0 = q₁ + (-z₀) - (-y₀) - 1.0 = q₁ - z₀ + y₀ - 1.0`\n\nSubstituting `q₁`:\n`q₂ = (q₀ + z₀ - y₀ - 1.0) - z₀ + y₀ - 1.0 = q₀ - 2.0`\n\nThis means after every two iterations, `q` decreases by exactly 2.0, regardless of the values of `y` and `z`.\n\nSince `q` decreases by a constant amount (2.0) every two iterations and the loop condition is `q >= 0.0`, the loop will eventually terminate when `q` becomes negative.\n\nThis program can be proven terminating with a single ranking function: `⌈q/2⌉` (ceiling of q divided by 2), which decreases by at least 1 every two iterations.\n\n[TERM] Single"", ""I'll analyze this loop program for termination.\n\nLet's understand how the variables change in each iteration:\n- `q` is updated as `q := q + z - y - 1.0`\n- `y` is updated as `y := 0.0 - y` (which is just `-y`)\n- `z` is updated as `z := 0.0 - z` (which is just `-z`)\n\nNotice that both `y` and `z` simply flip their signs in each iteration. This means that after two iterations, both `y` and `z` return to their original values.\n\nFor `q`, let's see what happens over two consecutive iterations:\n- First iteration: `q' = q + z - y - 1.0`\n- Second iteration: `q'' = q' + (-z) - (-y) - 1.0 = q' - z + y - 1.0 = q + z - y - 1.0 - z + y - 1.0 = q - 2.0`\n\nSo after every two iterations, `q` decreases by 2.0, regardless of the values of `y` and `z`.\n\nSince `q` decreases by a fixed positive amount (2.0) every two iterations, and the loop condition is `q >= 0.0`, the loop must eventually terminate once `q` becomes negative.\n\nThis can be proven with a simple ranking function that decreases in each complete cycle (every two iterations).\n\n[TERM] Single""]"
1_159.bpl,LLM_Phase_Exp/4-nested-terminate/1_159.bpl,TERM,Single,TERM,20.31,False,"[('TERM', 'Single'), ('NONTERM', 'MONO'), ('NONTERM', 'RECUR')]","[""I'll analyze this program to determine whether it terminates and what type of ranking function would be appropriate.\n\nThe loop condition is: `1.0 <= x0 && x1*x1 + 2.0*x0 <= 3.0*x1`\n\nAnd the update statements are:\n- `x0 := 1.0 + 1.0/(x0*x0)`\n- `x1 := 0.0 - x1*x0 - 3.0*x1 + x1*x1 + 1.0`\n\nFirst, let's examine the behavior of x0. Since the loop condition requires x0 ≥ 1.0, and the update for x0 is 1.0 + 1.0/(x0*x0), which is always greater than 1.0 given x0 ≥ 1.0, the first part of the loop condition will always be satisfied.\n\nLooking at the second condition (x1*x1 + 2.0*x0 <= 3.0*x1), the update for x1 is complex and depends on both x0 and x1. The dynamics of this system are non-trivial.\n\nAfter analyzing the updates and their interaction, this program appears to be terminating. The updates cause the condition to eventually become false. This termination can be shown using a single ranking function based on the gap between x1*x1 + 2.0*x0 and 3.0*x1.\n\n[TERM] Single"", ""I need to analyze the termination of the provided loop program.\n\nFirst, let me identify the loop condition:\n1.0 <= x0 && x1 * x1 + 2.0 * x0 <= 3.0 * x1\n\nAnd the update statement:\nx0, x1 := 1.0 + 1.0/(x0*x0), 0.0 - x1*x0 - 3.0 * x1 + x1*x1 + 1.0\n\nLet's analyze if there's a ranking function:\n\nFrom the first constraint, x0 ≥ 1.0, which means x0 is always positive and bounded below.\n\nFor x0's update: x0' = 1.0 + 1.0/(x0*x0)\nSince x0 ≥ 1.0, we have 1.0/(x0*x0) ≤ 1.0, so x0' ≤ 2.0.\n\nThis means x0 is always bounded between 1.0 and 2.0, so it can't serve as a single ranking function that decreases indefinitely.\n\nThe update for x1 is complex: x1' = -x1*x0 - 3.0*x1 + x1*x1 + 1.0\n\nI need to check if there's a combination of variables that forms a ranking function. Given the complex updates and bounds, this appears to be a non-trivial case.\n\nAfter careful analysis, I believe this loop does not terminate for certain initial values. The complexity of the updates and the bounded nature of x0 suggest that for some initial conditions, the program will enter a recurring pattern or a monotonic growth scenario for x1 that keeps satisfying the loop condition.\n\n[NONTERM] MONO"", ""To analyze this program, I need to examine the loop condition and update rule.\n\nLoop condition: `1.0 <= x0 && x1 * x1 + 2.0 * x0 <= 3.0 * x1`\nUpdate rule: \n- `x0 := 1.0 + 1.0/(x0*x0)`\n- `x1 := 0.0 - x1*x0 - 3.0 *x1 + x1*x1 + 1.0`\n\nFirst I'll examine what happens to x0: When x0 ≥ 1, the update rule x0 := 1.0 + 1.0/(x0*x0) ensures that x0 remains ≥ 1. This means the first part of the loop condition always holds.\n\nLet's analyze the update of x1 more closely:\nx1 := -x1*x0 - 3.0*x1 + x1*x1 + 1.0\n    = x1*(x1 - x0 - 3.0) + 1.0\n\nI need to determine if there's a ranking function that decreases with each iteration. Looking at the behavior of x0 and x1, there isn't an obvious simple expression that consistently decreases.\n\nAfter careful analysis, I can see that this program is non-terminating. When certain values of x0 and x1 are chosen (e.g., x0 = 1 and x1 = 1), the loop variables update in a way that the loop condition remains satisfied indefinitely, creating a recurring pattern that doesn't converge to termination.\n\n[NONTERM] RECUR""]"
3_15.bpl,LLM_Phase_Exp/4-nested-terminate/3_15.bpl,TERM,Single,TERM,18.53,True,"[('TERM', 'Single'), ('TERM', 'Single'), ('TERM', 'Single')]","[""I'll analyze the provided loop program to determine whether it's terminating or not.\n\nLet's track how the variables evolve in each iteration:\n- `x` is decremented by `d1`\n- `d1` is updated to `d2 + 1`\n- `d2` is updated to the new value of `d1 + 1`, which is `(d2 + 1) + 1 = d2 + 2`\n\nAfter each iteration:\n- `d2` increases by 2: `d2' = d2 + 2`\n- `d1` becomes `d2 + 1`, which means `d1'` is larger than both the previous `d1` and `d2`\n- `x` decreases by `d1`, and since `d1` is growing with each iteration, `x` decreases by larger amounts each time\n\nSince `d1` is strictly increasing with each iteration, and `x` is decreasing by at least this increasing value, eventually `x` will become negative and the loop will terminate.\n\nThis can be proven using a single ranking function based on the value of `x`, since `x` is strictly decreasing by an increasing amount in each iteration.\n\n[TERM] Single"", ""I'll analyze this loop program to determine if it terminates.\n\nThe loop condition is `(x >= 0)` and the loop body consists of three statements:\n1. `x := x - d1;`\n2. `d1 := d2 + 1;`\n3. `d2 := d1 + 1;`\n\nLet's trace what happens to the variables through iterations:\n\nInitial state: x, d1, d2 (all uninitialized)\nAfter 1st iteration: \n   - x = x - d1\n   - d1 = d2 + 1\n   - d2 = (d2 + 1) + 1 = d2 + 2\n\nAfter 2nd iteration:\n   - x = x - d1 = x - (d2 + 1)\n   - d1 = d2 + 1 = (d2 + 2) + 1 = d2 + 3\n   - d2 = (d2 + 3) + 1 = d2 + 4\n\nWe can see that d1 and d2 are strictly increasing with each iteration. Specifically, d1 increases by 2 each iteration, and d2 increases by 2 each iteration as well. Since d1 keeps growing, x will eventually become negative (unless x is already negative initially).\n\nThis program terminates for any initial values of x, d1, and d2. The termination can be proven using a single ranking function: x + 1.\n\n[TERM] Single"", ""I'll analyze this loop program to determine whether it terminates.\n\nLet's track what happens with variables x, d1, and d2 through iterations:\n\nInitial: x = some value, d1 = some value, d2 = some value\n\nAfter 1st iteration:\n- x := x - d1 (decreases by initial d1)\n- d1 := d2 + 1 (becomes initial d2 + 1)\n- d2 := d1 + 1 (becomes initial d2 + 1 + 1 = initial d2 + 2)\n\nAfter 2nd iteration:\n- x := x - d1 (decreases by initial d2 + 1)\n- d1 := d2 + 1 (becomes initial d2 + 2 + 1 = initial d2 + 3)\n- d2 := d1 + 1 (becomes initial d2 + 3 + 1 = initial d2 + 4)\n\nAfter 3rd iteration:\n- x := x - d1 (decreases by initial d2 + 3)\n- d1 := d2 + 1 (becomes initial d2 + 4 + 1 = initial d2 + 5)\n- d2 := d1 + 1 (becomes initial d2 + 5 + 1 = initial d2 + 6)\n\nI observe that d1 and d2 are strictly increasing with each iteration, and their values grow at an increasing rate. The amount by which x decreases gets larger in each iteration. Regardless of the initial values, x will eventually become negative, causing the loop to terminate.\n\nSince x is strictly decreasing and the decreasing rate is increasing, the loop will terminate after a finite number of iterations.\n\n[TERM] Single""]"
1_115.bpl,LLM_Phase_Exp/4-nested-terminate/1_115.bpl,TERM,Single,TERM,12.0,True,"[('TERM', 'Single'), ('TERM', 'Single'), ('TERM', 'Single')]","[""I'll analyze the termination of this loop program.\n\nLooking at the program:\n```\nprocedure Ramciel() returns ()\n{\n  var x: int;\n\n  while (x >= 1) {\n     x := -x;\n  }\n}\n```\n\nLet's examine what happens:\n- The loop condition is `x >= 1`\n- Inside the loop, we have the assignment `x := -x`\n\nIf x starts as a value ≥ 1, then -x will be negative. After this first iteration, x becomes negative and the loop condition `x >= 1` is no longer satisfied, so the loop terminates.\n\nIf x starts as a negative value or 0, the loop condition `x >= 1` is not satisfied initially, so the loop doesn't execute at all.\n\nIn all possible cases, the loop executes at most once, so it's definitely terminating. This can be proved with a simple ranking function.\n\n[TERM] Single"", ""I'll analyze the termination of this loop program.\n\nIn this program, we have a single variable `x` and a loop that continues as long as `x >= 1`. Inside the loop, the value of `x` is negated with the assignment `x := -x`.\n\nLet's trace the execution:\n- If initially x < 1, the loop doesn't execute at all\n- If initially x ≥ 1, then after the first iteration, x becomes negative (x := -x)\n- Since x is now negative, the condition x ≥ 1 is false, and the loop terminates\n\nFor any initial value of x, the loop terminates after at most one iteration. The ranking function can be a simple expression that decreases by a constant amount each iteration, such as f(x) = [x ≥ 1], which is 1 if x ≥ 1 and 0 otherwise.\n\n[TERM] Single"", ""I'll analyze the termination of this while loop program.\n\nThe program has a single variable `x` and the loop condition is `x >= 1`. In each iteration, the value of `x` is set to `-x`.\n\nLet's trace what happens:\n- If initially `x >= 1` (let's say x = n where n ≥ 1), then after one iteration x becomes -n.\n- Since -n < 0, and the loop condition requires x ≥ 1, the loop will terminate after just one iteration.\n- If initially x < 1, the loop doesn't execute at all.\n\nTherefore, the program always terminates, and it can be proved with a simple ranking function.\n\n[TERM] Single""]"
3_68.bpl,LLM_Phase_Exp/4-nested-terminate/3_68.bpl,TERM,Single,TERM,22.84,False,"[('TERM', 'Single'), ('TERM', 'Other'), ('NONTERM', 'OTHER')]","[""I'll analyze the termination of the given Boogie program.\n\nLooking at the loop, we have:\n1. A variable q that decreases by 1.0 but also increases by a in each iteration\n2. Variables a and b that are updated according to a 2D linear transformation\n\nTo determine termination, I need to understand how a evolves over time, since it affects q's decrease.\n\nThe linear transformation for [a, b] can be represented as:\n[a', b'] = [0.6*a - 0.8*b, 0.8*a + 0.6*b]\n\nThis is a rotation matrix with scaling. The eigenvalues are complex with magnitude 1, which means [a, b] rotates but preserves its magnitude. Therefore, a will oscillate but won't converge to zero.\n\nSince a oscillates but doesn't grow, and q decreases by at least (1.0 - |a|) in each iteration where |a| is bounded, the loop will eventually terminate.\n\nFor the ranking function, we can use a single ranking function if a is bounded such that (1.0 - a_max) > 0. Since a doesn't grow unboundedly due to the rotation nature of the transformation, a single ranking function based on q is sufficient.\n\n[TERM] Single"", ""I need to analyze whether this program terminates and what kind of ranking function can prove termination, if any.\n\nLet's examine the loop:\n- The loop condition is `q > 0.0`\n- In each iteration, we have:\n  - `q := q + a - 1.0`\n  - `a, b := 0.6*a - 0.8*b, 0.8*a + 0.6*b`\n\nFirst, let's analyze the behavior of variables `a` and `b`. This is a linear transformation that can be expressed in matrix form:\n[a'] = [0.6, -0.8] * [a]\n[b']   [0.8,  0.6]   [b]\n\nThis particular matrix represents a rotation scaled by a factor of 1 (since det = 0.6*0.6 + 0.8*0.8 = 1). This means the values of a and b will rotate in the plane but maintain their magnitude.\n\nFor the variable `q`, it evolves as `q := q + a - 1.0` in each iteration. If `a < 1.0` consistently, then `q` will eventually become negative and the loop will terminate. However, since `a` and `b` undergo a rotation, `a` can take both positive and negative values depending on the initial values.\n\nFor termination to be guaranteed, we need to show that, on average, `a < 1.0` so that `q` eventually decreases. Due to the rotation property of the matrix, `a` will sometimes be positive and sometimes negative, but on average, it will be less than 1.0 (assuming reasonable initial values).\n\nThis program is terminating for most initial values, and the termination proof would require a lexicographic ranking function that considers both the value of `q` and the positions of `a` and `b` in their rotation cycle.\n\n[TERM] Other"", ""I'll analyze the termination of this loop program.\n\nFirst, let me examine the loop:\n- The loop condition is `q > 0.0`\n- At each iteration:\n  - `q` is updated as `q + a - 1.0`\n  - `a` and `b` are updated using a transformation matrix\n\nThis is a linear system where we need to analyze whether `q` will eventually become less than or equal to 0.\n\nLooking at the transformation for `a` and `b`, we have the matrix:\n[0.6  -0.8]\n[0.8   0.6]\n\nThe eigenvalues of this matrix are 0.6 ± 0.8i, which have magnitude 1. This means that the transformation is a rotation scaled by 1, which preserves the magnitude of the vector (a,b).\n\nFor termination, we need to determine if `q` eventually becomes non-positive. Since `q` is updated with `q + a - 1.0` in each iteration, we need to analyze whether `a` will consistently allow `q` to decrease.\n\nThe key observation is that the transformation on `a` and `b` is a rotation, which means `a` oscillates between positive and negative values. This prevents `a` from being consistently less than 1, which would be needed to guarantee that `q` always decreases.\n\nSince `a` can be positive in some iterations, `q` may increase during those iterations, potentially leading to non-termination.\n\n[NONTERM] OTHER\n\nThe non-termination is due to the oscillatory behavior of `a` caused by the rotation matrix, which doesn't fit neatly into recurrence relations or monotonic growth categories.""]"
1_150.bpl,LLM_Phase_Exp/4-nested-terminate/1_150.bpl,TERM,Single,TERM,22.52,True,"[('TERM', 'Single'), ('TERM', 'Single'), ('TERM', 'Single')]","[""I'll analyze the loop to determine if it terminates and what type of ranking function can prove its termination.\n\nLooking at the loop:\n- Guard: `x0-x1>=1.0 && x0+x1>=1.0 && x0<=10.0`\n- Update: `x0, x1 := x1, x1-1.0`\n\nLet's track the variables through iterations:\n- Initially: `x0, x1`\n- After 1 iteration: `x0, x1 := x1, x1-1.0`\n- After 2 iterations: `x0, x1 := x1-1.0, (x1-1.0)-1.0 = x1-2.0`\n- After 3 iterations: `x0, x1 := x1-2.0, (x1-2.0)-1.0 = x1-3.0`\n\nI observe that after k iterations:\n`x0 = x1-(k-1), x1 = x1-k`\n\nThe loop guard includes `x0-x1>=1.0`, which means `x1-(k-1) - (x1-k) >= 1.0`, simplified to `1 >= 1.0`, which is always true.\n\nThe second condition `x0+x1>=1.0` becomes `x1-(k-1) + (x1-k) >= 1.0` which is `2*x1-2k+1 >= 1.0`, or `x1 >= k`.\n\nThe third condition `x0<=10.0` becomes `x1-(k-1) <= 10.0` or `x1 <= 10.0+k-1`.\n\nFor the loop to terminate, we need at least one of these conditions to eventually become false. The condition that will eventually become false is `x1 >= k` because as k grows, this will eventually fail (since x1 is decreasing by 1 in each iteration).\n\nThis means that a simple ranking function like `f(x0,x1) = x1` would work, as x1 decreases by 1 in each iteration and is bounded below by the loop guard.\n\n[TERM] Single"", ""I'll analyze this loop program to determine if it terminates.\n\nFirst, let me track how the variables change across iterations:\n- Initially, we have some values x0 and x1\n- After one iteration: x0 becomes x1, and x1 becomes x1-1.0\n- After two iterations: x0 becomes x1-1.0, and x1 becomes (x1-1.0)-1.0 = x1-2.0\n\nLet's examine the loop condition: (x0-x1>=1.0 && x0+x1>=1.0 && x0<=10.0)\n\nConsider what happens to x0-x1 after each iteration:\n- Initially: x0-x1\n- After one iteration: x1-(x1-1.0) = 1.0\n- After two iterations: (x1-1.0)-(x1-2.0) = 1.0\n\nThe difference x0-x1 stabilizes at 1.0, which means the first condition remains true.\n\nFor x0+x1, we have:\n- After one iteration: x1+(x1-1.0) = 2x1-1.0\n- After two iterations: (x1-1.0)+(x1-2.0) = 2x1-3.0\n- After n iterations: 2x1-(2n-1)\n\nThis means x0+x1 keeps decreasing by 2.0 each iteration. Eventually, it will drop below 1.0, violating the second condition and causing the loop to terminate.\n\nFor x0<=10.0, since x0 becomes x1 and then (x1-1.0), (x1-2.0), etc., eventually x0 will become negative (assuming we run enough iterations), which is certainly less than 10.0.\n\nTherefore, this program terminates. The termination is proved by a single ranking function, which is essentially the value of x0+x1.\n\n[TERM] Single"", ""I'll analyze the termination of the given loop program.\n\nThe loop has the condition: `x0 - x1 >= 1.0 && x0 + x1 >= 1.0 && x0 <= 10.0`\nThe loop body updates the variables as: `x0, x1 := x1, x1 - 1.0`\n\nLet's track what happens to variables across loop iterations:\n1. Initially, suppose we have values x0 and x1\n2. First iteration: x0 becomes x1, x1 becomes (x1-1.0)\n3. Second iteration: x0 becomes (x1-1.0), x1 becomes (x1-2.0)\n4. Third iteration: x0 becomes (x1-2.0), x1 becomes (x1-3.0)\n\nNotice that x0 is always decreasing, and eventually will become less than or equal to the continuously decreasing x1, which means the condition x0-x1 >= 1.0 will eventually be violated. Additionally, the bound x0 <= 10.0 ensures we can't start with arbitrarily large values.\n\nThis loop has a ranking function f(x0,x1) = max(0, ⌈x0 - x1 - 1⌉), which measures how far we are from violating the condition x0-x1 >= 1.0.\n\nThis is a simple monotonically decreasing function that has a lower bound of 0, providing a direct proof of termination.\n\n[TERM] Single""]"
1_164.bpl,LLM_Phase_Exp/4-nested-terminate/1_164.bpl,TERM,Single,TERM,19.95,False,"[('TERM', 'Single'), ('TERM', 'Single'), ('TERM', 'Nested')]","[""Let me analyze this Boogie program to determine whether it terminates.\n\nThe loop condition is: `x1<=x2 && x0>=1.0 && x1>=1.0`\nAnd the update statement is: `x0, x1, x2 := x0 + 1.0, x1*x0+x1, x2`\n\nLet's analyze how the variables change in each iteration:\n- `x0` increases by 1.0 in each iteration\n- `x1` gets updated to `x1*x0+x1` which is equal to `x1*(x0+1)`\n- `x2` remains unchanged\n\nFor termination, we need to check if the loop condition will eventually become false.\n\nSince `x0 >= 1.0` initially and increases by 1.0 in each iteration, `x0` will only grow larger. So the condition `x0 >= 1.0` will always remain true.\n\nSimilarly, since `x1 >= 1.0` initially and gets updated to `x1*(x0+1)` with both factors being >= 1.0, `x1` will only grow larger in each iteration. So the condition `x1 >= 1.0` will always remain true.\n\nThe only way for the loop to terminate is if `x1 <= x2` becomes false, i.e., if `x1 > x2`.\n\nSince `x2` remains constant and `x1` grows in each iteration (and grows faster as `x0` increases), if `x1 <= x2` initially, then eventually `x1` will exceed `x2`, making the loop condition false.\n\nTherefore, the program terminates, and it can be proved using a single ranking function based on the difference between `x2` and `x1`.\n\n[TERM] Single"", 'I need to analyze the given loop program for termination.\n\nThe loop guard is: `x1 <= x2 && x0 >= 1.0 && x1 >= 1.0`\n\nAnd the update in each iteration is: `x0, x1, x2 := x0 + 1.0, x1*x0+x1, x2`\n\nLet me analyze these updates:\n- `x0` increases by 1 in each iteration, starting from a value ≥ 1\n- `x1` is updated to `x1*x0+x1` which equals `x1*(x0+1)`. Since both x0 ≥ 1 and x1 ≥ 1, this means x1 is multiplied by a value ≥ 2 in each iteration\n- `x2` remains constant\n\nGiven that x1 grows exponentially while x2 remains constant, the loop guard condition `x1 <= x2` will eventually become false (unless x1 starts very small and x2 is extremely large or infinite).\n\nSince x0 ≥ 1, x1 ≥ 1, and x1 increases exponentially while x2 is constant, the loop will terminate after a finite number of iterations.\n\nThis loop can be proven terminating using a simple ranking function based on the gap between x2 and x1. Since x1 grows at least exponentially and will eventually exceed x2, this is a single ranking function case.\n\n[TERM] Single', ""I'll analyze this loop program to determine whether it terminates or not.\n\nThe loop condition is: `x1<=x2 && x0>=1.0 && x1>=1.0`\n\nThe loop body updates the variables as:\n- `x0 := x0 + 1.0` (x0 is incremented by 1)\n- `x1 := x1*x0+x1` (x1 is updated to x1*(x0+1))\n- `x2 := x2` (x2 remains unchanged)\n\nLet's analyze the behavior:\n- x0 starts at some value ≥ 1 and increases by 1 each iteration, so x0 grows unboundedly\n- x1 starts at some value ≥ 1 and is updated to x1*(x0+1), which means x1 also grows unboundedly (faster than x0)\n- x2 is constant throughout the execution\n\nSince x1 grows unboundedly while x2 remains constant, if initially x1 ≤ x2, after some number of iterations x1 will exceed x2, causing the loop condition to become false. Thus, the loop will terminate.\n\nFor termination proof, we need a ranking function. Since x1 grows faster than linearly while x2 remains constant, a simple linear ranking function won't work. We need a nested ranking function that captures the relationship between x1 and x2.\n\n[TERM] Nested""]"
1_83.bpl,LLM_Phase_Exp/4-nested-terminate/1_83.bpl,TERM,Single,TERM,18.97,True,"[('TERM', 'Single'), ('TERM', 'Single'), ('TERM', 'Single')]","[""I need to analyze the termination of the given loop program.\n\nFirst, I'll look at the loop condition and update rules:\n\nLoop condition: `1.0*a-b >= -5.0 && -a+4.0*b <= 4.0`\nUpdate rules: \n- a' = 0.75*a + 0.25*b\n- b' = 0.25*a + 0.75*b + 2.0\n\nLet's analyze whether this loop terminates:\n\nThe loop update is a linear transformation of the variables plus a constant offset. To understand the long-term behavior, I need to analyze how the loop condition evolves.\n\nLooking at the second condition: `-a+4.0*b <= 4.0`\nThis can be rewritten as: `4.0*b <= 4.0+a` or `b <= 1.0+a/4.0`\n\nAfter each iteration:\n- a grows by a factor less than 1 (dominated by the 0.75 coefficient)\n- b grows by that same factor plus the constant 2.0\n\nThis means that b will grow faster than a, and eventually, the condition `b <= 1.0+a/4.0` will be violated. The constant addition of 2.0 to b in each iteration ensures that b will eventually exceed the bound, causing the loop to terminate.\n\nThis termination can be proven with a single ranking function that represents the distance to the boundary of the second condition: `4.0 + a - 4.0*b`.\n\nThis function decreases in each iteration by a fixed amount due to the constant 2.0 added to b.\n\n[TERM] Single"", ""I'll analyze this loop program for termination.\n\nFirst, let me understand the loop:\n- The loop condition is: `1.0*a-b >= -5.0 && -a+4.0*b <= 4.0`\n- The body updates variables as: `a, b := 0.75*a + 0.25*b, 0.25*a + 0.75*b + 2.0`\n\nTo determine termination, I'll analyze how these variables evolve in the loop.\n\nLooking at the assignments:\n- New a = 0.75a + 0.25b\n- New b = 0.25a + 0.75b + 2.0\n\nLet's see if there's a ranking function for this loop.\n\nWhen we analyze the loop carefully, we can observe that the variables a and b will keep increasing with each iteration due to the constant term +2.0 in the update of b. This means that eventually the second part of the loop condition `-a+4.0*b <= 4.0` will be violated (as b grows faster than a), causing the loop to terminate.\n\nThis can be proven with a linear ranking function of the form: 4.0*b - a.\nWith each iteration, this expression increases until it exceeds 4.0, at which point the loop terminates.\n\nTherefore:\n\n[TERM] Single"", ""I need to determine if the given program terminates by analyzing the loop and the transformations applied to variables a and b.\n\nLet's examine the loop condition and the update rule:\n\nLoop condition:\n- 1.0*a - b >= -5.0\n- -a + 4.0*b <= 4.0 (equivalent to: -a + 4.0*b - 4.0 <= 0)\n\nUpdate rules:\n- a' = 0.75 * a + 0.25 * b\n- b' = 0.25 * a + 0.75 * b + 2.0\n\nFirst, I'll analyze how these variables evolve through iterations. The key observation is that b increases in each iteration (due to the constant +2.0), and this will eventually cause the first condition to be violated.\n\nLet me verify that the program terminates by finding a ranking function:\n\nLooking at the first condition: 1.0*a - b >= -5.0, we see that if b grows larger than a+5.0, the loop will terminate.\n\nDue to the presence of +2.0 in the update of b, the value of b will eventually grow large enough to violate the first condition, regardless of the initial values of a and b.\n\nA linear ranking function of the form 5.0 - (b - a) can be used to prove termination. This function decreases by a fixed amount in each iteration and is bounded below.\n\n[TERM] Single""]"
1_30.bpl,LLM_Phase_Exp/4-nested-terminate/1_30.bpl,TERM,Single,TERM,14.34,True,"[('TERM', 'Single'), ('TERM', 'Single'), ('TERM', 'Single')]","[""I need to analyze this loop program for termination.\n\nLet's examine the loop condition `x >= 0 && y==0` and the update `x, y := y-1, x+1`.\n\nBefore the first iteration, we know `x >= 0` and `y == 0` (for the loop to start).\n\nLet's trace a few iterations:\n- Initial: `x ≥ 0, y = 0`\n- After 1st iteration: `x = -1, y = x_initial + 1`\n- At this point, `x < 0`, so the loop condition becomes false.\n\nNo matter what the initial value of `x` is (as long as it's non-negative), after the first iteration, `x` becomes `-1`, which makes the loop condition false.\n\nSince the loop always terminates after exactly one iteration, this program terminates and can be proved by a single ranking function (simply the constant 1).\n\n[TERM] Single"", ""I need to analyze the termination of this loop program in Boogie.\n\nLet's track what happens to variables `x` and `y` during loop execution:\n\nInitial state: `x` is some value, `y` is some value.\nLoop condition: `x >= 0 && y==0`\n\nFor the loop to start, we need `x >= 0` and `y = 0`.\n\nIn each iteration:\n- `x` becomes `y-1` (which is `-1` since `y` must be `0` for the loop to execute)\n- `y` becomes `x+1` (which is positive if `x >= 0`)\n\nAfter the first iteration:\n- `x` becomes `-1`\n- `y` becomes some positive value\n\nAt this point, the condition `x >= 0 && y==0` is false because `x = -1`, so the loop terminates after exactly one iteration.\n\nTherefore, this program is terminating, and it can be proved with a simple ranking function based on the value of `x`.\n\n[TERM] Single"", ""I need to analyze the loop in the given Boogie program to determine its termination behavior.\n\nFirst, let's understand what happens in each iteration:\n- Initial state: x ≥ 0 and y = 0\n- Each iteration: x, y := y-1, x+1\n\nLet's trace the execution:\n- Start with x ≥ 0, y = 0\n- After first iteration: x = -1, y = x_0+1 (where x_0 is the initial value of x)\n- The loop condition checks x ≥ 0 and y = 0\n- After the first iteration, x = -1 which is < 0, so the loop terminates\n\nThis program always terminates after exactly one iteration, regardless of the initial value of x (as long as the loop is entered, which requires x ≥ 0 and y = 0).\n\nThe termination can be proven using a simple ranking function: f(x,y) = 1 (which decreases to 0 after one iteration).\n\n[TERM] Single""]"
1_148.bpl,LLM_Phase_Exp/4-nested-terminate/1_148.bpl,TERM,Single,TERM,23.11,True,"[('TERM', 'Single'), ('TERM', 'Single'), ('TERM', 'Single')]","[""I'll analyze the loop program to determine if it terminates.\n\nGiven loop:\n```\nwhile (x0*x0 + x1*x1 <=1.0) {\n    x0, x1 := x0 - x1*x1 +1.0, x1 + x0*x0 -1.0;\n}\n```\n\nLet's analyze the updates to the variables and the loop condition:\n\nLoop condition: x0*x0 + x1*x1 ≤ 1.0\nUpdates:\n- x0' = x0 - x1*x1 + 1.0\n- x1' = x1 + x0*x0 - 1.0\n\nFor each iteration, we have:\n- x0' = x0 - x1*x1 + 1.0\n- x1' = x1 + x0*x0 - 1.0\n\nI need to determine if the expression x0*x0 + x1*x1 eventually exceeds 1.0.\n\nLet's see what happens to x0*x0 + x1*x1 after one iteration:\n(x0')² + (x1')² = (x0 - x1*x1 + 1.0)² + (x1 + x0*x0 - 1.0)²\n\nExpanding this expression produces a complex polynomial, but a key observation is that regardless of the initial values, the sum of the squares x0*x0 + x1*x1 will grow monotonically after each iteration if x0 and x1 are outside a certain bounded region.\n\nLet's consider what happens in the long run:\n- If we start with x0=x1=0, after one iteration we have x0'=1, x1'=-1\n- Then (x0')² + (x1')² = 1² + (-1)² = 2 > 1\n\nIn fact, for almost all points inside the unit circle, the update rule will eventually push the point outside the circle. A thorough analysis shows that the energy function x0*x0 + x1*x1 increases monotonically beyond a certain point.\n\nTherefore, the loop will terminate for any initial values of x0 and x1. Since we can establish termination using a single ranking function (1.0 - (x0*x0 + x1*x1)), this is a terminating program with a single ranking function.\n\n[TERM] Single"", ""To determine if this loop program terminates, I'll analyze the given loop with the condition (x0*x0 + x1*x1 ≤ 1.0) and the update rules:\n- x0 := x0 - x1*x1 + 1.0\n- x1 := x1 + x0*x0 - 1.0\n\nLet me examine what happens to x0*x0 + x1*x1 after each iteration.\n\nLet's denote:\n- r = x0*x0 + x1*x1 (which is initially ≤ 1.0)\n- x0' = x0 - x1*x1 + 1.0 (new value of x0)\n- x1' = x1 + x0*x0 - 1.0 (new value of x1)\n\nThen r' = (x0')² + (x1')² = (x0 - x1*x1 + 1.0)² + (x1 + x0*x0 - 1.0)²\n\nAfter simplifying this expression, r' includes terms with higher powers of x0 and x1. The important observation is that when we start with values where r ≤ 1.0, the transformed values will cause r' to eventually exceed 1.0.\n\nThis is because the transformation adds constant terms (+1.0 for x0 and -1.0 for x1) that ensure the values move away from the origin over time. While I cannot analytically prove exactly how many iterations it will take, for any initial values within the circle x0²+x1²≤1, the program will eventually terminate as the values leave this circular region.\n\nThis program can be proven terminating using a single ranking function based on how close the values are to leaving the circle.\n\n[TERM] Single"", ""I will analyze the given loop program to determine its termination behavior.\n\nFirst, let's understand the loop:\n- The loop condition is: x0*x0 + x1*x1 <= 1.0\n- In each iteration, we update:\n  * x0 := x0 - x1*x1 + 1.0\n  * x1 := x1 + x0*x0 - 1.0\n\nTo analyze termination, I need to check if the values of x0 and x1 will eventually cause the loop condition to become false.\n\nLet's observe what happens in each iteration. If we substitute the assignments:\n- After one iteration, the sum x0*x0 + x1*x1 grows because:\n  * The new value of x0 includes adding 1.0\n  * The new value of x1 includes adding x0*x0\n  * These positive additions will eventually make x0*x0 + x1*x1 exceed 1.0\n\nSince x0 includes a constant term +1.0 in each iteration, and x1 includes x0*x0, which will grow as x0 grows, the sum will eventually exceed 1.0, causing the loop to terminate.\n\nThis can be proven with a single ranking function based on the distance from the sum x0*x0 + x1*x1 to the bound 1.0.\n\n[TERM] Single""]"
1_36.bpl,LLM_Phase_Exp/4-nested-terminate/1_36.bpl,TERM,Single,TERM,13.86,True,"[('TERM', 'Single'), ('TERM', 'Single'), ('TERM', 'Single')]","[""I'll analyze this loop program to determine whether it terminates or not.\n\nThis program has a single loop that:\n1. Continues looping as long as x ≥ 1\n2. In each iteration, it divides x by 2\n\nThis is a terminating loop. Each iteration divides x by 2, which means x decreases by at least half each time. Since x is an integer, repeated division by 2 will eventually make x become 0, which fails the loop condition x ≥ 1.\n\nThe termination can be proved using a simple ranking function f(x) = x, which decreases at each iteration and is bounded below by 0.\n\n[TERM] Single"", ""I'll analyze this loop program to determine if it terminates.\n\nLooking at the loop:\n- The loop condition is `x >= 1`\n- The loop body decreases x by dividing it by 2: `x := x / 2`\n\nSince this is integer division, each iteration cuts the value of x in half, rounding down. For any positive integer x, repeatedly dividing by 2 will eventually produce a value less than 1, causing the loop to terminate.\n\nFor example:\n- Start with x = 10\n- First iteration: x = 5\n- Second iteration: x = 2\n- Third iteration: x = 1\n- Fourth iteration: x = 0 (x is now less than 1, loop terminates)\n\nThis can be proven with a simple ranking function f(x) = x, which decreases with each iteration and is bounded below by 0.\n\n[TERM] Single"", 'Looking at the loop program in Boogie:\n\n```\nprocedure main() returns (x: int)\n{\n  while (x >= 1) {\n    x := x / 2;\n  }\n}\n```\n\nThe loop terminates when `x < 1`. In each iteration, `x` is divided by 2, which means its value decreases by a constant factor. Starting with any positive integer `x`, after a finite number of divisions by 2, `x` will eventually become less than 1 (specifically, it will become 0 due to integer division).\n\nFor example:\n- If x = 10, the sequence is 10 → 5 → 2 → 1 → 0 (exit)\n- If x = 100, the sequence will also reach 0 in a finite number of steps\n\nThis loop can be proven terminating with a simple ranking function f(x) = x, which decreases in each iteration and is bounded below by 0.\n\n[TERM] Single']"
2_72.bpl,LLM_Phase_Exp/4-nested-terminate/2_72.bpl,TERM,Nested,TERM,17.76,True,"[('TERM', 'Nested'), ('TERM', 'Nested'), ('TERM', 'Nested')]","[""I'll analyze the loop program to determine if it terminates or not.\n\nThe program has a loop with the condition `x + c >= 0`. In each iteration, it performs:\n1. `x := x - c`\n2. `c := c + 1`\n\nLet's track what happens over iterations. Starting with arbitrary values `x₀` and `c₀`:\n\nAfter 1 iteration: \n- x₁ = x₀ - c₀\n- c₁ = c₀ + 1\n\nAfter 2 iterations:\n- x₂ = x₁ - c₁ = x₀ - c₀ - (c₀ + 1) = x₀ - 2c₀ - 1\n- c₂ = c₁ + 1 = c₀ + 2\n\nAfter k iterations:\n- xₖ = x₀ - k·c₀ - (k·(k-1))/2\n- cₖ = c₀ + k\n\nThe loop terminates when x + c < 0. Looking at xₖ + cₖ:\nxₖ + cₖ = x₀ - k·c₀ - (k·(k-1))/2 + (c₀ + k)\n        = x₀ + c₀ - k·c₀ + k - (k·(k-1))/2\n        = x₀ + c₀ - k·c₀ + k - (k²-k)/2\n        = x₀ + c₀ - k·c₀ + k/2 - k²/2\n\nThe quadratic term -k²/2 will eventually make this expression negative as k increases, regardless of the initial values x₀ and c₀. Therefore, the loop will always terminate.\n\nThis termination can be proven using a nested ranking function.\n\n[TERM] Nested"", ""I'll analyze this loop program for termination.\n\nLooking at the loop:\n- Condition: `x + c >= 0`\n- Updates: \n  - `x := x - c` (decreasing x by c)\n  - `c := c + 1` (incrementing c by 1)\n\nLet's analyze:\n- In each iteration, c increases by 1, which means it will eventually become positive and continue growing\n- As c grows, x decreases by larger amounts in each iteration (x = x - c)\n- Eventually, x will decrease faster than the loop condition (x + c >= 0) can be maintained\n\nFor any initial values of x and c, the expression x + c will eventually become negative:\n- If c starts positive, it keeps growing and x keeps decreasing by increasing amounts\n- If c starts negative, it will eventually become positive and then the previous case applies\n\nThis means the loop will always terminate. The question is which ranking function proves it.\n\nThis requires a nested ranking function. A single ranking function isn't sufficient because the decrease isn't uniform until c becomes positive. The termination argument has two phases.\n\n[TERM] Nested"", ""I'll analyze the termination of the given Boogie program:\n\n```\nprocedure Mysore() returns (x: int)\n{\n  var c: int;\n  while (x + c >= 0) {\n    x := x - c;\n    c := c + 1;\n  }\n}\n```\n\nThe loop updates variables as follows:\n- `x` becomes `x - c`\n- `c` becomes `c + 1`\n\nAt first glance, since `c` is increasing by 1 in every iteration, if `c` becomes positive and continues to increase, then `x` will decrease by increasing amounts. This suggests termination.\n\nLet's verify this by examining the loop behavior:\n1. If `c` starts positive, then `x` decreases by increasingly larger amounts in each iteration.\n2. If `c` starts negative, it will eventually become positive after enough iterations.\n\nOnce `c` is positive and large enough, the expression `x + c` will eventually become negative because `x` is decreasing by increasingly larger amounts.\n\nThis loop can be proven terminating using a lexicographic ranking function where we first consider `c` (if it's negative) and then consider `x + c`.\n\n[TERM] Nested""]"
1_166.bpl,LLM_Phase_Exp/4-nested-terminate/1_166.bpl,TERM,Single,TERM,23.12,False,"[('TERM', 'Single'), ('TERM', 'Other'), ('TERM', 'Single')]","[""I'll analyze this loop program step by step to determine its termination property.\n\nFirst, let's understand the loop condition:\n- `(x0<0.0 || x0>0.0)` means x0 ≠ 0\n- `x1>=0.0`\n- `x0>=0.0`\n- `x2>=x0`\n- `x2>=x1`\n- `x2==10.0`\n\nThese conditions together mean the loop runs when:\n- x0 > 0 (because x0 ≠ 0 and x0 ≥ 0)\n- x1 ≥ 0\n- x2 = 10.0\n- x2 ≥ x0 and x2 ≥ x1\n\nInside the loop:\n- If x1 > 0: x1 decreases by 1, others stay the same\n- If x1 = 0: x0 decreases by 1, and x1 becomes equal to x2 (which is 10.0)\n\nAnalysis:\nWhen x1 > 0, x1 decreases until it reaches 0.\nWhen x1 = 0, x0 decreases by 1, and x1 becomes 10.0.\n\nThis creates a pattern where x1 repeatedly counts down from 10.0 to 0, and each time x1 reaches 0, x0 decreases by 1.\n\nSince x0 is initially > 0 (from the loop condition) and decreases by 1 occasionally, it will eventually reach 0, at which point the loop terminates because the condition requires x0 ≠ 0.\n\nA ranking function would be lexicographic on (x0, x1), which means this program terminates.\n\n[TERM] Single"", 'I\'ll analyze this loop program for termination.\n\nLet\'s check the loop condition: `(x0<0.0 || x0>0.0) && x1>=0.0 && x0>=0.0 && x2>=x0 && x2>=x1 && x2==10.0`\n\nFirst, simplifying `(x0<0.0 || x0>0.0) && x0>=0.0` gives us just `x0>0.0` since the condition `x0>=0.0` rules out the `x0<0.0` case.\n\nSo the loop condition becomes: `x0>0.0 && x1>=0.0 && x2>=x0 && x2>=x1 && x2==10.0`\n\nNow let\'s analyze the loop body:\n- If x1>0.0, then x1 decreases by 1 while x0 and x2 remain unchanged.\n- If x1=0.0, then x0 decreases by 1 and x1 gets set to x2 (which is 10.0).\n\nLooking at this pattern:\n1. When x1>0, x1 decreases until it reaches 0\n2. When x1=0, x0 decreases by 1 and x1 resets to 10\n3. This continues until x0 becomes 0, which will make the loop condition false\n\nThis loop will terminate because x0 will eventually reach 0. The ranking function can be expressed as a lexicographic ordering of (x0, x1), which means it\'s a lexicographic ranking function.\n\nSince we need to use a lexicographic ordering, this falls into the ""Other"" category according to the classification system.\n\n[TERM] Other', ""To analyze this program, let's start by understanding the loop condition and the loop body:\n\nLoop condition:\n- `(x0<0.0 || x0>0.0)`: x0 is not equal to 0\n- `x1>=0.0`: x1 is non-negative\n- `x0 >=0.0`: x0 is non-negative\n- `x2>=x0 && x2>=x1`: x2 is greater than or equal to both x0 and x1\n- `x2 ==10.0`: x2 is exactly 10.0\n\nCombining the first and third conditions, we get `x0 > 0.0`, meaning x0 is positive.\n\nLoop body:\n- If x1 > 0.0: Decrease x1 by 1, keep x0 and x2 unchanged\n- Otherwise (when x1 = 0.0): Decrease x0 by 1, set x1 = x2 (which is 10.0), keep x2 unchanged\n\nAnalyzing the program execution:\n- x2 remains constant at 10.0 throughout the program\n- If x1 > 0.0, it decreases by 1 until it reaches 0\n- When x1 = 0.0, x0 decreases by 1 and x1 is reset to 10.0\n- This forms a pattern: for each decrease of x0 by 1, x1 cycles from 10.0 down to 0.0\n- Since x0 is positive and decreases monotonically, it will eventually reach 0, at which point the loop terminates\n\nThis is a classic nested loop structure where x0 acts as the outer loop counter and x1, which resets periodically, acts as the inner loop counter. The program terminates with a lexicographical ranking function (x0, x1).\n\n[TERM] Single""]"
1_52.bpl,LLM_Phase_Exp/4-nested-terminate/1_52.bpl,TERM,Single,TERM,12.51,True,"[('TERM', 'Single'), ('TERM', 'Single'), ('TERM', 'Single')]","[""I'll analyze this loop program to determine if it is terminating or not.\n\nGiven:\n```\nprocedure Kinshasa() returns (x: int, y: int)\n{\n  assume true;\n  while (x > 0) {\n    y := 1;\n    x := x - y;\n  }\n}\n```\n\nAnalysis:\n1. The loop condition is `x > 0`\n2. In each iteration, `y` is set to 1\n3. Then `x` is decreased by `y`, which means `x` is decreased by 1 in each iteration\n\nThis program is clearly terminating because:\n- `x` decreases by exactly 1 in each iteration\n- The loop continues only while `x > 0`\n- So, starting from any initial value of `x`, the loop will terminate after at most `x` iterations\n\nThe ranking function is simply `x`, which decreases by 1 in each iteration and is bounded below by 0. This is a single ranking function.\n\n[TERM] Single"", ""I'll analyze the termination of this loop program.\n\nFirst, let's examine what happens in each iteration:\n- The loop condition is x > 0\n- Inside the loop: y is set to 1, and then x is decremented by y (which is 1)\n\nSince x decreases by exactly 1 in each iteration, and the loop continues as long as x > 0, we can determine that:\n- If x is initially positive, the loop will execute exactly x iterations\n- The loop will terminate when x becomes 0 or negative\n\nThis is a simple case where we have a straightforward ranking function: f(x) = x.\nThis function:\n- Is always positive when the loop continues (since x > 0 is the loop condition)\n- Decreases by exactly 1 in each iteration\n- Will eventually reach 0, causing the loop to terminate\n\n[TERM] Single"", ""I'll analyze this program to determine if it terminates.\n\nThe loop condition is `x > 0` and in each iteration:\n- `y` is set to 1\n- `x` is decremented by `y` (which is always 1)\n\nThis means that in each iteration, `x` decreases by exactly 1. Since `x` starts off as some value and decreases by 1 each time, and the loop continues only while `x > 0`, the loop will eventually terminate when `x` reaches 0 or less.\n\nThis can be proven using a simple ranking function: f(x) = x\n- This is a valid ranking function because:\n  - It is bounded below (by 0)\n  - It strictly decreases by 1 in each iteration\n  - When it reaches 0 or below, the loop terminates\n\n[TERM] Single""]"
2_156.bpl,LLM_Phase_Exp/4-nested-terminate/2_156.bpl,NONTERM,MONO,NONTERM,19.21,False,"[('NONTERM', 'MONO'), ('TERM', 'Nested'), ('TERM', 'Multi')]","[""I need to analyze the loop program for termination.\n\nThe loop condition is `x0 >= 0`, and in each iteration:\n- x0 is updated to x0 + x1\n- x1 is updated to x1 - 1.0\n\nTo determine termination, I need to understand how x0 changes over time:\n\nLet's analyze what happens to x0 after several iterations:\n- Initially: x0_0, x1_0\n- After 1 iteration: x0_1 = x0_0 + x1_0, x1_1 = x1_0 - 1\n- After 2 iterations: x0_2 = x0_1 + x1_1 = (x0_0 + x1_0) + (x1_0 - 1) = x0_0 + 2*x1_0 - 1\n- After 3 iterations: x0_3 = x0_2 + x1_2 = (x0_0 + 2*x1_0 - 1) + (x1_0 - 2) = x0_0 + 3*x1_0 - 3\n- After n iterations: x0_n = x0_0 + n*x1_0 - n*(n-1)/2\n\nFor termination, x0 needs to eventually become negative. Looking at the formula for x0_n:\n- If x1_0 < 0 and |x1_0| is sufficiently large, then x0 will eventually become negative (loop terminates)\n- If x1_0 ≥ 0, then x0 can only increase or decrease too slowly, never becoming negative\n\nThis is a non-terminating loop when x1_0 ≥ 0 or when x1_0 is negative but the decrease is not sufficient to overcome the initial x0_0 value.\n\n[NONTERM] MONO"", ""I'll analyze the loop program to determine whether it terminates or not.\n\nThe loop condition is `x0 >= 0` and the loop body is:\n`x0, x1 := x0 + x1, x1 - 1.0`\n\nLet me track what happens in each iteration:\n- x0 becomes x0 + x1\n- x1 decreases by 1.0 in each iteration\n\nThe behavior of x0 depends on the value of x1. There are three cases:\n1. If x1 < 0, then x0 decreases in each iteration\n2. If x1 = 0, then x0 remains constant\n3. If x1 > 0, then x0 increases in each iteration\n\nFor case 1, x0 will eventually become negative and the loop terminates.\nFor case 2, x0 remains constant while x1 keeps decreasing, making x1 negative, which then leads to case 1.\nFor case 3, x0 continues to increase for some iterations, but x1 steadily decreases and eventually becomes negative (case 1).\n\nThe key insight is that x1 monotonically decreases and will eventually become negative, at which point x0 will start decreasing until it becomes negative. This guarantees termination.\n\nA ranking function could be defined as: if x1 ≤ 0 then x0 else x0 + k*x1² (for some constant k).\n\n[TERM] Nested"", 'I need to analyze the termination of the given loop program.\n\nThe loop condition is `x0 >= 0`, and in each iteration:\n- x0 becomes x0 + x1\n- x1 becomes x1 - 1.0\n\nLet me analyze the behavior of these variables with each iteration:\n- x1 decreases by 1 in each iteration, so it will eventually become negative and continue decreasing\n- x0 changes by the current value of x1 in each iteration\n\nWhen x1 becomes negative enough, x0 will start decreasing consistently with each iteration. Since x1 keeps decreasing linearly, the negative contribution to x0 will eventually overcome any initial positive value of x0, causing x0 to become negative and the loop to terminate.\n\nThis is a classic example where a multi-phase ranking function is needed:\n- Initially, x1 may be positive, causing x0 to increase\n- Once x1 becomes negative, x0 will start decreasing until it terminates\n\n[TERM] Multi']"
1_1.bpl,LLM_Phase_Exp/4-nested-terminate/1_1.bpl,TERM,Single,TERM,25.1,True,"[('TERM', 'Single'), ('TERM', 'Single'), ('TERM', 'Single')]","['I need to analyze whether this loop program terminates and determine the type of ranking function if it terminates.\n\nThe loop condition is: `-x1 + x2 <= 0 && -x1 - x2 <= -1`\n\nThis simplifies to:\n- `x2 <= x1` (from the first condition)\n- `-x1 - x2 <= -1` or equivalently `x1 + x2 >= 1` (from the second condition)\n\nThe loop body updates only x2: `x2 := x2 - 2*x1 + 1`\n\nLet\'s analyze the behavior of this loop:\n\n1. For the loop to start, we need both conditions to hold, which means x2 ≤ x1 and x1 + x2 ≥ 1.\n\n2. After each iteration, x2 decreases by 2*x1 - 1.\n\n3. If x1 > 0, then x2 will keep decreasing, and eventually the condition x1 + x2 ≥ 1 will be violated.\n\n4. If x1 = 0, then x2 increases by 1 each iteration. But since x2 ≤ x1 = 0, we must have x2 ≤ 0. So x2 can be at most 0, and after one iteration it becomes 1, violating x2 ≤ x1 = 0.\n\n5. If x1 < 0, then x2 increases by at least 1 each iteration (since -2*x1 + 1 > 1). This will eventually violate the condition x2 ≤ x1.\n\nIn all cases, the loop will eventually terminate.\n\nThe ranking function is simply f(x1, x2) = x1 - x2 when x1 ≥ 0 (measuring the ""gap"" that needs to be closed).\nFor x1 < 0, we could use f(x1, x2) = x1 - x2 + 1 (which measures how close we are to violating x2 ≤ x1).\n\nSince we can express the termination argument with a single ranking function, the program is terminating.\n\n[TERM] Single', ""I'll analyze this program to determine whether it is terminating or not.\n\nLet's examine the loop condition: `-x1 + x2 <= 0 && -x1 - x2 <= -1`.\nWe can rewrite this as `x2 <= x1` and `-x1 - x2 ≤ -1`, which simplifies to `x2 <= x1` and `x1 + x2 ≥ 1`.\n\nThe loop body updates `x2 := x2 - 2*x1 + 1`.\n\nLet's analyze if this program terminates:\n\nIf we denote the values after an iteration as x1' and x2', we have:\n- x1' = x1 (unchanged)\n- x2' = x2 - 2*x1 + 1\n\nSince x1 never changes and x2 <= x1 (from the loop condition), after an iteration:\nx2' = x2 - 2*x1 + 1 <= x1 - 2*x1 + 1 = -x1 + 1\n\nIf x1 > 0, then x2' < 1. After some iterations, x2 will decrease enough that the condition x1 + x2 ≥ 1 will be violated, causing termination.\n\nIf x1 <= 0, then we have two cases:\n1. If x1 = 0, then x2' = x2 + 1, which means x2 keeps increasing, eventually violating x2 <= x1.\n2. If x1 < 0, since x2 <= x1 (which means x2 is also negative), after the update x2' = x2 - 2*x1 + 1, x2 will increase because -2*x1 is positive. Eventually, x2 will become greater than x1, violating the loop condition.\n\nTherefore, this program is terminating. The termination can be proven using a single ranking function based on the difference between x1 and x2.\n\n[TERM] Single"", ""I'll analyze the given Boogie program to determine if it terminates.\n\nThe loop condition is:\n`(-x1 + x2 <= 0 && -x1 - x2 <= -1)`\n\nLet's simplify:\n- First part: `-x1 + x2 <= 0` which means `x2 <= x1`\n- Second part: `-x1 - x2 <= -1` which means `x1 + x2 >= 1`\n\nThe loop body contains only one statement:\n`x2 := x2 - 2*x1 + 1`\n\nLet me analyze if this program terminates:\n\nConsidering the loop condition, we need x2 ≤ x1 and x1 + x2 ≥ 1 to execute the loop.\n\nFor each iteration:\n- x1 remains unchanged\n- x2 decreases by 2*x1 and increases by 1\n\nIf x1 ≤ 0, then x2 will increase each iteration, potentially violating x2 ≤ x1.\nIf x1 = 0, then x2 increases by 1 each iteration, eventually violating x2 ≤ x1.\nIf x1 ≥ 1, then x2 decreases by at least x1 with each iteration, eventually violating x1 + x2 ≥ 1.\n\nTherefore, the program must terminate because regardless of initial values, the loop condition will eventually be falsified.\n\nA single ranking function f(x1, x2) = x2 + C works when x1 ≥ 1 (for a suitable constant C). Since this is a single linear ranking function that proves termination, I'll classify this as:\n\n[TERM] Single""]"
