file,result,has_error,error_detail,exit_code,result_source,time_taken,full_log,ultimate_log,processed_time,path,Datasets,spec,architecture,timeout,enbale_fulloutput,ultimate_root,command
3pieces_Caterina_TACAS16.c,YES,0,,0,stdout_stderr,4.38,Results/ultimate/ultiouts/c_bench_term/3pieces_Caterina_TACAS16.c-ultimate-svtermprp.log,,2026-01-22 16:56:21,/home/clexma/Desktop/fox3/TermDB/EvolveTerm/data/aeval/c_bench_term/3pieces_Caterina_TACAS16.c,aeval171term,/home/clexma/Desktop/fox3/TermDB/svcomp_examples/sv-benchmarks/c/properties/termination.prp,32bit,300,1,/home/clexma/Desktop/fox3/TermDB/UAutomizer-linux,/usr/bin/python3 /home/clexma/Desktop/fox3/TermDB/UAutomizer-linux/Ultimate.py --config /home/clexma/Desktop/fox3/TermDB/UAutomizer-linux/config --data /home/clexma/Desktop/fox3/TermDB/UAutomizer-linux/data --full-output --architecture 32bit --spec /home/clexma/Desktop/fox3/TermDB/svcomp_examples/sv-benchmarks/c/properties/termination.prp --file ../EvolveTerm/data/aeval/c_bench_term/3pieces_Caterina_TACAS16.c
3pieces_Caterina_TACAS16_modif_1.c,YES,0,,0,stdout_stderr,15.30,Results/ultimate/ultiouts/c_bench_term/3pieces_Caterina_TACAS16_modif_1.c-ultimate-svtermprp.log,,2026-01-22 16:56:37,/home/clexma/Desktop/fox3/TermDB/EvolveTerm/data/aeval/c_bench_term/3pieces_Caterina_TACAS16_modif_1.c,aeval171term,/home/clexma/Desktop/fox3/TermDB/svcomp_examples/sv-benchmarks/c/properties/termination.prp,32bit,300,1,/home/clexma/Desktop/fox3/TermDB/UAutomizer-linux,/usr/bin/python3 /home/clexma/Desktop/fox3/TermDB/UAutomizer-linux/Ultimate.py --config /home/clexma/Desktop/fox3/TermDB/UAutomizer-linux/config --data /home/clexma/Desktop/fox3/TermDB/UAutomizer-linux/data --full-output --architecture 32bit --spec /home/clexma/Desktop/fox3/TermDB/svcomp_examples/sv-benchmarks/c/properties/termination.prp --file ../EvolveTerm/data/aeval/c_bench_term/3pieces_Caterina_TACAS16_modif_1.c
3pieces_Caterina_TACAS16_modif_2.c,YES,0,,0,stdout_stderr,102.36,Results/ultimate/ultiouts/c_bench_term/3pieces_Caterina_TACAS16_modif_2.c-ultimate-svtermprp.log,,2026-01-22 16:58:19,/home/clexma/Desktop/fox3/TermDB/EvolveTerm/data/aeval/c_bench_term/3pieces_Caterina_TACAS16_modif_2.c,aeval171term,/home/clexma/Desktop/fox3/TermDB/svcomp_examples/sv-benchmarks/c/properties/termination.prp,32bit,300,1,/home/clexma/Desktop/fox3/TermDB/UAutomizer-linux,/usr/bin/python3 /home/clexma/Desktop/fox3/TermDB/UAutomizer-linux/Ultimate.py --config /home/clexma/Desktop/fox3/TermDB/UAutomizer-linux/config --data /home/clexma/Desktop/fox3/TermDB/UAutomizer-linux/data --full-output --architecture 32bit --spec /home/clexma/Desktop/fox3/TermDB/svcomp_examples/sv-benchmarks/c/properties/termination.prp --file ../EvolveTerm/data/aeval/c_bench_term/3pieces_Caterina_TACAS16_modif_2.c
3pieces_Caterina_TACAS16_modif_3.c,TIMEOUT,1,Analysis timed out after 300 seconds,,timeout,300.10,,,2026-01-22 17:03:19,/home/clexma/Desktop/fox3/TermDB/EvolveTerm/data/aeval/c_bench_term/3pieces_Caterina_TACAS16_modif_3.c,aeval171term,/home/clexma/Desktop/fox3/TermDB/svcomp_examples/sv-benchmarks/c/properties/termination.prp,32bit,300,1,/home/clexma/Desktop/fox3/TermDB/UAutomizer-linux,/usr/bin/python3 /home/clexma/Desktop/fox3/TermDB/UAutomizer-linux/Ultimate.py --config /home/clexma/Desktop/fox3/TermDB/UAutomizer-linux/config --data /home/clexma/Desktop/fox3/TermDB/UAutomizer-linux/data --full-output --architecture 32bit --spec /home/clexma/Desktop/fox3/TermDB/svcomp_examples/sv-benchmarks/c/properties/termination.prp --file ../EvolveTerm/data/aeval/c_bench_term/3pieces_Caterina_TACAS16_modif_3.c
4NestedWith2Variables_false-no-overflow.c,YES,0,,0,stdout_stderr,3.85,Results/ultimate/ultiouts/c_bench_term/4NestedWith2Variables_false-no-overflow.c-ultimate-svtermprp.log,,2026-01-22 17:03:23,/home/clexma/Desktop/fox3/TermDB/EvolveTerm/data/aeval/c_bench_term/4NestedWith2Variables_false-no-overflow.c,aeval171term,/home/clexma/Desktop/fox3/TermDB/svcomp_examples/sv-benchmarks/c/properties/termination.prp,32bit,300,1,/home/clexma/Desktop/fox3/TermDB/UAutomizer-linux,/usr/bin/python3 /home/clexma/Desktop/fox3/TermDB/UAutomizer-linux/Ultimate.py --config /home/clexma/Desktop/fox3/TermDB/UAutomizer-linux/config --data /home/clexma/Desktop/fox3/TermDB/UAutomizer-linux/data --full-output --architecture 32bit --spec /home/clexma/Desktop/fox3/TermDB/svcomp_examples/sv-benchmarks/c/properties/termination.prp --file ../EvolveTerm/data/aeval/c_bench_term/4NestedWith2Variables_false-no-overflow.c
4NestedWith3Variables_false-no-overflow.c,YES,0,,0,stdout_stderr,5.05,Results/ultimate/ultiouts/c_bench_term/4NestedWith3Variables_false-no-overflow.c-ultimate-svtermprp.log,,2026-01-22 17:03:28,/home/clexma/Desktop/fox3/TermDB/EvolveTerm/data/aeval/c_bench_term/4NestedWith3Variables_false-no-overflow.c,aeval171term,/home/clexma/Desktop/fox3/TermDB/svcomp_examples/sv-benchmarks/c/properties/termination.prp,32bit,300,1,/home/clexma/Desktop/fox3/TermDB/UAutomizer-linux,/usr/bin/python3 /home/clexma/Desktop/fox3/TermDB/UAutomizer-linux/Ultimate.py --config /home/clexma/Desktop/fox3/TermDB/UAutomizer-linux/config --data /home/clexma/Desktop/fox3/TermDB/UAutomizer-linux/data --full-output --architecture 32bit --spec /home/clexma/Desktop/fox3/TermDB/svcomp_examples/sv-benchmarks/c/properties/termination.prp --file ../EvolveTerm/data/aeval/c_bench_term/4NestedWith3Variables_false-no-overflow.c
AliasDarteFeautrierGonnord-SAS2010-counterex1a_false-no-overflow.c,YES,0,,0,stdout_stderr,5.63,Results/ultimate/ultiouts/c_bench_term/AliasDarteFeautrierGonnord-SAS2010-counterex1a_false-no-overflow.c-ultimate-svtermprp.log,,2026-01-22 17:03:34,/home/clexma/Desktop/fox3/TermDB/EvolveTerm/data/aeval/c_bench_term/AliasDarteFeautrierGonnord-SAS2010-counterex1a_false-no-overflow.c,aeval171term,/home/clexma/Desktop/fox3/TermDB/svcomp_examples/sv-benchmarks/c/properties/termination.prp,32bit,300,1,/home/clexma/Desktop/fox3/TermDB/UAutomizer-linux,/usr/bin/python3 /home/clexma/Desktop/fox3/TermDB/UAutomizer-linux/Ultimate.py --config /home/clexma/Desktop/fox3/TermDB/UAutomizer-linux/config --data /home/clexma/Desktop/fox3/TermDB/UAutomizer-linux/data --full-output --architecture 32bit --spec /home/clexma/Desktop/fox3/TermDB/svcomp_examples/sv-benchmarks/c/properties/termination.prp --file ../EvolveTerm/data/aeval/c_bench_term/AliasDarteFeautrierGonnord-SAS2010-counterex1a_false-no-overflow.c
AliasDarteFeautrierGonnord-SAS2010-cousot9_true-termination_true-no-overflow.c,YES,0,,0,stdout_stderr,4.54,Results/ultimate/ultiouts/c_bench_term/AliasDarteFeautrierGonnord-SAS2010-cousot9_true-termination_true-no-overflow.c-ultimate-svtermprp.log,,2026-01-22 17:03:38,/home/clexma/Desktop/fox3/TermDB/EvolveTerm/data/aeval/c_bench_term/AliasDarteFeautrierGonnord-SAS2010-cousot9_true-termination_true-no-overflow.c,aeval171term,/home/clexma/Desktop/fox3/TermDB/svcomp_examples/sv-benchmarks/c/properties/termination.prp,32bit,300,1,/home/clexma/Desktop/fox3/TermDB/UAutomizer-linux,/usr/bin/python3 /home/clexma/Desktop/fox3/TermDB/UAutomizer-linux/Ultimate.py --config /home/clexma/Desktop/fox3/TermDB/UAutomizer-linux/config --data /home/clexma/Desktop/fox3/TermDB/UAutomizer-linux/data --full-output --architecture 32bit --spec /home/clexma/Desktop/fox3/TermDB/svcomp_examples/sv-benchmarks/c/properties/termination.prp --file ../EvolveTerm/data/aeval/c_bench_term/AliasDarteFeautrierGonnord-SAS2010-cousot9_true-termination_true-no-overflow.c
AliasDarteFeautrierGonnord-SAS2010-rsd_true-termination.c,YES,0,,0,stdout_stderr,4.60,Results/ultimate/ultiouts/c_bench_term/AliasDarteFeautrierGonnord-SAS2010-rsd_true-termination.c-ultimate-svtermprp.log,,2026-01-22 17:03:43,/home/clexma/Desktop/fox3/TermDB/EvolveTerm/data/aeval/c_bench_term/AliasDarteFeautrierGonnord-SAS2010-rsd_true-termination.c,aeval171term,/home/clexma/Desktop/fox3/TermDB/svcomp_examples/sv-benchmarks/c/properties/termination.prp,32bit,300,1,/home/clexma/Desktop/fox3/TermDB/UAutomizer-linux,/usr/bin/python3 /home/clexma/Desktop/fox3/TermDB/UAutomizer-linux/Ultimate.py --config /home/clexma/Desktop/fox3/TermDB/UAutomizer-linux/config --data /home/clexma/Desktop/fox3/TermDB/UAutomizer-linux/data --full-output --architecture 32bit --spec /home/clexma/Desktop/fox3/TermDB/svcomp_examples/sv-benchmarks/c/properties/termination.prp --file ../EvolveTerm/data/aeval/c_bench_term/AliasDarteFeautrierGonnord-SAS2010-rsd_true-termination.c
AliasDarteFeautrierGonnord-SAS2010-speedFails4_true-termination.c,YES,0,,0,stdout_stderr,4.33,Results/ultimate/ultiouts/c_bench_term/AliasDarteFeautrierGonnord-SAS2010-speedFails4_true-termination.c-ultimate-svtermprp.log,,2026-01-22 17:03:47,/home/clexma/Desktop/fox3/TermDB/EvolveTerm/data/aeval/c_bench_term/AliasDarteFeautrierGonnord-SAS2010-speedFails4_true-termination.c,aeval171term,/home/clexma/Desktop/fox3/TermDB/svcomp_examples/sv-benchmarks/c/properties/termination.prp,32bit,300,1,/home/clexma/Desktop/fox3/TermDB/UAutomizer-linux,/usr/bin/python3 /home/clexma/Desktop/fox3/TermDB/UAutomizer-linux/Ultimate.py --config /home/clexma/Desktop/fox3/TermDB/UAutomizer-linux/config --data /home/clexma/Desktop/fox3/TermDB/UAutomizer-linux/data --full-output --architecture 32bit --spec /home/clexma/Desktop/fox3/TermDB/svcomp_examples/sv-benchmarks/c/properties/termination.prp --file ../EvolveTerm/data/aeval/c_bench_term/AliasDarteFeautrierGonnord-SAS2010-speedFails4_true-termination.c
AliasDarteFeautrierGonnord-SAS2010-speedpldi2_true-termination_true-no-overflow.c,YES,0,,0,stdout_stderr,4.39,Results/ultimate/ultiouts/c_bench_term/AliasDarteFeautrierGonnord-SAS2010-speedpldi2_true-termination_true-no-overflow.c-ultimate-svtermprp.log,,2026-01-22 17:03:51,/home/clexma/Desktop/fox3/TermDB/EvolveTerm/data/aeval/c_bench_term/AliasDarteFeautrierGonnord-SAS2010-speedpldi2_true-termination_true-no-overflow.c,aeval171term,/home/clexma/Desktop/fox3/TermDB/svcomp_examples/sv-benchmarks/c/properties/termination.prp,32bit,300,1,/home/clexma/Desktop/fox3/TermDB/UAutomizer-linux,/usr/bin/python3 /home/clexma/Desktop/fox3/TermDB/UAutomizer-linux/Ultimate.py --config /home/clexma/Desktop/fox3/TermDB/UAutomizer-linux/config --data /home/clexma/Desktop/fox3/TermDB/UAutomizer-linux/data --full-output --architecture 32bit --spec /home/clexma/Desktop/fox3/TermDB/svcomp_examples/sv-benchmarks/c/properties/termination.prp --file ../EvolveTerm/data/aeval/c_bench_term/AliasDarteFeautrierGonnord-SAS2010-speedpldi2_true-termination_true-no-overflow.c
AliasDarteFeautrierGonnord-SAS2010-speedpldi3_true-termination_true-no-overflow.c,YES,0,,0,stdout_stderr,4.65,Results/ultimate/ultiouts/c_bench_term/AliasDarteFeautrierGonnord-SAS2010-speedpldi3_true-termination_true-no-overflow.c-ultimate-svtermprp.log,,2026-01-22 17:03:56,/home/clexma/Desktop/fox3/TermDB/EvolveTerm/data/aeval/c_bench_term/AliasDarteFeautrierGonnord-SAS2010-speedpldi3_true-termination_true-no-overflow.c,aeval171term,/home/clexma/Desktop/fox3/TermDB/svcomp_examples/sv-benchmarks/c/properties/termination.prp,32bit,300,1,/home/clexma/Desktop/fox3/TermDB/UAutomizer-linux,/usr/bin/python3 /home/clexma/Desktop/fox3/TermDB/UAutomizer-linux/Ultimate.py --config /home/clexma/Desktop/fox3/TermDB/UAutomizer-linux/config --data /home/clexma/Desktop/fox3/TermDB/UAutomizer-linux/data --full-output --architecture 32bit --spec /home/clexma/Desktop/fox3/TermDB/svcomp_examples/sv-benchmarks/c/properties/termination.prp --file ../EvolveTerm/data/aeval/c_bench_term/AliasDarteFeautrierGonnord-SAS2010-speedpldi3_true-termination_true-no-overflow.c
AliasDarteFeautrierGonnord-SAS2010-wise_true-termination_true-no-overflow.c,YES,0,,0,stdout_stderr,4.34,Results/ultimate/ultiouts/c_bench_term/AliasDarteFeautrierGonnord-SAS2010-wise_true-termination_true-no-overflow.c-ultimate-svtermprp.log,,2026-01-22 17:04:00,/home/clexma/Desktop/fox3/TermDB/EvolveTerm/data/aeval/c_bench_term/AliasDarteFeautrierGonnord-SAS2010-wise_true-termination_true-no-overflow.c,aeval171term,/home/clexma/Desktop/fox3/TermDB/svcomp_examples/sv-benchmarks/c/properties/termination.prp,32bit,300,1,/home/clexma/Desktop/fox3/TermDB/UAutomizer-linux,/usr/bin/python3 /home/clexma/Desktop/fox3/TermDB/UAutomizer-linux/Ultimate.py --config /home/clexma/Desktop/fox3/TermDB/UAutomizer-linux/config --data /home/clexma/Desktop/fox3/TermDB/UAutomizer-linux/data --full-output --architecture 32bit --spec /home/clexma/Desktop/fox3/TermDB/svcomp_examples/sv-benchmarks/c/properties/termination.prp --file ../EvolveTerm/data/aeval/c_bench_term/AliasDarteFeautrierGonnord-SAS2010-wise_true-termination_true-no-overflow.c
Ben-Amram-2010LMCS-Ex2.3-alloca_true-termination-modified1.c,YES,0,,0,stdout_stderr,4.42,Results/ultimate/ultiouts/c_bench_term/Ben-Amram-2010LMCS-Ex2.3-alloca_true-termination-modified1.c-ultimate-svtermprp.log,,2026-01-22 17:04:05,/home/clexma/Desktop/fox3/TermDB/EvolveTerm/data/aeval/c_bench_term/Ben-Amram-2010LMCS-Ex2.3-alloca_true-termination-modified1.c,aeval171term,/home/clexma/Desktop/fox3/TermDB/svcomp_examples/sv-benchmarks/c/properties/termination.prp,32bit,300,1,/home/clexma/Desktop/fox3/TermDB/UAutomizer-linux,/usr/bin/python3 /home/clexma/Desktop/fox3/TermDB/UAutomizer-linux/Ultimate.py --config /home/clexma/Desktop/fox3/TermDB/UAutomizer-linux/config --data /home/clexma/Desktop/fox3/TermDB/UAutomizer-linux/data --full-output --architecture 32bit --spec /home/clexma/Desktop/fox3/TermDB/svcomp_examples/sv-benchmarks/c/properties/termination.prp --file ../EvolveTerm/data/aeval/c_bench_term/Ben-Amram-2010LMCS-Ex2.3-alloca_true-termination-modified1.c
Ben-Amram-2010LMCS-Ex2.3-alloca_true-termination-modified2.c,YES,0,,0,stdout_stderr,4.50,Results/ultimate/ultiouts/c_bench_term/Ben-Amram-2010LMCS-Ex2.3-alloca_true-termination-modified2.c-ultimate-svtermprp.log,,2026-01-22 17:04:09,/home/clexma/Desktop/fox3/TermDB/EvolveTerm/data/aeval/c_bench_term/Ben-Amram-2010LMCS-Ex2.3-alloca_true-termination-modified2.c,aeval171term,/home/clexma/Desktop/fox3/TermDB/svcomp_examples/sv-benchmarks/c/properties/termination.prp,32bit,300,1,/home/clexma/Desktop/fox3/TermDB/UAutomizer-linux,/usr/bin/python3 /home/clexma/Desktop/fox3/TermDB/UAutomizer-linux/Ultimate.py --config /home/clexma/Desktop/fox3/TermDB/UAutomizer-linux/config --data /home/clexma/Desktop/fox3/TermDB/UAutomizer-linux/data --full-output --architecture 32bit --spec /home/clexma/Desktop/fox3/TermDB/svcomp_examples/sv-benchmarks/c/properties/termination.prp --file ../EvolveTerm/data/aeval/c_bench_term/Ben-Amram-2010LMCS-Ex2.3-alloca_true-termination-modified2.c
Ben-Amram-2010LMCS-Ex2.3-alloca_true-termination.c,YES,0,,0,stdout_stderr,4.42,Results/ultimate/ultiouts/c_bench_term/Ben-Amram-2010LMCS-Ex2.3-alloca_true-termination.c-ultimate-svtermprp.log,,2026-01-22 17:04:14,/home/clexma/Desktop/fox3/TermDB/EvolveTerm/data/aeval/c_bench_term/Ben-Amram-2010LMCS-Ex2.3-alloca_true-termination.c,aeval171term,/home/clexma/Desktop/fox3/TermDB/svcomp_examples/sv-benchmarks/c/properties/termination.prp,32bit,300,1,/home/clexma/Desktop/fox3/TermDB/UAutomizer-linux,/usr/bin/python3 /home/clexma/Desktop/fox3/TermDB/UAutomizer-linux/Ultimate.py --config /home/clexma/Desktop/fox3/TermDB/UAutomizer-linux/config --data /home/clexma/Desktop/fox3/TermDB/UAutomizer-linux/data --full-output --architecture 32bit --spec /home/clexma/Desktop/fox3/TermDB/svcomp_examples/sv-benchmarks/c/properties/termination.prp --file ../EvolveTerm/data/aeval/c_bench_term/Ben-Amram-2010LMCS-Ex2.3-alloca_true-termination.c
BradleyMannaSipma-ICALP2005-Fig1_true-termination.c,YES,0,,0,stdout_stderr,4.15,Results/ultimate/ultiouts/c_bench_term/BradleyMannaSipma-ICALP2005-Fig1_true-termination.c-ultimate-svtermprp.log,,2026-01-22 17:04:18,/home/clexma/Desktop/fox3/TermDB/EvolveTerm/data/aeval/c_bench_term/BradleyMannaSipma-ICALP2005-Fig1_true-termination.c,aeval171term,/home/clexma/Desktop/fox3/TermDB/svcomp_examples/sv-benchmarks/c/properties/termination.prp,32bit,300,1,/home/clexma/Desktop/fox3/TermDB/UAutomizer-linux,/usr/bin/python3 /home/clexma/Desktop/fox3/TermDB/UAutomizer-linux/Ultimate.py --config /home/clexma/Desktop/fox3/TermDB/UAutomizer-linux/config --data /home/clexma/Desktop/fox3/TermDB/UAutomizer-linux/data --full-output --architecture 32bit --spec /home/clexma/Desktop/fox3/TermDB/svcomp_examples/sv-benchmarks/c/properties/termination.prp --file ../EvolveTerm/data/aeval/c_bench_term/BradleyMannaSipma-ICALP2005-Fig1_true-termination.c
Cairo_true-no-overflow_true-termination_true-valid-memsafety.c,YES,0,,0,stdout_stderr,3.95,Results/ultimate/ultiouts/c_bench_term/Cairo_true-no-overflow_true-termination_true-valid-memsafety.c-ultimate-svtermprp.log,,2026-01-22 17:04:22,/home/clexma/Desktop/fox3/TermDB/EvolveTerm/data/aeval/c_bench_term/Cairo_true-no-overflow_true-termination_true-valid-memsafety.c,aeval171term,/home/clexma/Desktop/fox3/TermDB/svcomp_examples/sv-benchmarks/c/properties/termination.prp,32bit,300,1,/home/clexma/Desktop/fox3/TermDB/UAutomizer-linux,/usr/bin/python3 /home/clexma/Desktop/fox3/TermDB/UAutomizer-linux/Ultimate.py --config /home/clexma/Desktop/fox3/TermDB/UAutomizer-linux/config --data /home/clexma/Desktop/fox3/TermDB/UAutomizer-linux/data --full-output --architecture 32bit --spec /home/clexma/Desktop/fox3/TermDB/svcomp_examples/sv-benchmarks/c/properties/termination.prp --file ../EvolveTerm/data/aeval/c_bench_term/Cairo_true-no-overflow_true-termination_true-valid-memsafety.c
ChawdharyCookGulwaniSagivYang-ESOP2008-aaron12_false-no-overflow.c,MAYBE,0,,0,stdout_stderr,9.39,Results/ultimate/ultiouts/c_bench_term/ChawdharyCookGulwaniSagivYang-ESOP2008-aaron12_false-no-overflow.c-ultimate-svtermprp.log,,2026-01-22 17:04:31,/home/clexma/Desktop/fox3/TermDB/EvolveTerm/data/aeval/c_bench_term/ChawdharyCookGulwaniSagivYang-ESOP2008-aaron12_false-no-overflow.c,aeval171term,/home/clexma/Desktop/fox3/TermDB/svcomp_examples/sv-benchmarks/c/properties/termination.prp,32bit,300,1,/home/clexma/Desktop/fox3/TermDB/UAutomizer-linux,/usr/bin/python3 /home/clexma/Desktop/fox3/TermDB/UAutomizer-linux/Ultimate.py --config /home/clexma/Desktop/fox3/TermDB/UAutomizer-linux/config --data /home/clexma/Desktop/fox3/TermDB/UAutomizer-linux/data --full-output --architecture 32bit --spec /home/clexma/Desktop/fox3/TermDB/svcomp_examples/sv-benchmarks/c/properties/termination.prp --file ../EvolveTerm/data/aeval/c_bench_term/ChawdharyCookGulwaniSagivYang-ESOP2008-aaron12_false-no-overflow.c
ChawdharyCookGulwaniSagivYang-ESOP2008-aaron4_true-termination.c,YES,0,,0,stdout_stderr,4.22,Results/ultimate/ultiouts/c_bench_term/ChawdharyCookGulwaniSagivYang-ESOP2008-aaron4_true-termination.c-ultimate-svtermprp.log,,2026-01-22 17:04:35,/home/clexma/Desktop/fox3/TermDB/EvolveTerm/data/aeval/c_bench_term/ChawdharyCookGulwaniSagivYang-ESOP2008-aaron4_true-termination.c,aeval171term,/home/clexma/Desktop/fox3/TermDB/svcomp_examples/sv-benchmarks/c/properties/termination.prp,32bit,300,1,/home/clexma/Desktop/fox3/TermDB/UAutomizer-linux,/usr/bin/python3 /home/clexma/Desktop/fox3/TermDB/UAutomizer-linux/Ultimate.py --config /home/clexma/Desktop/fox3/TermDB/UAutomizer-linux/config --data /home/clexma/Desktop/fox3/TermDB/UAutomizer-linux/data --full-output --architecture 32bit --spec /home/clexma/Desktop/fox3/TermDB/svcomp_examples/sv-benchmarks/c/properties/termination.prp --file ../EvolveTerm/data/aeval/c_bench_term/ChawdharyCookGulwaniSagivYang-ESOP2008-aaron4_true-termination.c
ChawdharyCookGulwaniSagivYang-ESOP2008-aaron6_true-termination.c,YES,0,,0,stdout_stderr,3.86,Results/ultimate/ultiouts/c_bench_term/ChawdharyCookGulwaniSagivYang-ESOP2008-aaron6_true-termination.c-ultimate-svtermprp.log,,2026-01-22 17:04:39,/home/clexma/Desktop/fox3/TermDB/EvolveTerm/data/aeval/c_bench_term/ChawdharyCookGulwaniSagivYang-ESOP2008-aaron6_true-termination.c,aeval171term,/home/clexma/Desktop/fox3/TermDB/svcomp_examples/sv-benchmarks/c/properties/termination.prp,32bit,300,1,/home/clexma/Desktop/fox3/TermDB/UAutomizer-linux,/usr/bin/python3 /home/clexma/Desktop/fox3/TermDB/UAutomizer-linux/Ultimate.py --config /home/clexma/Desktop/fox3/TermDB/UAutomizer-linux/config --data /home/clexma/Desktop/fox3/TermDB/UAutomizer-linux/data --full-output --architecture 32bit --spec /home/clexma/Desktop/fox3/TermDB/svcomp_examples/sv-benchmarks/c/properties/termination.prp --file ../EvolveTerm/data/aeval/c_bench_term/ChawdharyCookGulwaniSagivYang-ESOP2008-aaron6_true-termination.c
ChenFlurMukhopadhyay-SAS2012-Ex1.01_false-no-overflow-version1.c,MAYBE,0,,0,stdout_stderr,5.40,Results/ultimate/ultiouts/c_bench_term/ChenFlurMukhopadhyay-SAS2012-Ex1.01_false-no-overflow-version1.c-ultimate-svtermprp.log,,2026-01-22 17:04:45,/home/clexma/Desktop/fox3/TermDB/EvolveTerm/data/aeval/c_bench_term/ChenFlurMukhopadhyay-SAS2012-Ex1.01_false-no-overflow-version1.c,aeval171term,/home/clexma/Desktop/fox3/TermDB/svcomp_examples/sv-benchmarks/c/properties/termination.prp,32bit,300,1,/home/clexma/Desktop/fox3/TermDB/UAutomizer-linux,/usr/bin/python3 /home/clexma/Desktop/fox3/TermDB/UAutomizer-linux/Ultimate.py --config /home/clexma/Desktop/fox3/TermDB/UAutomizer-linux/config --data /home/clexma/Desktop/fox3/TermDB/UAutomizer-linux/data --full-output --architecture 32bit --spec /home/clexma/Desktop/fox3/TermDB/svcomp_examples/sv-benchmarks/c/properties/termination.prp --file ../EvolveTerm/data/aeval/c_bench_term/ChenFlurMukhopadhyay-SAS2012-Ex1.01_false-no-overflow-version1.c
ChenFlurMukhopadhyay-SAS2012-Ex1.01_false-no-overflow-version2.c,MAYBE,0,,0,stdout_stderr,5.75,Results/ultimate/ultiouts/c_bench_term/ChenFlurMukhopadhyay-SAS2012-Ex1.01_false-no-overflow-version2.c-ultimate-svtermprp.log,,2026-01-22 17:04:50,/home/clexma/Desktop/fox3/TermDB/EvolveTerm/data/aeval/c_bench_term/ChenFlurMukhopadhyay-SAS2012-Ex1.01_false-no-overflow-version2.c,aeval171term,/home/clexma/Desktop/fox3/TermDB/svcomp_examples/sv-benchmarks/c/properties/termination.prp,32bit,300,1,/home/clexma/Desktop/fox3/TermDB/UAutomizer-linux,/usr/bin/python3 /home/clexma/Desktop/fox3/TermDB/UAutomizer-linux/Ultimate.py --config /home/clexma/Desktop/fox3/TermDB/UAutomizer-linux/config --data /home/clexma/Desktop/fox3/TermDB/UAutomizer-linux/data --full-output --architecture 32bit --spec /home/clexma/Desktop/fox3/TermDB/svcomp_examples/sv-benchmarks/c/properties/termination.prp --file ../EvolveTerm/data/aeval/c_bench_term/ChenFlurMukhopadhyay-SAS2012-Ex1.01_false-no-overflow-version2.c
ChenFlurMukhopadhyay-SAS2012-Ex1.01_false-no-overflow-version3.c,MAYBE,0,,0,stdout_stderr,6.68,Results/ultimate/ultiouts/c_bench_term/ChenFlurMukhopadhyay-SAS2012-Ex1.01_false-no-overflow-version3.c-ultimate-svtermprp.log,,2026-01-22 17:04:57,/home/clexma/Desktop/fox3/TermDB/EvolveTerm/data/aeval/c_bench_term/ChenFlurMukhopadhyay-SAS2012-Ex1.01_false-no-overflow-version3.c,aeval171term,/home/clexma/Desktop/fox3/TermDB/svcomp_examples/sv-benchmarks/c/properties/termination.prp,32bit,300,1,/home/clexma/Desktop/fox3/TermDB/UAutomizer-linux,/usr/bin/python3 /home/clexma/Desktop/fox3/TermDB/UAutomizer-linux/Ultimate.py --config /home/clexma/Desktop/fox3/TermDB/UAutomizer-linux/config --data /home/clexma/Desktop/fox3/TermDB/UAutomizer-linux/data --full-output --architecture 32bit --spec /home/clexma/Desktop/fox3/TermDB/svcomp_examples/sv-benchmarks/c/properties/termination.prp --file ../EvolveTerm/data/aeval/c_bench_term/ChenFlurMukhopadhyay-SAS2012-Ex1.01_false-no-overflow-version3.c
ChenFlurMukhopadhyay-SAS2012-Ex1.01_false-no-overflow-version4.c,MAYBE,0,,0,stdout_stderr,6.26,Results/ultimate/ultiouts/c_bench_term/ChenFlurMukhopadhyay-SAS2012-Ex1.01_false-no-overflow-version4.c-ultimate-svtermprp.log,,2026-01-22 17:05:03,/home/clexma/Desktop/fox3/TermDB/EvolveTerm/data/aeval/c_bench_term/ChenFlurMukhopadhyay-SAS2012-Ex1.01_false-no-overflow-version4.c,aeval171term,/home/clexma/Desktop/fox3/TermDB/svcomp_examples/sv-benchmarks/c/properties/termination.prp,32bit,300,1,/home/clexma/Desktop/fox3/TermDB/UAutomizer-linux,/usr/bin/python3 /home/clexma/Desktop/fox3/TermDB/UAutomizer-linux/Ultimate.py --config /home/clexma/Desktop/fox3/TermDB/UAutomizer-linux/config --data /home/clexma/Desktop/fox3/TermDB/UAutomizer-linux/data --full-output --architecture 32bit --spec /home/clexma/Desktop/fox3/TermDB/svcomp_examples/sv-benchmarks/c/properties/termination.prp --file ../EvolveTerm/data/aeval/c_bench_term/ChenFlurMukhopadhyay-SAS2012-Ex1.01_false-no-overflow-version4.c
ChenFlurMukhopadhyay-SAS2012-Ex1.01_false-no-overflow-version5.c,NO,0,,0,stdout_stderr,3.56,Results/ultimate/ultiouts/c_bench_term/ChenFlurMukhopadhyay-SAS2012-Ex1.01_false-no-overflow-version5.c-ultimate-svtermprp.log,,2026-01-22 17:05:07,/home/clexma/Desktop/fox3/TermDB/EvolveTerm/data/aeval/c_bench_term/ChenFlurMukhopadhyay-SAS2012-Ex1.01_false-no-overflow-version5.c,aeval171term,/home/clexma/Desktop/fox3/TermDB/svcomp_examples/sv-benchmarks/c/properties/termination.prp,32bit,300,1,/home/clexma/Desktop/fox3/TermDB/UAutomizer-linux,/usr/bin/python3 /home/clexma/Desktop/fox3/TermDB/UAutomizer-linux/Ultimate.py --config /home/clexma/Desktop/fox3/TermDB/UAutomizer-linux/config --data /home/clexma/Desktop/fox3/TermDB/UAutomizer-linux/data --full-output --architecture 32bit --spec /home/clexma/Desktop/fox3/TermDB/svcomp_examples/sv-benchmarks/c/properties/termination.prp --file ../EvolveTerm/data/aeval/c_bench_term/ChenFlurMukhopadhyay-SAS2012-Ex1.01_false-no-overflow-version5.c
ChenFlurMukhopadhyay-SAS2012-Ex1.01_false-no-overflow-version6.c,MAYBE,0,,0,stdout_stderr,6.35,Results/ultimate/ultiouts/c_bench_term/ChenFlurMukhopadhyay-SAS2012-Ex1.01_false-no-overflow-version6.c-ultimate-svtermprp.log,,2026-01-22 17:05:13,/home/clexma/Desktop/fox3/TermDB/EvolveTerm/data/aeval/c_bench_term/ChenFlurMukhopadhyay-SAS2012-Ex1.01_false-no-overflow-version6.c,aeval171term,/home/clexma/Desktop/fox3/TermDB/svcomp_examples/sv-benchmarks/c/properties/termination.prp,32bit,300,1,/home/clexma/Desktop/fox3/TermDB/UAutomizer-linux,/usr/bin/python3 /home/clexma/Desktop/fox3/TermDB/UAutomizer-linux/Ultimate.py --config /home/clexma/Desktop/fox3/TermDB/UAutomizer-linux/config --data /home/clexma/Desktop/fox3/TermDB/UAutomizer-linux/data --full-output --architecture 32bit --spec /home/clexma/Desktop/fox3/TermDB/svcomp_examples/sv-benchmarks/c/properties/termination.prp --file ../EvolveTerm/data/aeval/c_bench_term/ChenFlurMukhopadhyay-SAS2012-Ex1.01_false-no-overflow-version6.c
ChenFlurMukhopadhyay-SAS2012-Ex1.01_false-no-overflow.c,MAYBE,0,,0,stdout_stderr,5.48,Results/ultimate/ultiouts/c_bench_term/ChenFlurMukhopadhyay-SAS2012-Ex1.01_false-no-overflow.c-ultimate-svtermprp.log,,2026-01-22 17:05:19,/home/clexma/Desktop/fox3/TermDB/EvolveTerm/data/aeval/c_bench_term/ChenFlurMukhopadhyay-SAS2012-Ex1.01_false-no-overflow.c,aeval171term,/home/clexma/Desktop/fox3/TermDB/svcomp_examples/sv-benchmarks/c/properties/termination.prp,32bit,300,1,/home/clexma/Desktop/fox3/TermDB/UAutomizer-linux,/usr/bin/python3 /home/clexma/Desktop/fox3/TermDB/UAutomizer-linux/Ultimate.py --config /home/clexma/Desktop/fox3/TermDB/UAutomizer-linux/config --data /home/clexma/Desktop/fox3/TermDB/UAutomizer-linux/data --full-output --architecture 32bit --spec /home/clexma/Desktop/fox3/TermDB/svcomp_examples/sv-benchmarks/c/properties/termination.prp --file ../EvolveTerm/data/aeval/c_bench_term/ChenFlurMukhopadhyay-SAS2012-Ex1.01_false-no-overflow.c
ChenFlurMukhopadhyay-SAS2012-Ex1.02_false-no-overflow.c,YES,0,,0,stdout_stderr,4.22,Results/ultimate/ultiouts/c_bench_term/ChenFlurMukhopadhyay-SAS2012-Ex1.02_false-no-overflow.c-ultimate-svtermprp.log,,2026-01-22 17:05:23,/home/clexma/Desktop/fox3/TermDB/EvolveTerm/data/aeval/c_bench_term/ChenFlurMukhopadhyay-SAS2012-Ex1.02_false-no-overflow.c,aeval171term,/home/clexma/Desktop/fox3/TermDB/svcomp_examples/sv-benchmarks/c/properties/termination.prp,32bit,300,1,/home/clexma/Desktop/fox3/TermDB/UAutomizer-linux,/usr/bin/python3 /home/clexma/Desktop/fox3/TermDB/UAutomizer-linux/Ultimate.py --config /home/clexma/Desktop/fox3/TermDB/UAutomizer-linux/config --data /home/clexma/Desktop/fox3/TermDB/UAutomizer-linux/data --full-output --architecture 32bit --spec /home/clexma/Desktop/fox3/TermDB/svcomp_examples/sv-benchmarks/c/properties/termination.prp --file ../EvolveTerm/data/aeval/c_bench_term/ChenFlurMukhopadhyay-SAS2012-Ex1.02_false-no-overflow.c
ChenFlurMukhopadhyay-SAS2012-Ex2.06_false-no-overflow.c,MAYBE,0,,0,stdout_stderr,57.80,Results/ultimate/ultiouts/c_bench_term/ChenFlurMukhopadhyay-SAS2012-Ex2.06_false-no-overflow.c-ultimate-svtermprp.log,,2026-01-22 17:06:21,/home/clexma/Desktop/fox3/TermDB/EvolveTerm/data/aeval/c_bench_term/ChenFlurMukhopadhyay-SAS2012-Ex2.06_false-no-overflow.c,aeval171term,/home/clexma/Desktop/fox3/TermDB/svcomp_examples/sv-benchmarks/c/properties/termination.prp,32bit,300,1,/home/clexma/Desktop/fox3/TermDB/UAutomizer-linux,/usr/bin/python3 /home/clexma/Desktop/fox3/TermDB/UAutomizer-linux/Ultimate.py --config /home/clexma/Desktop/fox3/TermDB/UAutomizer-linux/config --data /home/clexma/Desktop/fox3/TermDB/UAutomizer-linux/data --full-output --architecture 32bit --spec /home/clexma/Desktop/fox3/TermDB/svcomp_examples/sv-benchmarks/c/properties/termination.prp --file ../EvolveTerm/data/aeval/c_bench_term/ChenFlurMukhopadhyay-SAS2012-Ex2.06_false-no-overflow.c
ChenFlurMukhopadhyay-SAS2012-Ex2.13_true-termination.c,YES,0,,0,stdout_stderr,3.78,Results/ultimate/ultiouts/c_bench_term/ChenFlurMukhopadhyay-SAS2012-Ex2.13_true-termination.c-ultimate-svtermprp.log,,2026-01-22 17:06:25,/home/clexma/Desktop/fox3/TermDB/EvolveTerm/data/aeval/c_bench_term/ChenFlurMukhopadhyay-SAS2012-Ex2.13_true-termination.c,aeval171term,/home/clexma/Desktop/fox3/TermDB/svcomp_examples/sv-benchmarks/c/properties/termination.prp,32bit,300,1,/home/clexma/Desktop/fox3/TermDB/UAutomizer-linux,/usr/bin/python3 /home/clexma/Desktop/fox3/TermDB/UAutomizer-linux/Ultimate.py --config /home/clexma/Desktop/fox3/TermDB/UAutomizer-linux/config --data /home/clexma/Desktop/fox3/TermDB/UAutomizer-linux/data --full-output --architecture 32bit --spec /home/clexma/Desktop/fox3/TermDB/svcomp_examples/sv-benchmarks/c/properties/termination.prp --file ../EvolveTerm/data/aeval/c_bench_term/ChenFlurMukhopadhyay-SAS2012-Ex2.13_true-termination.c
ChenFlurMukhopadhyay-SAS2012-Ex4.01_false-no-overflow-simpl.c,YES,0,,0,stdout_stderr,3.77,Results/ultimate/ultiouts/c_bench_term/ChenFlurMukhopadhyay-SAS2012-Ex4.01_false-no-overflow-simpl.c-ultimate-svtermprp.log,,2026-01-22 17:06:28,/home/clexma/Desktop/fox3/TermDB/EvolveTerm/data/aeval/c_bench_term/ChenFlurMukhopadhyay-SAS2012-Ex4.01_false-no-overflow-simpl.c,aeval171term,/home/clexma/Desktop/fox3/TermDB/svcomp_examples/sv-benchmarks/c/properties/termination.prp,32bit,300,1,/home/clexma/Desktop/fox3/TermDB/UAutomizer-linux,/usr/bin/python3 /home/clexma/Desktop/fox3/TermDB/UAutomizer-linux/Ultimate.py --config /home/clexma/Desktop/fox3/TermDB/UAutomizer-linux/config --data /home/clexma/Desktop/fox3/TermDB/UAutomizer-linux/data --full-output --architecture 32bit --spec /home/clexma/Desktop/fox3/TermDB/svcomp_examples/sv-benchmarks/c/properties/termination.prp --file ../EvolveTerm/data/aeval/c_bench_term/ChenFlurMukhopadhyay-SAS2012-Ex4.01_false-no-overflow-simpl.c
ChenFlurMukhopadhyay-SAS2012-Ex4.01_false-no-overflow-version1.c,YES,0,,0,stdout_stderr,3.90,Results/ultimate/ultiouts/c_bench_term/ChenFlurMukhopadhyay-SAS2012-Ex4.01_false-no-overflow-version1.c-ultimate-svtermprp.log,,2026-01-22 17:06:32,/home/clexma/Desktop/fox3/TermDB/EvolveTerm/data/aeval/c_bench_term/ChenFlurMukhopadhyay-SAS2012-Ex4.01_false-no-overflow-version1.c,aeval171term,/home/clexma/Desktop/fox3/TermDB/svcomp_examples/sv-benchmarks/c/properties/termination.prp,32bit,300,1,/home/clexma/Desktop/fox3/TermDB/UAutomizer-linux,/usr/bin/python3 /home/clexma/Desktop/fox3/TermDB/UAutomizer-linux/Ultimate.py --config /home/clexma/Desktop/fox3/TermDB/UAutomizer-linux/config --data /home/clexma/Desktop/fox3/TermDB/UAutomizer-linux/data --full-output --architecture 32bit --spec /home/clexma/Desktop/fox3/TermDB/svcomp_examples/sv-benchmarks/c/properties/termination.prp --file ../EvolveTerm/data/aeval/c_bench_term/ChenFlurMukhopadhyay-SAS2012-Ex4.01_false-no-overflow-version1.c
ChenFlurMukhopadhyay-SAS2012-Ex4.01_false-no-overflow-version2.c,MAYBE,0,,0,stdout_stderr,6.92,Results/ultimate/ultiouts/c_bench_term/ChenFlurMukhopadhyay-SAS2012-Ex4.01_false-no-overflow-version2.c-ultimate-svtermprp.log,,2026-01-22 17:06:39,/home/clexma/Desktop/fox3/TermDB/EvolveTerm/data/aeval/c_bench_term/ChenFlurMukhopadhyay-SAS2012-Ex4.01_false-no-overflow-version2.c,aeval171term,/home/clexma/Desktop/fox3/TermDB/svcomp_examples/sv-benchmarks/c/properties/termination.prp,32bit,300,1,/home/clexma/Desktop/fox3/TermDB/UAutomizer-linux,/usr/bin/python3 /home/clexma/Desktop/fox3/TermDB/UAutomizer-linux/Ultimate.py --config /home/clexma/Desktop/fox3/TermDB/UAutomizer-linux/config --data /home/clexma/Desktop/fox3/TermDB/UAutomizer-linux/data --full-output --architecture 32bit --spec /home/clexma/Desktop/fox3/TermDB/svcomp_examples/sv-benchmarks/c/properties/termination.prp --file ../EvolveTerm/data/aeval/c_bench_term/ChenFlurMukhopadhyay-SAS2012-Ex4.01_false-no-overflow-version2.c
ChenFlurMukhopadhyay-SAS2012-Ex4.01_false-no-overflow.c,YES,0,,0,stdout_stderr,4.37,Results/ultimate/ultiouts/c_bench_term/ChenFlurMukhopadhyay-SAS2012-Ex4.01_false-no-overflow.c-ultimate-svtermprp.log,,2026-01-22 17:06:44,/home/clexma/Desktop/fox3/TermDB/EvolveTerm/data/aeval/c_bench_term/ChenFlurMukhopadhyay-SAS2012-Ex4.01_false-no-overflow.c,aeval171term,/home/clexma/Desktop/fox3/TermDB/svcomp_examples/sv-benchmarks/c/properties/termination.prp,32bit,300,1,/home/clexma/Desktop/fox3/TermDB/UAutomizer-linux,/usr/bin/python3 /home/clexma/Desktop/fox3/TermDB/UAutomizer-linux/Ultimate.py --config /home/clexma/Desktop/fox3/TermDB/UAutomizer-linux/config --data /home/clexma/Desktop/fox3/TermDB/UAutomizer-linux/data --full-output --architecture 32bit --spec /home/clexma/Desktop/fox3/TermDB/svcomp_examples/sv-benchmarks/c/properties/termination.prp --file ../EvolveTerm/data/aeval/c_bench_term/ChenFlurMukhopadhyay-SAS2012-Ex4.01_false-no-overflow.c
CookSeeZuleger-TACAS2013-Fig1_true-termination_true-no-overflow.c,YES,0,,0,stdout_stderr,4.38,Results/ultimate/ultiouts/c_bench_term/CookSeeZuleger-TACAS2013-Fig1_true-termination_true-no-overflow.c-ultimate-svtermprp.log,,2026-01-22 17:06:48,/home/clexma/Desktop/fox3/TermDB/EvolveTerm/data/aeval/c_bench_term/CookSeeZuleger-TACAS2013-Fig1_true-termination_true-no-overflow.c,aeval171term,/home/clexma/Desktop/fox3/TermDB/svcomp_examples/sv-benchmarks/c/properties/termination.prp,32bit,300,1,/home/clexma/Desktop/fox3/TermDB/UAutomizer-linux,/usr/bin/python3 /home/clexma/Desktop/fox3/TermDB/UAutomizer-linux/Ultimate.py --config /home/clexma/Desktop/fox3/TermDB/UAutomizer-linux/config --data /home/clexma/Desktop/fox3/TermDB/UAutomizer-linux/data --full-output --architecture 32bit --spec /home/clexma/Desktop/fox3/TermDB/svcomp_examples/sv-benchmarks/c/properties/termination.prp --file ../EvolveTerm/data/aeval/c_bench_term/CookSeeZuleger-TACAS2013-Fig1_true-termination_true-no-overflow.c
CookSeeZuleger-TACAS2013-Fig7a-true-termination_true-no-overflow.c,YES,0,,0,stdout_stderr,4.91,Results/ultimate/ultiouts/c_bench_term/CookSeeZuleger-TACAS2013-Fig7a-true-termination_true-no-overflow.c-ultimate-svtermprp.log,,2026-01-22 17:06:53,/home/clexma/Desktop/fox3/TermDB/EvolveTerm/data/aeval/c_bench_term/CookSeeZuleger-TACAS2013-Fig7a-true-termination_true-no-overflow.c,aeval171term,/home/clexma/Desktop/fox3/TermDB/svcomp_examples/sv-benchmarks/c/properties/termination.prp,32bit,300,1,/home/clexma/Desktop/fox3/TermDB/UAutomizer-linux,/usr/bin/python3 /home/clexma/Desktop/fox3/TermDB/UAutomizer-linux/Ultimate.py --config /home/clexma/Desktop/fox3/TermDB/UAutomizer-linux/config --data /home/clexma/Desktop/fox3/TermDB/UAutomizer-linux/data --full-output --architecture 32bit --spec /home/clexma/Desktop/fox3/TermDB/svcomp_examples/sv-benchmarks/c/properties/termination.prp --file ../EvolveTerm/data/aeval/c_bench_term/CookSeeZuleger-TACAS2013-Fig7a-true-termination_true-no-overflow.c
CookSeeZuleger-TACAS2013-Fig7b-true-termination_true-no-overflow.c,YES,0,,0,stdout_stderr,5.19,Results/ultimate/ultiouts/c_bench_term/CookSeeZuleger-TACAS2013-Fig7b-true-termination_true-no-overflow.c-ultimate-svtermprp.log,,2026-01-22 17:06:58,/home/clexma/Desktop/fox3/TermDB/EvolveTerm/data/aeval/c_bench_term/CookSeeZuleger-TACAS2013-Fig7b-true-termination_true-no-overflow.c,aeval171term,/home/clexma/Desktop/fox3/TermDB/svcomp_examples/sv-benchmarks/c/properties/termination.prp,32bit,300,1,/home/clexma/Desktop/fox3/TermDB/UAutomizer-linux,/usr/bin/python3 /home/clexma/Desktop/fox3/TermDB/UAutomizer-linux/Ultimate.py --config /home/clexma/Desktop/fox3/TermDB/UAutomizer-linux/config --data /home/clexma/Desktop/fox3/TermDB/UAutomizer-linux/data --full-output --architecture 32bit --spec /home/clexma/Desktop/fox3/TermDB/svcomp_examples/sv-benchmarks/c/properties/termination.prp --file ../EvolveTerm/data/aeval/c_bench_term/CookSeeZuleger-TACAS2013-Fig7b-true-termination_true-no-overflow.c
CookSeeZuleger-TACAS2013-Fig8a-modified_true-termination_true-no-overflow.c,YES,0,,0,stdout_stderr,5.25,Results/ultimate/ultiouts/c_bench_term/CookSeeZuleger-TACAS2013-Fig8a-modified_true-termination_true-no-overflow.c-ultimate-svtermprp.log,,2026-01-22 17:07:03,/home/clexma/Desktop/fox3/TermDB/EvolveTerm/data/aeval/c_bench_term/CookSeeZuleger-TACAS2013-Fig8a-modified_true-termination_true-no-overflow.c,aeval171term,/home/clexma/Desktop/fox3/TermDB/svcomp_examples/sv-benchmarks/c/properties/termination.prp,32bit,300,1,/home/clexma/Desktop/fox3/TermDB/UAutomizer-linux,/usr/bin/python3 /home/clexma/Desktop/fox3/TermDB/UAutomizer-linux/Ultimate.py --config /home/clexma/Desktop/fox3/TermDB/UAutomizer-linux/config --data /home/clexma/Desktop/fox3/TermDB/UAutomizer-linux/data --full-output --architecture 32bit --spec /home/clexma/Desktop/fox3/TermDB/svcomp_examples/sv-benchmarks/c/properties/termination.prp --file ../EvolveTerm/data/aeval/c_bench_term/CookSeeZuleger-TACAS2013-Fig8a-modified_true-termination_true-no-overflow.c
Copenhagen_disj_true-termination_true-valid-memsafety.c,MAYBE,0,,0,stdout_stderr,7.87,Results/ultimate/ultiouts/c_bench_term/Copenhagen_disj_true-termination_true-valid-memsafety.c-ultimate-svtermprp.log,,2026-01-22 17:07:11,/home/clexma/Desktop/fox3/TermDB/EvolveTerm/data/aeval/c_bench_term/Copenhagen_disj_true-termination_true-valid-memsafety.c,aeval171term,/home/clexma/Desktop/fox3/TermDB/svcomp_examples/sv-benchmarks/c/properties/termination.prp,32bit,300,1,/home/clexma/Desktop/fox3/TermDB/UAutomizer-linux,/usr/bin/python3 /home/clexma/Desktop/fox3/TermDB/UAutomizer-linux/Ultimate.py --config /home/clexma/Desktop/fox3/TermDB/UAutomizer-linux/config --data /home/clexma/Desktop/fox3/TermDB/UAutomizer-linux/data --full-output --architecture 32bit --spec /home/clexma/Desktop/fox3/TermDB/svcomp_examples/sv-benchmarks/c/properties/termination.prp --file ../EvolveTerm/data/aeval/c_bench_term/Copenhagen_disj_true-termination_true-valid-memsafety.c
Copenhagen_disj_true_version.c,MAYBE,0,,0,stdout_stderr,26.46,Results/ultimate/ultiouts/c_bench_term/Copenhagen_disj_true_version.c-ultimate-svtermprp.log,,2026-01-22 17:07:38,/home/clexma/Desktop/fox3/TermDB/EvolveTerm/data/aeval/c_bench_term/Copenhagen_disj_true_version.c,aeval171term,/home/clexma/Desktop/fox3/TermDB/svcomp_examples/sv-benchmarks/c/properties/termination.prp,32bit,300,1,/home/clexma/Desktop/fox3/TermDB/UAutomizer-linux,/usr/bin/python3 /home/clexma/Desktop/fox3/TermDB/UAutomizer-linux/Ultimate.py --config /home/clexma/Desktop/fox3/TermDB/UAutomizer-linux/config --data /home/clexma/Desktop/fox3/TermDB/UAutomizer-linux/data --full-output --architecture 32bit --spec /home/clexma/Desktop/fox3/TermDB/svcomp_examples/sv-benchmarks/c/properties/termination.prp --file ../EvolveTerm/data/aeval/c_bench_term/Copenhagen_disj_true_version.c
Copenhagen_true-no-overflow_true-termination_true-valid-memsafety.c,YES,0,,0,stdout_stderr,3.85,Results/ultimate/ultiouts/c_bench_term/Copenhagen_true-no-overflow_true-termination_true-valid-memsafety.c-ultimate-svtermprp.log,,2026-01-22 17:07:41,/home/clexma/Desktop/fox3/TermDB/EvolveTerm/data/aeval/c_bench_term/Copenhagen_true-no-overflow_true-termination_true-valid-memsafety.c,aeval171term,/home/clexma/Desktop/fox3/TermDB/svcomp_examples/sv-benchmarks/c/properties/termination.prp,32bit,300,1,/home/clexma/Desktop/fox3/TermDB/UAutomizer-linux,/usr/bin/python3 /home/clexma/Desktop/fox3/TermDB/UAutomizer-linux/Ultimate.py --config /home/clexma/Desktop/fox3/TermDB/UAutomizer-linux/config --data /home/clexma/Desktop/fox3/TermDB/UAutomizer-linux/data --full-output --architecture 32bit --spec /home/clexma/Desktop/fox3/TermDB/svcomp_examples/sv-benchmarks/c/properties/termination.prp --file ../EvolveTerm/data/aeval/c_bench_term/Copenhagen_true-no-overflow_true-termination_true-valid-memsafety.c
Et1_false-no-overflow_true-termination.c,YES,0,,0,stdout_stderr,4.07,Results/ultimate/ultiouts/c_bench_term/Et1_false-no-overflow_true-termination.c-ultimate-svtermprp.log,,2026-01-22 17:07:46,/home/clexma/Desktop/fox3/TermDB/EvolveTerm/data/aeval/c_bench_term/Et1_false-no-overflow_true-termination.c,aeval171term,/home/clexma/Desktop/fox3/TermDB/svcomp_examples/sv-benchmarks/c/properties/termination.prp,32bit,300,1,/home/clexma/Desktop/fox3/TermDB/UAutomizer-linux,/usr/bin/python3 /home/clexma/Desktop/fox3/TermDB/UAutomizer-linux/Ultimate.py --config /home/clexma/Desktop/fox3/TermDB/UAutomizer-linux/config --data /home/clexma/Desktop/fox3/TermDB/UAutomizer-linux/data --full-output --architecture 32bit --spec /home/clexma/Desktop/fox3/TermDB/svcomp_examples/sv-benchmarks/c/properties/termination.prp --file ../EvolveTerm/data/aeval/c_bench_term/Et1_false-no-overflow_true-termination.c
Gothenburg_false-no-overflow.c,YES,0,,0,stdout_stderr,5.37,Results/ultimate/ultiouts/c_bench_term/Gothenburg_false-no-overflow.c-ultimate-svtermprp.log,,2026-01-22 17:07:51,/home/clexma/Desktop/fox3/TermDB/EvolveTerm/data/aeval/c_bench_term/Gothenburg_false-no-overflow.c,aeval171term,/home/clexma/Desktop/fox3/TermDB/svcomp_examples/sv-benchmarks/c/properties/termination.prp,32bit,300,1,/home/clexma/Desktop/fox3/TermDB/UAutomizer-linux,/usr/bin/python3 /home/clexma/Desktop/fox3/TermDB/UAutomizer-linux/Ultimate.py --config /home/clexma/Desktop/fox3/TermDB/UAutomizer-linux/config --data /home/clexma/Desktop/fox3/TermDB/UAutomizer-linux/data --full-output --architecture 32bit --spec /home/clexma/Desktop/fox3/TermDB/svcomp_examples/sv-benchmarks/c/properties/termination.prp --file ../EvolveTerm/data/aeval/c_bench_term/Gothenburg_false-no-overflow.c
Gothenburg_v2_false-no-overflow.c,MAYBE,0,,0,stdout_stderr,8.53,Results/ultimate/ultiouts/c_bench_term/Gothenburg_v2_false-no-overflow.c-ultimate-svtermprp.log,,2026-01-22 17:07:59,/home/clexma/Desktop/fox3/TermDB/EvolveTerm/data/aeval/c_bench_term/Gothenburg_v2_false-no-overflow.c,aeval171term,/home/clexma/Desktop/fox3/TermDB/svcomp_examples/sv-benchmarks/c/properties/termination.prp,32bit,300,1,/home/clexma/Desktop/fox3/TermDB/UAutomizer-linux,/usr/bin/python3 /home/clexma/Desktop/fox3/TermDB/UAutomizer-linux/Ultimate.py --config /home/clexma/Desktop/fox3/TermDB/UAutomizer-linux/config --data /home/clexma/Desktop/fox3/TermDB/UAutomizer-linux/data --full-output --architecture 32bit --spec /home/clexma/Desktop/fox3/TermDB/svcomp_examples/sv-benchmarks/c/properties/termination.prp --file ../EvolveTerm/data/aeval/c_bench_term/Gothenburg_v2_false-no-overflow.c
Gothenburg_v3_false-no-overflow.c,MAYBE,0,,0,stdout_stderr,40.60,Results/ultimate/ultiouts/c_bench_term/Gothenburg_v3_false-no-overflow.c-ultimate-svtermprp.log,,2026-01-22 17:08:40,/home/clexma/Desktop/fox3/TermDB/EvolveTerm/data/aeval/c_bench_term/Gothenburg_v3_false-no-overflow.c,aeval171term,/home/clexma/Desktop/fox3/TermDB/svcomp_examples/sv-benchmarks/c/properties/termination.prp,32bit,300,1,/home/clexma/Desktop/fox3/TermDB/UAutomizer-linux,/usr/bin/python3 /home/clexma/Desktop/fox3/TermDB/UAutomizer-linux/Ultimate.py --config /home/clexma/Desktop/fox3/TermDB/UAutomizer-linux/config --data /home/clexma/Desktop/fox3/TermDB/UAutomizer-linux/data --full-output --architecture 32bit --spec /home/clexma/Desktop/fox3/TermDB/svcomp_examples/sv-benchmarks/c/properties/termination.prp --file ../EvolveTerm/data/aeval/c_bench_term/Gothenburg_v3_false-no-overflow.c
Gothenburg_v4_false-no-overflow.c,MAYBE,0,,0,stdout_stderr,48.89,Results/ultimate/ultiouts/c_bench_term/Gothenburg_v4_false-no-overflow.c-ultimate-svtermprp.log,,2026-01-22 17:09:29,/home/clexma/Desktop/fox3/TermDB/EvolveTerm/data/aeval/c_bench_term/Gothenburg_v4_false-no-overflow.c,aeval171term,/home/clexma/Desktop/fox3/TermDB/svcomp_examples/sv-benchmarks/c/properties/termination.prp,32bit,300,1,/home/clexma/Desktop/fox3/TermDB/UAutomizer-linux,/usr/bin/python3 /home/clexma/Desktop/fox3/TermDB/UAutomizer-linux/Ultimate.py --config /home/clexma/Desktop/fox3/TermDB/UAutomizer-linux/config --data /home/clexma/Desktop/fox3/TermDB/UAutomizer-linux/data --full-output --architecture 32bit --spec /home/clexma/Desktop/fox3/TermDB/svcomp_examples/sv-benchmarks/c/properties/termination.prp --file ../EvolveTerm/data/aeval/c_bench_term/Gothenburg_v4_false-no-overflow.c
GulavaniGulwani-CAV2008-Fig1a_true-termination.c,YES,0,,0,stdout_stderr,4.23,Results/ultimate/ultiouts/c_bench_term/GulavaniGulwani-CAV2008-Fig1a_true-termination.c-ultimate-svtermprp.log,,2026-01-22 17:09:33,/home/clexma/Desktop/fox3/TermDB/EvolveTerm/data/aeval/c_bench_term/GulavaniGulwani-CAV2008-Fig1a_true-termination.c,aeval171term,/home/clexma/Desktop/fox3/TermDB/svcomp_examples/sv-benchmarks/c/properties/termination.prp,32bit,300,1,/home/clexma/Desktop/fox3/TermDB/UAutomizer-linux,/usr/bin/python3 /home/clexma/Desktop/fox3/TermDB/UAutomizer-linux/Ultimate.py --config /home/clexma/Desktop/fox3/TermDB/UAutomizer-linux/config --data /home/clexma/Desktop/fox3/TermDB/UAutomizer-linux/data --full-output --architecture 32bit --spec /home/clexma/Desktop/fox3/TermDB/svcomp_examples/sv-benchmarks/c/properties/termination.prp --file ../EvolveTerm/data/aeval/c_bench_term/GulavaniGulwani-CAV2008-Fig1a_true-termination.c
GulwaniJainKoskinen-PLDI2009-Fig1_true-termination-version1.c,TIMEOUT,1,Analysis timed out after 300 seconds,,timeout,300.05,,,2026-01-22 17:14:33,/home/clexma/Desktop/fox3/TermDB/EvolveTerm/data/aeval/c_bench_term/GulwaniJainKoskinen-PLDI2009-Fig1_true-termination-version1.c,aeval171term,/home/clexma/Desktop/fox3/TermDB/svcomp_examples/sv-benchmarks/c/properties/termination.prp,32bit,300,1,/home/clexma/Desktop/fox3/TermDB/UAutomizer-linux,/usr/bin/python3 /home/clexma/Desktop/fox3/TermDB/UAutomizer-linux/Ultimate.py --config /home/clexma/Desktop/fox3/TermDB/UAutomizer-linux/config --data /home/clexma/Desktop/fox3/TermDB/UAutomizer-linux/data --full-output --architecture 32bit --spec /home/clexma/Desktop/fox3/TermDB/svcomp_examples/sv-benchmarks/c/properties/termination.prp --file ../EvolveTerm/data/aeval/c_bench_term/GulwaniJainKoskinen-PLDI2009-Fig1_true-termination-version1.c
GulwaniJainKoskinen-PLDI2009-Fig1_true-termination-version2.c,YES,0,,0,stdout_stderr,5.59,Results/ultimate/ultiouts/c_bench_term/GulwaniJainKoskinen-PLDI2009-Fig1_true-termination-version2.c-ultimate-svtermprp.log,,2026-01-22 17:14:39,/home/clexma/Desktop/fox3/TermDB/EvolveTerm/data/aeval/c_bench_term/GulwaniJainKoskinen-PLDI2009-Fig1_true-termination-version2.c,aeval171term,/home/clexma/Desktop/fox3/TermDB/svcomp_examples/sv-benchmarks/c/properties/termination.prp,32bit,300,1,/home/clexma/Desktop/fox3/TermDB/UAutomizer-linux,/usr/bin/python3 /home/clexma/Desktop/fox3/TermDB/UAutomizer-linux/Ultimate.py --config /home/clexma/Desktop/fox3/TermDB/UAutomizer-linux/config --data /home/clexma/Desktop/fox3/TermDB/UAutomizer-linux/data --full-output --architecture 32bit --spec /home/clexma/Desktop/fox3/TermDB/svcomp_examples/sv-benchmarks/c/properties/termination.prp --file ../EvolveTerm/data/aeval/c_bench_term/GulwaniJainKoskinen-PLDI2009-Fig1_true-termination-version2.c
GulwaniJainKoskinen-PLDI2009-Fig1_true-termination.c,TIMEOUT,1,Analysis timed out after 300 seconds,,timeout,300.04,,,2026-01-22 17:19:39,/home/clexma/Desktop/fox3/TermDB/EvolveTerm/data/aeval/c_bench_term/GulwaniJainKoskinen-PLDI2009-Fig1_true-termination.c,aeval171term,/home/clexma/Desktop/fox3/TermDB/svcomp_examples/sv-benchmarks/c/properties/termination.prp,32bit,300,1,/home/clexma/Desktop/fox3/TermDB/UAutomizer-linux,/usr/bin/python3 /home/clexma/Desktop/fox3/TermDB/UAutomizer-linux/Ultimate.py --config /home/clexma/Desktop/fox3/TermDB/UAutomizer-linux/config --data /home/clexma/Desktop/fox3/TermDB/UAutomizer-linux/data --full-output --architecture 32bit --spec /home/clexma/Desktop/fox3/TermDB/svcomp_examples/sv-benchmarks/c/properties/termination.prp --file ../EvolveTerm/data/aeval/c_bench_term/GulwaniJainKoskinen-PLDI2009-Fig1_true-termination.c
HeizmannHoenickeLeikePodelski-ATVA2013-Fig2_true-termination-version.c,YES,0,,0,stdout_stderr,4.27,Results/ultimate/ultiouts/c_bench_term/HeizmannHoenickeLeikePodelski-ATVA2013-Fig2_true-termination-version.c-ultimate-svtermprp.log,,2026-01-22 17:19:43,/home/clexma/Desktop/fox3/TermDB/EvolveTerm/data/aeval/c_bench_term/HeizmannHoenickeLeikePodelski-ATVA2013-Fig2_true-termination-version.c,aeval171term,/home/clexma/Desktop/fox3/TermDB/svcomp_examples/sv-benchmarks/c/properties/termination.prp,32bit,300,1,/home/clexma/Desktop/fox3/TermDB/UAutomizer-linux,/usr/bin/python3 /home/clexma/Desktop/fox3/TermDB/UAutomizer-linux/Ultimate.py --config /home/clexma/Desktop/fox3/TermDB/UAutomizer-linux/config --data /home/clexma/Desktop/fox3/TermDB/UAutomizer-linux/data --full-output --architecture 32bit --spec /home/clexma/Desktop/fox3/TermDB/svcomp_examples/sv-benchmarks/c/properties/termination.prp --file ../EvolveTerm/data/aeval/c_bench_term/HeizmannHoenickeLeikePodelski-ATVA2013-Fig2_true-termination-version.c
HeizmannHoenickeLeikePodelski-ATVA2013-Fig2_true-termination.c,MAYBE,0,,0,stdout_stderr,5.01,Results/ultimate/ultiouts/c_bench_term/HeizmannHoenickeLeikePodelski-ATVA2013-Fig2_true-termination.c-ultimate-svtermprp.log,,2026-01-22 17:19:48,/home/clexma/Desktop/fox3/TermDB/EvolveTerm/data/aeval/c_bench_term/HeizmannHoenickeLeikePodelski-ATVA2013-Fig2_true-termination.c,aeval171term,/home/clexma/Desktop/fox3/TermDB/svcomp_examples/sv-benchmarks/c/properties/termination.prp,32bit,300,1,/home/clexma/Desktop/fox3/TermDB/UAutomizer-linux,/usr/bin/python3 /home/clexma/Desktop/fox3/TermDB/UAutomizer-linux/Ultimate.py --config /home/clexma/Desktop/fox3/TermDB/UAutomizer-linux/config --data /home/clexma/Desktop/fox3/TermDB/UAutomizer-linux/data --full-output --architecture 32bit --spec /home/clexma/Desktop/fox3/TermDB/svcomp_examples/sv-benchmarks/c/properties/termination.prp --file ../EvolveTerm/data/aeval/c_bench_term/HeizmannHoenickeLeikePodelski-ATVA2013-Fig2_true-termination.c
HeizmannHoenickeLeikePodelski-ATVA2013-Fig5_true-termination_true-no-overflow-version.c,MAYBE,0,,0,stdout_stderr,6.65,Results/ultimate/ultiouts/c_bench_term/HeizmannHoenickeLeikePodelski-ATVA2013-Fig5_true-termination_true-no-overflow-version.c-ultimate-svtermprp.log,,2026-01-22 17:19:55,/home/clexma/Desktop/fox3/TermDB/EvolveTerm/data/aeval/c_bench_term/HeizmannHoenickeLeikePodelski-ATVA2013-Fig5_true-termination_true-no-overflow-version.c,aeval171term,/home/clexma/Desktop/fox3/TermDB/svcomp_examples/sv-benchmarks/c/properties/termination.prp,32bit,300,1,/home/clexma/Desktop/fox3/TermDB/UAutomizer-linux,/usr/bin/python3 /home/clexma/Desktop/fox3/TermDB/UAutomizer-linux/Ultimate.py --config /home/clexma/Desktop/fox3/TermDB/UAutomizer-linux/config --data /home/clexma/Desktop/fox3/TermDB/UAutomizer-linux/data --full-output --architecture 32bit --spec /home/clexma/Desktop/fox3/TermDB/svcomp_examples/sv-benchmarks/c/properties/termination.prp --file ../EvolveTerm/data/aeval/c_bench_term/HeizmannHoenickeLeikePodelski-ATVA2013-Fig5_true-termination_true-no-overflow-version.c
HeizmannHoenickeLeikePodelski-ATVA2013-Fig5_true-termination_true-no-overflow.c,MAYBE,0,,0,stdout_stderr,6.32,Results/ultimate/ultiouts/c_bench_term/HeizmannHoenickeLeikePodelski-ATVA2013-Fig5_true-termination_true-no-overflow.c-ultimate-svtermprp.log,,2026-01-22 17:20:01,/home/clexma/Desktop/fox3/TermDB/EvolveTerm/data/aeval/c_bench_term/HeizmannHoenickeLeikePodelski-ATVA2013-Fig5_true-termination_true-no-overflow.c,aeval171term,/home/clexma/Desktop/fox3/TermDB/svcomp_examples/sv-benchmarks/c/properties/termination.prp,32bit,300,1,/home/clexma/Desktop/fox3/TermDB/UAutomizer-linux,/usr/bin/python3 /home/clexma/Desktop/fox3/TermDB/UAutomizer-linux/Ultimate.py --config /home/clexma/Desktop/fox3/TermDB/UAutomizer-linux/config --data /home/clexma/Desktop/fox3/TermDB/UAutomizer-linux/data --full-output --architecture 32bit --spec /home/clexma/Desktop/fox3/TermDB/svcomp_examples/sv-benchmarks/c/properties/termination.prp --file ../EvolveTerm/data/aeval/c_bench_term/HeizmannHoenickeLeikePodelski-ATVA2013-Fig5_true-termination_true-no-overflow.c
HeizmannHoenickeLeikePodelski-ATVA2013-Fig8_true-termination-version.c,YES,0,,0,stdout_stderr,3.81,Results/ultimate/ultiouts/c_bench_term/HeizmannHoenickeLeikePodelski-ATVA2013-Fig8_true-termination-version.c-ultimate-svtermprp.log,,2026-01-22 17:20:05,/home/clexma/Desktop/fox3/TermDB/EvolveTerm/data/aeval/c_bench_term/HeizmannHoenickeLeikePodelski-ATVA2013-Fig8_true-termination-version.c,aeval171term,/home/clexma/Desktop/fox3/TermDB/svcomp_examples/sv-benchmarks/c/properties/termination.prp,32bit,300,1,/home/clexma/Desktop/fox3/TermDB/UAutomizer-linux,/usr/bin/python3 /home/clexma/Desktop/fox3/TermDB/UAutomizer-linux/Ultimate.py --config /home/clexma/Desktop/fox3/TermDB/UAutomizer-linux/config --data /home/clexma/Desktop/fox3/TermDB/UAutomizer-linux/data --full-output --architecture 32bit --spec /home/clexma/Desktop/fox3/TermDB/svcomp_examples/sv-benchmarks/c/properties/termination.prp --file ../EvolveTerm/data/aeval/c_bench_term/HeizmannHoenickeLeikePodelski-ATVA2013-Fig8_true-termination-version.c
HeizmannHoenickeLeikePodelski-ATVA2013-Fig8_true-termination.c,YES,0,,0,stdout_stderr,3.88,Results/ultimate/ultiouts/c_bench_term/HeizmannHoenickeLeikePodelski-ATVA2013-Fig8_true-termination.c-ultimate-svtermprp.log,,2026-01-22 17:20:09,/home/clexma/Desktop/fox3/TermDB/EvolveTerm/data/aeval/c_bench_term/HeizmannHoenickeLeikePodelski-ATVA2013-Fig8_true-termination.c,aeval171term,/home/clexma/Desktop/fox3/TermDB/svcomp_examples/sv-benchmarks/c/properties/termination.prp,32bit,300,1,/home/clexma/Desktop/fox3/TermDB/UAutomizer-linux,/usr/bin/python3 /home/clexma/Desktop/fox3/TermDB/UAutomizer-linux/Ultimate.py --config /home/clexma/Desktop/fox3/TermDB/UAutomizer-linux/config --data /home/clexma/Desktop/fox3/TermDB/UAutomizer-linux/data --full-output --architecture 32bit --spec /home/clexma/Desktop/fox3/TermDB/svcomp_examples/sv-benchmarks/c/properties/termination.prp --file ../EvolveTerm/data/aeval/c_bench_term/HeizmannHoenickeLeikePodelski-ATVA2013-Fig8_true-termination.c
HeizmannHoenickeLeikePodelski-ATVA2013-Fig9_true-termination-version.c,YES,0,,0,stdout_stderr,4.15,Results/ultimate/ultiouts/c_bench_term/HeizmannHoenickeLeikePodelski-ATVA2013-Fig9_true-termination-version.c-ultimate-svtermprp.log,,2026-01-22 17:20:13,/home/clexma/Desktop/fox3/TermDB/EvolveTerm/data/aeval/c_bench_term/HeizmannHoenickeLeikePodelski-ATVA2013-Fig9_true-termination-version.c,aeval171term,/home/clexma/Desktop/fox3/TermDB/svcomp_examples/sv-benchmarks/c/properties/termination.prp,32bit,300,1,/home/clexma/Desktop/fox3/TermDB/UAutomizer-linux,/usr/bin/python3 /home/clexma/Desktop/fox3/TermDB/UAutomizer-linux/Ultimate.py --config /home/clexma/Desktop/fox3/TermDB/UAutomizer-linux/config --data /home/clexma/Desktop/fox3/TermDB/UAutomizer-linux/data --full-output --architecture 32bit --spec /home/clexma/Desktop/fox3/TermDB/svcomp_examples/sv-benchmarks/c/properties/termination.prp --file ../EvolveTerm/data/aeval/c_bench_term/HeizmannHoenickeLeikePodelski-ATVA2013-Fig9_true-termination-version.c
HeizmannHoenickeLeikePodelski-ATVA2013-Fig9_true-termination.c,YES,0,,0,stdout_stderr,5.04,Results/ultimate/ultiouts/c_bench_term/HeizmannHoenickeLeikePodelski-ATVA2013-Fig9_true-termination.c-ultimate-svtermprp.log,,2026-01-22 17:20:18,/home/clexma/Desktop/fox3/TermDB/EvolveTerm/data/aeval/c_bench_term/HeizmannHoenickeLeikePodelski-ATVA2013-Fig9_true-termination.c,aeval171term,/home/clexma/Desktop/fox3/TermDB/svcomp_examples/sv-benchmarks/c/properties/termination.prp,32bit,300,1,/home/clexma/Desktop/fox3/TermDB/UAutomizer-linux,/usr/bin/python3 /home/clexma/Desktop/fox3/TermDB/UAutomizer-linux/Ultimate.py --config /home/clexma/Desktop/fox3/TermDB/UAutomizer-linux/config --data /home/clexma/Desktop/fox3/TermDB/UAutomizer-linux/data --full-output --architecture 32bit --spec /home/clexma/Desktop/fox3/TermDB/svcomp_examples/sv-benchmarks/c/properties/termination.prp --file ../EvolveTerm/data/aeval/c_bench_term/HeizmannHoenickeLeikePodelski-ATVA2013-Fig9_true-termination.c
Lobnya-Boolean-Reordered_true-termination_true-valid-memsafety.c,YES,0,,0,stdout_stderr,3.90,Results/ultimate/ultiouts/c_bench_term/Lobnya-Boolean-Reordered_true-termination_true-valid-memsafety.c-ultimate-svtermprp.log,,2026-01-22 17:20:22,/home/clexma/Desktop/fox3/TermDB/EvolveTerm/data/aeval/c_bench_term/Lobnya-Boolean-Reordered_true-termination_true-valid-memsafety.c,aeval171term,/home/clexma/Desktop/fox3/TermDB/svcomp_examples/sv-benchmarks/c/properties/termination.prp,32bit,300,1,/home/clexma/Desktop/fox3/TermDB/UAutomizer-linux,/usr/bin/python3 /home/clexma/Desktop/fox3/TermDB/UAutomizer-linux/Ultimate.py --config /home/clexma/Desktop/fox3/TermDB/UAutomizer-linux/config --data /home/clexma/Desktop/fox3/TermDB/UAutomizer-linux/data --full-output --architecture 32bit --spec /home/clexma/Desktop/fox3/TermDB/svcomp_examples/sv-benchmarks/c/properties/termination.prp --file ../EvolveTerm/data/aeval/c_bench_term/Lobnya-Boolean-Reordered_true-termination_true-valid-memsafety.c
Masse-VMCAI2014-Fig1a_true-termination.c,YES,0,,0,stdout_stderr,4.21,Results/ultimate/ultiouts/c_bench_term/Masse-VMCAI2014-Fig1a_true-termination.c-ultimate-svtermprp.log,,2026-01-22 17:20:26,/home/clexma/Desktop/fox3/TermDB/EvolveTerm/data/aeval/c_bench_term/Masse-VMCAI2014-Fig1a_true-termination.c,aeval171term,/home/clexma/Desktop/fox3/TermDB/svcomp_examples/sv-benchmarks/c/properties/termination.prp,32bit,300,1,/home/clexma/Desktop/fox3/TermDB/UAutomizer-linux,/usr/bin/python3 /home/clexma/Desktop/fox3/TermDB/UAutomizer-linux/Ultimate.py --config /home/clexma/Desktop/fox3/TermDB/UAutomizer-linux/config --data /home/clexma/Desktop/fox3/TermDB/UAutomizer-linux/data --full-output --architecture 32bit --spec /home/clexma/Desktop/fox3/TermDB/svcomp_examples/sv-benchmarks/c/properties/termination.prp --file ../EvolveTerm/data/aeval/c_bench_term/Masse-VMCAI2014-Fig1a_true-termination.c
Masse-VMCAI2014-Fig1b_true-termination-version-1.c,MAYBE,0,,0,stdout_stderr,5.84,Results/ultimate/ultiouts/c_bench_term/Masse-VMCAI2014-Fig1b_true-termination-version-1.c-ultimate-svtermprp.log,,2026-01-22 17:20:32,/home/clexma/Desktop/fox3/TermDB/EvolveTerm/data/aeval/c_bench_term/Masse-VMCAI2014-Fig1b_true-termination-version-1.c,aeval171term,/home/clexma/Desktop/fox3/TermDB/svcomp_examples/sv-benchmarks/c/properties/termination.prp,32bit,300,1,/home/clexma/Desktop/fox3/TermDB/UAutomizer-linux,/usr/bin/python3 /home/clexma/Desktop/fox3/TermDB/UAutomizer-linux/Ultimate.py --config /home/clexma/Desktop/fox3/TermDB/UAutomizer-linux/config --data /home/clexma/Desktop/fox3/TermDB/UAutomizer-linux/data --full-output --architecture 32bit --spec /home/clexma/Desktop/fox3/TermDB/svcomp_examples/sv-benchmarks/c/properties/termination.prp --file ../EvolveTerm/data/aeval/c_bench_term/Masse-VMCAI2014-Fig1b_true-termination-version-1.c
Masse-VMCAI2014-Fig1b_true-termination-version-2.c,MAYBE,0,,0,stdout_stderr,6.32,Results/ultimate/ultiouts/c_bench_term/Masse-VMCAI2014-Fig1b_true-termination-version-2.c-ultimate-svtermprp.log,,2026-01-22 17:20:38,/home/clexma/Desktop/fox3/TermDB/EvolveTerm/data/aeval/c_bench_term/Masse-VMCAI2014-Fig1b_true-termination-version-2.c,aeval171term,/home/clexma/Desktop/fox3/TermDB/svcomp_examples/sv-benchmarks/c/properties/termination.prp,32bit,300,1,/home/clexma/Desktop/fox3/TermDB/UAutomizer-linux,/usr/bin/python3 /home/clexma/Desktop/fox3/TermDB/UAutomizer-linux/Ultimate.py --config /home/clexma/Desktop/fox3/TermDB/UAutomizer-linux/config --data /home/clexma/Desktop/fox3/TermDB/UAutomizer-linux/data --full-output --architecture 32bit --spec /home/clexma/Desktop/fox3/TermDB/svcomp_examples/sv-benchmarks/c/properties/termination.prp --file ../EvolveTerm/data/aeval/c_bench_term/Masse-VMCAI2014-Fig1b_true-termination-version-2.c
Masse-VMCAI2014-Fig1b_true-termination.c,MAYBE,0,,0,stdout_stderr,5.76,Results/ultimate/ultiouts/c_bench_term/Masse-VMCAI2014-Fig1b_true-termination.c-ultimate-svtermprp.log,,2026-01-22 17:20:44,/home/clexma/Desktop/fox3/TermDB/EvolveTerm/data/aeval/c_bench_term/Masse-VMCAI2014-Fig1b_true-termination.c,aeval171term,/home/clexma/Desktop/fox3/TermDB/svcomp_examples/sv-benchmarks/c/properties/termination.prp,32bit,300,1,/home/clexma/Desktop/fox3/TermDB/UAutomizer-linux,/usr/bin/python3 /home/clexma/Desktop/fox3/TermDB/UAutomizer-linux/Ultimate.py --config /home/clexma/Desktop/fox3/TermDB/UAutomizer-linux/config --data /home/clexma/Desktop/fox3/TermDB/UAutomizer-linux/data --full-output --architecture 32bit --spec /home/clexma/Desktop/fox3/TermDB/svcomp_examples/sv-benchmarks/c/properties/termination.prp --file ../EvolveTerm/data/aeval/c_bench_term/Masse-VMCAI2014-Fig1b_true-termination.c
McCarthyIterative_true-termination_true-no-overflow.c,YES,0,,0,stdout_stderr,5.64,Results/ultimate/ultiouts/c_bench_term/McCarthyIterative_true-termination_true-no-overflow.c-ultimate-svtermprp.log,,2026-01-22 17:20:50,/home/clexma/Desktop/fox3/TermDB/EvolveTerm/data/aeval/c_bench_term/McCarthyIterative_true-termination_true-no-overflow.c,aeval171term,/home/clexma/Desktop/fox3/TermDB/svcomp_examples/sv-benchmarks/c/properties/termination.prp,32bit,300,1,/home/clexma/Desktop/fox3/TermDB/UAutomizer-linux,/usr/bin/python3 /home/clexma/Desktop/fox3/TermDB/UAutomizer-linux/Ultimate.py --config /home/clexma/Desktop/fox3/TermDB/UAutomizer-linux/config --data /home/clexma/Desktop/fox3/TermDB/UAutomizer-linux/data --full-output --architecture 32bit --spec /home/clexma/Desktop/fox3/TermDB/svcomp_examples/sv-benchmarks/c/properties/termination.prp --file ../EvolveTerm/data/aeval/c_bench_term/McCarthyIterative_true-termination_true-no-overflow.c
MenloPark_true-no-overflow_true-termination_true-valid-memsafety-modif.c,YES,0,,0,stdout_stderr,3.85,Results/ultimate/ultiouts/c_bench_term/MenloPark_true-no-overflow_true-termination_true-valid-memsafety-modif.c-ultimate-svtermprp.log,,2026-01-22 17:20:54,/home/clexma/Desktop/fox3/TermDB/EvolveTerm/data/aeval/c_bench_term/MenloPark_true-no-overflow_true-termination_true-valid-memsafety-modif.c,aeval171term,/home/clexma/Desktop/fox3/TermDB/svcomp_examples/sv-benchmarks/c/properties/termination.prp,32bit,300,1,/home/clexma/Desktop/fox3/TermDB/UAutomizer-linux,/usr/bin/python3 /home/clexma/Desktop/fox3/TermDB/UAutomizer-linux/Ultimate.py --config /home/clexma/Desktop/fox3/TermDB/UAutomizer-linux/config --data /home/clexma/Desktop/fox3/TermDB/UAutomizer-linux/data --full-output --architecture 32bit --spec /home/clexma/Desktop/fox3/TermDB/svcomp_examples/sv-benchmarks/c/properties/termination.prp --file ../EvolveTerm/data/aeval/c_bench_term/MenloPark_true-no-overflow_true-termination_true-valid-memsafety-modif.c
MenloPark_true-no-overflow_true-termination_true-valid-memsafety.c,YES,0,,0,stdout_stderr,3.86,Results/ultimate/ultiouts/c_bench_term/MenloPark_true-no-overflow_true-termination_true-valid-memsafety.c-ultimate-svtermprp.log,,2026-01-22 17:20:57,/home/clexma/Desktop/fox3/TermDB/EvolveTerm/data/aeval/c_bench_term/MenloPark_true-no-overflow_true-termination_true-valid-memsafety.c,aeval171term,/home/clexma/Desktop/fox3/TermDB/svcomp_examples/sv-benchmarks/c/properties/termination.prp,32bit,300,1,/home/clexma/Desktop/fox3/TermDB/UAutomizer-linux,/usr/bin/python3 /home/clexma/Desktop/fox3/TermDB/UAutomizer-linux/Ultimate.py --config /home/clexma/Desktop/fox3/TermDB/UAutomizer-linux/config --data /home/clexma/Desktop/fox3/TermDB/UAutomizer-linux/data --full-output --architecture 32bit --spec /home/clexma/Desktop/fox3/TermDB/svcomp_examples/sv-benchmarks/c/properties/termination.prp --file ../EvolveTerm/data/aeval/c_bench_term/MenloPark_true-no-overflow_true-termination_true-valid-memsafety.c
Mysore_false-no-overflow.c,YES,0,,0,stdout_stderr,3.79,Results/ultimate/ultiouts/c_bench_term/Mysore_false-no-overflow.c-ultimate-svtermprp.log,,2026-01-22 17:21:01,/home/clexma/Desktop/fox3/TermDB/EvolveTerm/data/aeval/c_bench_term/Mysore_false-no-overflow.c,aeval171term,/home/clexma/Desktop/fox3/TermDB/svcomp_examples/sv-benchmarks/c/properties/termination.prp,32bit,300,1,/home/clexma/Desktop/fox3/TermDB/UAutomizer-linux,/usr/bin/python3 /home/clexma/Desktop/fox3/TermDB/UAutomizer-linux/Ultimate.py --config /home/clexma/Desktop/fox3/TermDB/UAutomizer-linux/config --data /home/clexma/Desktop/fox3/TermDB/UAutomizer-linux/data --full-output --architecture 32bit --spec /home/clexma/Desktop/fox3/TermDB/svcomp_examples/sv-benchmarks/c/properties/termination.prp --file ../EvolveTerm/data/aeval/c_bench_term/Mysore_false-no-overflow.c
NoriSharma-2013FSE-Fig8-true-termination-modif.c,YES,0,,0,stdout_stderr,4.31,Results/ultimate/ultiouts/c_bench_term/NoriSharma-2013FSE-Fig8-true-termination-modif.c-ultimate-svtermprp.log,,2026-01-22 17:21:05,/home/clexma/Desktop/fox3/TermDB/EvolveTerm/data/aeval/c_bench_term/NoriSharma-2013FSE-Fig8-true-termination-modif.c,aeval171term,/home/clexma/Desktop/fox3/TermDB/svcomp_examples/sv-benchmarks/c/properties/termination.prp,32bit,300,1,/home/clexma/Desktop/fox3/TermDB/UAutomizer-linux,/usr/bin/python3 /home/clexma/Desktop/fox3/TermDB/UAutomizer-linux/Ultimate.py --config /home/clexma/Desktop/fox3/TermDB/UAutomizer-linux/config --data /home/clexma/Desktop/fox3/TermDB/UAutomizer-linux/data --full-output --architecture 32bit --spec /home/clexma/Desktop/fox3/TermDB/svcomp_examples/sv-benchmarks/c/properties/termination.prp --file ../EvolveTerm/data/aeval/c_bench_term/NoriSharma-2013FSE-Fig8-true-termination-modif.c
NoriSharma-2013FSE-Fig8-true-termination.c,YES,0,,0,stdout_stderr,4.05,Results/ultimate/ultiouts/c_bench_term/NoriSharma-2013FSE-Fig8-true-termination.c-ultimate-svtermprp.log,,2026-01-22 17:21:10,/home/clexma/Desktop/fox3/TermDB/EvolveTerm/data/aeval/c_bench_term/NoriSharma-2013FSE-Fig8-true-termination.c,aeval171term,/home/clexma/Desktop/fox3/TermDB/svcomp_examples/sv-benchmarks/c/properties/termination.prp,32bit,300,1,/home/clexma/Desktop/fox3/TermDB/UAutomizer-linux,/usr/bin/python3 /home/clexma/Desktop/fox3/TermDB/UAutomizer-linux/Ultimate.py --config /home/clexma/Desktop/fox3/TermDB/UAutomizer-linux/config --data /home/clexma/Desktop/fox3/TermDB/UAutomizer-linux/data --full-output --architecture 32bit --spec /home/clexma/Desktop/fox3/TermDB/svcomp_examples/sv-benchmarks/c/properties/termination.prp --file ../EvolveTerm/data/aeval/c_bench_term/NoriSharma-2013FSE-Fig8-true-termination.c
Nyala-2lex_true-no-overflow_true-termination_true-valid-memsafety-version.c,YES,0,,0,stdout_stderr,4.39,Results/ultimate/ultiouts/c_bench_term/Nyala-2lex_true-no-overflow_true-termination_true-valid-memsafety-version.c-ultimate-svtermprp.log,,2026-01-22 17:21:14,/home/clexma/Desktop/fox3/TermDB/EvolveTerm/data/aeval/c_bench_term/Nyala-2lex_true-no-overflow_true-termination_true-valid-memsafety-version.c,aeval171term,/home/clexma/Desktop/fox3/TermDB/svcomp_examples/sv-benchmarks/c/properties/termination.prp,32bit,300,1,/home/clexma/Desktop/fox3/TermDB/UAutomizer-linux,/usr/bin/python3 /home/clexma/Desktop/fox3/TermDB/UAutomizer-linux/Ultimate.py --config /home/clexma/Desktop/fox3/TermDB/UAutomizer-linux/config --data /home/clexma/Desktop/fox3/TermDB/UAutomizer-linux/data --full-output --architecture 32bit --spec /home/clexma/Desktop/fox3/TermDB/svcomp_examples/sv-benchmarks/c/properties/termination.prp --file ../EvolveTerm/data/aeval/c_bench_term/Nyala-2lex_true-no-overflow_true-termination_true-valid-memsafety-version.c
Nyala-2lex_true-no-overflow_true-termination_true-valid-memsafety.c,YES,0,,0,stdout_stderr,4.06,Results/ultimate/ultiouts/c_bench_term/Nyala-2lex_true-no-overflow_true-termination_true-valid-memsafety.c-ultimate-svtermprp.log,,2026-01-22 17:21:18,/home/clexma/Desktop/fox3/TermDB/EvolveTerm/data/aeval/c_bench_term/Nyala-2lex_true-no-overflow_true-termination_true-valid-memsafety.c,aeval171term,/home/clexma/Desktop/fox3/TermDB/svcomp_examples/sv-benchmarks/c/properties/termination.prp,32bit,300,1,/home/clexma/Desktop/fox3/TermDB/UAutomizer-linux,/usr/bin/python3 /home/clexma/Desktop/fox3/TermDB/UAutomizer-linux/Ultimate.py --config /home/clexma/Desktop/fox3/TermDB/UAutomizer-linux/config --data /home/clexma/Desktop/fox3/TermDB/UAutomizer-linux/data --full-output --architecture 32bit --spec /home/clexma/Desktop/fox3/TermDB/svcomp_examples/sv-benchmarks/c/properties/termination.prp --file ../EvolveTerm/data/aeval/c_bench_term/Nyala-2lex_true-no-overflow_true-termination_true-valid-memsafety.c
Parallel_true-no-overflow_true-termination_true-valid-memsafety.c,YES,0,,0,stdout_stderr,3.91,Results/ultimate/ultiouts/c_bench_term/Parallel_true-no-overflow_true-termination_true-valid-memsafety.c-ultimate-svtermprp.log,,2026-01-22 17:21:22,/home/clexma/Desktop/fox3/TermDB/EvolveTerm/data/aeval/c_bench_term/Parallel_true-no-overflow_true-termination_true-valid-memsafety.c,aeval171term,/home/clexma/Desktop/fox3/TermDB/svcomp_examples/sv-benchmarks/c/properties/termination.prp,32bit,300,1,/home/clexma/Desktop/fox3/TermDB/UAutomizer-linux,/usr/bin/python3 /home/clexma/Desktop/fox3/TermDB/UAutomizer-linux/Ultimate.py --config /home/clexma/Desktop/fox3/TermDB/UAutomizer-linux/config --data /home/clexma/Desktop/fox3/TermDB/UAutomizer-linux/data --full-output --architecture 32bit --spec /home/clexma/Desktop/fox3/TermDB/svcomp_examples/sv-benchmarks/c/properties/termination.prp --file ../EvolveTerm/data/aeval/c_bench_term/Parallel_true-no-overflow_true-termination_true-valid-memsafety.c
Piecewise_true-no-overflow_true-termination_true-valid-memsafety.c,YES,0,,0,stdout_stderr,4.79,Results/ultimate/ultiouts/c_bench_term/Piecewise_true-no-overflow_true-termination_true-valid-memsafety.c-ultimate-svtermprp.log,,2026-01-22 17:21:27,/home/clexma/Desktop/fox3/TermDB/EvolveTerm/data/aeval/c_bench_term/Piecewise_true-no-overflow_true-termination_true-valid-memsafety.c,aeval171term,/home/clexma/Desktop/fox3/TermDB/svcomp_examples/sv-benchmarks/c/properties/termination.prp,32bit,300,1,/home/clexma/Desktop/fox3/TermDB/UAutomizer-linux,/usr/bin/python3 /home/clexma/Desktop/fox3/TermDB/UAutomizer-linux/Ultimate.py --config /home/clexma/Desktop/fox3/TermDB/UAutomizer-linux/config --data /home/clexma/Desktop/fox3/TermDB/UAutomizer-linux/data --full-output --architecture 32bit --spec /home/clexma/Desktop/fox3/TermDB/svcomp_examples/sv-benchmarks/c/properties/termination.prp --file ../EvolveTerm/data/aeval/c_bench_term/Piecewise_true-no-overflow_true-termination_true-valid-memsafety.c
PodelskiRybalchenko-LICS2004-Fig2_true-termination-modif1.c,TIMEOUT,1,Analysis timed out after 300 seconds,,timeout,300.10,,,2026-01-22 17:26:27,/home/clexma/Desktop/fox3/TermDB/EvolveTerm/data/aeval/c_bench_term/PodelskiRybalchenko-LICS2004-Fig2_true-termination-modif1.c,aeval171term,/home/clexma/Desktop/fox3/TermDB/svcomp_examples/sv-benchmarks/c/properties/termination.prp,32bit,300,1,/home/clexma/Desktop/fox3/TermDB/UAutomizer-linux,/usr/bin/python3 /home/clexma/Desktop/fox3/TermDB/UAutomizer-linux/Ultimate.py --config /home/clexma/Desktop/fox3/TermDB/UAutomizer-linux/config --data /home/clexma/Desktop/fox3/TermDB/UAutomizer-linux/data --full-output --architecture 32bit --spec /home/clexma/Desktop/fox3/TermDB/svcomp_examples/sv-benchmarks/c/properties/termination.prp --file ../EvolveTerm/data/aeval/c_bench_term/PodelskiRybalchenko-LICS2004-Fig2_true-termination-modif1.c
PodelskiRybalchenko-LICS2004-Fig2_true-termination-modif2.c,YES,0,,0,stdout_stderr,7.82,Results/ultimate/ultiouts/c_bench_term/PodelskiRybalchenko-LICS2004-Fig2_true-termination-modif2.c-ultimate-svtermprp.log,,2026-01-22 17:26:35,/home/clexma/Desktop/fox3/TermDB/EvolveTerm/data/aeval/c_bench_term/PodelskiRybalchenko-LICS2004-Fig2_true-termination-modif2.c,aeval171term,/home/clexma/Desktop/fox3/TermDB/svcomp_examples/sv-benchmarks/c/properties/termination.prp,32bit,300,1,/home/clexma/Desktop/fox3/TermDB/UAutomizer-linux,/usr/bin/python3 /home/clexma/Desktop/fox3/TermDB/UAutomizer-linux/Ultimate.py --config /home/clexma/Desktop/fox3/TermDB/UAutomizer-linux/config --data /home/clexma/Desktop/fox3/TermDB/UAutomizer-linux/data --full-output --architecture 32bit --spec /home/clexma/Desktop/fox3/TermDB/svcomp_examples/sv-benchmarks/c/properties/termination.prp --file ../EvolveTerm/data/aeval/c_bench_term/PodelskiRybalchenko-LICS2004-Fig2_true-termination-modif2.c
PodelskiRybalchenko-LICS2004-Fig2_true-termination-simpl.c,YES,0,,0,stdout_stderr,3.81,Results/ultimate/ultiouts/c_bench_term/PodelskiRybalchenko-LICS2004-Fig2_true-termination-simpl.c-ultimate-svtermprp.log,,2026-01-22 17:26:38,/home/clexma/Desktop/fox3/TermDB/EvolveTerm/data/aeval/c_bench_term/PodelskiRybalchenko-LICS2004-Fig2_true-termination-simpl.c,aeval171term,/home/clexma/Desktop/fox3/TermDB/svcomp_examples/sv-benchmarks/c/properties/termination.prp,32bit,300,1,/home/clexma/Desktop/fox3/TermDB/UAutomizer-linux,/usr/bin/python3 /home/clexma/Desktop/fox3/TermDB/UAutomizer-linux/Ultimate.py --config /home/clexma/Desktop/fox3/TermDB/UAutomizer-linux/config --data /home/clexma/Desktop/fox3/TermDB/UAutomizer-linux/data --full-output --architecture 32bit --spec /home/clexma/Desktop/fox3/TermDB/svcomp_examples/sv-benchmarks/c/properties/termination.prp --file ../EvolveTerm/data/aeval/c_bench_term/PodelskiRybalchenko-LICS2004-Fig2_true-termination-simpl.c
PodelskiRybalchenko-LICS2004-Fig2_true-termination.c,YES,0,,0,stdout_stderr,7.59,Results/ultimate/ultiouts/c_bench_term/PodelskiRybalchenko-LICS2004-Fig2_true-termination.c-ultimate-svtermprp.log,,2026-01-22 17:26:46,/home/clexma/Desktop/fox3/TermDB/EvolveTerm/data/aeval/c_bench_term/PodelskiRybalchenko-LICS2004-Fig2_true-termination.c,aeval171term,/home/clexma/Desktop/fox3/TermDB/svcomp_examples/sv-benchmarks/c/properties/termination.prp,32bit,300,1,/home/clexma/Desktop/fox3/TermDB/UAutomizer-linux,/usr/bin/python3 /home/clexma/Desktop/fox3/TermDB/UAutomizer-linux/Ultimate.py --config /home/clexma/Desktop/fox3/TermDB/UAutomizer-linux/config --data /home/clexma/Desktop/fox3/TermDB/UAutomizer-linux/data --full-output --architecture 32bit --spec /home/clexma/Desktop/fox3/TermDB/svcomp_examples/sv-benchmarks/c/properties/termination.prp --file ../EvolveTerm/data/aeval/c_bench_term/PodelskiRybalchenko-LICS2004-Fig2_true-termination.c
PodelskiRybalchenko-TACAS2011-Fig4_true-termination_true-no-overflow.c,YES,0,,0,stdout_stderr,4.19,Results/ultimate/ultiouts/c_bench_term/PodelskiRybalchenko-TACAS2011-Fig4_true-termination_true-no-overflow.c-ultimate-svtermprp.log,,2026-01-22 17:26:50,/home/clexma/Desktop/fox3/TermDB/EvolveTerm/data/aeval/c_bench_term/PodelskiRybalchenko-TACAS2011-Fig4_true-termination_true-no-overflow.c,aeval171term,/home/clexma/Desktop/fox3/TermDB/svcomp_examples/sv-benchmarks/c/properties/termination.prp,32bit,300,1,/home/clexma/Desktop/fox3/TermDB/UAutomizer-linux,/usr/bin/python3 /home/clexma/Desktop/fox3/TermDB/UAutomizer-linux/Ultimate.py --config /home/clexma/Desktop/fox3/TermDB/UAutomizer-linux/config --data /home/clexma/Desktop/fox3/TermDB/UAutomizer-linux/data --full-output --architecture 32bit --spec /home/clexma/Desktop/fox3/TermDB/svcomp_examples/sv-benchmarks/c/properties/termination.prp --file ../EvolveTerm/data/aeval/c_bench_term/PodelskiRybalchenko-TACAS2011-Fig4_true-termination_true-no-overflow.c
PodelskiRybalchenko-VMCAI2004-Ex1_false-no-overflow-version.c,YES,0,,0,stdout_stderr,15.32,Results/ultimate/ultiouts/c_bench_term/PodelskiRybalchenko-VMCAI2004-Ex1_false-no-overflow-version.c-ultimate-svtermprp.log,,2026-01-22 17:27:06,/home/clexma/Desktop/fox3/TermDB/EvolveTerm/data/aeval/c_bench_term/PodelskiRybalchenko-VMCAI2004-Ex1_false-no-overflow-version.c,aeval171term,/home/clexma/Desktop/fox3/TermDB/svcomp_examples/sv-benchmarks/c/properties/termination.prp,32bit,300,1,/home/clexma/Desktop/fox3/TermDB/UAutomizer-linux,/usr/bin/python3 /home/clexma/Desktop/fox3/TermDB/UAutomizer-linux/Ultimate.py --config /home/clexma/Desktop/fox3/TermDB/UAutomizer-linux/config --data /home/clexma/Desktop/fox3/TermDB/UAutomizer-linux/data --full-output --architecture 32bit --spec /home/clexma/Desktop/fox3/TermDB/svcomp_examples/sv-benchmarks/c/properties/termination.prp --file ../EvolveTerm/data/aeval/c_bench_term/PodelskiRybalchenko-VMCAI2004-Ex1_false-no-overflow-version.c
PodelskiRybalchenko-VMCAI2004-Ex1_false-no-overflow.c,YES,0,,0,stdout_stderr,5.58,Results/ultimate/ultiouts/c_bench_term/PodelskiRybalchenko-VMCAI2004-Ex1_false-no-overflow.c-ultimate-svtermprp.log,,2026-01-22 17:27:11,/home/clexma/Desktop/fox3/TermDB/EvolveTerm/data/aeval/c_bench_term/PodelskiRybalchenko-VMCAI2004-Ex1_false-no-overflow.c,aeval171term,/home/clexma/Desktop/fox3/TermDB/svcomp_examples/sv-benchmarks/c/properties/termination.prp,32bit,300,1,/home/clexma/Desktop/fox3/TermDB/UAutomizer-linux,/usr/bin/python3 /home/clexma/Desktop/fox3/TermDB/UAutomizer-linux/Ultimate.py --config /home/clexma/Desktop/fox3/TermDB/UAutomizer-linux/config --data /home/clexma/Desktop/fox3/TermDB/UAutomizer-linux/data --full-output --architecture 32bit --spec /home/clexma/Desktop/fox3/TermDB/svcomp_examples/sv-benchmarks/c/properties/termination.prp --file ../EvolveTerm/data/aeval/c_bench_term/PodelskiRybalchenko-VMCAI2004-Ex1_false-no-overflow.c
PodelskiRybalchenko-simpl1.c,YES,0,,0,stdout_stderr,5.66,Results/ultimate/ultiouts/c_bench_term/PodelskiRybalchenko-simpl1.c-ultimate-svtermprp.log,,2026-01-22 17:27:17,/home/clexma/Desktop/fox3/TermDB/EvolveTerm/data/aeval/c_bench_term/PodelskiRybalchenko-simpl1.c,aeval171term,/home/clexma/Desktop/fox3/TermDB/svcomp_examples/sv-benchmarks/c/properties/termination.prp,32bit,300,1,/home/clexma/Desktop/fox3/TermDB/UAutomizer-linux,/usr/bin/python3 /home/clexma/Desktop/fox3/TermDB/UAutomizer-linux/Ultimate.py --config /home/clexma/Desktop/fox3/TermDB/UAutomizer-linux/config --data /home/clexma/Desktop/fox3/TermDB/UAutomizer-linux/data --full-output --architecture 32bit --spec /home/clexma/Desktop/fox3/TermDB/svcomp_examples/sv-benchmarks/c/properties/termination.prp --file ../EvolveTerm/data/aeval/c_bench_term/PodelskiRybalchenko-simpl1.c
PodelskiRybalchenko-simpl2.c,YES,0,,0,stdout_stderr,4.22,Results/ultimate/ultiouts/c_bench_term/PodelskiRybalchenko-simpl2.c-ultimate-svtermprp.log,,2026-01-22 17:27:21,/home/clexma/Desktop/fox3/TermDB/EvolveTerm/data/aeval/c_bench_term/PodelskiRybalchenko-simpl2.c,aeval171term,/home/clexma/Desktop/fox3/TermDB/svcomp_examples/sv-benchmarks/c/properties/termination.prp,32bit,300,1,/home/clexma/Desktop/fox3/TermDB/UAutomizer-linux,/usr/bin/python3 /home/clexma/Desktop/fox3/TermDB/UAutomizer-linux/Ultimate.py --config /home/clexma/Desktop/fox3/TermDB/UAutomizer-linux/config --data /home/clexma/Desktop/fox3/TermDB/UAutomizer-linux/data --full-output --architecture 32bit --spec /home/clexma/Desktop/fox3/TermDB/svcomp_examples/sv-benchmarks/c/properties/termination.prp --file ../EvolveTerm/data/aeval/c_bench_term/PodelskiRybalchenko-simpl2.c
PodelskiRybalchenko-simpl3.c,YES,0,,0,stdout_stderr,4.17,Results/ultimate/ultiouts/c_bench_term/PodelskiRybalchenko-simpl3.c-ultimate-svtermprp.log,,2026-01-22 17:27:25,/home/clexma/Desktop/fox3/TermDB/EvolveTerm/data/aeval/c_bench_term/PodelskiRybalchenko-simpl3.c,aeval171term,/home/clexma/Desktop/fox3/TermDB/svcomp_examples/sv-benchmarks/c/properties/termination.prp,32bit,300,1,/home/clexma/Desktop/fox3/TermDB/UAutomizer-linux,/usr/bin/python3 /home/clexma/Desktop/fox3/TermDB/UAutomizer-linux/Ultimate.py --config /home/clexma/Desktop/fox3/TermDB/UAutomizer-linux/config --data /home/clexma/Desktop/fox3/TermDB/UAutomizer-linux/data --full-output --architecture 32bit --spec /home/clexma/Desktop/fox3/TermDB/svcomp_examples/sv-benchmarks/c/properties/termination.prp --file ../EvolveTerm/data/aeval/c_bench_term/PodelskiRybalchenko-simpl3.c
Problem00_label00_true-unreach-call-toy.c,YES,0,,0,stdout_stderr,6.19,Results/ultimate/ultiouts/c_bench_term/Problem00_label00_true-unreach-call-toy.c-ultimate-svtermprp.log,,2026-01-22 17:27:31,/home/clexma/Desktop/fox3/TermDB/EvolveTerm/data/aeval/c_bench_term/Problem00_label00_true-unreach-call-toy.c,aeval171term,/home/clexma/Desktop/fox3/TermDB/svcomp_examples/sv-benchmarks/c/properties/termination.prp,32bit,300,1,/home/clexma/Desktop/fox3/TermDB/UAutomizer-linux,/usr/bin/python3 /home/clexma/Desktop/fox3/TermDB/UAutomizer-linux/Ultimate.py --config /home/clexma/Desktop/fox3/TermDB/UAutomizer-linux/config --data /home/clexma/Desktop/fox3/TermDB/UAutomizer-linux/data --full-output --architecture 32bit --spec /home/clexma/Desktop/fox3/TermDB/svcomp_examples/sv-benchmarks/c/properties/termination.prp --file ../EvolveTerm/data/aeval/c_bench_term/Problem00_label00_true-unreach-call-toy.c
Pure2Phase_false-no-overflow.c,YES,0,,0,stdout_stderr,4.28,Results/ultimate/ultiouts/c_bench_term/Pure2Phase_false-no-overflow.c-ultimate-svtermprp.log,,2026-01-22 17:27:36,/home/clexma/Desktop/fox3/TermDB/EvolveTerm/data/aeval/c_bench_term/Pure2Phase_false-no-overflow.c,aeval171term,/home/clexma/Desktop/fox3/TermDB/svcomp_examples/sv-benchmarks/c/properties/termination.prp,32bit,300,1,/home/clexma/Desktop/fox3/TermDB/UAutomizer-linux,/usr/bin/python3 /home/clexma/Desktop/fox3/TermDB/UAutomizer-linux/Ultimate.py --config /home/clexma/Desktop/fox3/TermDB/UAutomizer-linux/config --data /home/clexma/Desktop/fox3/TermDB/UAutomizer-linux/data --full-output --architecture 32bit --spec /home/clexma/Desktop/fox3/TermDB/svcomp_examples/sv-benchmarks/c/properties/termination.prp --file ../EvolveTerm/data/aeval/c_bench_term/Pure2Phase_false-no-overflow.c
Pure2Phase_true-termination_true-valid-memsafety.c,YES,0,,0,stdout_stderr,4.37,Results/ultimate/ultiouts/c_bench_term/Pure2Phase_true-termination_true-valid-memsafety.c-ultimate-svtermprp.log,,2026-01-22 17:27:40,/home/clexma/Desktop/fox3/TermDB/EvolveTerm/data/aeval/c_bench_term/Pure2Phase_true-termination_true-valid-memsafety.c,aeval171term,/home/clexma/Desktop/fox3/TermDB/svcomp_examples/sv-benchmarks/c/properties/termination.prp,32bit,300,1,/home/clexma/Desktop/fox3/TermDB/UAutomizer-linux,/usr/bin/python3 /home/clexma/Desktop/fox3/TermDB/UAutomizer-linux/Ultimate.py --config /home/clexma/Desktop/fox3/TermDB/UAutomizer-linux/config --data /home/clexma/Desktop/fox3/TermDB/UAutomizer-linux/data --full-output --architecture 32bit --spec /home/clexma/Desktop/fox3/TermDB/svcomp_examples/sv-benchmarks/c/properties/termination.prp --file ../EvolveTerm/data/aeval/c_bench_term/Pure2Phase_true-termination_true-valid-memsafety.c
Pure3Phase_false-no-overflow.c,YES,0,,0,stdout_stderr,4.63,Results/ultimate/ultiouts/c_bench_term/Pure3Phase_false-no-overflow.c-ultimate-svtermprp.log,,2026-01-22 17:27:45,/home/clexma/Desktop/fox3/TermDB/EvolveTerm/data/aeval/c_bench_term/Pure3Phase_false-no-overflow.c,aeval171term,/home/clexma/Desktop/fox3/TermDB/svcomp_examples/sv-benchmarks/c/properties/termination.prp,32bit,300,1,/home/clexma/Desktop/fox3/TermDB/UAutomizer-linux,/usr/bin/python3 /home/clexma/Desktop/fox3/TermDB/UAutomizer-linux/Ultimate.py --config /home/clexma/Desktop/fox3/TermDB/UAutomizer-linux/config --data /home/clexma/Desktop/fox3/TermDB/UAutomizer-linux/data --full-output --architecture 32bit --spec /home/clexma/Desktop/fox3/TermDB/svcomp_examples/sv-benchmarks/c/properties/termination.prp --file ../EvolveTerm/data/aeval/c_bench_term/Pure3Phase_false-no-overflow.c
Singapore_false-no-overflow-version.c,YES,0,,0,stdout_stderr,3.77,Results/ultimate/ultiouts/c_bench_term/Singapore_false-no-overflow-version.c-ultimate-svtermprp.log,,2026-01-22 17:27:48,/home/clexma/Desktop/fox3/TermDB/EvolveTerm/data/aeval/c_bench_term/Singapore_false-no-overflow-version.c,aeval171term,/home/clexma/Desktop/fox3/TermDB/svcomp_examples/sv-benchmarks/c/properties/termination.prp,32bit,300,1,/home/clexma/Desktop/fox3/TermDB/UAutomizer-linux,/usr/bin/python3 /home/clexma/Desktop/fox3/TermDB/UAutomizer-linux/Ultimate.py --config /home/clexma/Desktop/fox3/TermDB/UAutomizer-linux/config --data /home/clexma/Desktop/fox3/TermDB/UAutomizer-linux/data --full-output --architecture 32bit --spec /home/clexma/Desktop/fox3/TermDB/svcomp_examples/sv-benchmarks/c/properties/termination.prp --file ../EvolveTerm/data/aeval/c_bench_term/Singapore_false-no-overflow-version.c
Singapore_false-no-overflow.c,YES,0,,0,stdout_stderr,3.87,Results/ultimate/ultiouts/c_bench_term/Singapore_false-no-overflow.c-ultimate-svtermprp.log,,2026-01-22 17:27:52,/home/clexma/Desktop/fox3/TermDB/EvolveTerm/data/aeval/c_bench_term/Singapore_false-no-overflow.c,aeval171term,/home/clexma/Desktop/fox3/TermDB/svcomp_examples/sv-benchmarks/c/properties/termination.prp,32bit,300,1,/home/clexma/Desktop/fox3/TermDB/UAutomizer-linux,/usr/bin/python3 /home/clexma/Desktop/fox3/TermDB/UAutomizer-linux/Ultimate.py --config /home/clexma/Desktop/fox3/TermDB/UAutomizer-linux/config --data /home/clexma/Desktop/fox3/TermDB/UAutomizer-linux/data --full-output --architecture 32bit --spec /home/clexma/Desktop/fox3/TermDB/svcomp_examples/sv-benchmarks/c/properties/termination.prp --file ../EvolveTerm/data/aeval/c_bench_term/Singapore_false-no-overflow.c
TelAviv-Amir-Minimum-alloca_true-termination.c,YES,0,,0,stdout_stderr,7.42,Results/ultimate/ultiouts/c_bench_term/TelAviv-Amir-Minimum-alloca_true-termination.c-ultimate-svtermprp.log,,2026-01-22 17:28:00,/home/clexma/Desktop/fox3/TermDB/EvolveTerm/data/aeval/c_bench_term/TelAviv-Amir-Minimum-alloca_true-termination.c,aeval171term,/home/clexma/Desktop/fox3/TermDB/svcomp_examples/sv-benchmarks/c/properties/termination.prp,32bit,300,1,/home/clexma/Desktop/fox3/TermDB/UAutomizer-linux,/usr/bin/python3 /home/clexma/Desktop/fox3/TermDB/UAutomizer-linux/Ultimate.py --config /home/clexma/Desktop/fox3/TermDB/UAutomizer-linux/config --data /home/clexma/Desktop/fox3/TermDB/UAutomizer-linux/data --full-output --architecture 32bit --spec /home/clexma/Desktop/fox3/TermDB/svcomp_examples/sv-benchmarks/c/properties/termination.prp --file ../EvolveTerm/data/aeval/c_bench_term/TelAviv-Amir-Minimum-alloca_true-termination.c
Thun_false-no-overflow.c,YES,0,,0,stdout_stderr,3.69,Results/ultimate/ultiouts/c_bench_term/Thun_false-no-overflow.c-ultimate-svtermprp.log,,2026-01-22 17:28:03,/home/clexma/Desktop/fox3/TermDB/EvolveTerm/data/aeval/c_bench_term/Thun_false-no-overflow.c,aeval171term,/home/clexma/Desktop/fox3/TermDB/svcomp_examples/sv-benchmarks/c/properties/termination.prp,32bit,300,1,/home/clexma/Desktop/fox3/TermDB/UAutomizer-linux,/usr/bin/python3 /home/clexma/Desktop/fox3/TermDB/UAutomizer-linux/Ultimate.py --config /home/clexma/Desktop/fox3/TermDB/UAutomizer-linux/config --data /home/clexma/Desktop/fox3/TermDB/UAutomizer-linux/data --full-output --architecture 32bit --spec /home/clexma/Desktop/fox3/TermDB/svcomp_examples/sv-benchmarks/c/properties/termination.prp --file ../EvolveTerm/data/aeval/c_bench_term/Thun_false-no-overflow.c
Toulouse-BranchesToLoop-alloca_true-termination.c,YES,0,,0,stdout_stderr,4.10,Results/ultimate/ultiouts/c_bench_term/Toulouse-BranchesToLoop-alloca_true-termination.c-ultimate-svtermprp.log,,2026-01-22 17:28:07,/home/clexma/Desktop/fox3/TermDB/EvolveTerm/data/aeval/c_bench_term/Toulouse-BranchesToLoop-alloca_true-termination.c,aeval171term,/home/clexma/Desktop/fox3/TermDB/svcomp_examples/sv-benchmarks/c/properties/termination.prp,32bit,300,1,/home/clexma/Desktop/fox3/TermDB/UAutomizer-linux,/usr/bin/python3 /home/clexma/Desktop/fox3/TermDB/UAutomizer-linux/Ultimate.py --config /home/clexma/Desktop/fox3/TermDB/UAutomizer-linux/config --data /home/clexma/Desktop/fox3/TermDB/UAutomizer-linux/data --full-output --architecture 32bit --spec /home/clexma/Desktop/fox3/TermDB/svcomp_examples/sv-benchmarks/c/properties/termination.prp --file ../EvolveTerm/data/aeval/c_bench_term/Toulouse-BranchesToLoop-alloca_true-termination.c
UrbanMine-ESOP2014-Fig3_true-termination_true-no-overflow.c,YES,0,,0,stdout_stderr,4.77,Results/ultimate/ultiouts/c_bench_term/UrbanMine-ESOP2014-Fig3_true-termination_true-no-overflow.c-ultimate-svtermprp.log,,2026-01-22 17:28:12,/home/clexma/Desktop/fox3/TermDB/EvolveTerm/data/aeval/c_bench_term/UrbanMine-ESOP2014-Fig3_true-termination_true-no-overflow.c,aeval171term,/home/clexma/Desktop/fox3/TermDB/svcomp_examples/sv-benchmarks/c/properties/termination.prp,32bit,300,1,/home/clexma/Desktop/fox3/TermDB/UAutomizer-linux,/usr/bin/python3 /home/clexma/Desktop/fox3/TermDB/UAutomizer-linux/Ultimate.py --config /home/clexma/Desktop/fox3/TermDB/UAutomizer-linux/config --data /home/clexma/Desktop/fox3/TermDB/UAutomizer-linux/data --full-output --architecture 32bit --spec /home/clexma/Desktop/fox3/TermDB/svcomp_examples/sv-benchmarks/c/properties/termination.prp --file ../EvolveTerm/data/aeval/c_bench_term/UrbanMine-ESOP2014-Fig3_true-termination_true-no-overflow.c
aaron3_false-no-overflow-version.c,YES,0,,0,stdout_stderr,3.76,Results/ultimate/ultiouts/c_bench_term/aaron3_false-no-overflow-version.c-ultimate-svtermprp.log,,2026-01-22 17:28:16,/home/clexma/Desktop/fox3/TermDB/EvolveTerm/data/aeval/c_bench_term/aaron3_false-no-overflow-version.c,aeval171term,/home/clexma/Desktop/fox3/TermDB/svcomp_examples/sv-benchmarks/c/properties/termination.prp,32bit,300,1,/home/clexma/Desktop/fox3/TermDB/UAutomizer-linux,/usr/bin/python3 /home/clexma/Desktop/fox3/TermDB/UAutomizer-linux/Ultimate.py --config /home/clexma/Desktop/fox3/TermDB/UAutomizer-linux/config --data /home/clexma/Desktop/fox3/TermDB/UAutomizer-linux/data --full-output --architecture 32bit --spec /home/clexma/Desktop/fox3/TermDB/svcomp_examples/sv-benchmarks/c/properties/termination.prp --file ../EvolveTerm/data/aeval/c_bench_term/aaron3_false-no-overflow-version.c
aaron3_false-no-overflow.c,YES,0,,0,stdout_stderr,4.40,Results/ultimate/ultiouts/c_bench_term/aaron3_false-no-overflow.c-ultimate-svtermprp.log,,2026-01-22 17:28:20,/home/clexma/Desktop/fox3/TermDB/EvolveTerm/data/aeval/c_bench_term/aaron3_false-no-overflow.c,aeval171term,/home/clexma/Desktop/fox3/TermDB/svcomp_examples/sv-benchmarks/c/properties/termination.prp,32bit,300,1,/home/clexma/Desktop/fox3/TermDB/UAutomizer-linux,/usr/bin/python3 /home/clexma/Desktop/fox3/TermDB/UAutomizer-linux/Ultimate.py --config /home/clexma/Desktop/fox3/TermDB/UAutomizer-linux/config --data /home/clexma/Desktop/fox3/TermDB/UAutomizer-linux/data --full-output --architecture 32bit --spec /home/clexma/Desktop/fox3/TermDB/svcomp_examples/sv-benchmarks/c/properties/termination.prp --file ../EvolveTerm/data/aeval/c_bench_term/aaron3_false-no-overflow.c
aaron3_true-termination_true-valid-memsafety.c,YES,0,,0,stdout_stderr,4.66,Results/ultimate/ultiouts/c_bench_term/aaron3_true-termination_true-valid-memsafety.c-ultimate-svtermprp.log,,2026-01-22 17:28:25,/home/clexma/Desktop/fox3/TermDB/EvolveTerm/data/aeval/c_bench_term/aaron3_true-termination_true-valid-memsafety.c,aeval171term,/home/clexma/Desktop/fox3/TermDB/svcomp_examples/sv-benchmarks/c/properties/termination.prp,32bit,300,1,/home/clexma/Desktop/fox3/TermDB/UAutomizer-linux,/usr/bin/python3 /home/clexma/Desktop/fox3/TermDB/UAutomizer-linux/Ultimate.py --config /home/clexma/Desktop/fox3/TermDB/UAutomizer-linux/config --data /home/clexma/Desktop/fox3/TermDB/UAutomizer-linux/data --full-output --architecture 32bit --spec /home/clexma/Desktop/fox3/TermDB/svcomp_examples/sv-benchmarks/c/properties/termination.prp --file ../EvolveTerm/data/aeval/c_bench_term/aaron3_true-termination_true-valid-memsafety.c
aviad_true-termination_true-no-overflow-version1.c,YES,0,,0,stdout_stderr,5.71,Results/ultimate/ultiouts/c_bench_term/aviad_true-termination_true-no-overflow-version1.c-ultimate-svtermprp.log,,2026-01-22 17:28:31,/home/clexma/Desktop/fox3/TermDB/EvolveTerm/data/aeval/c_bench_term/aviad_true-termination_true-no-overflow-version1.c,aeval171term,/home/clexma/Desktop/fox3/TermDB/svcomp_examples/sv-benchmarks/c/properties/termination.prp,32bit,300,1,/home/clexma/Desktop/fox3/TermDB/UAutomizer-linux,/usr/bin/python3 /home/clexma/Desktop/fox3/TermDB/UAutomizer-linux/Ultimate.py --config /home/clexma/Desktop/fox3/TermDB/UAutomizer-linux/config --data /home/clexma/Desktop/fox3/TermDB/UAutomizer-linux/data --full-output --architecture 32bit --spec /home/clexma/Desktop/fox3/TermDB/svcomp_examples/sv-benchmarks/c/properties/termination.prp --file ../EvolveTerm/data/aeval/c_bench_term/aviad_true-termination_true-no-overflow-version1.c
aviad_true-termination_true-no-overflow-version2.c,YES,0,,0,stdout_stderr,5.22,Results/ultimate/ultiouts/c_bench_term/aviad_true-termination_true-no-overflow-version2.c-ultimate-svtermprp.log,,2026-01-22 17:28:36,/home/clexma/Desktop/fox3/TermDB/EvolveTerm/data/aeval/c_bench_term/aviad_true-termination_true-no-overflow-version2.c,aeval171term,/home/clexma/Desktop/fox3/TermDB/svcomp_examples/sv-benchmarks/c/properties/termination.prp,32bit,300,1,/home/clexma/Desktop/fox3/TermDB/UAutomizer-linux,/usr/bin/python3 /home/clexma/Desktop/fox3/TermDB/UAutomizer-linux/Ultimate.py --config /home/clexma/Desktop/fox3/TermDB/UAutomizer-linux/config --data /home/clexma/Desktop/fox3/TermDB/UAutomizer-linux/data --full-output --architecture 32bit --spec /home/clexma/Desktop/fox3/TermDB/svcomp_examples/sv-benchmarks/c/properties/termination.prp --file ../EvolveTerm/data/aeval/c_bench_term/aviad_true-termination_true-no-overflow-version2.c
aviad_true-termination_true-no-overflow-version3.c,YES,0,,0,stdout_stderr,3.78,Results/ultimate/ultiouts/c_bench_term/aviad_true-termination_true-no-overflow-version3.c-ultimate-svtermprp.log,,2026-01-22 17:28:40,/home/clexma/Desktop/fox3/TermDB/EvolveTerm/data/aeval/c_bench_term/aviad_true-termination_true-no-overflow-version3.c,aeval171term,/home/clexma/Desktop/fox3/TermDB/svcomp_examples/sv-benchmarks/c/properties/termination.prp,32bit,300,1,/home/clexma/Desktop/fox3/TermDB/UAutomizer-linux,/usr/bin/python3 /home/clexma/Desktop/fox3/TermDB/UAutomizer-linux/Ultimate.py --config /home/clexma/Desktop/fox3/TermDB/UAutomizer-linux/config --data /home/clexma/Desktop/fox3/TermDB/UAutomizer-linux/data --full-output --architecture 32bit --spec /home/clexma/Desktop/fox3/TermDB/svcomp_examples/sv-benchmarks/c/properties/termination.prp --file ../EvolveTerm/data/aeval/c_bench_term/aviad_true-termination_true-no-overflow-version3.c
aviad_true-termination_true-no-overflow.c,YES,0,,0,stdout_stderr,3.67,Results/ultimate/ultiouts/c_bench_term/aviad_true-termination_true-no-overflow.c-ultimate-svtermprp.log,,2026-01-22 17:28:43,/home/clexma/Desktop/fox3/TermDB/EvolveTerm/data/aeval/c_bench_term/aviad_true-termination_true-no-overflow.c,aeval171term,/home/clexma/Desktop/fox3/TermDB/svcomp_examples/sv-benchmarks/c/properties/termination.prp,32bit,300,1,/home/clexma/Desktop/fox3/TermDB/UAutomizer-linux,/usr/bin/python3 /home/clexma/Desktop/fox3/TermDB/UAutomizer-linux/Ultimate.py --config /home/clexma/Desktop/fox3/TermDB/UAutomizer-linux/config --data /home/clexma/Desktop/fox3/TermDB/UAutomizer-linux/data --full-output --architecture 32bit --spec /home/clexma/Desktop/fox3/TermDB/svcomp_examples/sv-benchmarks/c/properties/termination.prp --file ../EvolveTerm/data/aeval/c_bench_term/aviad_true-termination_true-no-overflow.c
b.03-no-inv_assume_true-termination_true-no-overflow.c,YES,0,,0,stdout_stderr,3.75,Results/ultimate/ultiouts/c_bench_term/b.03-no-inv_assume_true-termination_true-no-overflow.c-ultimate-svtermprp.log,,2026-01-22 17:28:47,/home/clexma/Desktop/fox3/TermDB/EvolveTerm/data/aeval/c_bench_term/b.03-no-inv_assume_true-termination_true-no-overflow.c,aeval171term,/home/clexma/Desktop/fox3/TermDB/svcomp_examples/sv-benchmarks/c/properties/termination.prp,32bit,300,1,/home/clexma/Desktop/fox3/TermDB/UAutomizer-linux,/usr/bin/python3 /home/clexma/Desktop/fox3/TermDB/UAutomizer-linux/Ultimate.py --config /home/clexma/Desktop/fox3/TermDB/UAutomizer-linux/config --data /home/clexma/Desktop/fox3/TermDB/UAutomizer-linux/data --full-output --architecture 32bit --spec /home/clexma/Desktop/fox3/TermDB/svcomp_examples/sv-benchmarks/c/properties/termination.prp --file ../EvolveTerm/data/aeval/c_bench_term/b.03-no-inv_assume_true-termination_true-no-overflow.c
b.10_true-termination_true-no-overflow.c,YES,0,,0,stdout_stderr,3.93,Results/ultimate/ultiouts/c_bench_term/b.10_true-termination_true-no-overflow.c-ultimate-svtermprp.log,,2026-01-22 17:28:51,/home/clexma/Desktop/fox3/TermDB/EvolveTerm/data/aeval/c_bench_term/b.10_true-termination_true-no-overflow.c,aeval171term,/home/clexma/Desktop/fox3/TermDB/svcomp_examples/sv-benchmarks/c/properties/termination.prp,32bit,300,1,/home/clexma/Desktop/fox3/TermDB/UAutomizer-linux,/usr/bin/python3 /home/clexma/Desktop/fox3/TermDB/UAutomizer-linux/Ultimate.py --config /home/clexma/Desktop/fox3/TermDB/UAutomizer-linux/config --data /home/clexma/Desktop/fox3/TermDB/UAutomizer-linux/data --full-output --architecture 32bit --spec /home/clexma/Desktop/fox3/TermDB/svcomp_examples/sv-benchmarks/c/properties/termination.prp --file ../EvolveTerm/data/aeval/c_bench_term/b.10_true-termination_true-no-overflow.c
b.11_true-termination_true-no-overflow-simpl.c,YES,0,,0,stdout_stderr,4.03,Results/ultimate/ultiouts/c_bench_term/b.11_true-termination_true-no-overflow-simpl.c-ultimate-svtermprp.log,,2026-01-22 17:28:55,/home/clexma/Desktop/fox3/TermDB/EvolveTerm/data/aeval/c_bench_term/b.11_true-termination_true-no-overflow-simpl.c,aeval171term,/home/clexma/Desktop/fox3/TermDB/svcomp_examples/sv-benchmarks/c/properties/termination.prp,32bit,300,1,/home/clexma/Desktop/fox3/TermDB/UAutomizer-linux,/usr/bin/python3 /home/clexma/Desktop/fox3/TermDB/UAutomizer-linux/Ultimate.py --config /home/clexma/Desktop/fox3/TermDB/UAutomizer-linux/config --data /home/clexma/Desktop/fox3/TermDB/UAutomizer-linux/data --full-output --architecture 32bit --spec /home/clexma/Desktop/fox3/TermDB/svcomp_examples/sv-benchmarks/c/properties/termination.prp --file ../EvolveTerm/data/aeval/c_bench_term/b.11_true-termination_true-no-overflow-simpl.c
b.11_true-termination_true-no-overflow.c,YES,0,,0,stdout_stderr,3.96,Results/ultimate/ultiouts/c_bench_term/b.11_true-termination_true-no-overflow.c-ultimate-svtermprp.log,,2026-01-22 17:28:59,/home/clexma/Desktop/fox3/TermDB/EvolveTerm/data/aeval/c_bench_term/b.11_true-termination_true-no-overflow.c,aeval171term,/home/clexma/Desktop/fox3/TermDB/svcomp_examples/sv-benchmarks/c/properties/termination.prp,32bit,300,1,/home/clexma/Desktop/fox3/TermDB/UAutomizer-linux,/usr/bin/python3 /home/clexma/Desktop/fox3/TermDB/UAutomizer-linux/Ultimate.py --config /home/clexma/Desktop/fox3/TermDB/UAutomizer-linux/config --data /home/clexma/Desktop/fox3/TermDB/UAutomizer-linux/data --full-output --architecture 32bit --spec /home/clexma/Desktop/fox3/TermDB/svcomp_examples/sv-benchmarks/c/properties/termination.prp --file ../EvolveTerm/data/aeval/c_bench_term/b.11_true-termination_true-no-overflow.c
c.07_true-termination_true-no-overflow-simpl.c,YES,0,,0,stdout_stderr,3.81,Results/ultimate/ultiouts/c_bench_term/c.07_true-termination_true-no-overflow-simpl.c-ultimate-svtermprp.log,,2026-01-22 17:29:03,/home/clexma/Desktop/fox3/TermDB/EvolveTerm/data/aeval/c_bench_term/c.07_true-termination_true-no-overflow-simpl.c,aeval171term,/home/clexma/Desktop/fox3/TermDB/svcomp_examples/sv-benchmarks/c/properties/termination.prp,32bit,300,1,/home/clexma/Desktop/fox3/TermDB/UAutomizer-linux,/usr/bin/python3 /home/clexma/Desktop/fox3/TermDB/UAutomizer-linux/Ultimate.py --config /home/clexma/Desktop/fox3/TermDB/UAutomizer-linux/config --data /home/clexma/Desktop/fox3/TermDB/UAutomizer-linux/data --full-output --architecture 32bit --spec /home/clexma/Desktop/fox3/TermDB/svcomp_examples/sv-benchmarks/c/properties/termination.prp --file ../EvolveTerm/data/aeval/c_bench_term/c.07_true-termination_true-no-overflow-simpl.c
c.07_true-termination_true-no-overflow.c,YES,0,,0,stdout_stderr,3.76,Results/ultimate/ultiouts/c_bench_term/c.07_true-termination_true-no-overflow.c-ultimate-svtermprp.log,,2026-01-22 17:29:07,/home/clexma/Desktop/fox3/TermDB/EvolveTerm/data/aeval/c_bench_term/c.07_true-termination_true-no-overflow.c,aeval171term,/home/clexma/Desktop/fox3/TermDB/svcomp_examples/sv-benchmarks/c/properties/termination.prp,32bit,300,1,/home/clexma/Desktop/fox3/TermDB/UAutomizer-linux,/usr/bin/python3 /home/clexma/Desktop/fox3/TermDB/UAutomizer-linux/Ultimate.py --config /home/clexma/Desktop/fox3/TermDB/UAutomizer-linux/config --data /home/clexma/Desktop/fox3/TermDB/UAutomizer-linux/data --full-output --architecture 32bit --spec /home/clexma/Desktop/fox3/TermDB/svcomp_examples/sv-benchmarks/c/properties/termination.prp --file ../EvolveTerm/data/aeval/c_bench_term/c.07_true-termination_true-no-overflow.c
determ_term_1.c,MAYBE,0,,0,stdout_stderr,5.64,Results/ultimate/ultiouts/c_bench_term/determ_term_1.c-ultimate-svtermprp.log,,2026-01-22 17:29:12,/home/clexma/Desktop/fox3/TermDB/EvolveTerm/data/aeval/c_bench_term/determ_term_1.c,aeval171term,/home/clexma/Desktop/fox3/TermDB/svcomp_examples/sv-benchmarks/c/properties/termination.prp,32bit,300,1,/home/clexma/Desktop/fox3/TermDB/UAutomizer-linux,/usr/bin/python3 /home/clexma/Desktop/fox3/TermDB/UAutomizer-linux/Ultimate.py --config /home/clexma/Desktop/fox3/TermDB/UAutomizer-linux/config --data /home/clexma/Desktop/fox3/TermDB/UAutomizer-linux/data --full-output --architecture 32bit --spec /home/clexma/Desktop/fox3/TermDB/svcomp_examples/sv-benchmarks/c/properties/termination.prp --file ../EvolveTerm/data/aeval/c_bench_term/determ_term_1.c
determ_term_2.c,MAYBE,0,,0,stdout_stderr,5.64,Results/ultimate/ultiouts/c_bench_term/determ_term_2.c-ultimate-svtermprp.log,,2026-01-22 17:29:18,/home/clexma/Desktop/fox3/TermDB/EvolveTerm/data/aeval/c_bench_term/determ_term_2.c,aeval171term,/home/clexma/Desktop/fox3/TermDB/svcomp_examples/sv-benchmarks/c/properties/termination.prp,32bit,300,1,/home/clexma/Desktop/fox3/TermDB/UAutomizer-linux,/usr/bin/python3 /home/clexma/Desktop/fox3/TermDB/UAutomizer-linux/Ultimate.py --config /home/clexma/Desktop/fox3/TermDB/UAutomizer-linux/config --data /home/clexma/Desktop/fox3/TermDB/UAutomizer-linux/data --full-output --architecture 32bit --spec /home/clexma/Desktop/fox3/TermDB/svcomp_examples/sv-benchmarks/c/properties/termination.prp --file ../EvolveTerm/data/aeval/c_bench_term/determ_term_2.c
determ_term_3.c,MAYBE,0,,0,stdout_stderr,96.45,Results/ultimate/ultiouts/c_bench_term/determ_term_3.c-ultimate-svtermprp.log,,2026-01-22 17:30:54,/home/clexma/Desktop/fox3/TermDB/EvolveTerm/data/aeval/c_bench_term/determ_term_3.c,aeval171term,/home/clexma/Desktop/fox3/TermDB/svcomp_examples/sv-benchmarks/c/properties/termination.prp,32bit,300,1,/home/clexma/Desktop/fox3/TermDB/UAutomizer-linux,/usr/bin/python3 /home/clexma/Desktop/fox3/TermDB/UAutomizer-linux/Ultimate.py --config /home/clexma/Desktop/fox3/TermDB/UAutomizer-linux/config --data /home/clexma/Desktop/fox3/TermDB/UAutomizer-linux/data --full-output --architecture 32bit --spec /home/clexma/Desktop/fox3/TermDB/svcomp_examples/sv-benchmarks/c/properties/termination.prp --file ../EvolveTerm/data/aeval/c_bench_term/determ_term_3.c
determ_term_4.c,MAYBE,0,,0,stdout_stderr,7.05,Results/ultimate/ultiouts/c_bench_term/determ_term_4.c-ultimate-svtermprp.log,,2026-01-22 17:31:01,/home/clexma/Desktop/fox3/TermDB/EvolveTerm/data/aeval/c_bench_term/determ_term_4.c,aeval171term,/home/clexma/Desktop/fox3/TermDB/svcomp_examples/sv-benchmarks/c/properties/termination.prp,32bit,300,1,/home/clexma/Desktop/fox3/TermDB/UAutomizer-linux,/usr/bin/python3 /home/clexma/Desktop/fox3/TermDB/UAutomizer-linux/Ultimate.py --config /home/clexma/Desktop/fox3/TermDB/UAutomizer-linux/config --data /home/clexma/Desktop/fox3/TermDB/UAutomizer-linux/data --full-output --architecture 32bit --spec /home/clexma/Desktop/fox3/TermDB/svcomp_examples/sv-benchmarks/c/properties/termination.prp --file ../EvolveTerm/data/aeval/c_bench_term/determ_term_4.c
determ_term_5.c,MAYBE,0,,0,stdout_stderr,69.98,Results/ultimate/ultiouts/c_bench_term/determ_term_5.c-ultimate-svtermprp.log,,2026-01-22 17:32:11,/home/clexma/Desktop/fox3/TermDB/EvolveTerm/data/aeval/c_bench_term/determ_term_5.c,aeval171term,/home/clexma/Desktop/fox3/TermDB/svcomp_examples/sv-benchmarks/c/properties/termination.prp,32bit,300,1,/home/clexma/Desktop/fox3/TermDB/UAutomizer-linux,/usr/bin/python3 /home/clexma/Desktop/fox3/TermDB/UAutomizer-linux/Ultimate.py --config /home/clexma/Desktop/fox3/TermDB/UAutomizer-linux/config --data /home/clexma/Desktop/fox3/TermDB/UAutomizer-linux/data --full-output --architecture 32bit --spec /home/clexma/Desktop/fox3/TermDB/svcomp_examples/sv-benchmarks/c/properties/termination.prp --file ../EvolveTerm/data/aeval/c_bench_term/determ_term_5.c
determ_term_6.c,YES,0,,0,stdout_stderr,75.80,Results/ultimate/ultiouts/c_bench_term/determ_term_6.c-ultimate-svtermprp.log,,2026-01-22 17:33:27,/home/clexma/Desktop/fox3/TermDB/EvolveTerm/data/aeval/c_bench_term/determ_term_6.c,aeval171term,/home/clexma/Desktop/fox3/TermDB/svcomp_examples/sv-benchmarks/c/properties/termination.prp,32bit,300,1,/home/clexma/Desktop/fox3/TermDB/UAutomizer-linux,/usr/bin/python3 /home/clexma/Desktop/fox3/TermDB/UAutomizer-linux/Ultimate.py --config /home/clexma/Desktop/fox3/TermDB/UAutomizer-linux/config --data /home/clexma/Desktop/fox3/TermDB/UAutomizer-linux/data --full-output --architecture 32bit --spec /home/clexma/Desktop/fox3/TermDB/svcomp_examples/sv-benchmarks/c/properties/termination.prp --file ../EvolveTerm/data/aeval/c_bench_term/determ_term_6.c
determ_term_7.c,YES,0,,0,stdout_stderr,4.45,Results/ultimate/ultiouts/c_bench_term/determ_term_7.c-ultimate-svtermprp.log,,2026-01-22 17:33:32,/home/clexma/Desktop/fox3/TermDB/EvolveTerm/data/aeval/c_bench_term/determ_term_7.c,aeval171term,/home/clexma/Desktop/fox3/TermDB/svcomp_examples/sv-benchmarks/c/properties/termination.prp,32bit,300,1,/home/clexma/Desktop/fox3/TermDB/UAutomizer-linux,/usr/bin/python3 /home/clexma/Desktop/fox3/TermDB/UAutomizer-linux/Ultimate.py --config /home/clexma/Desktop/fox3/TermDB/UAutomizer-linux/config --data /home/clexma/Desktop/fox3/TermDB/UAutomizer-linux/data --full-output --architecture 32bit --spec /home/clexma/Desktop/fox3/TermDB/svcomp_examples/sv-benchmarks/c/properties/termination.prp --file ../EvolveTerm/data/aeval/c_bench_term/determ_term_7.c
determ_term_8.c,MAYBE,0,,0,stdout_stderr,6.49,Results/ultimate/ultiouts/c_bench_term/determ_term_8.c-ultimate-svtermprp.log,,2026-01-22 17:33:38,/home/clexma/Desktop/fox3/TermDB/EvolveTerm/data/aeval/c_bench_term/determ_term_8.c,aeval171term,/home/clexma/Desktop/fox3/TermDB/svcomp_examples/sv-benchmarks/c/properties/termination.prp,32bit,300,1,/home/clexma/Desktop/fox3/TermDB/UAutomizer-linux,/usr/bin/python3 /home/clexma/Desktop/fox3/TermDB/UAutomizer-linux/Ultimate.py --config /home/clexma/Desktop/fox3/TermDB/UAutomizer-linux/config --data /home/clexma/Desktop/fox3/TermDB/UAutomizer-linux/data --full-output --architecture 32bit --spec /home/clexma/Desktop/fox3/TermDB/svcomp_examples/sv-benchmarks/c/properties/termination.prp --file ../EvolveTerm/data/aeval/c_bench_term/determ_term_8.c
eca_bounded_core.c,YES,0,,0,stdout_stderr,4.54,Results/ultimate/ultiouts/c_bench_term/eca_bounded_core.c-ultimate-svtermprp.log,,2026-01-22 17:33:43,/home/clexma/Desktop/fox3/TermDB/EvolveTerm/data/aeval/c_bench_term/eca_bounded_core.c,aeval171term,/home/clexma/Desktop/fox3/TermDB/svcomp_examples/sv-benchmarks/c/properties/termination.prp,32bit,300,1,/home/clexma/Desktop/fox3/TermDB/UAutomizer-linux,/usr/bin/python3 /home/clexma/Desktop/fox3/TermDB/UAutomizer-linux/Ultimate.py --config /home/clexma/Desktop/fox3/TermDB/UAutomizer-linux/config --data /home/clexma/Desktop/fox3/TermDB/UAutomizer-linux/data --full-output --architecture 32bit --spec /home/clexma/Desktop/fox3/TermDB/svcomp_examples/sv-benchmarks/c/properties/termination.prp --file ../EvolveTerm/data/aeval/c_bench_term/eca_bounded_core.c
ex1_false-no-overflow_true-termination.c,YES,0,,0,stdout_stderr,4.18,Results/ultimate/ultiouts/c_bench_term/ex1_false-no-overflow_true-termination.c-ultimate-svtermprp.log,,2026-01-22 17:33:47,/home/clexma/Desktop/fox3/TermDB/EvolveTerm/data/aeval/c_bench_term/ex1_false-no-overflow_true-termination.c,aeval171term,/home/clexma/Desktop/fox3/TermDB/svcomp_examples/sv-benchmarks/c/properties/termination.prp,32bit,300,1,/home/clexma/Desktop/fox3/TermDB/UAutomizer-linux,/usr/bin/python3 /home/clexma/Desktop/fox3/TermDB/UAutomizer-linux/Ultimate.py --config /home/clexma/Desktop/fox3/TermDB/UAutomizer-linux/config --data /home/clexma/Desktop/fox3/TermDB/UAutomizer-linux/data --full-output --architecture 32bit --spec /home/clexma/Desktop/fox3/TermDB/svcomp_examples/sv-benchmarks/c/properties/termination.prp --file ../EvolveTerm/data/aeval/c_bench_term/ex1_false-no-overflow_true-termination.c
for_bounded_loop1_false-unreach-call_true-termination-simplified.c,YES,0,,0,stdout_stderr,3.86,Results/ultimate/ultiouts/c_bench_term/for_bounded_loop1_false-unreach-call_true-termination-simplified.c-ultimate-svtermprp.log,,2026-01-22 17:33:51,/home/clexma/Desktop/fox3/TermDB/EvolveTerm/data/aeval/c_bench_term/for_bounded_loop1_false-unreach-call_true-termination-simplified.c,aeval171term,/home/clexma/Desktop/fox3/TermDB/svcomp_examples/sv-benchmarks/c/properties/termination.prp,32bit,300,1,/home/clexma/Desktop/fox3/TermDB/UAutomizer-linux,/usr/bin/python3 /home/clexma/Desktop/fox3/TermDB/UAutomizer-linux/Ultimate.py --config /home/clexma/Desktop/fox3/TermDB/UAutomizer-linux/config --data /home/clexma/Desktop/fox3/TermDB/UAutomizer-linux/data --full-output --architecture 32bit --spec /home/clexma/Desktop/fox3/TermDB/svcomp_examples/sv-benchmarks/c/properties/termination.prp --file ../EvolveTerm/data/aeval/c_bench_term/for_bounded_loop1_false-unreach-call_true-termination-simplified.c
genady_true-termination_true-no-overflow-version.c,YES,0,,0,stdout_stderr,3.64,Results/ultimate/ultiouts/c_bench_term/genady_true-termination_true-no-overflow-version.c-ultimate-svtermprp.log,,2026-01-22 17:33:54,/home/clexma/Desktop/fox3/TermDB/EvolveTerm/data/aeval/c_bench_term/genady_true-termination_true-no-overflow-version.c,aeval171term,/home/clexma/Desktop/fox3/TermDB/svcomp_examples/sv-benchmarks/c/properties/termination.prp,32bit,300,1,/home/clexma/Desktop/fox3/TermDB/UAutomizer-linux,/usr/bin/python3 /home/clexma/Desktop/fox3/TermDB/UAutomizer-linux/Ultimate.py --config /home/clexma/Desktop/fox3/TermDB/UAutomizer-linux/config --data /home/clexma/Desktop/fox3/TermDB/UAutomizer-linux/data --full-output --architecture 32bit --spec /home/clexma/Desktop/fox3/TermDB/svcomp_examples/sv-benchmarks/c/properties/termination.prp --file ../EvolveTerm/data/aeval/c_bench_term/genady_true-termination_true-no-overflow-version.c
genady_true-termination_true-no-overflow.c,YES,0,,0,stdout_stderr,3.67,Results/ultimate/ultiouts/c_bench_term/genady_true-termination_true-no-overflow.c-ultimate-svtermprp.log,,2026-01-22 17:33:58,/home/clexma/Desktop/fox3/TermDB/EvolveTerm/data/aeval/c_bench_term/genady_true-termination_true-no-overflow.c,aeval171term,/home/clexma/Desktop/fox3/TermDB/svcomp_examples/sv-benchmarks/c/properties/termination.prp,32bit,300,1,/home/clexma/Desktop/fox3/TermDB/UAutomizer-linux,/usr/bin/python3 /home/clexma/Desktop/fox3/TermDB/UAutomizer-linux/Ultimate.py --config /home/clexma/Desktop/fox3/TermDB/UAutomizer-linux/config --data /home/clexma/Desktop/fox3/TermDB/UAutomizer-linux/data --full-output --architecture 32bit --spec /home/clexma/Desktop/fox3/TermDB/svcomp_examples/sv-benchmarks/c/properties/termination.prp --file ../EvolveTerm/data/aeval/c_bench_term/genady_true-termination_true-no-overflow.c
java_AG313_true-termination_true-no-overflow.c,YES,0,,0,stdout_stderr,3.75,Results/ultimate/ultiouts/c_bench_term/java_AG313_true-termination_true-no-overflow.c-ultimate-svtermprp.log,,2026-01-22 17:34:02,/home/clexma/Desktop/fox3/TermDB/EvolveTerm/data/aeval/c_bench_term/java_AG313_true-termination_true-no-overflow.c,aeval171term,/home/clexma/Desktop/fox3/TermDB/svcomp_examples/sv-benchmarks/c/properties/termination.prp,32bit,300,1,/home/clexma/Desktop/fox3/TermDB/UAutomizer-linux,/usr/bin/python3 /home/clexma/Desktop/fox3/TermDB/UAutomizer-linux/Ultimate.py --config /home/clexma/Desktop/fox3/TermDB/UAutomizer-linux/config --data /home/clexma/Desktop/fox3/TermDB/UAutomizer-linux/data --full-output --architecture 32bit --spec /home/clexma/Desktop/fox3/TermDB/svcomp_examples/sv-benchmarks/c/properties/termination.prp --file ../EvolveTerm/data/aeval/c_bench_term/java_AG313_true-termination_true-no-overflow.c
min_rf-alloca_true-termination.c,YES,0,,0,stdout_stderr,7.77,Results/ultimate/ultiouts/c_bench_term/min_rf-alloca_true-termination.c-ultimate-svtermprp.log,,2026-01-22 17:34:10,/home/clexma/Desktop/fox3/TermDB/EvolveTerm/data/aeval/c_bench_term/min_rf-alloca_true-termination.c,aeval171term,/home/clexma/Desktop/fox3/TermDB/svcomp_examples/sv-benchmarks/c/properties/termination.prp,32bit,300,1,/home/clexma/Desktop/fox3/TermDB/UAutomizer-linux,/usr/bin/python3 /home/clexma/Desktop/fox3/TermDB/UAutomizer-linux/Ultimate.py --config /home/clexma/Desktop/fox3/TermDB/UAutomizer-linux/config --data /home/clexma/Desktop/fox3/TermDB/UAutomizer-linux/data --full-output --architecture 32bit --spec /home/clexma/Desktop/fox3/TermDB/svcomp_examples/sv-benchmarks/c/properties/termination.prp --file ../EvolveTerm/data/aeval/c_bench_term/min_rf-alloca_true-termination.c
nonlin_div_term_1.c,MAYBE,0,,0,stdout_stderr,6.70,Results/ultimate/ultiouts/c_bench_term/nonlin_div_term_1.c-ultimate-svtermprp.log,,2026-01-22 17:34:16,/home/clexma/Desktop/fox3/TermDB/EvolveTerm/data/aeval/c_bench_term/nonlin_div_term_1.c,aeval171term,/home/clexma/Desktop/fox3/TermDB/svcomp_examples/sv-benchmarks/c/properties/termination.prp,32bit,300,1,/home/clexma/Desktop/fox3/TermDB/UAutomizer-linux,/usr/bin/python3 /home/clexma/Desktop/fox3/TermDB/UAutomizer-linux/Ultimate.py --config /home/clexma/Desktop/fox3/TermDB/UAutomizer-linux/config --data /home/clexma/Desktop/fox3/TermDB/UAutomizer-linux/data --full-output --architecture 32bit --spec /home/clexma/Desktop/fox3/TermDB/svcomp_examples/sv-benchmarks/c/properties/termination.prp --file ../EvolveTerm/data/aeval/c_bench_term/nonlin_div_term_1.c
nonlin_div_term_2.c,MAYBE,0,,0,stdout_stderr,7.12,Results/ultimate/ultiouts/c_bench_term/nonlin_div_term_2.c-ultimate-svtermprp.log,,2026-01-22 17:34:23,/home/clexma/Desktop/fox3/TermDB/EvolveTerm/data/aeval/c_bench_term/nonlin_div_term_2.c,aeval171term,/home/clexma/Desktop/fox3/TermDB/svcomp_examples/sv-benchmarks/c/properties/termination.prp,32bit,300,1,/home/clexma/Desktop/fox3/TermDB/UAutomizer-linux,/usr/bin/python3 /home/clexma/Desktop/fox3/TermDB/UAutomizer-linux/Ultimate.py --config /home/clexma/Desktop/fox3/TermDB/UAutomizer-linux/config --data /home/clexma/Desktop/fox3/TermDB/UAutomizer-linux/data --full-output --architecture 32bit --spec /home/clexma/Desktop/fox3/TermDB/svcomp_examples/sv-benchmarks/c/properties/termination.prp --file ../EvolveTerm/data/aeval/c_bench_term/nonlin_div_term_2.c
nonlin_jump_over_1_term.c,YES,0,,0,stdout_stderr,11.18,Results/ultimate/ultiouts/c_bench_term/nonlin_jump_over_1_term.c-ultimate-svtermprp.log,,2026-01-22 17:34:35,/home/clexma/Desktop/fox3/TermDB/EvolveTerm/data/aeval/c_bench_term/nonlin_jump_over_1_term.c,aeval171term,/home/clexma/Desktop/fox3/TermDB/svcomp_examples/sv-benchmarks/c/properties/termination.prp,32bit,300,1,/home/clexma/Desktop/fox3/TermDB/UAutomizer-linux,/usr/bin/python3 /home/clexma/Desktop/fox3/TermDB/UAutomizer-linux/Ultimate.py --config /home/clexma/Desktop/fox3/TermDB/UAutomizer-linux/config --data /home/clexma/Desktop/fox3/TermDB/UAutomizer-linux/data --full-output --architecture 32bit --spec /home/clexma/Desktop/fox3/TermDB/svcomp_examples/sv-benchmarks/c/properties/termination.prp --file ../EvolveTerm/data/aeval/c_bench_term/nonlin_jump_over_1_term.c
nonlin_mod_term_1.c,ERROR,1,No result found (exit=7),7,none,4.52,Results/ultimate/ultiouts/c_bench_term/nonlin_mod_term_1.c-ultimate-svtermprp.log,,2026-01-22 17:34:39,/home/clexma/Desktop/fox3/TermDB/EvolveTerm/data/aeval/c_bench_term/nonlin_mod_term_1.c,aeval171term,/home/clexma/Desktop/fox3/TermDB/svcomp_examples/sv-benchmarks/c/properties/termination.prp,32bit,300,1,/home/clexma/Desktop/fox3/TermDB/UAutomizer-linux,/usr/bin/python3 /home/clexma/Desktop/fox3/TermDB/UAutomizer-linux/Ultimate.py --config /home/clexma/Desktop/fox3/TermDB/UAutomizer-linux/config --data /home/clexma/Desktop/fox3/TermDB/UAutomizer-linux/data --full-output --architecture 32bit --spec /home/clexma/Desktop/fox3/TermDB/svcomp_examples/sv-benchmarks/c/properties/termination.prp --file ../EvolveTerm/data/aeval/c_bench_term/nonlin_mod_term_1.c
nonlin_mod_term_2.c,ERROR,1,No result found (exit=7),7,none,4.72,Results/ultimate/ultiouts/c_bench_term/nonlin_mod_term_2.c-ultimate-svtermprp.log,,2026-01-22 17:34:44,/home/clexma/Desktop/fox3/TermDB/EvolveTerm/data/aeval/c_bench_term/nonlin_mod_term_2.c,aeval171term,/home/clexma/Desktop/fox3/TermDB/svcomp_examples/sv-benchmarks/c/properties/termination.prp,32bit,300,1,/home/clexma/Desktop/fox3/TermDB/UAutomizer-linux,/usr/bin/python3 /home/clexma/Desktop/fox3/TermDB/UAutomizer-linux/Ultimate.py --config /home/clexma/Desktop/fox3/TermDB/UAutomizer-linux/config --data /home/clexma/Desktop/fox3/TermDB/UAutomizer-linux/data --full-output --architecture 32bit --spec /home/clexma/Desktop/fox3/TermDB/svcomp_examples/sv-benchmarks/c/properties/termination.prp --file ../EvolveTerm/data/aeval/c_bench_term/nonlin_mod_term_2.c
nonlin_mod_term_3.c,MAYBE,0,,0,stdout_stderr,6.37,Results/ultimate/ultiouts/c_bench_term/nonlin_mod_term_3.c-ultimate-svtermprp.log,,2026-01-22 17:34:50,/home/clexma/Desktop/fox3/TermDB/EvolveTerm/data/aeval/c_bench_term/nonlin_mod_term_3.c,aeval171term,/home/clexma/Desktop/fox3/TermDB/svcomp_examples/sv-benchmarks/c/properties/termination.prp,32bit,300,1,/home/clexma/Desktop/fox3/TermDB/UAutomizer-linux,/usr/bin/python3 /home/clexma/Desktop/fox3/TermDB/UAutomizer-linux/Ultimate.py --config /home/clexma/Desktop/fox3/TermDB/UAutomizer-linux/config --data /home/clexma/Desktop/fox3/TermDB/UAutomizer-linux/data --full-output --architecture 32bit --spec /home/clexma/Desktop/fox3/TermDB/svcomp_examples/sv-benchmarks/c/properties/termination.prp --file ../EvolveTerm/data/aeval/c_bench_term/nonlin_mod_term_3.c
nonlin_mod_term_4.c,ERROR,1,No result found (exit=7),7,none,4.76,Results/ultimate/ultiouts/c_bench_term/nonlin_mod_term_4.c-ultimate-svtermprp.log,,2026-01-22 17:34:55,/home/clexma/Desktop/fox3/TermDB/EvolveTerm/data/aeval/c_bench_term/nonlin_mod_term_4.c,aeval171term,/home/clexma/Desktop/fox3/TermDB/svcomp_examples/sv-benchmarks/c/properties/termination.prp,32bit,300,1,/home/clexma/Desktop/fox3/TermDB/UAutomizer-linux,/usr/bin/python3 /home/clexma/Desktop/fox3/TermDB/UAutomizer-linux/Ultimate.py --config /home/clexma/Desktop/fox3/TermDB/UAutomizer-linux/config --data /home/clexma/Desktop/fox3/TermDB/UAutomizer-linux/data --full-output --architecture 32bit --spec /home/clexma/Desktop/fox3/TermDB/svcomp_examples/sv-benchmarks/c/properties/termination.prp --file ../EvolveTerm/data/aeval/c_bench_term/nonlin_mod_term_4.c
nonlin_mult_term_1.c,MAYBE,0,,0,stdout_stderr,5.70,Results/ultimate/ultiouts/c_bench_term/nonlin_mult_term_1.c-ultimate-svtermprp.log,,2026-01-22 17:35:01,/home/clexma/Desktop/fox3/TermDB/EvolveTerm/data/aeval/c_bench_term/nonlin_mult_term_1.c,aeval171term,/home/clexma/Desktop/fox3/TermDB/svcomp_examples/sv-benchmarks/c/properties/termination.prp,32bit,300,1,/home/clexma/Desktop/fox3/TermDB/UAutomizer-linux,/usr/bin/python3 /home/clexma/Desktop/fox3/TermDB/UAutomizer-linux/Ultimate.py --config /home/clexma/Desktop/fox3/TermDB/UAutomizer-linux/config --data /home/clexma/Desktop/fox3/TermDB/UAutomizer-linux/data --full-output --architecture 32bit --spec /home/clexma/Desktop/fox3/TermDB/svcomp_examples/sv-benchmarks/c/properties/termination.prp --file ../EvolveTerm/data/aeval/c_bench_term/nonlin_mult_term_1.c
nonlin_mult_term_2.c,MAYBE,0,,0,stdout_stderr,6.06,Results/ultimate/ultiouts/c_bench_term/nonlin_mult_term_2.c-ultimate-svtermprp.log,,2026-01-22 17:35:07,/home/clexma/Desktop/fox3/TermDB/EvolveTerm/data/aeval/c_bench_term/nonlin_mult_term_2.c,aeval171term,/home/clexma/Desktop/fox3/TermDB/svcomp_examples/sv-benchmarks/c/properties/termination.prp,32bit,300,1,/home/clexma/Desktop/fox3/TermDB/UAutomizer-linux,/usr/bin/python3 /home/clexma/Desktop/fox3/TermDB/UAutomizer-linux/Ultimate.py --config /home/clexma/Desktop/fox3/TermDB/UAutomizer-linux/config --data /home/clexma/Desktop/fox3/TermDB/UAutomizer-linux/data --full-output --architecture 32bit --spec /home/clexma/Desktop/fox3/TermDB/svcomp_examples/sv-benchmarks/c/properties/termination.prp --file ../EvolveTerm/data/aeval/c_bench_term/nonlin_mult_term_2.c
nonlin_mult_term_3.c,MAYBE,0,,0,stdout_stderr,6.44,Results/ultimate/ultiouts/c_bench_term/nonlin_mult_term_3.c-ultimate-svtermprp.log,,2026-01-22 17:35:13,/home/clexma/Desktop/fox3/TermDB/EvolveTerm/data/aeval/c_bench_term/nonlin_mult_term_3.c,aeval171term,/home/clexma/Desktop/fox3/TermDB/svcomp_examples/sv-benchmarks/c/properties/termination.prp,32bit,300,1,/home/clexma/Desktop/fox3/TermDB/UAutomizer-linux,/usr/bin/python3 /home/clexma/Desktop/fox3/TermDB/UAutomizer-linux/Ultimate.py --config /home/clexma/Desktop/fox3/TermDB/UAutomizer-linux/config --data /home/clexma/Desktop/fox3/TermDB/UAutomizer-linux/data --full-output --architecture 32bit --spec /home/clexma/Desktop/fox3/TermDB/svcomp_examples/sv-benchmarks/c/properties/termination.prp --file ../EvolveTerm/data/aeval/c_bench_term/nonlin_mult_term_3.c
nonlin_mult_term_4.c,YES,0,,0,stdout_stderr,5.50,Results/ultimate/ultiouts/c_bench_term/nonlin_mult_term_4.c-ultimate-svtermprp.log,,2026-01-22 17:35:19,/home/clexma/Desktop/fox3/TermDB/EvolveTerm/data/aeval/c_bench_term/nonlin_mult_term_4.c,aeval171term,/home/clexma/Desktop/fox3/TermDB/svcomp_examples/sv-benchmarks/c/properties/termination.prp,32bit,300,1,/home/clexma/Desktop/fox3/TermDB/UAutomizer-linux,/usr/bin/python3 /home/clexma/Desktop/fox3/TermDB/UAutomizer-linux/Ultimate.py --config /home/clexma/Desktop/fox3/TermDB/UAutomizer-linux/config --data /home/clexma/Desktop/fox3/TermDB/UAutomizer-linux/data --full-output --architecture 32bit --spec /home/clexma/Desktop/fox3/TermDB/svcomp_examples/sv-benchmarks/c/properties/termination.prp --file ../EvolveTerm/data/aeval/c_bench_term/nonlin_mult_term_4.c
nonlin_mult_term_5.c,MAYBE,0,,0,stdout_stderr,6.19,Results/ultimate/ultiouts/c_bench_term/nonlin_mult_term_5.c-ultimate-svtermprp.log,,2026-01-22 17:35:25,/home/clexma/Desktop/fox3/TermDB/EvolveTerm/data/aeval/c_bench_term/nonlin_mult_term_5.c,aeval171term,/home/clexma/Desktop/fox3/TermDB/svcomp_examples/sv-benchmarks/c/properties/termination.prp,32bit,300,1,/home/clexma/Desktop/fox3/TermDB/UAutomizer-linux,/usr/bin/python3 /home/clexma/Desktop/fox3/TermDB/UAutomizer-linux/Ultimate.py --config /home/clexma/Desktop/fox3/TermDB/UAutomizer-linux/config --data /home/clexma/Desktop/fox3/TermDB/UAutomizer-linux/data --full-output --architecture 32bit --spec /home/clexma/Desktop/fox3/TermDB/svcomp_examples/sv-benchmarks/c/properties/termination.prp --file ../EvolveTerm/data/aeval/c_bench_term/nonlin_mult_term_5.c
nonlin_mult_term_6.c,YES,0,,0,stdout_stderr,5.77,Results/ultimate/ultiouts/c_bench_term/nonlin_mult_term_6.c-ultimate-svtermprp.log,,2026-01-22 17:35:31,/home/clexma/Desktop/fox3/TermDB/EvolveTerm/data/aeval/c_bench_term/nonlin_mult_term_6.c,aeval171term,/home/clexma/Desktop/fox3/TermDB/svcomp_examples/sv-benchmarks/c/properties/termination.prp,32bit,300,1,/home/clexma/Desktop/fox3/TermDB/UAutomizer-linux,/usr/bin/python3 /home/clexma/Desktop/fox3/TermDB/UAutomizer-linux/Ultimate.py --config /home/clexma/Desktop/fox3/TermDB/UAutomizer-linux/config --data /home/clexma/Desktop/fox3/TermDB/UAutomizer-linux/data --full-output --architecture 32bit --spec /home/clexma/Desktop/fox3/TermDB/svcomp_examples/sv-benchmarks/c/properties/termination.prp --file ../EvolveTerm/data/aeval/c_bench_term/nonlin_mult_term_6.c
nonlin_mult_term_7.c,MAYBE,0,,0,stdout_stderr,6.90,Results/ultimate/ultiouts/c_bench_term/nonlin_mult_term_7.c-ultimate-svtermprp.log,,2026-01-22 17:35:38,/home/clexma/Desktop/fox3/TermDB/EvolveTerm/data/aeval/c_bench_term/nonlin_mult_term_7.c,aeval171term,/home/clexma/Desktop/fox3/TermDB/svcomp_examples/sv-benchmarks/c/properties/termination.prp,32bit,300,1,/home/clexma/Desktop/fox3/TermDB/UAutomizer-linux,/usr/bin/python3 /home/clexma/Desktop/fox3/TermDB/UAutomizer-linux/Ultimate.py --config /home/clexma/Desktop/fox3/TermDB/UAutomizer-linux/config --data /home/clexma/Desktop/fox3/TermDB/UAutomizer-linux/data --full-output --architecture 32bit --spec /home/clexma/Desktop/fox3/TermDB/svcomp_examples/sv-benchmarks/c/properties/termination.prp --file ../EvolveTerm/data/aeval/c_bench_term/nonlin_mult_term_7.c
nonlin_mult_term_8.c,MAYBE,0,,0,stdout_stderr,6.57,Results/ultimate/ultiouts/c_bench_term/nonlin_mult_term_8.c-ultimate-svtermprp.log,,2026-01-22 17:35:44,/home/clexma/Desktop/fox3/TermDB/EvolveTerm/data/aeval/c_bench_term/nonlin_mult_term_8.c,aeval171term,/home/clexma/Desktop/fox3/TermDB/svcomp_examples/sv-benchmarks/c/properties/termination.prp,32bit,300,1,/home/clexma/Desktop/fox3/TermDB/UAutomizer-linux,/usr/bin/python3 /home/clexma/Desktop/fox3/TermDB/UAutomizer-linux/Ultimate.py --config /home/clexma/Desktop/fox3/TermDB/UAutomizer-linux/config --data /home/clexma/Desktop/fox3/TermDB/UAutomizer-linux/data --full-output --architecture 32bit --spec /home/clexma/Desktop/fox3/TermDB/svcomp_examples/sv-benchmarks/c/properties/termination.prp --file ../EvolveTerm/data/aeval/c_bench_term/nonlin_mult_term_8.c
nonlin_mult_term_9.c,MAYBE,0,,0,stdout_stderr,6.11,Results/ultimate/ultiouts/c_bench_term/nonlin_mult_term_9.c-ultimate-svtermprp.log,,2026-01-22 17:35:50,/home/clexma/Desktop/fox3/TermDB/EvolveTerm/data/aeval/c_bench_term/nonlin_mult_term_9.c,aeval171term,/home/clexma/Desktop/fox3/TermDB/svcomp_examples/sv-benchmarks/c/properties/termination.prp,32bit,300,1,/home/clexma/Desktop/fox3/TermDB/UAutomizer-linux,/usr/bin/python3 /home/clexma/Desktop/fox3/TermDB/UAutomizer-linux/Ultimate.py --config /home/clexma/Desktop/fox3/TermDB/UAutomizer-linux/config --data /home/clexma/Desktop/fox3/TermDB/UAutomizer-linux/data --full-output --architecture 32bit --spec /home/clexma/Desktop/fox3/TermDB/svcomp_examples/sv-benchmarks/c/properties/termination.prp --file ../EvolveTerm/data/aeval/c_bench_term/nonlin_mult_term_9.c
term_01.c,YES,0,,0,stdout_stderr,4.29,Results/ultimate/ultiouts/c_bench_term/term_01.c-ultimate-svtermprp.log,,2026-01-22 17:35:55,/home/clexma/Desktop/fox3/TermDB/EvolveTerm/data/aeval/c_bench_term/term_01.c,aeval171term,/home/clexma/Desktop/fox3/TermDB/svcomp_examples/sv-benchmarks/c/properties/termination.prp,32bit,300,1,/home/clexma/Desktop/fox3/TermDB/UAutomizer-linux,/usr/bin/python3 /home/clexma/Desktop/fox3/TermDB/UAutomizer-linux/Ultimate.py --config /home/clexma/Desktop/fox3/TermDB/UAutomizer-linux/config --data /home/clexma/Desktop/fox3/TermDB/UAutomizer-linux/data --full-output --architecture 32bit --spec /home/clexma/Desktop/fox3/TermDB/svcomp_examples/sv-benchmarks/c/properties/termination.prp --file ../EvolveTerm/data/aeval/c_bench_term/term_01.c
term_02.c,MAYBE,0,,0,stdout_stderr,3.01,Results/ultimate/ultiouts/c_bench_term/term_02.c-ultimate-svtermprp.log,,2026-01-22 17:35:58,/home/clexma/Desktop/fox3/TermDB/EvolveTerm/data/aeval/c_bench_term/term_02.c,aeval171term,/home/clexma/Desktop/fox3/TermDB/svcomp_examples/sv-benchmarks/c/properties/termination.prp,32bit,300,1,/home/clexma/Desktop/fox3/TermDB/UAutomizer-linux,/usr/bin/python3 /home/clexma/Desktop/fox3/TermDB/UAutomizer-linux/Ultimate.py --config /home/clexma/Desktop/fox3/TermDB/UAutomizer-linux/config --data /home/clexma/Desktop/fox3/TermDB/UAutomizer-linux/data --full-output --architecture 32bit --spec /home/clexma/Desktop/fox3/TermDB/svcomp_examples/sv-benchmarks/c/properties/termination.prp --file ../EvolveTerm/data/aeval/c_bench_term/term_02.c
term_03.c,MAYBE,0,,0,stdout_stderr,3.05,Results/ultimate/ultiouts/c_bench_term/term_03.c-ultimate-svtermprp.log,,2026-01-22 17:36:01,/home/clexma/Desktop/fox3/TermDB/EvolveTerm/data/aeval/c_bench_term/term_03.c,aeval171term,/home/clexma/Desktop/fox3/TermDB/svcomp_examples/sv-benchmarks/c/properties/termination.prp,32bit,300,1,/home/clexma/Desktop/fox3/TermDB/UAutomizer-linux,/usr/bin/python3 /home/clexma/Desktop/fox3/TermDB/UAutomizer-linux/Ultimate.py --config /home/clexma/Desktop/fox3/TermDB/UAutomizer-linux/config --data /home/clexma/Desktop/fox3/TermDB/UAutomizer-linux/data --full-output --architecture 32bit --spec /home/clexma/Desktop/fox3/TermDB/svcomp_examples/sv-benchmarks/c/properties/termination.prp --file ../EvolveTerm/data/aeval/c_bench_term/term_03.c
term_04.c,YES,0,,0,stdout_stderr,4.02,Results/ultimate/ultiouts/c_bench_term/term_04.c-ultimate-svtermprp.log,,2026-01-22 17:36:05,/home/clexma/Desktop/fox3/TermDB/EvolveTerm/data/aeval/c_bench_term/term_04.c,aeval171term,/home/clexma/Desktop/fox3/TermDB/svcomp_examples/sv-benchmarks/c/properties/termination.prp,32bit,300,1,/home/clexma/Desktop/fox3/TermDB/UAutomizer-linux,/usr/bin/python3 /home/clexma/Desktop/fox3/TermDB/UAutomizer-linux/Ultimate.py --config /home/clexma/Desktop/fox3/TermDB/UAutomizer-linux/config --data /home/clexma/Desktop/fox3/TermDB/UAutomizer-linux/data --full-output --architecture 32bit --spec /home/clexma/Desktop/fox3/TermDB/svcomp_examples/sv-benchmarks/c/properties/termination.prp --file ../EvolveTerm/data/aeval/c_bench_term/term_04.c
term_05.c,YES,0,,0,stdout_stderr,4.16,Results/ultimate/ultiouts/c_bench_term/term_05.c-ultimate-svtermprp.log,,2026-01-22 17:36:09,/home/clexma/Desktop/fox3/TermDB/EvolveTerm/data/aeval/c_bench_term/term_05.c,aeval171term,/home/clexma/Desktop/fox3/TermDB/svcomp_examples/sv-benchmarks/c/properties/termination.prp,32bit,300,1,/home/clexma/Desktop/fox3/TermDB/UAutomizer-linux,/usr/bin/python3 /home/clexma/Desktop/fox3/TermDB/UAutomizer-linux/Ultimate.py --config /home/clexma/Desktop/fox3/TermDB/UAutomizer-linux/config --data /home/clexma/Desktop/fox3/TermDB/UAutomizer-linux/data --full-output --architecture 32bit --spec /home/clexma/Desktop/fox3/TermDB/svcomp_examples/sv-benchmarks/c/properties/termination.prp --file ../EvolveTerm/data/aeval/c_bench_term/term_05.c
term_06.c,YES,0,,0,stdout_stderr,3.69,Results/ultimate/ultiouts/c_bench_term/term_06.c-ultimate-svtermprp.log,,2026-01-22 17:36:12,/home/clexma/Desktop/fox3/TermDB/EvolveTerm/data/aeval/c_bench_term/term_06.c,aeval171term,/home/clexma/Desktop/fox3/TermDB/svcomp_examples/sv-benchmarks/c/properties/termination.prp,32bit,300,1,/home/clexma/Desktop/fox3/TermDB/UAutomizer-linux,/usr/bin/python3 /home/clexma/Desktop/fox3/TermDB/UAutomizer-linux/Ultimate.py --config /home/clexma/Desktop/fox3/TermDB/UAutomizer-linux/config --data /home/clexma/Desktop/fox3/TermDB/UAutomizer-linux/data --full-output --architecture 32bit --spec /home/clexma/Desktop/fox3/TermDB/svcomp_examples/sv-benchmarks/c/properties/termination.prp --file ../EvolveTerm/data/aeval/c_bench_term/term_06.c
term_07.c,YES,0,,0,stdout_stderr,4.80,Results/ultimate/ultiouts/c_bench_term/term_07.c-ultimate-svtermprp.log,,2026-01-22 17:36:17,/home/clexma/Desktop/fox3/TermDB/EvolveTerm/data/aeval/c_bench_term/term_07.c,aeval171term,/home/clexma/Desktop/fox3/TermDB/svcomp_examples/sv-benchmarks/c/properties/termination.prp,32bit,300,1,/home/clexma/Desktop/fox3/TermDB/UAutomizer-linux,/usr/bin/python3 /home/clexma/Desktop/fox3/TermDB/UAutomizer-linux/Ultimate.py --config /home/clexma/Desktop/fox3/TermDB/UAutomizer-linux/config --data /home/clexma/Desktop/fox3/TermDB/UAutomizer-linux/data --full-output --architecture 32bit --spec /home/clexma/Desktop/fox3/TermDB/svcomp_examples/sv-benchmarks/c/properties/termination.prp --file ../EvolveTerm/data/aeval/c_bench_term/term_07.c
term_08.c,YES,0,,0,stdout_stderr,3.66,Results/ultimate/ultiouts/c_bench_term/term_08.c-ultimate-svtermprp.log,,2026-01-22 17:36:21,/home/clexma/Desktop/fox3/TermDB/EvolveTerm/data/aeval/c_bench_term/term_08.c,aeval171term,/home/clexma/Desktop/fox3/TermDB/svcomp_examples/sv-benchmarks/c/properties/termination.prp,32bit,300,1,/home/clexma/Desktop/fox3/TermDB/UAutomizer-linux,/usr/bin/python3 /home/clexma/Desktop/fox3/TermDB/UAutomizer-linux/Ultimate.py --config /home/clexma/Desktop/fox3/TermDB/UAutomizer-linux/config --data /home/clexma/Desktop/fox3/TermDB/UAutomizer-linux/data --full-output --architecture 32bit --spec /home/clexma/Desktop/fox3/TermDB/svcomp_examples/sv-benchmarks/c/properties/termination.prp --file ../EvolveTerm/data/aeval/c_bench_term/term_08.c
term_09.c,YES,0,,0,stdout_stderr,5.19,Results/ultimate/ultiouts/c_bench_term/term_09.c-ultimate-svtermprp.log,,2026-01-22 17:36:26,/home/clexma/Desktop/fox3/TermDB/EvolveTerm/data/aeval/c_bench_term/term_09.c,aeval171term,/home/clexma/Desktop/fox3/TermDB/svcomp_examples/sv-benchmarks/c/properties/termination.prp,32bit,300,1,/home/clexma/Desktop/fox3/TermDB/UAutomizer-linux,/usr/bin/python3 /home/clexma/Desktop/fox3/TermDB/UAutomizer-linux/Ultimate.py --config /home/clexma/Desktop/fox3/TermDB/UAutomizer-linux/config --data /home/clexma/Desktop/fox3/TermDB/UAutomizer-linux/data --full-output --architecture 32bit --spec /home/clexma/Desktop/fox3/TermDB/svcomp_examples/sv-benchmarks/c/properties/termination.prp --file ../EvolveTerm/data/aeval/c_bench_term/term_09.c
term_10.c,YES,0,,0,stdout_stderr,5.98,Results/ultimate/ultiouts/c_bench_term/term_10.c-ultimate-svtermprp.log,,2026-01-22 17:36:32,/home/clexma/Desktop/fox3/TermDB/EvolveTerm/data/aeval/c_bench_term/term_10.c,aeval171term,/home/clexma/Desktop/fox3/TermDB/svcomp_examples/sv-benchmarks/c/properties/termination.prp,32bit,300,1,/home/clexma/Desktop/fox3/TermDB/UAutomizer-linux,/usr/bin/python3 /home/clexma/Desktop/fox3/TermDB/UAutomizer-linux/Ultimate.py --config /home/clexma/Desktop/fox3/TermDB/UAutomizer-linux/config --data /home/clexma/Desktop/fox3/TermDB/UAutomizer-linux/data --full-output --architecture 32bit --spec /home/clexma/Desktop/fox3/TermDB/svcomp_examples/sv-benchmarks/c/properties/termination.prp --file ../EvolveTerm/data/aeval/c_bench_term/term_10.c
term_11.c,YES,0,,0,stdout_stderr,4.99,Results/ultimate/ultiouts/c_bench_term/term_11.c-ultimate-svtermprp.log,,2026-01-22 17:36:37,/home/clexma/Desktop/fox3/TermDB/EvolveTerm/data/aeval/c_bench_term/term_11.c,aeval171term,/home/clexma/Desktop/fox3/TermDB/svcomp_examples/sv-benchmarks/c/properties/termination.prp,32bit,300,1,/home/clexma/Desktop/fox3/TermDB/UAutomizer-linux,/usr/bin/python3 /home/clexma/Desktop/fox3/TermDB/UAutomizer-linux/Ultimate.py --config /home/clexma/Desktop/fox3/TermDB/UAutomizer-linux/config --data /home/clexma/Desktop/fox3/TermDB/UAutomizer-linux/data --full-output --architecture 32bit --spec /home/clexma/Desktop/fox3/TermDB/svcomp_examples/sv-benchmarks/c/properties/termination.prp --file ../EvolveTerm/data/aeval/c_bench_term/term_11.c
term_12.c,YES,0,,0,stdout_stderr,3.72,Results/ultimate/ultiouts/c_bench_term/term_12.c-ultimate-svtermprp.log,,2026-01-22 17:36:41,/home/clexma/Desktop/fox3/TermDB/EvolveTerm/data/aeval/c_bench_term/term_12.c,aeval171term,/home/clexma/Desktop/fox3/TermDB/svcomp_examples/sv-benchmarks/c/properties/termination.prp,32bit,300,1,/home/clexma/Desktop/fox3/TermDB/UAutomizer-linux,/usr/bin/python3 /home/clexma/Desktop/fox3/TermDB/UAutomizer-linux/Ultimate.py --config /home/clexma/Desktop/fox3/TermDB/UAutomizer-linux/config --data /home/clexma/Desktop/fox3/TermDB/UAutomizer-linux/data --full-output --architecture 32bit --spec /home/clexma/Desktop/fox3/TermDB/svcomp_examples/sv-benchmarks/c/properties/termination.prp --file ../EvolveTerm/data/aeval/c_bench_term/term_12.c
term_13.c,YES,0,,0,stdout_stderr,4.45,Results/ultimate/ultiouts/c_bench_term/term_13.c-ultimate-svtermprp.log,,2026-01-22 17:36:45,/home/clexma/Desktop/fox3/TermDB/EvolveTerm/data/aeval/c_bench_term/term_13.c,aeval171term,/home/clexma/Desktop/fox3/TermDB/svcomp_examples/sv-benchmarks/c/properties/termination.prp,32bit,300,1,/home/clexma/Desktop/fox3/TermDB/UAutomizer-linux,/usr/bin/python3 /home/clexma/Desktop/fox3/TermDB/UAutomizer-linux/Ultimate.py --config /home/clexma/Desktop/fox3/TermDB/UAutomizer-linux/config --data /home/clexma/Desktop/fox3/TermDB/UAutomizer-linux/data --full-output --architecture 32bit --spec /home/clexma/Desktop/fox3/TermDB/svcomp_examples/sv-benchmarks/c/properties/termination.prp --file ../EvolveTerm/data/aeval/c_bench_term/term_13.c
term_14.c,YES,0,,0,stdout_stderr,4.81,Results/ultimate/ultiouts/c_bench_term/term_14.c-ultimate-svtermprp.log,,2026-01-22 17:36:50,/home/clexma/Desktop/fox3/TermDB/EvolveTerm/data/aeval/c_bench_term/term_14.c,aeval171term,/home/clexma/Desktop/fox3/TermDB/svcomp_examples/sv-benchmarks/c/properties/termination.prp,32bit,300,1,/home/clexma/Desktop/fox3/TermDB/UAutomizer-linux,/usr/bin/python3 /home/clexma/Desktop/fox3/TermDB/UAutomizer-linux/Ultimate.py --config /home/clexma/Desktop/fox3/TermDB/UAutomizer-linux/config --data /home/clexma/Desktop/fox3/TermDB/UAutomizer-linux/data --full-output --architecture 32bit --spec /home/clexma/Desktop/fox3/TermDB/svcomp_examples/sv-benchmarks/c/properties/termination.prp --file ../EvolveTerm/data/aeval/c_bench_term/term_14.c
term_15.c,YES,0,,0,stdout_stderr,4.34,Results/ultimate/ultiouts/c_bench_term/term_15.c-ultimate-svtermprp.log,,2026-01-22 17:36:54,/home/clexma/Desktop/fox3/TermDB/EvolveTerm/data/aeval/c_bench_term/term_15.c,aeval171term,/home/clexma/Desktop/fox3/TermDB/svcomp_examples/sv-benchmarks/c/properties/termination.prp,32bit,300,1,/home/clexma/Desktop/fox3/TermDB/UAutomizer-linux,/usr/bin/python3 /home/clexma/Desktop/fox3/TermDB/UAutomizer-linux/Ultimate.py --config /home/clexma/Desktop/fox3/TermDB/UAutomizer-linux/config --data /home/clexma/Desktop/fox3/TermDB/UAutomizer-linux/data --full-output --architecture 32bit --spec /home/clexma/Desktop/fox3/TermDB/svcomp_examples/sv-benchmarks/c/properties/termination.prp --file ../EvolveTerm/data/aeval/c_bench_term/term_15.c
term_16.c,YES,0,,0,stdout_stderr,4.11,Results/ultimate/ultiouts/c_bench_term/term_16.c-ultimate-svtermprp.log,,2026-01-22 17:36:59,/home/clexma/Desktop/fox3/TermDB/EvolveTerm/data/aeval/c_bench_term/term_16.c,aeval171term,/home/clexma/Desktop/fox3/TermDB/svcomp_examples/sv-benchmarks/c/properties/termination.prp,32bit,300,1,/home/clexma/Desktop/fox3/TermDB/UAutomizer-linux,/usr/bin/python3 /home/clexma/Desktop/fox3/TermDB/UAutomizer-linux/Ultimate.py --config /home/clexma/Desktop/fox3/TermDB/UAutomizer-linux/config --data /home/clexma/Desktop/fox3/TermDB/UAutomizer-linux/data --full-output --architecture 32bit --spec /home/clexma/Desktop/fox3/TermDB/svcomp_examples/sv-benchmarks/c/properties/termination.prp --file ../EvolveTerm/data/aeval/c_bench_term/term_16.c
term_17.c,MAYBE,0,,0,stdout_stderr,8.20,Results/ultimate/ultiouts/c_bench_term/term_17.c-ultimate-svtermprp.log,,2026-01-22 17:37:07,/home/clexma/Desktop/fox3/TermDB/EvolveTerm/data/aeval/c_bench_term/term_17.c,aeval171term,/home/clexma/Desktop/fox3/TermDB/svcomp_examples/sv-benchmarks/c/properties/termination.prp,32bit,300,1,/home/clexma/Desktop/fox3/TermDB/UAutomizer-linux,/usr/bin/python3 /home/clexma/Desktop/fox3/TermDB/UAutomizer-linux/Ultimate.py --config /home/clexma/Desktop/fox3/TermDB/UAutomizer-linux/config --data /home/clexma/Desktop/fox3/TermDB/UAutomizer-linux/data --full-output --architecture 32bit --spec /home/clexma/Desktop/fox3/TermDB/svcomp_examples/sv-benchmarks/c/properties/termination.prp --file ../EvolveTerm/data/aeval/c_bench_term/term_17.c
term_18.c,MAYBE,0,,0,stdout_stderr,33.92,Results/ultimate/ultiouts/c_bench_term/term_18.c-ultimate-svtermprp.log,,2026-01-22 17:37:41,/home/clexma/Desktop/fox3/TermDB/EvolveTerm/data/aeval/c_bench_term/term_18.c,aeval171term,/home/clexma/Desktop/fox3/TermDB/svcomp_examples/sv-benchmarks/c/properties/termination.prp,32bit,300,1,/home/clexma/Desktop/fox3/TermDB/UAutomizer-linux,/usr/bin/python3 /home/clexma/Desktop/fox3/TermDB/UAutomizer-linux/Ultimate.py --config /home/clexma/Desktop/fox3/TermDB/UAutomizer-linux/config --data /home/clexma/Desktop/fox3/TermDB/UAutomizer-linux/data --full-output --architecture 32bit --spec /home/clexma/Desktop/fox3/TermDB/svcomp_examples/sv-benchmarks/c/properties/termination.prp --file ../EvolveTerm/data/aeval/c_bench_term/term_18.c
term_19.c,MAYBE,0,,0,stdout_stderr,19.50,Results/ultimate/ultiouts/c_bench_term/term_19.c-ultimate-svtermprp.log,,2026-01-22 17:38:00,/home/clexma/Desktop/fox3/TermDB/EvolveTerm/data/aeval/c_bench_term/term_19.c,aeval171term,/home/clexma/Desktop/fox3/TermDB/svcomp_examples/sv-benchmarks/c/properties/termination.prp,32bit,300,1,/home/clexma/Desktop/fox3/TermDB/UAutomizer-linux,/usr/bin/python3 /home/clexma/Desktop/fox3/TermDB/UAutomizer-linux/Ultimate.py --config /home/clexma/Desktop/fox3/TermDB/UAutomizer-linux/config --data /home/clexma/Desktop/fox3/TermDB/UAutomizer-linux/data --full-output --architecture 32bit --spec /home/clexma/Desktop/fox3/TermDB/svcomp_examples/sv-benchmarks/c/properties/termination.prp --file ../EvolveTerm/data/aeval/c_bench_term/term_19.c
term_20.c,YES,0,,0,stdout_stderr,3.74,Results/ultimate/ultiouts/c_bench_term/term_20.c-ultimate-svtermprp.log,,2026-01-22 17:38:04,/home/clexma/Desktop/fox3/TermDB/EvolveTerm/data/aeval/c_bench_term/term_20.c,aeval171term,/home/clexma/Desktop/fox3/TermDB/svcomp_examples/sv-benchmarks/c/properties/termination.prp,32bit,300,1,/home/clexma/Desktop/fox3/TermDB/UAutomizer-linux,/usr/bin/python3 /home/clexma/Desktop/fox3/TermDB/UAutomizer-linux/Ultimate.py --config /home/clexma/Desktop/fox3/TermDB/UAutomizer-linux/config --data /home/clexma/Desktop/fox3/TermDB/UAutomizer-linux/data --full-output --architecture 32bit --spec /home/clexma/Desktop/fox3/TermDB/svcomp_examples/sv-benchmarks/c/properties/termination.prp --file ../EvolveTerm/data/aeval/c_bench_term/term_20.c
term_21.c,MAYBE,0,,0,stdout_stderr,6.66,Results/ultimate/ultiouts/c_bench_term/term_21.c-ultimate-svtermprp.log,,2026-01-22 17:38:11,/home/clexma/Desktop/fox3/TermDB/EvolveTerm/data/aeval/c_bench_term/term_21.c,aeval171term,/home/clexma/Desktop/fox3/TermDB/svcomp_examples/sv-benchmarks/c/properties/termination.prp,32bit,300,1,/home/clexma/Desktop/fox3/TermDB/UAutomizer-linux,/usr/bin/python3 /home/clexma/Desktop/fox3/TermDB/UAutomizer-linux/Ultimate.py --config /home/clexma/Desktop/fox3/TermDB/UAutomizer-linux/config --data /home/clexma/Desktop/fox3/TermDB/UAutomizer-linux/data --full-output --architecture 32bit --spec /home/clexma/Desktop/fox3/TermDB/svcomp_examples/sv-benchmarks/c/properties/termination.prp --file ../EvolveTerm/data/aeval/c_bench_term/term_21.c
term_22.c,YES,0,,0,stdout_stderr,6.85,Results/ultimate/ultiouts/c_bench_term/term_22.c-ultimate-svtermprp.log,,2026-01-22 17:38:17,/home/clexma/Desktop/fox3/TermDB/EvolveTerm/data/aeval/c_bench_term/term_22.c,aeval171term,/home/clexma/Desktop/fox3/TermDB/svcomp_examples/sv-benchmarks/c/properties/termination.prp,32bit,300,1,/home/clexma/Desktop/fox3/TermDB/UAutomizer-linux,/usr/bin/python3 /home/clexma/Desktop/fox3/TermDB/UAutomizer-linux/Ultimate.py --config /home/clexma/Desktop/fox3/TermDB/UAutomizer-linux/config --data /home/clexma/Desktop/fox3/TermDB/UAutomizer-linux/data --full-output --architecture 32bit --spec /home/clexma/Desktop/fox3/TermDB/svcomp_examples/sv-benchmarks/c/properties/termination.prp --file ../EvolveTerm/data/aeval/c_bench_term/term_22.c
term_23.c,YES,0,,0,stdout_stderr,6.51,Results/ultimate/ultiouts/c_bench_term/term_23.c-ultimate-svtermprp.log,,2026-01-22 17:38:24,/home/clexma/Desktop/fox3/TermDB/EvolveTerm/data/aeval/c_bench_term/term_23.c,aeval171term,/home/clexma/Desktop/fox3/TermDB/svcomp_examples/sv-benchmarks/c/properties/termination.prp,32bit,300,1,/home/clexma/Desktop/fox3/TermDB/UAutomizer-linux,/usr/bin/python3 /home/clexma/Desktop/fox3/TermDB/UAutomizer-linux/Ultimate.py --config /home/clexma/Desktop/fox3/TermDB/UAutomizer-linux/config --data /home/clexma/Desktop/fox3/TermDB/UAutomizer-linux/data --full-output --architecture 32bit --spec /home/clexma/Desktop/fox3/TermDB/svcomp_examples/sv-benchmarks/c/properties/termination.prp --file ../EvolveTerm/data/aeval/c_bench_term/term_23.c
term_24.c,YES,0,,0,stdout_stderr,4.92,Results/ultimate/ultiouts/c_bench_term/term_24.c-ultimate-svtermprp.log,,2026-01-22 17:38:29,/home/clexma/Desktop/fox3/TermDB/EvolveTerm/data/aeval/c_bench_term/term_24.c,aeval171term,/home/clexma/Desktop/fox3/TermDB/svcomp_examples/sv-benchmarks/c/properties/termination.prp,32bit,300,1,/home/clexma/Desktop/fox3/TermDB/UAutomizer-linux,/usr/bin/python3 /home/clexma/Desktop/fox3/TermDB/UAutomizer-linux/Ultimate.py --config /home/clexma/Desktop/fox3/TermDB/UAutomizer-linux/config --data /home/clexma/Desktop/fox3/TermDB/UAutomizer-linux/data --full-output --architecture 32bit --spec /home/clexma/Desktop/fox3/TermDB/svcomp_examples/sv-benchmarks/c/properties/termination.prp --file ../EvolveTerm/data/aeval/c_bench_term/term_24.c
term_25.c,YES,0,,0,stdout_stderr,5.58,Results/ultimate/ultiouts/c_bench_term/term_25.c-ultimate-svtermprp.log,,2026-01-22 17:38:34,/home/clexma/Desktop/fox3/TermDB/EvolveTerm/data/aeval/c_bench_term/term_25.c,aeval171term,/home/clexma/Desktop/fox3/TermDB/svcomp_examples/sv-benchmarks/c/properties/termination.prp,32bit,300,1,/home/clexma/Desktop/fox3/TermDB/UAutomizer-linux,/usr/bin/python3 /home/clexma/Desktop/fox3/TermDB/UAutomizer-linux/Ultimate.py --config /home/clexma/Desktop/fox3/TermDB/UAutomizer-linux/config --data /home/clexma/Desktop/fox3/TermDB/UAutomizer-linux/data --full-output --architecture 32bit --spec /home/clexma/Desktop/fox3/TermDB/svcomp_examples/sv-benchmarks/c/properties/termination.prp --file ../EvolveTerm/data/aeval/c_bench_term/term_25.c
term_26.c,MAYBE,0,,0,stdout_stderr,54.91,Results/ultimate/ultiouts/c_bench_term/term_26.c-ultimate-svtermprp.log,,2026-01-22 17:39:29,/home/clexma/Desktop/fox3/TermDB/EvolveTerm/data/aeval/c_bench_term/term_26.c,aeval171term,/home/clexma/Desktop/fox3/TermDB/svcomp_examples/sv-benchmarks/c/properties/termination.prp,32bit,300,1,/home/clexma/Desktop/fox3/TermDB/UAutomizer-linux,/usr/bin/python3 /home/clexma/Desktop/fox3/TermDB/UAutomizer-linux/Ultimate.py --config /home/clexma/Desktop/fox3/TermDB/UAutomizer-linux/config --data /home/clexma/Desktop/fox3/TermDB/UAutomizer-linux/data --full-output --architecture 32bit --spec /home/clexma/Desktop/fox3/TermDB/svcomp_examples/sv-benchmarks/c/properties/termination.prp --file ../EvolveTerm/data/aeval/c_bench_term/term_26.c
term_27.c,YES,0,,0,stdout_stderr,5.42,Results/ultimate/ultiouts/c_bench_term/term_27.c-ultimate-svtermprp.log,,2026-01-22 17:39:35,/home/clexma/Desktop/fox3/TermDB/EvolveTerm/data/aeval/c_bench_term/term_27.c,aeval171term,/home/clexma/Desktop/fox3/TermDB/svcomp_examples/sv-benchmarks/c/properties/termination.prp,32bit,300,1,/home/clexma/Desktop/fox3/TermDB/UAutomizer-linux,/usr/bin/python3 /home/clexma/Desktop/fox3/TermDB/UAutomizer-linux/Ultimate.py --config /home/clexma/Desktop/fox3/TermDB/UAutomizer-linux/config --data /home/clexma/Desktop/fox3/TermDB/UAutomizer-linux/data --full-output --architecture 32bit --spec /home/clexma/Desktop/fox3/TermDB/svcomp_examples/sv-benchmarks/c/properties/termination.prp --file ../EvolveTerm/data/aeval/c_bench_term/term_27.c
term_28.c,YES,0,,0,stdout_stderr,3.80,Results/ultimate/ultiouts/c_bench_term/term_28.c-ultimate-svtermprp.log,,2026-01-22 17:39:39,/home/clexma/Desktop/fox3/TermDB/EvolveTerm/data/aeval/c_bench_term/term_28.c,aeval171term,/home/clexma/Desktop/fox3/TermDB/svcomp_examples/sv-benchmarks/c/properties/termination.prp,32bit,300,1,/home/clexma/Desktop/fox3/TermDB/UAutomizer-linux,/usr/bin/python3 /home/clexma/Desktop/fox3/TermDB/UAutomizer-linux/Ultimate.py --config /home/clexma/Desktop/fox3/TermDB/UAutomizer-linux/config --data /home/clexma/Desktop/fox3/TermDB/UAutomizer-linux/data --full-output --architecture 32bit --spec /home/clexma/Desktop/fox3/TermDB/svcomp_examples/sv-benchmarks/c/properties/termination.prp --file ../EvolveTerm/data/aeval/c_bench_term/term_28.c
term_29.c,YES,0,,0,stdout_stderr,19.23,Results/ultimate/ultiouts/c_bench_term/term_29.c-ultimate-svtermprp.log,,2026-01-22 17:39:58,/home/clexma/Desktop/fox3/TermDB/EvolveTerm/data/aeval/c_bench_term/term_29.c,aeval171term,/home/clexma/Desktop/fox3/TermDB/svcomp_examples/sv-benchmarks/c/properties/termination.prp,32bit,300,1,/home/clexma/Desktop/fox3/TermDB/UAutomizer-linux,/usr/bin/python3 /home/clexma/Desktop/fox3/TermDB/UAutomizer-linux/Ultimate.py --config /home/clexma/Desktop/fox3/TermDB/UAutomizer-linux/config --data /home/clexma/Desktop/fox3/TermDB/UAutomizer-linux/data --full-output --architecture 32bit --spec /home/clexma/Desktop/fox3/TermDB/svcomp_examples/sv-benchmarks/c/properties/termination.prp --file ../EvolveTerm/data/aeval/c_bench_term/term_29.c
transform_1.c,YES,0,,0,stdout_stderr,5.04,Results/ultimate/ultiouts/c_bench_term/transform_1.c-ultimate-svtermprp.log,,2026-01-22 17:40:03,/home/clexma/Desktop/fox3/TermDB/EvolveTerm/data/aeval/c_bench_term/transform_1.c,aeval171term,/home/clexma/Desktop/fox3/TermDB/svcomp_examples/sv-benchmarks/c/properties/termination.prp,32bit,300,1,/home/clexma/Desktop/fox3/TermDB/UAutomizer-linux,/usr/bin/python3 /home/clexma/Desktop/fox3/TermDB/UAutomizer-linux/Ultimate.py --config /home/clexma/Desktop/fox3/TermDB/UAutomizer-linux/config --data /home/clexma/Desktop/fox3/TermDB/UAutomizer-linux/data --full-output --architecture 32bit --spec /home/clexma/Desktop/fox3/TermDB/svcomp_examples/sv-benchmarks/c/properties/termination.prp --file ../EvolveTerm/data/aeval/c_bench_term/transform_1.c
trex03_false-unreach-call_true-termination-modif.c,YES,0,,0,stdout_stderr,5.32,Results/ultimate/ultiouts/c_bench_term/trex03_false-unreach-call_true-termination-modif.c-ultimate-svtermprp.log,,2026-01-22 17:40:08,/home/clexma/Desktop/fox3/TermDB/EvolveTerm/data/aeval/c_bench_term/trex03_false-unreach-call_true-termination-modif.c,aeval171term,/home/clexma/Desktop/fox3/TermDB/svcomp_examples/sv-benchmarks/c/properties/termination.prp,32bit,300,1,/home/clexma/Desktop/fox3/TermDB/UAutomizer-linux,/usr/bin/python3 /home/clexma/Desktop/fox3/TermDB/UAutomizer-linux/Ultimate.py --config /home/clexma/Desktop/fox3/TermDB/UAutomizer-linux/config --data /home/clexma/Desktop/fox3/TermDB/UAutomizer-linux/data --full-output --architecture 32bit --spec /home/clexma/Desktop/fox3/TermDB/svcomp_examples/sv-benchmarks/c/properties/termination.prp --file ../EvolveTerm/data/aeval/c_bench_term/trex03_false-unreach-call_true-termination-modif.c
trex03_false-unreach-call_true-termination-simpl.c,YES,0,,0,stdout_stderr,4.25,Results/ultimate/ultiouts/c_bench_term/trex03_false-unreach-call_true-termination-simpl.c-ultimate-svtermprp.log,,2026-01-22 17:40:12,/home/clexma/Desktop/fox3/TermDB/EvolveTerm/data/aeval/c_bench_term/trex03_false-unreach-call_true-termination-simpl.c,aeval171term,/home/clexma/Desktop/fox3/TermDB/svcomp_examples/sv-benchmarks/c/properties/termination.prp,32bit,300,1,/home/clexma/Desktop/fox3/TermDB/UAutomizer-linux,/usr/bin/python3 /home/clexma/Desktop/fox3/TermDB/UAutomizer-linux/Ultimate.py --config /home/clexma/Desktop/fox3/TermDB/UAutomizer-linux/config --data /home/clexma/Desktop/fox3/TermDB/UAutomizer-linux/data --full-output --architecture 32bit --spec /home/clexma/Desktop/fox3/TermDB/svcomp_examples/sv-benchmarks/c/properties/termination.prp --file ../EvolveTerm/data/aeval/c_bench_term/trex03_false-unreach-call_true-termination-simpl.c
trex03_false-unreach-call_true-termination.c,YES,0,,0,stdout_stderr,4.66,Results/ultimate/ultiouts/c_bench_term/trex03_false-unreach-call_true-termination.c-ultimate-svtermprp.log,,2026-01-22 17:40:17,/home/clexma/Desktop/fox3/TermDB/EvolveTerm/data/aeval/c_bench_term/trex03_false-unreach-call_true-termination.c,aeval171term,/home/clexma/Desktop/fox3/TermDB/svcomp_examples/sv-benchmarks/c/properties/termination.prp,32bit,300,1,/home/clexma/Desktop/fox3/TermDB/UAutomizer-linux,/usr/bin/python3 /home/clexma/Desktop/fox3/TermDB/UAutomizer-linux/Ultimate.py --config /home/clexma/Desktop/fox3/TermDB/UAutomizer-linux/config --data /home/clexma/Desktop/fox3/TermDB/UAutomizer-linux/data --full-output --architecture 32bit --spec /home/clexma/Desktop/fox3/TermDB/svcomp_examples/sv-benchmarks/c/properties/termination.prp --file ../EvolveTerm/data/aeval/c_bench_term/trex03_false-unreach-call_true-termination.c
2Nested_true-termination.c,YES,0,,0,stdout_stderr,3.92,Results/ultimate/ultiouts/c_term/2Nested_true-termination.c-ultimate-svtermprp.log,,2026-01-22 17:40:21,/home/clexma/Desktop/fox3/TermDB/EvolveTerm/data/tpdb_known/c_term/2Nested_true-termination.c,tpdb429term,/home/clexma/Desktop/fox3/TermDB/svcomp_examples/sv-benchmarks/c/properties/termination.prp,32bit,300,1,/home/clexma/Desktop/fox3/TermDB/UAutomizer-linux,/usr/bin/python3 /home/clexma/Desktop/fox3/TermDB/UAutomizer-linux/Ultimate.py --config /home/clexma/Desktop/fox3/TermDB/UAutomizer-linux/config --data /home/clexma/Desktop/fox3/TermDB/UAutomizer-linux/data --full-output --architecture 32bit --spec /home/clexma/Desktop/fox3/TermDB/svcomp_examples/sv-benchmarks/c/properties/termination.prp --file ../EvolveTerm/data/tpdb_known/c_term/2Nested_true-termination.c
4BitCounterPointer_true-termination.c,YES,0,,0,stdout_stderr,7.93,Results/ultimate/ultiouts/c_term/4BitCounterPointer_true-termination.c-ultimate-svtermprp.log,,2026-01-22 17:40:29,/home/clexma/Desktop/fox3/TermDB/EvolveTerm/data/tpdb_known/c_term/4BitCounterPointer_true-termination.c,tpdb429term,/home/clexma/Desktop/fox3/TermDB/svcomp_examples/sv-benchmarks/c/properties/termination.prp,32bit,300,1,/home/clexma/Desktop/fox3/TermDB/UAutomizer-linux,/usr/bin/python3 /home/clexma/Desktop/fox3/TermDB/UAutomizer-linux/Ultimate.py --config /home/clexma/Desktop/fox3/TermDB/UAutomizer-linux/config --data /home/clexma/Desktop/fox3/TermDB/UAutomizer-linux/data --full-output --architecture 32bit --spec /home/clexma/Desktop/fox3/TermDB/svcomp_examples/sv-benchmarks/c/properties/termination.prp --file ../EvolveTerm/data/tpdb_known/c_term/4BitCounterPointer_true-termination.c
4NestedWith3Variables_true-termination.c,YES,0,,0,stdout_stderr,5.21,Results/ultimate/ultiouts/c_term/4NestedWith3Variables_true-termination.c-ultimate-svtermprp.log,,2026-01-22 17:40:34,/home/clexma/Desktop/fox3/TermDB/EvolveTerm/data/tpdb_known/c_term/4NestedWith3Variables_true-termination.c,tpdb429term,/home/clexma/Desktop/fox3/TermDB/svcomp_examples/sv-benchmarks/c/properties/termination.prp,32bit,300,1,/home/clexma/Desktop/fox3/TermDB/UAutomizer-linux,/usr/bin/python3 /home/clexma/Desktop/fox3/TermDB/UAutomizer-linux/Ultimate.py --config /home/clexma/Desktop/fox3/TermDB/UAutomizer-linux/config --data /home/clexma/Desktop/fox3/TermDB/UAutomizer-linux/data --full-output --architecture 32bit --spec /home/clexma/Desktop/fox3/TermDB/svcomp_examples/sv-benchmarks/c/properties/termination.prp --file ../EvolveTerm/data/tpdb_known/c_term/4NestedWith3Variables_true-termination.c
960521-1_1_true-valid-memsafety.c,YES,0,,0,stdout_stderr,4.92,Results/ultimate/ultiouts/c_term/960521-1_1_true-valid-memsafety.c-ultimate-svtermprp.log,,2026-01-22 17:40:39,/home/clexma/Desktop/fox3/TermDB/EvolveTerm/data/tpdb_known/c_term/960521-1_1_true-valid-memsafety.c,tpdb429term,/home/clexma/Desktop/fox3/TermDB/svcomp_examples/sv-benchmarks/c/properties/termination.prp,32bit,300,1,/home/clexma/Desktop/fox3/TermDB/UAutomizer-linux,/usr/bin/python3 /home/clexma/Desktop/fox3/TermDB/UAutomizer-linux/Ultimate.py --config /home/clexma/Desktop/fox3/TermDB/UAutomizer-linux/config --data /home/clexma/Desktop/fox3/TermDB/UAutomizer-linux/data --full-output --architecture 32bit --spec /home/clexma/Desktop/fox3/TermDB/svcomp_examples/sv-benchmarks/c/properties/termination.prp --file ../EvolveTerm/data/tpdb_known/c_term/960521-1_1_true-valid-memsafety.c
Ackermann_true-termination.c,TIMEOUT,1,Analysis timed out after 300 seconds,,timeout,300.05,,,2026-01-22 17:45:39,/home/clexma/Desktop/fox3/TermDB/EvolveTerm/data/tpdb_known/c_term/Ackermann_true-termination.c,tpdb429term,/home/clexma/Desktop/fox3/TermDB/svcomp_examples/sv-benchmarks/c/properties/termination.prp,32bit,300,1,/home/clexma/Desktop/fox3/TermDB/UAutomizer-linux,/usr/bin/python3 /home/clexma/Desktop/fox3/TermDB/UAutomizer-linux/Ultimate.py --config /home/clexma/Desktop/fox3/TermDB/UAutomizer-linux/config --data /home/clexma/Desktop/fox3/TermDB/UAutomizer-linux/data --full-output --architecture 32bit --spec /home/clexma/Desktop/fox3/TermDB/svcomp_examples/sv-benchmarks/c/properties/termination.prp --file ../EvolveTerm/data/tpdb_known/c_term/Ackermann_true-termination.c
Addition01_true-unreach-call_true-termination.c,YES,0,,0,stdout_stderr,4.53,Results/ultimate/ultiouts/c_term/Addition01_true-unreach-call_true-termination.c-ultimate-svtermprp.log,,2026-01-22 17:45:44,/home/clexma/Desktop/fox3/TermDB/EvolveTerm/data/tpdb_known/c_term/Addition01_true-unreach-call_true-termination.c,tpdb429term,/home/clexma/Desktop/fox3/TermDB/svcomp_examples/sv-benchmarks/c/properties/termination.prp,32bit,300,1,/home/clexma/Desktop/fox3/TermDB/UAutomizer-linux,/usr/bin/python3 /home/clexma/Desktop/fox3/TermDB/UAutomizer-linux/Ultimate.py --config /home/clexma/Desktop/fox3/TermDB/UAutomizer-linux/config --data /home/clexma/Desktop/fox3/TermDB/UAutomizer-linux/data --full-output --architecture 32bit --spec /home/clexma/Desktop/fox3/TermDB/svcomp_examples/sv-benchmarks/c/properties/termination.prp --file ../EvolveTerm/data/tpdb_known/c_term/Addition01_true-unreach-call_true-termination.c
AliasDarteFeautrierGonnord-SAS2010-Fig1_true-termination.c,YES,0,,0,stdout_stderr,6.38,Results/ultimate/ultiouts/c_term/AliasDarteFeautrierGonnord-SAS2010-Fig1_true-termination.c-ultimate-svtermprp.log,,2026-01-22 17:45:50,/home/clexma/Desktop/fox3/TermDB/EvolveTerm/data/tpdb_known/c_term/AliasDarteFeautrierGonnord-SAS2010-Fig1_true-termination.c,tpdb429term,/home/clexma/Desktop/fox3/TermDB/svcomp_examples/sv-benchmarks/c/properties/termination.prp,32bit,300,1,/home/clexma/Desktop/fox3/TermDB/UAutomizer-linux,/usr/bin/python3 /home/clexma/Desktop/fox3/TermDB/UAutomizer-linux/Ultimate.py --config /home/clexma/Desktop/fox3/TermDB/UAutomizer-linux/config --data /home/clexma/Desktop/fox3/TermDB/UAutomizer-linux/data --full-output --architecture 32bit --spec /home/clexma/Desktop/fox3/TermDB/svcomp_examples/sv-benchmarks/c/properties/termination.prp --file ../EvolveTerm/data/tpdb_known/c_term/AliasDarteFeautrierGonnord-SAS2010-Fig1_true-termination.c
AliasDarteFeautrierGonnord-SAS2010-Fig2a_true-termination.c,YES,0,,0,stdout_stderr,5.06,Results/ultimate/ultiouts/c_term/AliasDarteFeautrierGonnord-SAS2010-Fig2a_true-termination.c-ultimate-svtermprp.log,,2026-01-22 17:45:55,/home/clexma/Desktop/fox3/TermDB/EvolveTerm/data/tpdb_known/c_term/AliasDarteFeautrierGonnord-SAS2010-Fig2a_true-termination.c,tpdb429term,/home/clexma/Desktop/fox3/TermDB/svcomp_examples/sv-benchmarks/c/properties/termination.prp,32bit,300,1,/home/clexma/Desktop/fox3/TermDB/UAutomizer-linux,/usr/bin/python3 /home/clexma/Desktop/fox3/TermDB/UAutomizer-linux/Ultimate.py --config /home/clexma/Desktop/fox3/TermDB/UAutomizer-linux/config --data /home/clexma/Desktop/fox3/TermDB/UAutomizer-linux/data --full-output --architecture 32bit --spec /home/clexma/Desktop/fox3/TermDB/svcomp_examples/sv-benchmarks/c/properties/termination.prp --file ../EvolveTerm/data/tpdb_known/c_term/AliasDarteFeautrierGonnord-SAS2010-Fig2a_true-termination.c
AliasDarteFeautrierGonnord-SAS2010-Fig2b_true-termination.c,YES,0,,0,stdout_stderr,9.79,Results/ultimate/ultiouts/c_term/AliasDarteFeautrierGonnord-SAS2010-Fig2b_true-termination.c-ultimate-svtermprp.log,,2026-01-22 17:46:05,/home/clexma/Desktop/fox3/TermDB/EvolveTerm/data/tpdb_known/c_term/AliasDarteFeautrierGonnord-SAS2010-Fig2b_true-termination.c,tpdb429term,/home/clexma/Desktop/fox3/TermDB/svcomp_examples/sv-benchmarks/c/properties/termination.prp,32bit,300,1,/home/clexma/Desktop/fox3/TermDB/UAutomizer-linux,/usr/bin/python3 /home/clexma/Desktop/fox3/TermDB/UAutomizer-linux/Ultimate.py --config /home/clexma/Desktop/fox3/TermDB/UAutomizer-linux/config --data /home/clexma/Desktop/fox3/TermDB/UAutomizer-linux/data --full-output --architecture 32bit --spec /home/clexma/Desktop/fox3/TermDB/svcomp_examples/sv-benchmarks/c/properties/termination.prp --file ../EvolveTerm/data/tpdb_known/c_term/AliasDarteFeautrierGonnord-SAS2010-Fig2b_true-termination.c
AliasDarteFeautrierGonnord-SAS2010-complex_true-termination.c,YES,0,,0,stdout_stderr,4.77,Results/ultimate/ultiouts/c_term/AliasDarteFeautrierGonnord-SAS2010-complex_true-termination.c-ultimate-svtermprp.log,,2026-01-22 17:46:10,/home/clexma/Desktop/fox3/TermDB/EvolveTerm/data/tpdb_known/c_term/AliasDarteFeautrierGonnord-SAS2010-complex_true-termination.c,tpdb429term,/home/clexma/Desktop/fox3/TermDB/svcomp_examples/sv-benchmarks/c/properties/termination.prp,32bit,300,1,/home/clexma/Desktop/fox3/TermDB/UAutomizer-linux,/usr/bin/python3 /home/clexma/Desktop/fox3/TermDB/UAutomizer-linux/Ultimate.py --config /home/clexma/Desktop/fox3/TermDB/UAutomizer-linux/config --data /home/clexma/Desktop/fox3/TermDB/UAutomizer-linux/data --full-output --architecture 32bit --spec /home/clexma/Desktop/fox3/TermDB/svcomp_examples/sv-benchmarks/c/properties/termination.prp --file ../EvolveTerm/data/tpdb_known/c_term/AliasDarteFeautrierGonnord-SAS2010-complex_true-termination.c
AliasDarteFeautrierGonnord-SAS2010-counterex1a_true-termination.c,YES,0,,0,stdout_stderr,6.22,Results/ultimate/ultiouts/c_term/AliasDarteFeautrierGonnord-SAS2010-counterex1a_true-termination.c-ultimate-svtermprp.log,,2026-01-22 17:46:16,/home/clexma/Desktop/fox3/TermDB/EvolveTerm/data/tpdb_known/c_term/AliasDarteFeautrierGonnord-SAS2010-counterex1a_true-termination.c,tpdb429term,/home/clexma/Desktop/fox3/TermDB/svcomp_examples/sv-benchmarks/c/properties/termination.prp,32bit,300,1,/home/clexma/Desktop/fox3/TermDB/UAutomizer-linux,/usr/bin/python3 /home/clexma/Desktop/fox3/TermDB/UAutomizer-linux/Ultimate.py --config /home/clexma/Desktop/fox3/TermDB/UAutomizer-linux/config --data /home/clexma/Desktop/fox3/TermDB/UAutomizer-linux/data --full-output --architecture 32bit --spec /home/clexma/Desktop/fox3/TermDB/svcomp_examples/sv-benchmarks/c/properties/termination.prp --file ../EvolveTerm/data/tpdb_known/c_term/AliasDarteFeautrierGonnord-SAS2010-counterex1a_true-termination.c
AliasDarteFeautrierGonnord-SAS2010-counterex1b_true-termination.c,YES,0,,0,stdout_stderr,5.16,Results/ultimate/ultiouts/c_term/AliasDarteFeautrierGonnord-SAS2010-counterex1b_true-termination.c-ultimate-svtermprp.log,,2026-01-22 17:46:21,/home/clexma/Desktop/fox3/TermDB/EvolveTerm/data/tpdb_known/c_term/AliasDarteFeautrierGonnord-SAS2010-counterex1b_true-termination.c,tpdb429term,/home/clexma/Desktop/fox3/TermDB/svcomp_examples/sv-benchmarks/c/properties/termination.prp,32bit,300,1,/home/clexma/Desktop/fox3/TermDB/UAutomizer-linux,/usr/bin/python3 /home/clexma/Desktop/fox3/TermDB/UAutomizer-linux/Ultimate.py --config /home/clexma/Desktop/fox3/TermDB/UAutomizer-linux/config --data /home/clexma/Desktop/fox3/TermDB/UAutomizer-linux/data --full-output --architecture 32bit --spec /home/clexma/Desktop/fox3/TermDB/svcomp_examples/sv-benchmarks/c/properties/termination.prp --file ../EvolveTerm/data/tpdb_known/c_term/AliasDarteFeautrierGonnord-SAS2010-counterex1b_true-termination.c
AliasDarteFeautrierGonnord-SAS2010-cousot9_true-termination.c,YES,0,,0,stdout_stderr,4.55,Results/ultimate/ultiouts/c_term/AliasDarteFeautrierGonnord-SAS2010-cousot9_true-termination.c-ultimate-svtermprp.log,,2026-01-22 17:46:26,/home/clexma/Desktop/fox3/TermDB/EvolveTerm/data/tpdb_known/c_term/AliasDarteFeautrierGonnord-SAS2010-cousot9_true-termination.c,tpdb429term,/home/clexma/Desktop/fox3/TermDB/svcomp_examples/sv-benchmarks/c/properties/termination.prp,32bit,300,1,/home/clexma/Desktop/fox3/TermDB/UAutomizer-linux,/usr/bin/python3 /home/clexma/Desktop/fox3/TermDB/UAutomizer-linux/Ultimate.py --config /home/clexma/Desktop/fox3/TermDB/UAutomizer-linux/config --data /home/clexma/Desktop/fox3/TermDB/UAutomizer-linux/data --full-output --architecture 32bit --spec /home/clexma/Desktop/fox3/TermDB/svcomp_examples/sv-benchmarks/c/properties/termination.prp --file ../EvolveTerm/data/tpdb_known/c_term/AliasDarteFeautrierGonnord-SAS2010-cousot9_true-termination.c
AliasDarteFeautrierGonnord-SAS2010-exmini_true-termination.c,YES,0,,0,stdout_stderr,3.97,Results/ultimate/ultiouts/c_term/AliasDarteFeautrierGonnord-SAS2010-exmini_true-termination.c-ultimate-svtermprp.log,,2026-01-22 17:46:29,/home/clexma/Desktop/fox3/TermDB/EvolveTerm/data/tpdb_known/c_term/AliasDarteFeautrierGonnord-SAS2010-exmini_true-termination.c,tpdb429term,/home/clexma/Desktop/fox3/TermDB/svcomp_examples/sv-benchmarks/c/properties/termination.prp,32bit,300,1,/home/clexma/Desktop/fox3/TermDB/UAutomizer-linux,/usr/bin/python3 /home/clexma/Desktop/fox3/TermDB/UAutomizer-linux/Ultimate.py --config /home/clexma/Desktop/fox3/TermDB/UAutomizer-linux/config --data /home/clexma/Desktop/fox3/TermDB/UAutomizer-linux/data --full-output --architecture 32bit --spec /home/clexma/Desktop/fox3/TermDB/svcomp_examples/sv-benchmarks/c/properties/termination.prp --file ../EvolveTerm/data/tpdb_known/c_term/AliasDarteFeautrierGonnord-SAS2010-exmini_true-termination.c
AliasDarteFeautrierGonnord-SAS2010-loops_true-termination.c,YES,0,,0,stdout_stderr,4.75,Results/ultimate/ultiouts/c_term/AliasDarteFeautrierGonnord-SAS2010-loops_true-termination.c-ultimate-svtermprp.log,,2026-01-22 17:46:34,/home/clexma/Desktop/fox3/TermDB/EvolveTerm/data/tpdb_known/c_term/AliasDarteFeautrierGonnord-SAS2010-loops_true-termination.c,tpdb429term,/home/clexma/Desktop/fox3/TermDB/svcomp_examples/sv-benchmarks/c/properties/termination.prp,32bit,300,1,/home/clexma/Desktop/fox3/TermDB/UAutomizer-linux,/usr/bin/python3 /home/clexma/Desktop/fox3/TermDB/UAutomizer-linux/Ultimate.py --config /home/clexma/Desktop/fox3/TermDB/UAutomizer-linux/config --data /home/clexma/Desktop/fox3/TermDB/UAutomizer-linux/data --full-output --architecture 32bit --spec /home/clexma/Desktop/fox3/TermDB/svcomp_examples/sv-benchmarks/c/properties/termination.prp --file ../EvolveTerm/data/tpdb_known/c_term/AliasDarteFeautrierGonnord-SAS2010-loops_true-termination.c
AliasDarteFeautrierGonnord-SAS2010-ndecr_true-termination.c,YES,0,,0,stdout_stderr,3.68,Results/ultimate/ultiouts/c_term/AliasDarteFeautrierGonnord-SAS2010-ndecr_true-termination.c-ultimate-svtermprp.log,,2026-01-22 17:46:38,/home/clexma/Desktop/fox3/TermDB/EvolveTerm/data/tpdb_known/c_term/AliasDarteFeautrierGonnord-SAS2010-ndecr_true-termination.c,tpdb429term,/home/clexma/Desktop/fox3/TermDB/svcomp_examples/sv-benchmarks/c/properties/termination.prp,32bit,300,1,/home/clexma/Desktop/fox3/TermDB/UAutomizer-linux,/usr/bin/python3 /home/clexma/Desktop/fox3/TermDB/UAutomizer-linux/Ultimate.py --config /home/clexma/Desktop/fox3/TermDB/UAutomizer-linux/config --data /home/clexma/Desktop/fox3/TermDB/UAutomizer-linux/data --full-output --architecture 32bit --spec /home/clexma/Desktop/fox3/TermDB/svcomp_examples/sv-benchmarks/c/properties/termination.prp --file ../EvolveTerm/data/tpdb_known/c_term/AliasDarteFeautrierGonnord-SAS2010-ndecr_true-termination.c
AliasDarteFeautrierGonnord-SAS2010-nestedLoop_true-termination.c,YES,0,,0,stdout_stderr,5.34,Results/ultimate/ultiouts/c_term/AliasDarteFeautrierGonnord-SAS2010-nestedLoop_true-termination.c-ultimate-svtermprp.log,,2026-01-22 17:46:43,/home/clexma/Desktop/fox3/TermDB/EvolveTerm/data/tpdb_known/c_term/AliasDarteFeautrierGonnord-SAS2010-nestedLoop_true-termination.c,tpdb429term,/home/clexma/Desktop/fox3/TermDB/svcomp_examples/sv-benchmarks/c/properties/termination.prp,32bit,300,1,/home/clexma/Desktop/fox3/TermDB/UAutomizer-linux,/usr/bin/python3 /home/clexma/Desktop/fox3/TermDB/UAutomizer-linux/Ultimate.py --config /home/clexma/Desktop/fox3/TermDB/UAutomizer-linux/config --data /home/clexma/Desktop/fox3/TermDB/UAutomizer-linux/data --full-output --architecture 32bit --spec /home/clexma/Desktop/fox3/TermDB/svcomp_examples/sv-benchmarks/c/properties/termination.prp --file ../EvolveTerm/data/tpdb_known/c_term/AliasDarteFeautrierGonnord-SAS2010-nestedLoop_true-termination.c
AliasDarteFeautrierGonnord-SAS2010-random1d_true-termination.c,YES,0,,0,stdout_stderr,3.67,Results/ultimate/ultiouts/c_term/AliasDarteFeautrierGonnord-SAS2010-random1d_true-termination.c-ultimate-svtermprp.log,,2026-01-22 17:46:47,/home/clexma/Desktop/fox3/TermDB/EvolveTerm/data/tpdb_known/c_term/AliasDarteFeautrierGonnord-SAS2010-random1d_true-termination.c,tpdb429term,/home/clexma/Desktop/fox3/TermDB/svcomp_examples/sv-benchmarks/c/properties/termination.prp,32bit,300,1,/home/clexma/Desktop/fox3/TermDB/UAutomizer-linux,/usr/bin/python3 /home/clexma/Desktop/fox3/TermDB/UAutomizer-linux/Ultimate.py --config /home/clexma/Desktop/fox3/TermDB/UAutomizer-linux/config --data /home/clexma/Desktop/fox3/TermDB/UAutomizer-linux/data --full-output --architecture 32bit --spec /home/clexma/Desktop/fox3/TermDB/svcomp_examples/sv-benchmarks/c/properties/termination.prp --file ../EvolveTerm/data/tpdb_known/c_term/AliasDarteFeautrierGonnord-SAS2010-random1d_true-termination.c
AliasDarteFeautrierGonnord-SAS2010-random2d_true-termination.c,YES,0,,0,stdout_stderr,3.83,Results/ultimate/ultiouts/c_term/AliasDarteFeautrierGonnord-SAS2010-random2d_true-termination.c-ultimate-svtermprp.log,,2026-01-22 17:46:51,/home/clexma/Desktop/fox3/TermDB/EvolveTerm/data/tpdb_known/c_term/AliasDarteFeautrierGonnord-SAS2010-random2d_true-termination.c,tpdb429term,/home/clexma/Desktop/fox3/TermDB/svcomp_examples/sv-benchmarks/c/properties/termination.prp,32bit,300,1,/home/clexma/Desktop/fox3/TermDB/UAutomizer-linux,/usr/bin/python3 /home/clexma/Desktop/fox3/TermDB/UAutomizer-linux/Ultimate.py --config /home/clexma/Desktop/fox3/TermDB/UAutomizer-linux/config --data /home/clexma/Desktop/fox3/TermDB/UAutomizer-linux/data --full-output --architecture 32bit --spec /home/clexma/Desktop/fox3/TermDB/svcomp_examples/sv-benchmarks/c/properties/termination.prp --file ../EvolveTerm/data/tpdb_known/c_term/AliasDarteFeautrierGonnord-SAS2010-random2d_true-termination.c
AliasDarteFeautrierGonnord-SAS2010-rsd_true-termination.c,YES,0,,0,stdout_stderr,4.72,Results/ultimate/ultiouts/c_term/AliasDarteFeautrierGonnord-SAS2010-rsd_true-termination.c-ultimate-svtermprp.log,,2026-01-22 17:46:55,/home/clexma/Desktop/fox3/TermDB/EvolveTerm/data/tpdb_known/c_term/AliasDarteFeautrierGonnord-SAS2010-rsd_true-termination.c,tpdb429term,/home/clexma/Desktop/fox3/TermDB/svcomp_examples/sv-benchmarks/c/properties/termination.prp,32bit,300,1,/home/clexma/Desktop/fox3/TermDB/UAutomizer-linux,/usr/bin/python3 /home/clexma/Desktop/fox3/TermDB/UAutomizer-linux/Ultimate.py --config /home/clexma/Desktop/fox3/TermDB/UAutomizer-linux/config --data /home/clexma/Desktop/fox3/TermDB/UAutomizer-linux/data --full-output --architecture 32bit --spec /home/clexma/Desktop/fox3/TermDB/svcomp_examples/sv-benchmarks/c/properties/termination.prp --file ../EvolveTerm/data/tpdb_known/c_term/AliasDarteFeautrierGonnord-SAS2010-rsd_true-termination.c
AliasDarteFeautrierGonnord-SAS2010-speedFails4_true-termination.c,YES,0,,0,stdout_stderr,4.61,Results/ultimate/ultiouts/c_term/AliasDarteFeautrierGonnord-SAS2010-speedFails4_true-termination.c-ultimate-svtermprp.log,,2026-01-22 17:47:00,/home/clexma/Desktop/fox3/TermDB/EvolveTerm/data/tpdb_known/c_term/AliasDarteFeautrierGonnord-SAS2010-speedFails4_true-termination.c,tpdb429term,/home/clexma/Desktop/fox3/TermDB/svcomp_examples/sv-benchmarks/c/properties/termination.prp,32bit,300,1,/home/clexma/Desktop/fox3/TermDB/UAutomizer-linux,/usr/bin/python3 /home/clexma/Desktop/fox3/TermDB/UAutomizer-linux/Ultimate.py --config /home/clexma/Desktop/fox3/TermDB/UAutomizer-linux/config --data /home/clexma/Desktop/fox3/TermDB/UAutomizer-linux/data --full-output --architecture 32bit --spec /home/clexma/Desktop/fox3/TermDB/svcomp_examples/sv-benchmarks/c/properties/termination.prp --file ../EvolveTerm/data/tpdb_known/c_term/AliasDarteFeautrierGonnord-SAS2010-speedFails4_true-termination.c
AliasDarteFeautrierGonnord-SAS2010-speedpldi2_true-termination.c,YES,0,,0,stdout_stderr,4.43,Results/ultimate/ultiouts/c_term/AliasDarteFeautrierGonnord-SAS2010-speedpldi2_true-termination.c-ultimate-svtermprp.log,,2026-01-22 17:47:05,/home/clexma/Desktop/fox3/TermDB/EvolveTerm/data/tpdb_known/c_term/AliasDarteFeautrierGonnord-SAS2010-speedpldi2_true-termination.c,tpdb429term,/home/clexma/Desktop/fox3/TermDB/svcomp_examples/sv-benchmarks/c/properties/termination.prp,32bit,300,1,/home/clexma/Desktop/fox3/TermDB/UAutomizer-linux,/usr/bin/python3 /home/clexma/Desktop/fox3/TermDB/UAutomizer-linux/Ultimate.py --config /home/clexma/Desktop/fox3/TermDB/UAutomizer-linux/config --data /home/clexma/Desktop/fox3/TermDB/UAutomizer-linux/data --full-output --architecture 32bit --spec /home/clexma/Desktop/fox3/TermDB/svcomp_examples/sv-benchmarks/c/properties/termination.prp --file ../EvolveTerm/data/tpdb_known/c_term/AliasDarteFeautrierGonnord-SAS2010-speedpldi2_true-termination.c
AliasDarteFeautrierGonnord-SAS2010-speedpldi3_true-termination.c,YES,0,,0,stdout_stderr,4.69,Results/ultimate/ultiouts/c_term/AliasDarteFeautrierGonnord-SAS2010-speedpldi3_true-termination.c-ultimate-svtermprp.log,,2026-01-22 17:47:09,/home/clexma/Desktop/fox3/TermDB/EvolveTerm/data/tpdb_known/c_term/AliasDarteFeautrierGonnord-SAS2010-speedpldi3_true-termination.c,tpdb429term,/home/clexma/Desktop/fox3/TermDB/svcomp_examples/sv-benchmarks/c/properties/termination.prp,32bit,300,1,/home/clexma/Desktop/fox3/TermDB/UAutomizer-linux,/usr/bin/python3 /home/clexma/Desktop/fox3/TermDB/UAutomizer-linux/Ultimate.py --config /home/clexma/Desktop/fox3/TermDB/UAutomizer-linux/config --data /home/clexma/Desktop/fox3/TermDB/UAutomizer-linux/data --full-output --architecture 32bit --spec /home/clexma/Desktop/fox3/TermDB/svcomp_examples/sv-benchmarks/c/properties/termination.prp --file ../EvolveTerm/data/tpdb_known/c_term/AliasDarteFeautrierGonnord-SAS2010-speedpldi3_true-termination.c
AliasDarteFeautrierGonnord-SAS2010-speedpldi4_true-termination.c,YES,0,,0,stdout_stderr,4.24,Results/ultimate/ultiouts/c_term/AliasDarteFeautrierGonnord-SAS2010-speedpldi4_true-termination.c-ultimate-svtermprp.log,,2026-01-22 17:47:13,/home/clexma/Desktop/fox3/TermDB/EvolveTerm/data/tpdb_known/c_term/AliasDarteFeautrierGonnord-SAS2010-speedpldi4_true-termination.c,tpdb429term,/home/clexma/Desktop/fox3/TermDB/svcomp_examples/sv-benchmarks/c/properties/termination.prp,32bit,300,1,/home/clexma/Desktop/fox3/TermDB/UAutomizer-linux,/usr/bin/python3 /home/clexma/Desktop/fox3/TermDB/UAutomizer-linux/Ultimate.py --config /home/clexma/Desktop/fox3/TermDB/UAutomizer-linux/config --data /home/clexma/Desktop/fox3/TermDB/UAutomizer-linux/data --full-output --architecture 32bit --spec /home/clexma/Desktop/fox3/TermDB/svcomp_examples/sv-benchmarks/c/properties/termination.prp --file ../EvolveTerm/data/tpdb_known/c_term/AliasDarteFeautrierGonnord-SAS2010-speedpldi4_true-termination.c
AliasDarteFeautrierGonnord-SAS2010-terminate_true-termination.c,YES,0,,0,stdout_stderr,3.92,Results/ultimate/ultiouts/c_term/AliasDarteFeautrierGonnord-SAS2010-terminate_true-termination.c-ultimate-svtermprp.log,,2026-01-22 17:47:17,/home/clexma/Desktop/fox3/TermDB/EvolveTerm/data/tpdb_known/c_term/AliasDarteFeautrierGonnord-SAS2010-terminate_true-termination.c,tpdb429term,/home/clexma/Desktop/fox3/TermDB/svcomp_examples/sv-benchmarks/c/properties/termination.prp,32bit,300,1,/home/clexma/Desktop/fox3/TermDB/UAutomizer-linux,/usr/bin/python3 /home/clexma/Desktop/fox3/TermDB/UAutomizer-linux/Ultimate.py --config /home/clexma/Desktop/fox3/TermDB/UAutomizer-linux/config --data /home/clexma/Desktop/fox3/TermDB/UAutomizer-linux/data --full-output --architecture 32bit --spec /home/clexma/Desktop/fox3/TermDB/svcomp_examples/sv-benchmarks/c/properties/termination.prp --file ../EvolveTerm/data/tpdb_known/c_term/AliasDarteFeautrierGonnord-SAS2010-terminate_true-termination.c
AliasDarteFeautrierGonnord-SAS2010-wcet2_true-termination.c,YES,0,,0,stdout_stderr,4.81,Results/ultimate/ultiouts/c_term/AliasDarteFeautrierGonnord-SAS2010-wcet2_true-termination.c-ultimate-svtermprp.log,,2026-01-22 17:47:22,/home/clexma/Desktop/fox3/TermDB/EvolveTerm/data/tpdb_known/c_term/AliasDarteFeautrierGonnord-SAS2010-wcet2_true-termination.c,tpdb429term,/home/clexma/Desktop/fox3/TermDB/svcomp_examples/sv-benchmarks/c/properties/termination.prp,32bit,300,1,/home/clexma/Desktop/fox3/TermDB/UAutomizer-linux,/usr/bin/python3 /home/clexma/Desktop/fox3/TermDB/UAutomizer-linux/Ultimate.py --config /home/clexma/Desktop/fox3/TermDB/UAutomizer-linux/config --data /home/clexma/Desktop/fox3/TermDB/UAutomizer-linux/data --full-output --architecture 32bit --spec /home/clexma/Desktop/fox3/TermDB/svcomp_examples/sv-benchmarks/c/properties/termination.prp --file ../EvolveTerm/data/tpdb_known/c_term/AliasDarteFeautrierGonnord-SAS2010-wcet2_true-termination.c
AliasDarteFeautrierGonnord-SAS2010-while2_true-termination.c,YES,0,,0,stdout_stderr,4.41,Results/ultimate/ultiouts/c_term/AliasDarteFeautrierGonnord-SAS2010-while2_true-termination.c-ultimate-svtermprp.log,,2026-01-22 17:47:27,/home/clexma/Desktop/fox3/TermDB/EvolveTerm/data/tpdb_known/c_term/AliasDarteFeautrierGonnord-SAS2010-while2_true-termination.c,tpdb429term,/home/clexma/Desktop/fox3/TermDB/svcomp_examples/sv-benchmarks/c/properties/termination.prp,32bit,300,1,/home/clexma/Desktop/fox3/TermDB/UAutomizer-linux,/usr/bin/python3 /home/clexma/Desktop/fox3/TermDB/UAutomizer-linux/Ultimate.py --config /home/clexma/Desktop/fox3/TermDB/UAutomizer-linux/config --data /home/clexma/Desktop/fox3/TermDB/UAutomizer-linux/data --full-output --architecture 32bit --spec /home/clexma/Desktop/fox3/TermDB/svcomp_examples/sv-benchmarks/c/properties/termination.prp --file ../EvolveTerm/data/tpdb_known/c_term/AliasDarteFeautrierGonnord-SAS2010-while2_true-termination.c
AliasDarteFeautrierGonnord-SAS2010-wise_true-termination.c,YES,0,,0,stdout_stderr,4.50,Results/ultimate/ultiouts/c_term/AliasDarteFeautrierGonnord-SAS2010-wise_true-termination.c-ultimate-svtermprp.log,,2026-01-22 17:47:31,/home/clexma/Desktop/fox3/TermDB/EvolveTerm/data/tpdb_known/c_term/AliasDarteFeautrierGonnord-SAS2010-wise_true-termination.c,tpdb429term,/home/clexma/Desktop/fox3/TermDB/svcomp_examples/sv-benchmarks/c/properties/termination.prp,32bit,300,1,/home/clexma/Desktop/fox3/TermDB/UAutomizer-linux,/usr/bin/python3 /home/clexma/Desktop/fox3/TermDB/UAutomizer-linux/Ultimate.py --config /home/clexma/Desktop/fox3/TermDB/UAutomizer-linux/config --data /home/clexma/Desktop/fox3/TermDB/UAutomizer-linux/data --full-output --architecture 32bit --spec /home/clexma/Desktop/fox3/TermDB/svcomp_examples/sv-benchmarks/c/properties/termination.prp --file ../EvolveTerm/data/tpdb_known/c_term/AliasDarteFeautrierGonnord-SAS2010-wise_true-termination.c
Arrays01-EquivalentConstantIndices_true-termination.c,YES,0,,0,stdout_stderr,3.71,Results/ultimate/ultiouts/c_term/Arrays01-EquivalentConstantIndices_true-termination.c-ultimate-svtermprp.log,,2026-01-22 17:47:35,/home/clexma/Desktop/fox3/TermDB/EvolveTerm/data/tpdb_known/c_term/Arrays01-EquivalentConstantIndices_true-termination.c,tpdb429term,/home/clexma/Desktop/fox3/TermDB/svcomp_examples/sv-benchmarks/c/properties/termination.prp,32bit,300,1,/home/clexma/Desktop/fox3/TermDB/UAutomizer-linux,/usr/bin/python3 /home/clexma/Desktop/fox3/TermDB/UAutomizer-linux/Ultimate.py --config /home/clexma/Desktop/fox3/TermDB/UAutomizer-linux/config --data /home/clexma/Desktop/fox3/TermDB/UAutomizer-linux/data --full-output --architecture 32bit --spec /home/clexma/Desktop/fox3/TermDB/svcomp_examples/sv-benchmarks/c/properties/termination.prp --file ../EvolveTerm/data/tpdb_known/c_term/Arrays01-EquivalentConstantIndices_true-termination.c
Arrays03-ValueRestictsIndex_true-termination.c,MAYBE,0,,0,stdout_stderr,7.57,Results/ultimate/ultiouts/c_term/Arrays03-ValueRestictsIndex_true-termination.c-ultimate-svtermprp.log,,2026-01-22 17:47:42,/home/clexma/Desktop/fox3/TermDB/EvolveTerm/data/tpdb_known/c_term/Arrays03-ValueRestictsIndex_true-termination.c,tpdb429term,/home/clexma/Desktop/fox3/TermDB/svcomp_examples/sv-benchmarks/c/properties/termination.prp,32bit,300,1,/home/clexma/Desktop/fox3/TermDB/UAutomizer-linux,/usr/bin/python3 /home/clexma/Desktop/fox3/TermDB/UAutomizer-linux/Ultimate.py --config /home/clexma/Desktop/fox3/TermDB/UAutomizer-linux/config --data /home/clexma/Desktop/fox3/TermDB/UAutomizer-linux/data --full-output --architecture 32bit --spec /home/clexma/Desktop/fox3/TermDB/svcomp_examples/sv-benchmarks/c/properties/termination.prp --file ../EvolveTerm/data/tpdb_known/c_term/Arrays03-ValueRestictsIndex_true-termination.c
Avery-FLOPS2006-Table1_true-termination.c,YES,0,,0,stdout_stderr,4.03,Results/ultimate/ultiouts/c_term/Avery-FLOPS2006-Table1_true-termination.c-ultimate-svtermprp.log,,2026-01-22 17:47:46,/home/clexma/Desktop/fox3/TermDB/EvolveTerm/data/tpdb_known/c_term/Avery-FLOPS2006-Table1_true-termination.c,tpdb429term,/home/clexma/Desktop/fox3/TermDB/svcomp_examples/sv-benchmarks/c/properties/termination.prp,32bit,300,1,/home/clexma/Desktop/fox3/TermDB/UAutomizer-linux,/usr/bin/python3 /home/clexma/Desktop/fox3/TermDB/UAutomizer-linux/Ultimate.py --config /home/clexma/Desktop/fox3/TermDB/UAutomizer-linux/config --data /home/clexma/Desktop/fox3/TermDB/UAutomizer-linux/data --full-output --architecture 32bit --spec /home/clexma/Desktop/fox3/TermDB/svcomp_examples/sv-benchmarks/c/properties/termination.prp --file ../EvolveTerm/data/tpdb_known/c_term/Avery-FLOPS2006-Table1_true-termination.c
Avg_true.c,YES,0,,0,stdout_stderr,5.04,Results/ultimate/ultiouts/c_term/Avg_true.c-ultimate-svtermprp.log,,2026-01-22 17:47:51,/home/clexma/Desktop/fox3/TermDB/EvolveTerm/data/tpdb_known/c_term/Avg_true.c,tpdb429term,/home/clexma/Desktop/fox3/TermDB/svcomp_examples/sv-benchmarks/c/properties/termination.prp,32bit,300,1,/home/clexma/Desktop/fox3/TermDB/UAutomizer-linux,/usr/bin/python3 /home/clexma/Desktop/fox3/TermDB/UAutomizer-linux/Ultimate.py --config /home/clexma/Desktop/fox3/TermDB/UAutomizer-linux/config --data /home/clexma/Desktop/fox3/TermDB/UAutomizer-linux/data --full-output --architecture 32bit --spec /home/clexma/Desktop/fox3/TermDB/svcomp_examples/sv-benchmarks/c/properties/termination.prp --file ../EvolveTerm/data/tpdb_known/c_term/Avg_true.c
BallRajamani-SPIN2000-Fig1_false-unreach-call.c,YES,0,,0,stdout_stderr,5.78,Results/ultimate/ultiouts/c_term/BallRajamani-SPIN2000-Fig1_false-unreach-call.c-ultimate-svtermprp.log,,2026-01-22 17:47:57,/home/clexma/Desktop/fox3/TermDB/EvolveTerm/data/tpdb_known/c_term/BallRajamani-SPIN2000-Fig1_false-unreach-call.c,tpdb429term,/home/clexma/Desktop/fox3/TermDB/svcomp_examples/sv-benchmarks/c/properties/termination.prp,32bit,300,1,/home/clexma/Desktop/fox3/TermDB/UAutomizer-linux,/usr/bin/python3 /home/clexma/Desktop/fox3/TermDB/UAutomizer-linux/Ultimate.py --config /home/clexma/Desktop/fox3/TermDB/UAutomizer-linux/config --data /home/clexma/Desktop/fox3/TermDB/UAutomizer-linux/data --full-output --architecture 32bit --spec /home/clexma/Desktop/fox3/TermDB/svcomp_examples/sv-benchmarks/c/properties/termination.prp --file ../EvolveTerm/data/tpdb_known/c_term/BallRajamani-SPIN2000-Fig1_false-unreach-call.c
Bangalore_true-termination.c,YES,0,,0,stdout_stderr,3.79,Results/ultimate/ultiouts/c_term/Bangalore_true-termination.c-ultimate-svtermprp.log,,2026-01-22 17:48:01,/home/clexma/Desktop/fox3/TermDB/EvolveTerm/data/tpdb_known/c_term/Bangalore_true-termination.c,tpdb429term,/home/clexma/Desktop/fox3/TermDB/svcomp_examples/sv-benchmarks/c/properties/termination.prp,32bit,300,1,/home/clexma/Desktop/fox3/TermDB/UAutomizer-linux,/usr/bin/python3 /home/clexma/Desktop/fox3/TermDB/UAutomizer-linux/Ultimate.py --config /home/clexma/Desktop/fox3/TermDB/UAutomizer-linux/config --data /home/clexma/Desktop/fox3/TermDB/UAutomizer-linux/data --full-output --architecture 32bit --spec /home/clexma/Desktop/fox3/TermDB/svcomp_examples/sv-benchmarks/c/properties/termination.prp --file ../EvolveTerm/data/tpdb_known/c_term/Bangalore_true-termination.c
Bangalore_v4_true-termination.c,YES,0,,0,stdout_stderr,4.84,Results/ultimate/ultiouts/c_term/Bangalore_v4_true-termination.c-ultimate-svtermprp.log,,2026-01-22 17:48:06,/home/clexma/Desktop/fox3/TermDB/EvolveTerm/data/tpdb_known/c_term/Bangalore_v4_true-termination.c,tpdb429term,/home/clexma/Desktop/fox3/TermDB/svcomp_examples/sv-benchmarks/c/properties/termination.prp,32bit,300,1,/home/clexma/Desktop/fox3/TermDB/UAutomizer-linux,/usr/bin/python3 /home/clexma/Desktop/fox3/TermDB/UAutomizer-linux/Ultimate.py --config /home/clexma/Desktop/fox3/TermDB/UAutomizer-linux/config --data /home/clexma/Desktop/fox3/TermDB/UAutomizer-linux/data --full-output --architecture 32bit --spec /home/clexma/Desktop/fox3/TermDB/svcomp_examples/sv-benchmarks/c/properties/termination.prp --file ../EvolveTerm/data/tpdb_known/c_term/Bangalore_v4_true-termination.c
Ben-Amram-LMCS2010-Ex2.3_true-termination.c,YES,0,,0,stdout_stderr,4.64,Results/ultimate/ultiouts/c_term/Ben-Amram-LMCS2010-Ex2.3_true-termination.c-ultimate-svtermprp.log,,2026-01-22 17:48:11,/home/clexma/Desktop/fox3/TermDB/EvolveTerm/data/tpdb_known/c_term/Ben-Amram-LMCS2010-Ex2.3_true-termination.c,tpdb429term,/home/clexma/Desktop/fox3/TermDB/svcomp_examples/sv-benchmarks/c/properties/termination.prp,32bit,300,1,/home/clexma/Desktop/fox3/TermDB/UAutomizer-linux,/usr/bin/python3 /home/clexma/Desktop/fox3/TermDB/UAutomizer-linux/Ultimate.py --config /home/clexma/Desktop/fox3/TermDB/UAutomizer-linux/config --data /home/clexma/Desktop/fox3/TermDB/UAutomizer-linux/data --full-output --architecture 32bit --spec /home/clexma/Desktop/fox3/TermDB/svcomp_examples/sv-benchmarks/c/properties/termination.prp --file ../EvolveTerm/data/tpdb_known/c_term/Ben-Amram-LMCS2010-Ex2.3_true-termination.c
Benghazi_nondet_true-termination.c,YES,0,,0,stdout_stderr,3.92,Results/ultimate/ultiouts/c_term/Benghazi_nondet_true-termination.c-ultimate-svtermprp.log,,2026-01-22 17:48:14,/home/clexma/Desktop/fox3/TermDB/EvolveTerm/data/tpdb_known/c_term/Benghazi_nondet_true-termination.c,tpdb429term,/home/clexma/Desktop/fox3/TermDB/svcomp_examples/sv-benchmarks/c/properties/termination.prp,32bit,300,1,/home/clexma/Desktop/fox3/TermDB/UAutomizer-linux,/usr/bin/python3 /home/clexma/Desktop/fox3/TermDB/UAutomizer-linux/Ultimate.py --config /home/clexma/Desktop/fox3/TermDB/UAutomizer-linux/config --data /home/clexma/Desktop/fox3/TermDB/UAutomizer-linux/data --full-output --architecture 32bit --spec /home/clexma/Desktop/fox3/TermDB/svcomp_examples/sv-benchmarks/c/properties/termination.prp --file ../EvolveTerm/data/tpdb_known/c_term/Benghazi_nondet_true-termination.c
Benghazi_true-termination.c,YES,0,,0,stdout_stderr,4.04,Results/ultimate/ultiouts/c_term/Benghazi_true-termination.c-ultimate-svtermprp.log,,2026-01-22 17:48:18,/home/clexma/Desktop/fox3/TermDB/EvolveTerm/data/tpdb_known/c_term/Benghazi_true-termination.c,tpdb429term,/home/clexma/Desktop/fox3/TermDB/svcomp_examples/sv-benchmarks/c/properties/termination.prp,32bit,300,1,/home/clexma/Desktop/fox3/TermDB/UAutomizer-linux,/usr/bin/python3 /home/clexma/Desktop/fox3/TermDB/UAutomizer-linux/Ultimate.py --config /home/clexma/Desktop/fox3/TermDB/UAutomizer-linux/config --data /home/clexma/Desktop/fox3/TermDB/UAutomizer-linux/data --full-output --architecture 32bit --spec /home/clexma/Desktop/fox3/TermDB/svcomp_examples/sv-benchmarks/c/properties/termination.prp --file ../EvolveTerm/data/tpdb_known/c_term/Benghazi_true-termination.c
Binomial_true.c,TIMEOUT,1,Analysis timed out after 300 seconds,,timeout,300.03,,,2026-01-22 17:53:19,/home/clexma/Desktop/fox3/TermDB/EvolveTerm/data/tpdb_known/c_term/Binomial_true.c,tpdb429term,/home/clexma/Desktop/fox3/TermDB/svcomp_examples/sv-benchmarks/c/properties/termination.prp,32bit,300,1,/home/clexma/Desktop/fox3/TermDB/UAutomizer-linux,/usr/bin/python3 /home/clexma/Desktop/fox3/TermDB/UAutomizer-linux/Ultimate.py --config /home/clexma/Desktop/fox3/TermDB/UAutomizer-linux/config --data /home/clexma/Desktop/fox3/TermDB/UAutomizer-linux/data --full-output --architecture 32bit --spec /home/clexma/Desktop/fox3/TermDB/svcomp_examples/sv-benchmarks/c/properties/termination.prp --file ../EvolveTerm/data/tpdb_known/c_term/Binomial_true.c
BradleyMannaSipma-CAV2005-Fig1_true-termination.c,YES,0,,0,stdout_stderr,5.53,Results/ultimate/ultiouts/c_term/BradleyMannaSipma-CAV2005-Fig1_true-termination.c-ultimate-svtermprp.log,,2026-01-22 17:53:24,/home/clexma/Desktop/fox3/TermDB/EvolveTerm/data/tpdb_known/c_term/BradleyMannaSipma-CAV2005-Fig1_true-termination.c,tpdb429term,/home/clexma/Desktop/fox3/TermDB/svcomp_examples/sv-benchmarks/c/properties/termination.prp,32bit,300,1,/home/clexma/Desktop/fox3/TermDB/UAutomizer-linux,/usr/bin/python3 /home/clexma/Desktop/fox3/TermDB/UAutomizer-linux/Ultimate.py --config /home/clexma/Desktop/fox3/TermDB/UAutomizer-linux/config --data /home/clexma/Desktop/fox3/TermDB/UAutomizer-linux/data --full-output --architecture 32bit --spec /home/clexma/Desktop/fox3/TermDB/svcomp_examples/sv-benchmarks/c/properties/termination.prp --file ../EvolveTerm/data/tpdb_known/c_term/BradleyMannaSipma-CAV2005-Fig1_true-termination.c
BradleyMannaSipma-ICALP2005-Fig1_true-termination.c,YES,0,,0,stdout_stderr,4.20,Results/ultimate/ultiouts/c_term/BradleyMannaSipma-ICALP2005-Fig1_true-termination.c-ultimate-svtermprp.log,,2026-01-22 17:53:28,/home/clexma/Desktop/fox3/TermDB/EvolveTerm/data/tpdb_known/c_term/BradleyMannaSipma-ICALP2005-Fig1_true-termination.c,tpdb429term,/home/clexma/Desktop/fox3/TermDB/svcomp_examples/sv-benchmarks/c/properties/termination.prp,32bit,300,1,/home/clexma/Desktop/fox3/TermDB/UAutomizer-linux,/usr/bin/python3 /home/clexma/Desktop/fox3/TermDB/UAutomizer-linux/Ultimate.py --config /home/clexma/Desktop/fox3/TermDB/UAutomizer-linux/config --data /home/clexma/Desktop/fox3/TermDB/UAutomizer-linux/data --full-output --architecture 32bit --spec /home/clexma/Desktop/fox3/TermDB/svcomp_examples/sv-benchmarks/c/properties/termination.prp --file ../EvolveTerm/data/tpdb_known/c_term/BradleyMannaSipma-ICALP2005-Fig1_true-termination.c
BrockschmidtCookFuhs-CAV2013-Fig1_true-termination.c,YES,0,,0,stdout_stderr,4.40,Results/ultimate/ultiouts/c_term/BrockschmidtCookFuhs-CAV2013-Fig1_true-termination.c-ultimate-svtermprp.log,,2026-01-22 17:53:33,/home/clexma/Desktop/fox3/TermDB/EvolveTerm/data/tpdb_known/c_term/BrockschmidtCookFuhs-CAV2013-Fig1_true-termination.c,tpdb429term,/home/clexma/Desktop/fox3/TermDB/svcomp_examples/sv-benchmarks/c/properties/termination.prp,32bit,300,1,/home/clexma/Desktop/fox3/TermDB/UAutomizer-linux,/usr/bin/python3 /home/clexma/Desktop/fox3/TermDB/UAutomizer-linux/Ultimate.py --config /home/clexma/Desktop/fox3/TermDB/UAutomizer-linux/config --data /home/clexma/Desktop/fox3/TermDB/UAutomizer-linux/data --full-output --architecture 32bit --spec /home/clexma/Desktop/fox3/TermDB/svcomp_examples/sv-benchmarks/c/properties/termination.prp --file ../EvolveTerm/data/tpdb_known/c_term/BrockschmidtCookFuhs-CAV2013-Fig1_true-termination.c
BrockschmidtCookFuhs-CAV2013-Fig9a_true-termination.c,YES,0,,0,stdout_stderr,5.55,Results/ultimate/ultiouts/c_term/BrockschmidtCookFuhs-CAV2013-Fig9a_true-termination.c-ultimate-svtermprp.log,,2026-01-22 17:53:38,/home/clexma/Desktop/fox3/TermDB/EvolveTerm/data/tpdb_known/c_term/BrockschmidtCookFuhs-CAV2013-Fig9a_true-termination.c,tpdb429term,/home/clexma/Desktop/fox3/TermDB/svcomp_examples/sv-benchmarks/c/properties/termination.prp,32bit,300,1,/home/clexma/Desktop/fox3/TermDB/UAutomizer-linux,/usr/bin/python3 /home/clexma/Desktop/fox3/TermDB/UAutomizer-linux/Ultimate.py --config /home/clexma/Desktop/fox3/TermDB/UAutomizer-linux/config --data /home/clexma/Desktop/fox3/TermDB/UAutomizer-linux/data --full-output --architecture 32bit --spec /home/clexma/Desktop/fox3/TermDB/svcomp_examples/sv-benchmarks/c/properties/termination.prp --file ../EvolveTerm/data/tpdb_known/c_term/BrockschmidtCookFuhs-CAV2013-Fig9a_true-termination.c
BrockschmidtCookFuhs-CAV2013-Introduction_true-termination.c,YES,0,,0,stdout_stderr,3.88,Results/ultimate/ultiouts/c_term/BrockschmidtCookFuhs-CAV2013-Introduction_true-termination.c-ultimate-svtermprp.log,,2026-01-22 17:53:42,/home/clexma/Desktop/fox3/TermDB/EvolveTerm/data/tpdb_known/c_term/BrockschmidtCookFuhs-CAV2013-Introduction_true-termination.c,tpdb429term,/home/clexma/Desktop/fox3/TermDB/svcomp_examples/sv-benchmarks/c/properties/termination.prp,32bit,300,1,/home/clexma/Desktop/fox3/TermDB/UAutomizer-linux,/usr/bin/python3 /home/clexma/Desktop/fox3/TermDB/UAutomizer-linux/Ultimate.py --config /home/clexma/Desktop/fox3/TermDB/UAutomizer-linux/config --data /home/clexma/Desktop/fox3/TermDB/UAutomizer-linux/data --full-output --architecture 32bit --spec /home/clexma/Desktop/fox3/TermDB/svcomp_examples/sv-benchmarks/c/properties/termination.prp --file ../EvolveTerm/data/tpdb_known/c_term/BrockschmidtCookFuhs-CAV2013-Introduction_true-termination.c
Cairo_true-termination.c,YES,0,,0,stdout_stderr,3.93,Results/ultimate/ultiouts/c_term/Cairo_true-termination.c-ultimate-svtermprp.log,,2026-01-22 17:53:46,/home/clexma/Desktop/fox3/TermDB/EvolveTerm/data/tpdb_known/c_term/Cairo_true-termination.c,tpdb429term,/home/clexma/Desktop/fox3/TermDB/svcomp_examples/sv-benchmarks/c/properties/termination.prp,32bit,300,1,/home/clexma/Desktop/fox3/TermDB/UAutomizer-linux,/usr/bin/python3 /home/clexma/Desktop/fox3/TermDB/UAutomizer-linux/Ultimate.py --config /home/clexma/Desktop/fox3/TermDB/UAutomizer-linux/config --data /home/clexma/Desktop/fox3/TermDB/UAutomizer-linux/data --full-output --architecture 32bit --spec /home/clexma/Desktop/fox3/TermDB/svcomp_examples/sv-benchmarks/c/properties/termination.prp --file ../EvolveTerm/data/tpdb_known/c_term/Cairo_true-termination.c
ChawdharyCookGulwaniSagivYang-ESOP2008-aaron12_true-termination.c,MAYBE,0,,0,stdout_stderr,10.82,Results/ultimate/ultiouts/c_term/ChawdharyCookGulwaniSagivYang-ESOP2008-aaron12_true-termination.c-ultimate-svtermprp.log,,2026-01-22 17:53:57,/home/clexma/Desktop/fox3/TermDB/EvolveTerm/data/tpdb_known/c_term/ChawdharyCookGulwaniSagivYang-ESOP2008-aaron12_true-termination.c,tpdb429term,/home/clexma/Desktop/fox3/TermDB/svcomp_examples/sv-benchmarks/c/properties/termination.prp,32bit,300,1,/home/clexma/Desktop/fox3/TermDB/UAutomizer-linux,/usr/bin/python3 /home/clexma/Desktop/fox3/TermDB/UAutomizer-linux/Ultimate.py --config /home/clexma/Desktop/fox3/TermDB/UAutomizer-linux/config --data /home/clexma/Desktop/fox3/TermDB/UAutomizer-linux/data --full-output --architecture 32bit --spec /home/clexma/Desktop/fox3/TermDB/svcomp_examples/sv-benchmarks/c/properties/termination.prp --file ../EvolveTerm/data/tpdb_known/c_term/ChawdharyCookGulwaniSagivYang-ESOP2008-aaron12_true-termination.c
ChawdharyCookGulwaniSagivYang-ESOP2008-aaron1_true-termination.c,YES,0,,0,stdout_stderr,4.10,Results/ultimate/ultiouts/c_term/ChawdharyCookGulwaniSagivYang-ESOP2008-aaron1_true-termination.c-ultimate-svtermprp.log,,2026-01-22 17:54:01,/home/clexma/Desktop/fox3/TermDB/EvolveTerm/data/tpdb_known/c_term/ChawdharyCookGulwaniSagivYang-ESOP2008-aaron1_true-termination.c,tpdb429term,/home/clexma/Desktop/fox3/TermDB/svcomp_examples/sv-benchmarks/c/properties/termination.prp,32bit,300,1,/home/clexma/Desktop/fox3/TermDB/UAutomizer-linux,/usr/bin/python3 /home/clexma/Desktop/fox3/TermDB/UAutomizer-linux/Ultimate.py --config /home/clexma/Desktop/fox3/TermDB/UAutomizer-linux/config --data /home/clexma/Desktop/fox3/TermDB/UAutomizer-linux/data --full-output --architecture 32bit --spec /home/clexma/Desktop/fox3/TermDB/svcomp_examples/sv-benchmarks/c/properties/termination.prp --file ../EvolveTerm/data/tpdb_known/c_term/ChawdharyCookGulwaniSagivYang-ESOP2008-aaron1_true-termination.c
ChawdharyCookGulwaniSagivYang-ESOP2008-aaron4_true-termination.c,YES,0,,0,stdout_stderr,4.42,Results/ultimate/ultiouts/c_term/ChawdharyCookGulwaniSagivYang-ESOP2008-aaron4_true-termination.c-ultimate-svtermprp.log,,2026-01-22 17:54:05,/home/clexma/Desktop/fox3/TermDB/EvolveTerm/data/tpdb_known/c_term/ChawdharyCookGulwaniSagivYang-ESOP2008-aaron4_true-termination.c,tpdb429term,/home/clexma/Desktop/fox3/TermDB/svcomp_examples/sv-benchmarks/c/properties/termination.prp,32bit,300,1,/home/clexma/Desktop/fox3/TermDB/UAutomizer-linux,/usr/bin/python3 /home/clexma/Desktop/fox3/TermDB/UAutomizer-linux/Ultimate.py --config /home/clexma/Desktop/fox3/TermDB/UAutomizer-linux/config --data /home/clexma/Desktop/fox3/TermDB/UAutomizer-linux/data --full-output --architecture 32bit --spec /home/clexma/Desktop/fox3/TermDB/svcomp_examples/sv-benchmarks/c/properties/termination.prp --file ../EvolveTerm/data/tpdb_known/c_term/ChawdharyCookGulwaniSagivYang-ESOP2008-aaron4_true-termination.c
ChawdharyCookGulwaniSagivYang-ESOP2008-aaron6_true-termination.c,YES,0,,0,stdout_stderr,3.92,Results/ultimate/ultiouts/c_term/ChawdharyCookGulwaniSagivYang-ESOP2008-aaron6_true-termination.c-ultimate-svtermprp.log,,2026-01-22 17:54:09,/home/clexma/Desktop/fox3/TermDB/EvolveTerm/data/tpdb_known/c_term/ChawdharyCookGulwaniSagivYang-ESOP2008-aaron6_true-termination.c,tpdb429term,/home/clexma/Desktop/fox3/TermDB/svcomp_examples/sv-benchmarks/c/properties/termination.prp,32bit,300,1,/home/clexma/Desktop/fox3/TermDB/UAutomizer-linux,/usr/bin/python3 /home/clexma/Desktop/fox3/TermDB/UAutomizer-linux/Ultimate.py --config /home/clexma/Desktop/fox3/TermDB/UAutomizer-linux/config --data /home/clexma/Desktop/fox3/TermDB/UAutomizer-linux/data --full-output --architecture 32bit --spec /home/clexma/Desktop/fox3/TermDB/svcomp_examples/sv-benchmarks/c/properties/termination.prp --file ../EvolveTerm/data/tpdb_known/c_term/ChawdharyCookGulwaniSagivYang-ESOP2008-aaron6_true-termination.c
ChawdharyCookGulwaniSagivYang-ESOP2008-random1d_true-termination.c,YES,0,,0,stdout_stderr,3.76,Results/ultimate/ultiouts/c_term/ChawdharyCookGulwaniSagivYang-ESOP2008-random1d_true-termination.c-ultimate-svtermprp.log,,2026-01-22 17:54:13,/home/clexma/Desktop/fox3/TermDB/EvolveTerm/data/tpdb_known/c_term/ChawdharyCookGulwaniSagivYang-ESOP2008-random1d_true-termination.c,tpdb429term,/home/clexma/Desktop/fox3/TermDB/svcomp_examples/sv-benchmarks/c/properties/termination.prp,32bit,300,1,/home/clexma/Desktop/fox3/TermDB/UAutomizer-linux,/usr/bin/python3 /home/clexma/Desktop/fox3/TermDB/UAutomizer-linux/Ultimate.py --config /home/clexma/Desktop/fox3/TermDB/UAutomizer-linux/config --data /home/clexma/Desktop/fox3/TermDB/UAutomizer-linux/data --full-output --architecture 32bit --spec /home/clexma/Desktop/fox3/TermDB/svcomp_examples/sv-benchmarks/c/properties/termination.prp --file ../EvolveTerm/data/tpdb_known/c_term/ChawdharyCookGulwaniSagivYang-ESOP2008-random1d_true-termination.c
ChawdharyCookGulwaniSagivYang-ESOP2008-random2d_true-termination.c,YES,0,,0,stdout_stderr,3.88,Results/ultimate/ultiouts/c_term/ChawdharyCookGulwaniSagivYang-ESOP2008-random2d_true-termination.c-ultimate-svtermprp.log,,2026-01-22 17:54:17,/home/clexma/Desktop/fox3/TermDB/EvolveTerm/data/tpdb_known/c_term/ChawdharyCookGulwaniSagivYang-ESOP2008-random2d_true-termination.c,tpdb429term,/home/clexma/Desktop/fox3/TermDB/svcomp_examples/sv-benchmarks/c/properties/termination.prp,32bit,300,1,/home/clexma/Desktop/fox3/TermDB/UAutomizer-linux,/usr/bin/python3 /home/clexma/Desktop/fox3/TermDB/UAutomizer-linux/Ultimate.py --config /home/clexma/Desktop/fox3/TermDB/UAutomizer-linux/config --data /home/clexma/Desktop/fox3/TermDB/UAutomizer-linux/data --full-output --architecture 32bit --spec /home/clexma/Desktop/fox3/TermDB/svcomp_examples/sv-benchmarks/c/properties/termination.prp --file ../EvolveTerm/data/tpdb_known/c_term/ChawdharyCookGulwaniSagivYang-ESOP2008-random2d_true-termination.c
ChenFlurMukhopadhyay-SAS2012-Ex1.01_true-termination.c,MAYBE,0,,0,stdout_stderr,6.89,Results/ultimate/ultiouts/c_term/ChenFlurMukhopadhyay-SAS2012-Ex1.01_true-termination.c-ultimate-svtermprp.log,,2026-01-22 17:54:24,/home/clexma/Desktop/fox3/TermDB/EvolveTerm/data/tpdb_known/c_term/ChenFlurMukhopadhyay-SAS2012-Ex1.01_true-termination.c,tpdb429term,/home/clexma/Desktop/fox3/TermDB/svcomp_examples/sv-benchmarks/c/properties/termination.prp,32bit,300,1,/home/clexma/Desktop/fox3/TermDB/UAutomizer-linux,/usr/bin/python3 /home/clexma/Desktop/fox3/TermDB/UAutomizer-linux/Ultimate.py --config /home/clexma/Desktop/fox3/TermDB/UAutomizer-linux/config --data /home/clexma/Desktop/fox3/TermDB/UAutomizer-linux/data --full-output --architecture 32bit --spec /home/clexma/Desktop/fox3/TermDB/svcomp_examples/sv-benchmarks/c/properties/termination.prp --file ../EvolveTerm/data/tpdb_known/c_term/ChenFlurMukhopadhyay-SAS2012-Ex1.01_true-termination.c
ChenFlurMukhopadhyay-SAS2012-Ex1.02_true-termination.c,YES,0,,0,stdout_stderr,3.81,Results/ultimate/ultiouts/c_term/ChenFlurMukhopadhyay-SAS2012-Ex1.02_true-termination.c-ultimate-svtermprp.log,,2026-01-22 17:54:28,/home/clexma/Desktop/fox3/TermDB/EvolveTerm/data/tpdb_known/c_term/ChenFlurMukhopadhyay-SAS2012-Ex1.02_true-termination.c,tpdb429term,/home/clexma/Desktop/fox3/TermDB/svcomp_examples/sv-benchmarks/c/properties/termination.prp,32bit,300,1,/home/clexma/Desktop/fox3/TermDB/UAutomizer-linux,/usr/bin/python3 /home/clexma/Desktop/fox3/TermDB/UAutomizer-linux/Ultimate.py --config /home/clexma/Desktop/fox3/TermDB/UAutomizer-linux/config --data /home/clexma/Desktop/fox3/TermDB/UAutomizer-linux/data --full-output --architecture 32bit --spec /home/clexma/Desktop/fox3/TermDB/svcomp_examples/sv-benchmarks/c/properties/termination.prp --file ../EvolveTerm/data/tpdb_known/c_term/ChenFlurMukhopadhyay-SAS2012-Ex1.02_true-termination.c
ChenFlurMukhopadhyay-SAS2012-Ex1.03_true-termination.c,YES,0,,0,stdout_stderr,3.64,Results/ultimate/ultiouts/c_term/ChenFlurMukhopadhyay-SAS2012-Ex1.03_true-termination.c-ultimate-svtermprp.log,,2026-01-22 17:54:31,/home/clexma/Desktop/fox3/TermDB/EvolveTerm/data/tpdb_known/c_term/ChenFlurMukhopadhyay-SAS2012-Ex1.03_true-termination.c,tpdb429term,/home/clexma/Desktop/fox3/TermDB/svcomp_examples/sv-benchmarks/c/properties/termination.prp,32bit,300,1,/home/clexma/Desktop/fox3/TermDB/UAutomizer-linux,/usr/bin/python3 /home/clexma/Desktop/fox3/TermDB/UAutomizer-linux/Ultimate.py --config /home/clexma/Desktop/fox3/TermDB/UAutomizer-linux/config --data /home/clexma/Desktop/fox3/TermDB/UAutomizer-linux/data --full-output --architecture 32bit --spec /home/clexma/Desktop/fox3/TermDB/svcomp_examples/sv-benchmarks/c/properties/termination.prp --file ../EvolveTerm/data/tpdb_known/c_term/ChenFlurMukhopadhyay-SAS2012-Ex1.03_true-termination.c
ChenFlurMukhopadhyay-SAS2012-Ex1.04_true-termination.c,YES,0,,0,stdout_stderr,3.68,Results/ultimate/ultiouts/c_term/ChenFlurMukhopadhyay-SAS2012-Ex1.04_true-termination.c-ultimate-svtermprp.log,,2026-01-22 17:54:35,/home/clexma/Desktop/fox3/TermDB/EvolveTerm/data/tpdb_known/c_term/ChenFlurMukhopadhyay-SAS2012-Ex1.04_true-termination.c,tpdb429term,/home/clexma/Desktop/fox3/TermDB/svcomp_examples/sv-benchmarks/c/properties/termination.prp,32bit,300,1,/home/clexma/Desktop/fox3/TermDB/UAutomizer-linux,/usr/bin/python3 /home/clexma/Desktop/fox3/TermDB/UAutomizer-linux/Ultimate.py --config /home/clexma/Desktop/fox3/TermDB/UAutomizer-linux/config --data /home/clexma/Desktop/fox3/TermDB/UAutomizer-linux/data --full-output --architecture 32bit --spec /home/clexma/Desktop/fox3/TermDB/svcomp_examples/sv-benchmarks/c/properties/termination.prp --file ../EvolveTerm/data/tpdb_known/c_term/ChenFlurMukhopadhyay-SAS2012-Ex1.04_true-termination.c
ChenFlurMukhopadhyay-SAS2012-Ex1.05_true-termination.c,YES,0,,0,stdout_stderr,3.71,Results/ultimate/ultiouts/c_term/ChenFlurMukhopadhyay-SAS2012-Ex1.05_true-termination.c-ultimate-svtermprp.log,,2026-01-22 17:54:39,/home/clexma/Desktop/fox3/TermDB/EvolveTerm/data/tpdb_known/c_term/ChenFlurMukhopadhyay-SAS2012-Ex1.05_true-termination.c,tpdb429term,/home/clexma/Desktop/fox3/TermDB/svcomp_examples/sv-benchmarks/c/properties/termination.prp,32bit,300,1,/home/clexma/Desktop/fox3/TermDB/UAutomizer-linux,/usr/bin/python3 /home/clexma/Desktop/fox3/TermDB/UAutomizer-linux/Ultimate.py --config /home/clexma/Desktop/fox3/TermDB/UAutomizer-linux/config --data /home/clexma/Desktop/fox3/TermDB/UAutomizer-linux/data --full-output --architecture 32bit --spec /home/clexma/Desktop/fox3/TermDB/svcomp_examples/sv-benchmarks/c/properties/termination.prp --file ../EvolveTerm/data/tpdb_known/c_term/ChenFlurMukhopadhyay-SAS2012-Ex1.05_true-termination.c
ChenFlurMukhopadhyay-SAS2012-Ex2.01_true-termination.c,YES,0,,0,stdout_stderr,3.81,Results/ultimate/ultiouts/c_term/ChenFlurMukhopadhyay-SAS2012-Ex2.01_true-termination.c-ultimate-svtermprp.log,,2026-01-22 17:54:42,/home/clexma/Desktop/fox3/TermDB/EvolveTerm/data/tpdb_known/c_term/ChenFlurMukhopadhyay-SAS2012-Ex2.01_true-termination.c,tpdb429term,/home/clexma/Desktop/fox3/TermDB/svcomp_examples/sv-benchmarks/c/properties/termination.prp,32bit,300,1,/home/clexma/Desktop/fox3/TermDB/UAutomizer-linux,/usr/bin/python3 /home/clexma/Desktop/fox3/TermDB/UAutomizer-linux/Ultimate.py --config /home/clexma/Desktop/fox3/TermDB/UAutomizer-linux/config --data /home/clexma/Desktop/fox3/TermDB/UAutomizer-linux/data --full-output --architecture 32bit --spec /home/clexma/Desktop/fox3/TermDB/svcomp_examples/sv-benchmarks/c/properties/termination.prp --file ../EvolveTerm/data/tpdb_known/c_term/ChenFlurMukhopadhyay-SAS2012-Ex2.01_true-termination.c
ChenFlurMukhopadhyay-SAS2012-Ex2.07_true-termination.c,YES,0,,0,stdout_stderr,3.81,Results/ultimate/ultiouts/c_term/ChenFlurMukhopadhyay-SAS2012-Ex2.07_true-termination.c-ultimate-svtermprp.log,,2026-01-22 17:54:46,/home/clexma/Desktop/fox3/TermDB/EvolveTerm/data/tpdb_known/c_term/ChenFlurMukhopadhyay-SAS2012-Ex2.07_true-termination.c,tpdb429term,/home/clexma/Desktop/fox3/TermDB/svcomp_examples/sv-benchmarks/c/properties/termination.prp,32bit,300,1,/home/clexma/Desktop/fox3/TermDB/UAutomizer-linux,/usr/bin/python3 /home/clexma/Desktop/fox3/TermDB/UAutomizer-linux/Ultimate.py --config /home/clexma/Desktop/fox3/TermDB/UAutomizer-linux/config --data /home/clexma/Desktop/fox3/TermDB/UAutomizer-linux/data --full-output --architecture 32bit --spec /home/clexma/Desktop/fox3/TermDB/svcomp_examples/sv-benchmarks/c/properties/termination.prp --file ../EvolveTerm/data/tpdb_known/c_term/ChenFlurMukhopadhyay-SAS2012-Ex2.07_true-termination.c
ChenFlurMukhopadhyay-SAS2012-Ex2.08_true-termination.c,YES,0,,0,stdout_stderr,3.80,Results/ultimate/ultiouts/c_term/ChenFlurMukhopadhyay-SAS2012-Ex2.08_true-termination.c-ultimate-svtermprp.log,,2026-01-22 17:54:50,/home/clexma/Desktop/fox3/TermDB/EvolveTerm/data/tpdb_known/c_term/ChenFlurMukhopadhyay-SAS2012-Ex2.08_true-termination.c,tpdb429term,/home/clexma/Desktop/fox3/TermDB/svcomp_examples/sv-benchmarks/c/properties/termination.prp,32bit,300,1,/home/clexma/Desktop/fox3/TermDB/UAutomizer-linux,/usr/bin/python3 /home/clexma/Desktop/fox3/TermDB/UAutomizer-linux/Ultimate.py --config /home/clexma/Desktop/fox3/TermDB/UAutomizer-linux/config --data /home/clexma/Desktop/fox3/TermDB/UAutomizer-linux/data --full-output --architecture 32bit --spec /home/clexma/Desktop/fox3/TermDB/svcomp_examples/sv-benchmarks/c/properties/termination.prp --file ../EvolveTerm/data/tpdb_known/c_term/ChenFlurMukhopadhyay-SAS2012-Ex2.08_true-termination.c
ChenFlurMukhopadhyay-SAS2012-Ex2.09_true-termination.c,YES,0,,0,stdout_stderr,3.92,Results/ultimate/ultiouts/c_term/ChenFlurMukhopadhyay-SAS2012-Ex2.09_true-termination.c-ultimate-svtermprp.log,,2026-01-22 17:54:54,/home/clexma/Desktop/fox3/TermDB/EvolveTerm/data/tpdb_known/c_term/ChenFlurMukhopadhyay-SAS2012-Ex2.09_true-termination.c,tpdb429term,/home/clexma/Desktop/fox3/TermDB/svcomp_examples/sv-benchmarks/c/properties/termination.prp,32bit,300,1,/home/clexma/Desktop/fox3/TermDB/UAutomizer-linux,/usr/bin/python3 /home/clexma/Desktop/fox3/TermDB/UAutomizer-linux/Ultimate.py --config /home/clexma/Desktop/fox3/TermDB/UAutomizer-linux/config --data /home/clexma/Desktop/fox3/TermDB/UAutomizer-linux/data --full-output --architecture 32bit --spec /home/clexma/Desktop/fox3/TermDB/svcomp_examples/sv-benchmarks/c/properties/termination.prp --file ../EvolveTerm/data/tpdb_known/c_term/ChenFlurMukhopadhyay-SAS2012-Ex2.09_true-termination.c
ChenFlurMukhopadhyay-SAS2012-Ex2.10_true-termination.c,YES,0,,0,stdout_stderr,3.75,Results/ultimate/ultiouts/c_term/ChenFlurMukhopadhyay-SAS2012-Ex2.10_true-termination.c-ultimate-svtermprp.log,,2026-01-22 17:54:58,/home/clexma/Desktop/fox3/TermDB/EvolveTerm/data/tpdb_known/c_term/ChenFlurMukhopadhyay-SAS2012-Ex2.10_true-termination.c,tpdb429term,/home/clexma/Desktop/fox3/TermDB/svcomp_examples/sv-benchmarks/c/properties/termination.prp,32bit,300,1,/home/clexma/Desktop/fox3/TermDB/UAutomizer-linux,/usr/bin/python3 /home/clexma/Desktop/fox3/TermDB/UAutomizer-linux/Ultimate.py --config /home/clexma/Desktop/fox3/TermDB/UAutomizer-linux/config --data /home/clexma/Desktop/fox3/TermDB/UAutomizer-linux/data --full-output --architecture 32bit --spec /home/clexma/Desktop/fox3/TermDB/svcomp_examples/sv-benchmarks/c/properties/termination.prp --file ../EvolveTerm/data/tpdb_known/c_term/ChenFlurMukhopadhyay-SAS2012-Ex2.10_true-termination.c
ChenFlurMukhopadhyay-SAS2012-Ex2.13_true-termination.c,YES,0,,0,stdout_stderr,3.77,Results/ultimate/ultiouts/c_term/ChenFlurMukhopadhyay-SAS2012-Ex2.13_true-termination.c-ultimate-svtermprp.log,,2026-01-22 17:55:02,/home/clexma/Desktop/fox3/TermDB/EvolveTerm/data/tpdb_known/c_term/ChenFlurMukhopadhyay-SAS2012-Ex2.13_true-termination.c,tpdb429term,/home/clexma/Desktop/fox3/TermDB/svcomp_examples/sv-benchmarks/c/properties/termination.prp,32bit,300,1,/home/clexma/Desktop/fox3/TermDB/UAutomizer-linux,/usr/bin/python3 /home/clexma/Desktop/fox3/TermDB/UAutomizer-linux/Ultimate.py --config /home/clexma/Desktop/fox3/TermDB/UAutomizer-linux/config --data /home/clexma/Desktop/fox3/TermDB/UAutomizer-linux/data --full-output --architecture 32bit --spec /home/clexma/Desktop/fox3/TermDB/svcomp_examples/sv-benchmarks/c/properties/termination.prp --file ../EvolveTerm/data/tpdb_known/c_term/ChenFlurMukhopadhyay-SAS2012-Ex2.13_true-termination.c
ChenFlurMukhopadhyay-SAS2012-Ex2.16_true-termination.c,YES,0,,0,stdout_stderr,3.67,Results/ultimate/ultiouts/c_term/ChenFlurMukhopadhyay-SAS2012-Ex2.16_true-termination.c-ultimate-svtermprp.log,,2026-01-22 17:55:05,/home/clexma/Desktop/fox3/TermDB/EvolveTerm/data/tpdb_known/c_term/ChenFlurMukhopadhyay-SAS2012-Ex2.16_true-termination.c,tpdb429term,/home/clexma/Desktop/fox3/TermDB/svcomp_examples/sv-benchmarks/c/properties/termination.prp,32bit,300,1,/home/clexma/Desktop/fox3/TermDB/UAutomizer-linux,/usr/bin/python3 /home/clexma/Desktop/fox3/TermDB/UAutomizer-linux/Ultimate.py --config /home/clexma/Desktop/fox3/TermDB/UAutomizer-linux/config --data /home/clexma/Desktop/fox3/TermDB/UAutomizer-linux/data --full-output --architecture 32bit --spec /home/clexma/Desktop/fox3/TermDB/svcomp_examples/sv-benchmarks/c/properties/termination.prp --file ../EvolveTerm/data/tpdb_known/c_term/ChenFlurMukhopadhyay-SAS2012-Ex2.16_true-termination.c
ChenFlurMukhopadhyay-SAS2012-Ex2.18_true-termination.c,YES,0,,0,stdout_stderr,3.83,Results/ultimate/ultiouts/c_term/ChenFlurMukhopadhyay-SAS2012-Ex2.18_true-termination.c-ultimate-svtermprp.log,,2026-01-22 17:55:09,/home/clexma/Desktop/fox3/TermDB/EvolveTerm/data/tpdb_known/c_term/ChenFlurMukhopadhyay-SAS2012-Ex2.18_true-termination.c,tpdb429term,/home/clexma/Desktop/fox3/TermDB/svcomp_examples/sv-benchmarks/c/properties/termination.prp,32bit,300,1,/home/clexma/Desktop/fox3/TermDB/UAutomizer-linux,/usr/bin/python3 /home/clexma/Desktop/fox3/TermDB/UAutomizer-linux/Ultimate.py --config /home/clexma/Desktop/fox3/TermDB/UAutomizer-linux/config --data /home/clexma/Desktop/fox3/TermDB/UAutomizer-linux/data --full-output --architecture 32bit --spec /home/clexma/Desktop/fox3/TermDB/svcomp_examples/sv-benchmarks/c/properties/termination.prp --file ../EvolveTerm/data/tpdb_known/c_term/ChenFlurMukhopadhyay-SAS2012-Ex2.18_true-termination.c
ChenFlurMukhopadhyay-SAS2012-Ex2.19_true-termination.c,YES,0,,0,stdout_stderr,3.79,Results/ultimate/ultiouts/c_term/ChenFlurMukhopadhyay-SAS2012-Ex2.19_true-termination.c-ultimate-svtermprp.log,,2026-01-22 17:55:13,/home/clexma/Desktop/fox3/TermDB/EvolveTerm/data/tpdb_known/c_term/ChenFlurMukhopadhyay-SAS2012-Ex2.19_true-termination.c,tpdb429term,/home/clexma/Desktop/fox3/TermDB/svcomp_examples/sv-benchmarks/c/properties/termination.prp,32bit,300,1,/home/clexma/Desktop/fox3/TermDB/UAutomizer-linux,/usr/bin/python3 /home/clexma/Desktop/fox3/TermDB/UAutomizer-linux/Ultimate.py --config /home/clexma/Desktop/fox3/TermDB/UAutomizer-linux/config --data /home/clexma/Desktop/fox3/TermDB/UAutomizer-linux/data --full-output --architecture 32bit --spec /home/clexma/Desktop/fox3/TermDB/svcomp_examples/sv-benchmarks/c/properties/termination.prp --file ../EvolveTerm/data/tpdb_known/c_term/ChenFlurMukhopadhyay-SAS2012-Ex2.19_true-termination.c
ChenFlurMukhopadhyay-SAS2012-Ex2.20_true-termination.c,YES,0,,0,stdout_stderr,3.72,Results/ultimate/ultiouts/c_term/ChenFlurMukhopadhyay-SAS2012-Ex2.20_true-termination.c-ultimate-svtermprp.log,,2026-01-22 17:55:17,/home/clexma/Desktop/fox3/TermDB/EvolveTerm/data/tpdb_known/c_term/ChenFlurMukhopadhyay-SAS2012-Ex2.20_true-termination.c,tpdb429term,/home/clexma/Desktop/fox3/TermDB/svcomp_examples/sv-benchmarks/c/properties/termination.prp,32bit,300,1,/home/clexma/Desktop/fox3/TermDB/UAutomizer-linux,/usr/bin/python3 /home/clexma/Desktop/fox3/TermDB/UAutomizer-linux/Ultimate.py --config /home/clexma/Desktop/fox3/TermDB/UAutomizer-linux/config --data /home/clexma/Desktop/fox3/TermDB/UAutomizer-linux/data --full-output --architecture 32bit --spec /home/clexma/Desktop/fox3/TermDB/svcomp_examples/sv-benchmarks/c/properties/termination.prp --file ../EvolveTerm/data/tpdb_known/c_term/ChenFlurMukhopadhyay-SAS2012-Ex2.20_true-termination.c
ChenFlurMukhopadhyay-SAS2012-Ex2.21_true-termination.c,YES,0,,0,stdout_stderr,3.87,Results/ultimate/ultiouts/c_term/ChenFlurMukhopadhyay-SAS2012-Ex2.21_true-termination.c-ultimate-svtermprp.log,,2026-01-22 17:55:20,/home/clexma/Desktop/fox3/TermDB/EvolveTerm/data/tpdb_known/c_term/ChenFlurMukhopadhyay-SAS2012-Ex2.21_true-termination.c,tpdb429term,/home/clexma/Desktop/fox3/TermDB/svcomp_examples/sv-benchmarks/c/properties/termination.prp,32bit,300,1,/home/clexma/Desktop/fox3/TermDB/UAutomizer-linux,/usr/bin/python3 /home/clexma/Desktop/fox3/TermDB/UAutomizer-linux/Ultimate.py --config /home/clexma/Desktop/fox3/TermDB/UAutomizer-linux/config --data /home/clexma/Desktop/fox3/TermDB/UAutomizer-linux/data --full-output --architecture 32bit --spec /home/clexma/Desktop/fox3/TermDB/svcomp_examples/sv-benchmarks/c/properties/termination.prp --file ../EvolveTerm/data/tpdb_known/c_term/ChenFlurMukhopadhyay-SAS2012-Ex2.21_true-termination.c
ChenFlurMukhopadhyay-SAS2012-Ex2.22_true-termination.c,YES,0,,0,stdout_stderr,3.82,Results/ultimate/ultiouts/c_term/ChenFlurMukhopadhyay-SAS2012-Ex2.22_true-termination.c-ultimate-svtermprp.log,,2026-01-22 17:55:24,/home/clexma/Desktop/fox3/TermDB/EvolveTerm/data/tpdb_known/c_term/ChenFlurMukhopadhyay-SAS2012-Ex2.22_true-termination.c,tpdb429term,/home/clexma/Desktop/fox3/TermDB/svcomp_examples/sv-benchmarks/c/properties/termination.prp,32bit,300,1,/home/clexma/Desktop/fox3/TermDB/UAutomizer-linux,/usr/bin/python3 /home/clexma/Desktop/fox3/TermDB/UAutomizer-linux/Ultimate.py --config /home/clexma/Desktop/fox3/TermDB/UAutomizer-linux/config --data /home/clexma/Desktop/fox3/TermDB/UAutomizer-linux/data --full-output --architecture 32bit --spec /home/clexma/Desktop/fox3/TermDB/svcomp_examples/sv-benchmarks/c/properties/termination.prp --file ../EvolveTerm/data/tpdb_known/c_term/ChenFlurMukhopadhyay-SAS2012-Ex2.22_true-termination.c
ChenFlurMukhopadhyay-SAS2012-Ex3.01_true-termination.c,YES,0,,0,stdout_stderr,3.81,Results/ultimate/ultiouts/c_term/ChenFlurMukhopadhyay-SAS2012-Ex3.01_true-termination.c-ultimate-svtermprp.log,,2026-01-22 17:55:28,/home/clexma/Desktop/fox3/TermDB/EvolveTerm/data/tpdb_known/c_term/ChenFlurMukhopadhyay-SAS2012-Ex3.01_true-termination.c,tpdb429term,/home/clexma/Desktop/fox3/TermDB/svcomp_examples/sv-benchmarks/c/properties/termination.prp,32bit,300,1,/home/clexma/Desktop/fox3/TermDB/UAutomizer-linux,/usr/bin/python3 /home/clexma/Desktop/fox3/TermDB/UAutomizer-linux/Ultimate.py --config /home/clexma/Desktop/fox3/TermDB/UAutomizer-linux/config --data /home/clexma/Desktop/fox3/TermDB/UAutomizer-linux/data --full-output --architecture 32bit --spec /home/clexma/Desktop/fox3/TermDB/svcomp_examples/sv-benchmarks/c/properties/termination.prp --file ../EvolveTerm/data/tpdb_known/c_term/ChenFlurMukhopadhyay-SAS2012-Ex3.01_true-termination.c
ChenFlurMukhopadhyay-SAS2012-Ex3.03_true-termination.c,YES,0,,0,stdout_stderr,3.92,Results/ultimate/ultiouts/c_term/ChenFlurMukhopadhyay-SAS2012-Ex3.03_true-termination.c-ultimate-svtermprp.log,,2026-01-22 17:55:32,/home/clexma/Desktop/fox3/TermDB/EvolveTerm/data/tpdb_known/c_term/ChenFlurMukhopadhyay-SAS2012-Ex3.03_true-termination.c,tpdb429term,/home/clexma/Desktop/fox3/TermDB/svcomp_examples/sv-benchmarks/c/properties/termination.prp,32bit,300,1,/home/clexma/Desktop/fox3/TermDB/UAutomizer-linux,/usr/bin/python3 /home/clexma/Desktop/fox3/TermDB/UAutomizer-linux/Ultimate.py --config /home/clexma/Desktop/fox3/TermDB/UAutomizer-linux/config --data /home/clexma/Desktop/fox3/TermDB/UAutomizer-linux/data --full-output --architecture 32bit --spec /home/clexma/Desktop/fox3/TermDB/svcomp_examples/sv-benchmarks/c/properties/termination.prp --file ../EvolveTerm/data/tpdb_known/c_term/ChenFlurMukhopadhyay-SAS2012-Ex3.03_true-termination.c
ChenFlurMukhopadhyay-SAS2012-Ex3.04_true-termination.c,YES,0,,0,stdout_stderr,3.84,Results/ultimate/ultiouts/c_term/ChenFlurMukhopadhyay-SAS2012-Ex3.04_true-termination.c-ultimate-svtermprp.log,,2026-01-22 17:55:36,/home/clexma/Desktop/fox3/TermDB/EvolveTerm/data/tpdb_known/c_term/ChenFlurMukhopadhyay-SAS2012-Ex3.04_true-termination.c,tpdb429term,/home/clexma/Desktop/fox3/TermDB/svcomp_examples/sv-benchmarks/c/properties/termination.prp,32bit,300,1,/home/clexma/Desktop/fox3/TermDB/UAutomizer-linux,/usr/bin/python3 /home/clexma/Desktop/fox3/TermDB/UAutomizer-linux/Ultimate.py --config /home/clexma/Desktop/fox3/TermDB/UAutomizer-linux/config --data /home/clexma/Desktop/fox3/TermDB/UAutomizer-linux/data --full-output --architecture 32bit --spec /home/clexma/Desktop/fox3/TermDB/svcomp_examples/sv-benchmarks/c/properties/termination.prp --file ../EvolveTerm/data/tpdb_known/c_term/ChenFlurMukhopadhyay-SAS2012-Ex3.04_true-termination.c
ChenFlurMukhopadhyay-SAS2012-Ex3.05_true-termination.c,YES,0,,0,stdout_stderr,3.86,Results/ultimate/ultiouts/c_term/ChenFlurMukhopadhyay-SAS2012-Ex3.05_true-termination.c-ultimate-svtermprp.log,,2026-01-22 17:55:40,/home/clexma/Desktop/fox3/TermDB/EvolveTerm/data/tpdb_known/c_term/ChenFlurMukhopadhyay-SAS2012-Ex3.05_true-termination.c,tpdb429term,/home/clexma/Desktop/fox3/TermDB/svcomp_examples/sv-benchmarks/c/properties/termination.prp,32bit,300,1,/home/clexma/Desktop/fox3/TermDB/UAutomizer-linux,/usr/bin/python3 /home/clexma/Desktop/fox3/TermDB/UAutomizer-linux/Ultimate.py --config /home/clexma/Desktop/fox3/TermDB/UAutomizer-linux/config --data /home/clexma/Desktop/fox3/TermDB/UAutomizer-linux/data --full-output --architecture 32bit --spec /home/clexma/Desktop/fox3/TermDB/svcomp_examples/sv-benchmarks/c/properties/termination.prp --file ../EvolveTerm/data/tpdb_known/c_term/ChenFlurMukhopadhyay-SAS2012-Ex3.05_true-termination.c
ChenFlurMukhopadhyay-SAS2012-Ex3.07_true-termination.c,YES,0,,0,stdout_stderr,4.05,Results/ultimate/ultiouts/c_term/ChenFlurMukhopadhyay-SAS2012-Ex3.07_true-termination.c-ultimate-svtermprp.log,,2026-01-22 17:55:44,/home/clexma/Desktop/fox3/TermDB/EvolveTerm/data/tpdb_known/c_term/ChenFlurMukhopadhyay-SAS2012-Ex3.07_true-termination.c,tpdb429term,/home/clexma/Desktop/fox3/TermDB/svcomp_examples/sv-benchmarks/c/properties/termination.prp,32bit,300,1,/home/clexma/Desktop/fox3/TermDB/UAutomizer-linux,/usr/bin/python3 /home/clexma/Desktop/fox3/TermDB/UAutomizer-linux/Ultimate.py --config /home/clexma/Desktop/fox3/TermDB/UAutomizer-linux/config --data /home/clexma/Desktop/fox3/TermDB/UAutomizer-linux/data --full-output --architecture 32bit --spec /home/clexma/Desktop/fox3/TermDB/svcomp_examples/sv-benchmarks/c/properties/termination.prp --file ../EvolveTerm/data/tpdb_known/c_term/ChenFlurMukhopadhyay-SAS2012-Ex3.07_true-termination.c
ChenFlurMukhopadhyay-SAS2012-Ex3.08_true-termination.c,YES,0,,0,stdout_stderr,3.95,Results/ultimate/ultiouts/c_term/ChenFlurMukhopadhyay-SAS2012-Ex3.08_true-termination.c-ultimate-svtermprp.log,,2026-01-22 17:55:48,/home/clexma/Desktop/fox3/TermDB/EvolveTerm/data/tpdb_known/c_term/ChenFlurMukhopadhyay-SAS2012-Ex3.08_true-termination.c,tpdb429term,/home/clexma/Desktop/fox3/TermDB/svcomp_examples/sv-benchmarks/c/properties/termination.prp,32bit,300,1,/home/clexma/Desktop/fox3/TermDB/UAutomizer-linux,/usr/bin/python3 /home/clexma/Desktop/fox3/TermDB/UAutomizer-linux/Ultimate.py --config /home/clexma/Desktop/fox3/TermDB/UAutomizer-linux/config --data /home/clexma/Desktop/fox3/TermDB/UAutomizer-linux/data --full-output --architecture 32bit --spec /home/clexma/Desktop/fox3/TermDB/svcomp_examples/sv-benchmarks/c/properties/termination.prp --file ../EvolveTerm/data/tpdb_known/c_term/ChenFlurMukhopadhyay-SAS2012-Ex3.08_true-termination.c
ChenFlurMukhopadhyay-SAS2012-Ex3.09_true-termination.c,YES,0,,0,stdout_stderr,3.85,Results/ultimate/ultiouts/c_term/ChenFlurMukhopadhyay-SAS2012-Ex3.09_true-termination.c-ultimate-svtermprp.log,,2026-01-22 17:55:52,/home/clexma/Desktop/fox3/TermDB/EvolveTerm/data/tpdb_known/c_term/ChenFlurMukhopadhyay-SAS2012-Ex3.09_true-termination.c,tpdb429term,/home/clexma/Desktop/fox3/TermDB/svcomp_examples/sv-benchmarks/c/properties/termination.prp,32bit,300,1,/home/clexma/Desktop/fox3/TermDB/UAutomizer-linux,/usr/bin/python3 /home/clexma/Desktop/fox3/TermDB/UAutomizer-linux/Ultimate.py --config /home/clexma/Desktop/fox3/TermDB/UAutomizer-linux/config --data /home/clexma/Desktop/fox3/TermDB/UAutomizer-linux/data --full-output --architecture 32bit --spec /home/clexma/Desktop/fox3/TermDB/svcomp_examples/sv-benchmarks/c/properties/termination.prp --file ../EvolveTerm/data/tpdb_known/c_term/ChenFlurMukhopadhyay-SAS2012-Ex3.09_true-termination.c
ChenFlurMukhopadhyay-SAS2012-Ex3.10_true-termination.c,YES,0,,0,stdout_stderr,3.81,Results/ultimate/ultiouts/c_term/ChenFlurMukhopadhyay-SAS2012-Ex3.10_true-termination.c-ultimate-svtermprp.log,,2026-01-22 17:55:55,/home/clexma/Desktop/fox3/TermDB/EvolveTerm/data/tpdb_known/c_term/ChenFlurMukhopadhyay-SAS2012-Ex3.10_true-termination.c,tpdb429term,/home/clexma/Desktop/fox3/TermDB/svcomp_examples/sv-benchmarks/c/properties/termination.prp,32bit,300,1,/home/clexma/Desktop/fox3/TermDB/UAutomizer-linux,/usr/bin/python3 /home/clexma/Desktop/fox3/TermDB/UAutomizer-linux/Ultimate.py --config /home/clexma/Desktop/fox3/TermDB/UAutomizer-linux/config --data /home/clexma/Desktop/fox3/TermDB/UAutomizer-linux/data --full-output --architecture 32bit --spec /home/clexma/Desktop/fox3/TermDB/svcomp_examples/sv-benchmarks/c/properties/termination.prp --file ../EvolveTerm/data/tpdb_known/c_term/ChenFlurMukhopadhyay-SAS2012-Ex3.10_true-termination.c
ChenFlurMukhopadhyay-SAS2012-Ex4.01_true-termination.c,YES,0,,0,stdout_stderr,4.08,Results/ultimate/ultiouts/c_term/ChenFlurMukhopadhyay-SAS2012-Ex4.01_true-termination.c-ultimate-svtermprp.log,,2026-01-22 17:55:59,/home/clexma/Desktop/fox3/TermDB/EvolveTerm/data/tpdb_known/c_term/ChenFlurMukhopadhyay-SAS2012-Ex4.01_true-termination.c,tpdb429term,/home/clexma/Desktop/fox3/TermDB/svcomp_examples/sv-benchmarks/c/properties/termination.prp,32bit,300,1,/home/clexma/Desktop/fox3/TermDB/UAutomizer-linux,/usr/bin/python3 /home/clexma/Desktop/fox3/TermDB/UAutomizer-linux/Ultimate.py --config /home/clexma/Desktop/fox3/TermDB/UAutomizer-linux/config --data /home/clexma/Desktop/fox3/TermDB/UAutomizer-linux/data --full-output --architecture 32bit --spec /home/clexma/Desktop/fox3/TermDB/svcomp_examples/sv-benchmarks/c/properties/termination.prp --file ../EvolveTerm/data/tpdb_known/c_term/ChenFlurMukhopadhyay-SAS2012-Ex4.01_true-termination.c
ChenFlurMukhopadhyay-SAS2012-Fig1_true-termination.c,YES,0,,0,stdout_stderr,4.10,Results/ultimate/ultiouts/c_term/ChenFlurMukhopadhyay-SAS2012-Fig1_true-termination.c-ultimate-svtermprp.log,,2026-01-22 17:56:04,/home/clexma/Desktop/fox3/TermDB/EvolveTerm/data/tpdb_known/c_term/ChenFlurMukhopadhyay-SAS2012-Fig1_true-termination.c,tpdb429term,/home/clexma/Desktop/fox3/TermDB/svcomp_examples/sv-benchmarks/c/properties/termination.prp,32bit,300,1,/home/clexma/Desktop/fox3/TermDB/UAutomizer-linux,/usr/bin/python3 /home/clexma/Desktop/fox3/TermDB/UAutomizer-linux/Ultimate.py --config /home/clexma/Desktop/fox3/TermDB/UAutomizer-linux/config --data /home/clexma/Desktop/fox3/TermDB/UAutomizer-linux/data --full-output --architecture 32bit --spec /home/clexma/Desktop/fox3/TermDB/svcomp_examples/sv-benchmarks/c/properties/termination.prp --file ../EvolveTerm/data/tpdb_known/c_term/ChenFlurMukhopadhyay-SAS2012-Fig1_true-termination.c
ColonSipma-TACAS2001-Fig1_true-termination.c,YES,0,,0,stdout_stderr,4.05,Results/ultimate/ultiouts/c_term/ColonSipma-TACAS2001-Fig1_true-termination.c-ultimate-svtermprp.log,,2026-01-22 17:56:08,/home/clexma/Desktop/fox3/TermDB/EvolveTerm/data/tpdb_known/c_term/ColonSipma-TACAS2001-Fig1_true-termination.c,tpdb429term,/home/clexma/Desktop/fox3/TermDB/svcomp_examples/sv-benchmarks/c/properties/termination.prp,32bit,300,1,/home/clexma/Desktop/fox3/TermDB/UAutomizer-linux,/usr/bin/python3 /home/clexma/Desktop/fox3/TermDB/UAutomizer-linux/Ultimate.py --config /home/clexma/Desktop/fox3/TermDB/UAutomizer-linux/config --data /home/clexma/Desktop/fox3/TermDB/UAutomizer-linux/data --full-output --architecture 32bit --spec /home/clexma/Desktop/fox3/TermDB/svcomp_examples/sv-benchmarks/c/properties/termination.prp --file ../EvolveTerm/data/tpdb_known/c_term/ColonSipma-TACAS2001-Fig1_true-termination.c
CookSeeZuleger-TACAS2013-Fig1_true-termination.c,YES,0,,0,stdout_stderr,4.43,Results/ultimate/ultiouts/c_term/CookSeeZuleger-TACAS2013-Fig1_true-termination.c-ultimate-svtermprp.log,,2026-01-22 17:56:12,/home/clexma/Desktop/fox3/TermDB/EvolveTerm/data/tpdb_known/c_term/CookSeeZuleger-TACAS2013-Fig1_true-termination.c,tpdb429term,/home/clexma/Desktop/fox3/TermDB/svcomp_examples/sv-benchmarks/c/properties/termination.prp,32bit,300,1,/home/clexma/Desktop/fox3/TermDB/UAutomizer-linux,/usr/bin/python3 /home/clexma/Desktop/fox3/TermDB/UAutomizer-linux/Ultimate.py --config /home/clexma/Desktop/fox3/TermDB/UAutomizer-linux/config --data /home/clexma/Desktop/fox3/TermDB/UAutomizer-linux/data --full-output --architecture 32bit --spec /home/clexma/Desktop/fox3/TermDB/svcomp_examples/sv-benchmarks/c/properties/termination.prp --file ../EvolveTerm/data/tpdb_known/c_term/CookSeeZuleger-TACAS2013-Fig1_true-termination.c
CookSeeZuleger-TACAS2013-Fig7a_true-termination.c,YES,0,,0,stdout_stderr,4.59,Results/ultimate/ultiouts/c_term/CookSeeZuleger-TACAS2013-Fig7a_true-termination.c-ultimate-svtermprp.log,,2026-01-22 17:56:17,/home/clexma/Desktop/fox3/TermDB/EvolveTerm/data/tpdb_known/c_term/CookSeeZuleger-TACAS2013-Fig7a_true-termination.c,tpdb429term,/home/clexma/Desktop/fox3/TermDB/svcomp_examples/sv-benchmarks/c/properties/termination.prp,32bit,300,1,/home/clexma/Desktop/fox3/TermDB/UAutomizer-linux,/usr/bin/python3 /home/clexma/Desktop/fox3/TermDB/UAutomizer-linux/Ultimate.py --config /home/clexma/Desktop/fox3/TermDB/UAutomizer-linux/config --data /home/clexma/Desktop/fox3/TermDB/UAutomizer-linux/data --full-output --architecture 32bit --spec /home/clexma/Desktop/fox3/TermDB/svcomp_examples/sv-benchmarks/c/properties/termination.prp --file ../EvolveTerm/data/tpdb_known/c_term/CookSeeZuleger-TACAS2013-Fig7a_true-termination.c
CookSeeZuleger-TACAS2013-Fig7b_true-termination.c,YES,0,,0,stdout_stderr,5.38,Results/ultimate/ultiouts/c_term/CookSeeZuleger-TACAS2013-Fig7b_true-termination.c-ultimate-svtermprp.log,,2026-01-22 17:56:22,/home/clexma/Desktop/fox3/TermDB/EvolveTerm/data/tpdb_known/c_term/CookSeeZuleger-TACAS2013-Fig7b_true-termination.c,tpdb429term,/home/clexma/Desktop/fox3/TermDB/svcomp_examples/sv-benchmarks/c/properties/termination.prp,32bit,300,1,/home/clexma/Desktop/fox3/TermDB/UAutomizer-linux,/usr/bin/python3 /home/clexma/Desktop/fox3/TermDB/UAutomizer-linux/Ultimate.py --config /home/clexma/Desktop/fox3/TermDB/UAutomizer-linux/config --data /home/clexma/Desktop/fox3/TermDB/UAutomizer-linux/data --full-output --architecture 32bit --spec /home/clexma/Desktop/fox3/TermDB/svcomp_examples/sv-benchmarks/c/properties/termination.prp --file ../EvolveTerm/data/tpdb_known/c_term/CookSeeZuleger-TACAS2013-Fig7b_true-termination.c
CookSeeZuleger-TACAS2013-Fig8a-modified_true-termination.c,YES,0,,0,stdout_stderr,5.31,Results/ultimate/ultiouts/c_term/CookSeeZuleger-TACAS2013-Fig8a-modified_true-termination.c-ultimate-svtermprp.log,,2026-01-22 17:56:27,/home/clexma/Desktop/fox3/TermDB/EvolveTerm/data/tpdb_known/c_term/CookSeeZuleger-TACAS2013-Fig8a-modified_true-termination.c,tpdb429term,/home/clexma/Desktop/fox3/TermDB/svcomp_examples/sv-benchmarks/c/properties/termination.prp,32bit,300,1,/home/clexma/Desktop/fox3/TermDB/UAutomizer-linux,/usr/bin/python3 /home/clexma/Desktop/fox3/TermDB/UAutomizer-linux/Ultimate.py --config /home/clexma/Desktop/fox3/TermDB/UAutomizer-linux/config --data /home/clexma/Desktop/fox3/TermDB/UAutomizer-linux/data --full-output --architecture 32bit --spec /home/clexma/Desktop/fox3/TermDB/svcomp_examples/sv-benchmarks/c/properties/termination.prp --file ../EvolveTerm/data/tpdb_known/c_term/CookSeeZuleger-TACAS2013-Fig8a-modified_true-termination.c
CookSeeZuleger-TACAS2013-Fig8a_true-termination.c,YES,0,,0,stdout_stderr,5.32,Results/ultimate/ultiouts/c_term/CookSeeZuleger-TACAS2013-Fig8a_true-termination.c-ultimate-svtermprp.log,,2026-01-22 17:56:33,/home/clexma/Desktop/fox3/TermDB/EvolveTerm/data/tpdb_known/c_term/CookSeeZuleger-TACAS2013-Fig8a_true-termination.c,tpdb429term,/home/clexma/Desktop/fox3/TermDB/svcomp_examples/sv-benchmarks/c/properties/termination.prp,32bit,300,1,/home/clexma/Desktop/fox3/TermDB/UAutomizer-linux,/usr/bin/python3 /home/clexma/Desktop/fox3/TermDB/UAutomizer-linux/Ultimate.py --config /home/clexma/Desktop/fox3/TermDB/UAutomizer-linux/config --data /home/clexma/Desktop/fox3/TermDB/UAutomizer-linux/data --full-output --architecture 32bit --spec /home/clexma/Desktop/fox3/TermDB/svcomp_examples/sv-benchmarks/c/properties/termination.prp --file ../EvolveTerm/data/tpdb_known/c_term/CookSeeZuleger-TACAS2013-Fig8a_true-termination.c
CookSeeZuleger-TACAS2013-Fig8b_true-termination.c,YES,0,,0,stdout_stderr,5.42,Results/ultimate/ultiouts/c_term/CookSeeZuleger-TACAS2013-Fig8b_true-termination.c-ultimate-svtermprp.log,,2026-01-22 17:56:38,/home/clexma/Desktop/fox3/TermDB/EvolveTerm/data/tpdb_known/c_term/CookSeeZuleger-TACAS2013-Fig8b_true-termination.c,tpdb429term,/home/clexma/Desktop/fox3/TermDB/svcomp_examples/sv-benchmarks/c/properties/termination.prp,32bit,300,1,/home/clexma/Desktop/fox3/TermDB/UAutomizer-linux,/usr/bin/python3 /home/clexma/Desktop/fox3/TermDB/UAutomizer-linux/Ultimate.py --config /home/clexma/Desktop/fox3/TermDB/UAutomizer-linux/config --data /home/clexma/Desktop/fox3/TermDB/UAutomizer-linux/data --full-output --architecture 32bit --spec /home/clexma/Desktop/fox3/TermDB/svcomp_examples/sv-benchmarks/c/properties/termination.prp --file ../EvolveTerm/data/tpdb_known/c_term/CookSeeZuleger-TACAS2013-Fig8b_true-termination.c
Copenhagen_disj_true-termination.c,MAYBE,0,,0,stdout_stderr,10.37,Results/ultimate/ultiouts/c_term/Copenhagen_disj_true-termination.c-ultimate-svtermprp.log,,2026-01-22 17:56:48,/home/clexma/Desktop/fox3/TermDB/EvolveTerm/data/tpdb_known/c_term/Copenhagen_disj_true-termination.c,tpdb429term,/home/clexma/Desktop/fox3/TermDB/svcomp_examples/sv-benchmarks/c/properties/termination.prp,32bit,300,1,/home/clexma/Desktop/fox3/TermDB/UAutomizer-linux,/usr/bin/python3 /home/clexma/Desktop/fox3/TermDB/UAutomizer-linux/Ultimate.py --config /home/clexma/Desktop/fox3/TermDB/UAutomizer-linux/config --data /home/clexma/Desktop/fox3/TermDB/UAutomizer-linux/data --full-output --architecture 32bit --spec /home/clexma/Desktop/fox3/TermDB/svcomp_examples/sv-benchmarks/c/properties/termination.prp --file ../EvolveTerm/data/tpdb_known/c_term/Copenhagen_disj_true-termination.c
Copenhagen_true-termination.c,YES,0,,0,stdout_stderr,4.19,Results/ultimate/ultiouts/c_term/Copenhagen_true-termination.c-ultimate-svtermprp.log,,2026-01-22 17:56:53,/home/clexma/Desktop/fox3/TermDB/EvolveTerm/data/tpdb_known/c_term/Copenhagen_true-termination.c,tpdb429term,/home/clexma/Desktop/fox3/TermDB/svcomp_examples/sv-benchmarks/c/properties/termination.prp,32bit,300,1,/home/clexma/Desktop/fox3/TermDB/UAutomizer-linux,/usr/bin/python3 /home/clexma/Desktop/fox3/TermDB/UAutomizer-linux/Ultimate.py --config /home/clexma/Desktop/fox3/TermDB/UAutomizer-linux/config --data /home/clexma/Desktop/fox3/TermDB/UAutomizer-linux/data --full-output --architecture 32bit --spec /home/clexma/Desktop/fox3/TermDB/svcomp_examples/sv-benchmarks/c/properties/termination.prp --file ../EvolveTerm/data/tpdb_known/c_term/Copenhagen_true-termination.c
DivMinus.c,YES,0,,0,stdout_stderr,3.88,Results/ultimate/ultiouts/c_term/DivMinus.c-ultimate-svtermprp.log,,2026-01-22 17:56:56,/home/clexma/Desktop/fox3/TermDB/EvolveTerm/data/tpdb_known/c_term/DivMinus.c,tpdb429term,/home/clexma/Desktop/fox3/TermDB/svcomp_examples/sv-benchmarks/c/properties/termination.prp,32bit,300,1,/home/clexma/Desktop/fox3/TermDB/UAutomizer-linux,/usr/bin/python3 /home/clexma/Desktop/fox3/TermDB/UAutomizer-linux/Ultimate.py --config /home/clexma/Desktop/fox3/TermDB/UAutomizer-linux/config --data /home/clexma/Desktop/fox3/TermDB/UAutomizer-linux/data --full-output --architecture 32bit --spec /home/clexma/Desktop/fox3/TermDB/svcomp_examples/sv-benchmarks/c/properties/termination.prp --file ../EvolveTerm/data/tpdb_known/c_term/DivMinus.c
DivMinus2.c,YES,0,,0,stdout_stderr,5.34,Results/ultimate/ultiouts/c_term/DivMinus2.c-ultimate-svtermprp.log,,2026-01-22 17:57:02,/home/clexma/Desktop/fox3/TermDB/EvolveTerm/data/tpdb_known/c_term/DivMinus2.c,tpdb429term,/home/clexma/Desktop/fox3/TermDB/svcomp_examples/sv-benchmarks/c/properties/termination.prp,32bit,300,1,/home/clexma/Desktop/fox3/TermDB/UAutomizer-linux,/usr/bin/python3 /home/clexma/Desktop/fox3/TermDB/UAutomizer-linux/Ultimate.py --config /home/clexma/Desktop/fox3/TermDB/UAutomizer-linux/config --data /home/clexma/Desktop/fox3/TermDB/UAutomizer-linux/data --full-output --architecture 32bit --spec /home/clexma/Desktop/fox3/TermDB/svcomp_examples/sv-benchmarks/c/properties/termination.prp --file ../EvolveTerm/data/tpdb_known/c_term/DivMinus2.c
Et1.c,YES,0,,0,stdout_stderr,4.11,Results/ultimate/ultiouts/c_term/Et1.c-ultimate-svtermprp.log,,2026-01-22 17:57:06,/home/clexma/Desktop/fox3/TermDB/EvolveTerm/data/tpdb_known/c_term/Et1.c,tpdb429term,/home/clexma/Desktop/fox3/TermDB/svcomp_examples/sv-benchmarks/c/properties/termination.prp,32bit,300,1,/home/clexma/Desktop/fox3/TermDB/UAutomizer-linux,/usr/bin/python3 /home/clexma/Desktop/fox3/TermDB/UAutomizer-linux/Ultimate.py --config /home/clexma/Desktop/fox3/TermDB/UAutomizer-linux/config --data /home/clexma/Desktop/fox3/TermDB/UAutomizer-linux/data --full-output --architecture 32bit --spec /home/clexma/Desktop/fox3/TermDB/svcomp_examples/sv-benchmarks/c/properties/termination.prp --file ../EvolveTerm/data/tpdb_known/c_term/Et1.c
Et1_true.c,YES,0,,0,stdout_stderr,4.49,Results/ultimate/ultiouts/c_term/Et1_true.c-ultimate-svtermprp.log,,2026-01-22 17:57:10,/home/clexma/Desktop/fox3/TermDB/EvolveTerm/data/tpdb_known/c_term/Et1_true.c,tpdb429term,/home/clexma/Desktop/fox3/TermDB/svcomp_examples/sv-benchmarks/c/properties/termination.prp,32bit,300,1,/home/clexma/Desktop/fox3/TermDB/UAutomizer-linux,/usr/bin/python3 /home/clexma/Desktop/fox3/TermDB/UAutomizer-linux/Ultimate.py --config /home/clexma/Desktop/fox3/TermDB/UAutomizer-linux/config --data /home/clexma/Desktop/fox3/TermDB/UAutomizer-linux/data --full-output --architecture 32bit --spec /home/clexma/Desktop/fox3/TermDB/svcomp_examples/sv-benchmarks/c/properties/termination.prp --file ../EvolveTerm/data/tpdb_known/c_term/Et1_true.c
Et2_true.c,YES,0,,0,stdout_stderr,4.49,Results/ultimate/ultiouts/c_term/Et2_true.c-ultimate-svtermprp.log,,2026-01-22 17:57:15,/home/clexma/Desktop/fox3/TermDB/EvolveTerm/data/tpdb_known/c_term/Et2_true.c,tpdb429term,/home/clexma/Desktop/fox3/TermDB/svcomp_examples/sv-benchmarks/c/properties/termination.prp,32bit,300,1,/home/clexma/Desktop/fox3/TermDB/UAutomizer-linux,/usr/bin/python3 /home/clexma/Desktop/fox3/TermDB/UAutomizer-linux/Ultimate.py --config /home/clexma/Desktop/fox3/TermDB/UAutomizer-linux/config --data /home/clexma/Desktop/fox3/TermDB/UAutomizer-linux/data --full-output --architecture 32bit --spec /home/clexma/Desktop/fox3/TermDB/svcomp_examples/sv-benchmarks/c/properties/termination.prp --file ../EvolveTerm/data/tpdb_known/c_term/Et2_true.c
Et3_true.c,YES,0,,0,stdout_stderr,4.09,Results/ultimate/ultiouts/c_term/Et3_true.c-ultimate-svtermprp.log,,2026-01-22 17:57:19,/home/clexma/Desktop/fox3/TermDB/EvolveTerm/data/tpdb_known/c_term/Et3_true.c,tpdb429term,/home/clexma/Desktop/fox3/TermDB/svcomp_examples/sv-benchmarks/c/properties/termination.prp,32bit,300,1,/home/clexma/Desktop/fox3/TermDB/UAutomizer-linux,/usr/bin/python3 /home/clexma/Desktop/fox3/TermDB/UAutomizer-linux/Ultimate.py --config /home/clexma/Desktop/fox3/TermDB/UAutomizer-linux/config --data /home/clexma/Desktop/fox3/TermDB/UAutomizer-linux/data --full-output --architecture 32bit --spec /home/clexma/Desktop/fox3/TermDB/svcomp_examples/sv-benchmarks/c/properties/termination.prp --file ../EvolveTerm/data/tpdb_known/c_term/Et3_true.c
Et4_true.c,YES,0,,0,stdout_stderr,4.66,Results/ultimate/ultiouts/c_term/Et4_true.c-ultimate-svtermprp.log,,2026-01-22 17:57:24,/home/clexma/Desktop/fox3/TermDB/EvolveTerm/data/tpdb_known/c_term/Et4_true.c,tpdb429term,/home/clexma/Desktop/fox3/TermDB/svcomp_examples/sv-benchmarks/c/properties/termination.prp,32bit,300,1,/home/clexma/Desktop/fox3/TermDB/UAutomizer-linux,/usr/bin/python3 /home/clexma/Desktop/fox3/TermDB/UAutomizer-linux/Ultimate.py --config /home/clexma/Desktop/fox3/TermDB/UAutomizer-linux/config --data /home/clexma/Desktop/fox3/TermDB/UAutomizer-linux/data --full-output --architecture 32bit --spec /home/clexma/Desktop/fox3/TermDB/svcomp_examples/sv-benchmarks/c/properties/termination.prp --file ../EvolveTerm/data/tpdb_known/c_term/Et4_true.c
EvenOdd01_true-unreach-call_true-termination.c,YES,0,,0,stdout_stderr,5.09,Results/ultimate/ultiouts/c_term/EvenOdd01_true-unreach-call_true-termination.c-ultimate-svtermprp.log,,2026-01-22 17:57:29,/home/clexma/Desktop/fox3/TermDB/EvolveTerm/data/tpdb_known/c_term/EvenOdd01_true-unreach-call_true-termination.c,tpdb429term,/home/clexma/Desktop/fox3/TermDB/svcomp_examples/sv-benchmarks/c/properties/termination.prp,32bit,300,1,/home/clexma/Desktop/fox3/TermDB/UAutomizer-linux,/usr/bin/python3 /home/clexma/Desktop/fox3/TermDB/UAutomizer-linux/Ultimate.py --config /home/clexma/Desktop/fox3/TermDB/UAutomizer-linux/config --data /home/clexma/Desktop/fox3/TermDB/UAutomizer-linux/data --full-output --architecture 32bit --spec /home/clexma/Desktop/fox3/TermDB/svcomp_examples/sv-benchmarks/c/properties/termination.prp --file ../EvolveTerm/data/tpdb_known/c_term/EvenOdd01_true-unreach-call_true-termination.c
Fibonacci01_true-unreach-call.c,YES,0,,0,stdout_stderr,7.80,Results/ultimate/ultiouts/c_term/Fibonacci01_true-unreach-call.c-ultimate-svtermprp.log,,2026-01-22 17:57:37,/home/clexma/Desktop/fox3/TermDB/EvolveTerm/data/tpdb_known/c_term/Fibonacci01_true-unreach-call.c,tpdb429term,/home/clexma/Desktop/fox3/TermDB/svcomp_examples/sv-benchmarks/c/properties/termination.prp,32bit,300,1,/home/clexma/Desktop/fox3/TermDB/UAutomizer-linux,/usr/bin/python3 /home/clexma/Desktop/fox3/TermDB/UAutomizer-linux/Ultimate.py --config /home/clexma/Desktop/fox3/TermDB/UAutomizer-linux/config --data /home/clexma/Desktop/fox3/TermDB/UAutomizer-linux/data --full-output --architecture 32bit --spec /home/clexma/Desktop/fox3/TermDB/svcomp_examples/sv-benchmarks/c/properties/termination.prp --file ../EvolveTerm/data/tpdb_known/c_term/Fibonacci01_true-unreach-call.c
GCD3.c,YES,0,,0,stdout_stderr,5.32,Results/ultimate/ultiouts/c_term/GCD3.c-ultimate-svtermprp.log,,2026-01-22 17:57:42,/home/clexma/Desktop/fox3/TermDB/EvolveTerm/data/tpdb_known/c_term/GCD3.c,tpdb429term,/home/clexma/Desktop/fox3/TermDB/svcomp_examples/sv-benchmarks/c/properties/termination.prp,32bit,300,1,/home/clexma/Desktop/fox3/TermDB/UAutomizer-linux,/usr/bin/python3 /home/clexma/Desktop/fox3/TermDB/UAutomizer-linux/Ultimate.py --config /home/clexma/Desktop/fox3/TermDB/UAutomizer-linux/config --data /home/clexma/Desktop/fox3/TermDB/UAutomizer-linux/data --full-output --architecture 32bit --spec /home/clexma/Desktop/fox3/TermDB/svcomp_examples/sv-benchmarks/c/properties/termination.prp --file ../EvolveTerm/data/tpdb_known/c_term/GCD3.c
GCD4.c,YES,0,,0,stdout_stderr,5.30,Results/ultimate/ultiouts/c_term/GCD4.c-ultimate-svtermprp.log,,2026-01-22 17:57:47,/home/clexma/Desktop/fox3/TermDB/EvolveTerm/data/tpdb_known/c_term/GCD4.c,tpdb429term,/home/clexma/Desktop/fox3/TermDB/svcomp_examples/sv-benchmarks/c/properties/termination.prp,32bit,300,1,/home/clexma/Desktop/fox3/TermDB/UAutomizer-linux,/usr/bin/python3 /home/clexma/Desktop/fox3/TermDB/UAutomizer-linux/Ultimate.py --config /home/clexma/Desktop/fox3/TermDB/UAutomizer-linux/config --data /home/clexma/Desktop/fox3/TermDB/UAutomizer-linux/data --full-output --architecture 32bit --spec /home/clexma/Desktop/fox3/TermDB/svcomp_examples/sv-benchmarks/c/properties/termination.prp --file ../EvolveTerm/data/tpdb_known/c_term/GCD4.c
GopanReps-CAV2006-Fig1a_true-termination.c.c,YES,0,,0,stdout_stderr,4.57,Results/ultimate/ultiouts/c_term/GopanReps-CAV2006-Fig1a_true-termination.c.c-ultimate-svtermprp.log,,2026-01-22 17:57:52,/home/clexma/Desktop/fox3/TermDB/EvolveTerm/data/tpdb_known/c_term/GopanReps-CAV2006-Fig1a_true-termination.c.c,tpdb429term,/home/clexma/Desktop/fox3/TermDB/svcomp_examples/sv-benchmarks/c/properties/termination.prp,32bit,300,1,/home/clexma/Desktop/fox3/TermDB/UAutomizer-linux,/usr/bin/python3 /home/clexma/Desktop/fox3/TermDB/UAutomizer-linux/Ultimate.py --config /home/clexma/Desktop/fox3/TermDB/UAutomizer-linux/config --data /home/clexma/Desktop/fox3/TermDB/UAutomizer-linux/data --full-output --architecture 32bit --spec /home/clexma/Desktop/fox3/TermDB/svcomp_examples/sv-benchmarks/c/properties/termination.prp --file ../EvolveTerm/data/tpdb_known/c_term/GopanReps-CAV2006-Fig1a_true-termination.c.c
Gothenburg_true-termination.c,YES,0,,0,stdout_stderr,4.92,Results/ultimate/ultiouts/c_term/Gothenburg_true-termination.c-ultimate-svtermprp.log,,2026-01-22 17:57:57,/home/clexma/Desktop/fox3/TermDB/EvolveTerm/data/tpdb_known/c_term/Gothenburg_true-termination.c,tpdb429term,/home/clexma/Desktop/fox3/TermDB/svcomp_examples/sv-benchmarks/c/properties/termination.prp,32bit,300,1,/home/clexma/Desktop/fox3/TermDB/UAutomizer-linux,/usr/bin/python3 /home/clexma/Desktop/fox3/TermDB/UAutomizer-linux/Ultimate.py --config /home/clexma/Desktop/fox3/TermDB/UAutomizer-linux/config --data /home/clexma/Desktop/fox3/TermDB/UAutomizer-linux/data --full-output --architecture 32bit --spec /home/clexma/Desktop/fox3/TermDB/svcomp_examples/sv-benchmarks/c/properties/termination.prp --file ../EvolveTerm/data/tpdb_known/c_term/Gothenburg_true-termination.c
Gothenburg_v2_true-termination.c,MAYBE,0,,0,stdout_stderr,8.62,Results/ultimate/ultiouts/c_term/Gothenburg_v2_true-termination.c-ultimate-svtermprp.log,,2026-01-22 17:58:05,/home/clexma/Desktop/fox3/TermDB/EvolveTerm/data/tpdb_known/c_term/Gothenburg_v2_true-termination.c,tpdb429term,/home/clexma/Desktop/fox3/TermDB/svcomp_examples/sv-benchmarks/c/properties/termination.prp,32bit,300,1,/home/clexma/Desktop/fox3/TermDB/UAutomizer-linux,/usr/bin/python3 /home/clexma/Desktop/fox3/TermDB/UAutomizer-linux/Ultimate.py --config /home/clexma/Desktop/fox3/TermDB/UAutomizer-linux/config --data /home/clexma/Desktop/fox3/TermDB/UAutomizer-linux/data --full-output --architecture 32bit --spec /home/clexma/Desktop/fox3/TermDB/svcomp_examples/sv-benchmarks/c/properties/termination.prp --file ../EvolveTerm/data/tpdb_known/c_term/Gothenburg_v2_true-termination.c
GulavaniGulwani-CAV2008-Fig1a_true-termination.c,YES,0,,0,stdout_stderr,4.62,Results/ultimate/ultiouts/c_term/GulavaniGulwani-CAV2008-Fig1a_true-termination.c-ultimate-svtermprp.log,,2026-01-22 17:58:10,/home/clexma/Desktop/fox3/TermDB/EvolveTerm/data/tpdb_known/c_term/GulavaniGulwani-CAV2008-Fig1a_true-termination.c,tpdb429term,/home/clexma/Desktop/fox3/TermDB/svcomp_examples/sv-benchmarks/c/properties/termination.prp,32bit,300,1,/home/clexma/Desktop/fox3/TermDB/UAutomizer-linux,/usr/bin/python3 /home/clexma/Desktop/fox3/TermDB/UAutomizer-linux/Ultimate.py --config /home/clexma/Desktop/fox3/TermDB/UAutomizer-linux/config --data /home/clexma/Desktop/fox3/TermDB/UAutomizer-linux/data --full-output --architecture 32bit --spec /home/clexma/Desktop/fox3/TermDB/svcomp_examples/sv-benchmarks/c/properties/termination.prp --file ../EvolveTerm/data/tpdb_known/c_term/GulavaniGulwani-CAV2008-Fig1a_true-termination.c
GulavaniGulwani-CAV2008-Fig1b_true-termination.c,YES,0,,0,stdout_stderr,4.05,Results/ultimate/ultiouts/c_term/GulavaniGulwani-CAV2008-Fig1b_true-termination.c-ultimate-svtermprp.log,,2026-01-22 17:58:14,/home/clexma/Desktop/fox3/TermDB/EvolveTerm/data/tpdb_known/c_term/GulavaniGulwani-CAV2008-Fig1b_true-termination.c,tpdb429term,/home/clexma/Desktop/fox3/TermDB/svcomp_examples/sv-benchmarks/c/properties/termination.prp,32bit,300,1,/home/clexma/Desktop/fox3/TermDB/UAutomizer-linux,/usr/bin/python3 /home/clexma/Desktop/fox3/TermDB/UAutomizer-linux/Ultimate.py --config /home/clexma/Desktop/fox3/TermDB/UAutomizer-linux/config --data /home/clexma/Desktop/fox3/TermDB/UAutomizer-linux/data --full-output --architecture 32bit --spec /home/clexma/Desktop/fox3/TermDB/svcomp_examples/sv-benchmarks/c/properties/termination.prp --file ../EvolveTerm/data/tpdb_known/c_term/GulavaniGulwani-CAV2008-Fig1b_true-termination.c
GulavaniGulwani-CAV2008-Fig1c_true-termination.c,YES,0,,0,stdout_stderr,3.80,Results/ultimate/ultiouts/c_term/GulavaniGulwani-CAV2008-Fig1c_true-termination.c-ultimate-svtermprp.log,,2026-01-22 17:58:18,/home/clexma/Desktop/fox3/TermDB/EvolveTerm/data/tpdb_known/c_term/GulavaniGulwani-CAV2008-Fig1c_true-termination.c,tpdb429term,/home/clexma/Desktop/fox3/TermDB/svcomp_examples/sv-benchmarks/c/properties/termination.prp,32bit,300,1,/home/clexma/Desktop/fox3/TermDB/UAutomizer-linux,/usr/bin/python3 /home/clexma/Desktop/fox3/TermDB/UAutomizer-linux/Ultimate.py --config /home/clexma/Desktop/fox3/TermDB/UAutomizer-linux/config --data /home/clexma/Desktop/fox3/TermDB/UAutomizer-linux/data --full-output --architecture 32bit --spec /home/clexma/Desktop/fox3/TermDB/svcomp_examples/sv-benchmarks/c/properties/termination.prp --file ../EvolveTerm/data/tpdb_known/c_term/GulavaniGulwani-CAV2008-Fig1c_true-termination.c
GulwaniJainKoskinen-PLDI2009-Fig1_true-termination.c,TIMEOUT,1,Analysis timed out after 300 seconds,,timeout,300.01,,,2026-01-22 18:03:18,/home/clexma/Desktop/fox3/TermDB/EvolveTerm/data/tpdb_known/c_term/GulwaniJainKoskinen-PLDI2009-Fig1_true-termination.c,tpdb429term,/home/clexma/Desktop/fox3/TermDB/svcomp_examples/sv-benchmarks/c/properties/termination.prp,32bit,300,1,/home/clexma/Desktop/fox3/TermDB/UAutomizer-linux,/usr/bin/python3 /home/clexma/Desktop/fox3/TermDB/UAutomizer-linux/Ultimate.py --config /home/clexma/Desktop/fox3/TermDB/UAutomizer-linux/config --data /home/clexma/Desktop/fox3/TermDB/UAutomizer-linux/data --full-output --architecture 32bit --spec /home/clexma/Desktop/fox3/TermDB/svcomp_examples/sv-benchmarks/c/properties/termination.prp --file ../EvolveTerm/data/tpdb_known/c_term/GulwaniJainKoskinen-PLDI2009-Fig1_true-termination.c
HarrisLalNoriRajamani-SAS2010-Fig1_true-termination.c,YES,0,,0,stdout_stderr,7.04,Results/ultimate/ultiouts/c_term/HarrisLalNoriRajamani-SAS2010-Fig1_true-termination.c-ultimate-svtermprp.log,,2026-01-22 18:03:25,/home/clexma/Desktop/fox3/TermDB/EvolveTerm/data/tpdb_known/c_term/HarrisLalNoriRajamani-SAS2010-Fig1_true-termination.c,tpdb429term,/home/clexma/Desktop/fox3/TermDB/svcomp_examples/sv-benchmarks/c/properties/termination.prp,32bit,300,1,/home/clexma/Desktop/fox3/TermDB/UAutomizer-linux,/usr/bin/python3 /home/clexma/Desktop/fox3/TermDB/UAutomizer-linux/Ultimate.py --config /home/clexma/Desktop/fox3/TermDB/UAutomizer-linux/config --data /home/clexma/Desktop/fox3/TermDB/UAutomizer-linux/data --full-output --architecture 32bit --spec /home/clexma/Desktop/fox3/TermDB/svcomp_examples/sv-benchmarks/c/properties/termination.prp --file ../EvolveTerm/data/tpdb_known/c_term/HarrisLalNoriRajamani-SAS2010-Fig1_true-termination.c
HarrisLalNoriRajamani-SAS2010-Fig3_true-termination.c,YES,0,,0,stdout_stderr,3.74,Results/ultimate/ultiouts/c_term/HarrisLalNoriRajamani-SAS2010-Fig3_true-termination.c-ultimate-svtermprp.log,,2026-01-22 18:03:29,/home/clexma/Desktop/fox3/TermDB/EvolveTerm/data/tpdb_known/c_term/HarrisLalNoriRajamani-SAS2010-Fig3_true-termination.c,tpdb429term,/home/clexma/Desktop/fox3/TermDB/svcomp_examples/sv-benchmarks/c/properties/termination.prp,32bit,300,1,/home/clexma/Desktop/fox3/TermDB/UAutomizer-linux,/usr/bin/python3 /home/clexma/Desktop/fox3/TermDB/UAutomizer-linux/Ultimate.py --config /home/clexma/Desktop/fox3/TermDB/UAutomizer-linux/config --data /home/clexma/Desktop/fox3/TermDB/UAutomizer-linux/data --full-output --architecture 32bit --spec /home/clexma/Desktop/fox3/TermDB/svcomp_examples/sv-benchmarks/c/properties/termination.prp --file ../EvolveTerm/data/tpdb_known/c_term/HarrisLalNoriRajamani-SAS2010-Fig3_true-termination.c
HeizmannHoenickeLeikePodelski-ATVA2013-Fig1_true-termination.c,YES,0,,0,stdout_stderr,3.89,Results/ultimate/ultiouts/c_term/HeizmannHoenickeLeikePodelski-ATVA2013-Fig1_true-termination.c-ultimate-svtermprp.log,,2026-01-22 18:03:32,/home/clexma/Desktop/fox3/TermDB/EvolveTerm/data/tpdb_known/c_term/HeizmannHoenickeLeikePodelski-ATVA2013-Fig1_true-termination.c,tpdb429term,/home/clexma/Desktop/fox3/TermDB/svcomp_examples/sv-benchmarks/c/properties/termination.prp,32bit,300,1,/home/clexma/Desktop/fox3/TermDB/UAutomizer-linux,/usr/bin/python3 /home/clexma/Desktop/fox3/TermDB/UAutomizer-linux/Ultimate.py --config /home/clexma/Desktop/fox3/TermDB/UAutomizer-linux/config --data /home/clexma/Desktop/fox3/TermDB/UAutomizer-linux/data --full-output --architecture 32bit --spec /home/clexma/Desktop/fox3/TermDB/svcomp_examples/sv-benchmarks/c/properties/termination.prp --file ../EvolveTerm/data/tpdb_known/c_term/HeizmannHoenickeLeikePodelski-ATVA2013-Fig1_true-termination.c
HeizmannHoenickeLeikePodelski-ATVA2013-Fig2_true-termination.c,MAYBE,0,,0,stdout_stderr,4.95,Results/ultimate/ultiouts/c_term/HeizmannHoenickeLeikePodelski-ATVA2013-Fig2_true-termination.c-ultimate-svtermprp.log,,2026-01-22 18:03:37,/home/clexma/Desktop/fox3/TermDB/EvolveTerm/data/tpdb_known/c_term/HeizmannHoenickeLeikePodelski-ATVA2013-Fig2_true-termination.c,tpdb429term,/home/clexma/Desktop/fox3/TermDB/svcomp_examples/sv-benchmarks/c/properties/termination.prp,32bit,300,1,/home/clexma/Desktop/fox3/TermDB/UAutomizer-linux,/usr/bin/python3 /home/clexma/Desktop/fox3/TermDB/UAutomizer-linux/Ultimate.py --config /home/clexma/Desktop/fox3/TermDB/UAutomizer-linux/config --data /home/clexma/Desktop/fox3/TermDB/UAutomizer-linux/data --full-output --architecture 32bit --spec /home/clexma/Desktop/fox3/TermDB/svcomp_examples/sv-benchmarks/c/properties/termination.prp --file ../EvolveTerm/data/tpdb_known/c_term/HeizmannHoenickeLeikePodelski-ATVA2013-Fig2_true-termination.c
HeizmannHoenickeLeikePodelski-ATVA2013-Fig4_true-termination.c,YES,0,,0,stdout_stderr,3.79,Results/ultimate/ultiouts/c_term/HeizmannHoenickeLeikePodelski-ATVA2013-Fig4_true-termination.c-ultimate-svtermprp.log,,2026-01-22 18:03:41,/home/clexma/Desktop/fox3/TermDB/EvolveTerm/data/tpdb_known/c_term/HeizmannHoenickeLeikePodelski-ATVA2013-Fig4_true-termination.c,tpdb429term,/home/clexma/Desktop/fox3/TermDB/svcomp_examples/sv-benchmarks/c/properties/termination.prp,32bit,300,1,/home/clexma/Desktop/fox3/TermDB/UAutomizer-linux,/usr/bin/python3 /home/clexma/Desktop/fox3/TermDB/UAutomizer-linux/Ultimate.py --config /home/clexma/Desktop/fox3/TermDB/UAutomizer-linux/config --data /home/clexma/Desktop/fox3/TermDB/UAutomizer-linux/data --full-output --architecture 32bit --spec /home/clexma/Desktop/fox3/TermDB/svcomp_examples/sv-benchmarks/c/properties/termination.prp --file ../EvolveTerm/data/tpdb_known/c_term/HeizmannHoenickeLeikePodelski-ATVA2013-Fig4_true-termination.c
HeizmannHoenickeLeikePodelski-ATVA2013-Fig5_true-termination.c,MAYBE,0,,0,stdout_stderr,6.17,Results/ultimate/ultiouts/c_term/HeizmannHoenickeLeikePodelski-ATVA2013-Fig5_true-termination.c-ultimate-svtermprp.log,,2026-01-22 18:03:47,/home/clexma/Desktop/fox3/TermDB/EvolveTerm/data/tpdb_known/c_term/HeizmannHoenickeLeikePodelski-ATVA2013-Fig5_true-termination.c,tpdb429term,/home/clexma/Desktop/fox3/TermDB/svcomp_examples/sv-benchmarks/c/properties/termination.prp,32bit,300,1,/home/clexma/Desktop/fox3/TermDB/UAutomizer-linux,/usr/bin/python3 /home/clexma/Desktop/fox3/TermDB/UAutomizer-linux/Ultimate.py --config /home/clexma/Desktop/fox3/TermDB/UAutomizer-linux/config --data /home/clexma/Desktop/fox3/TermDB/UAutomizer-linux/data --full-output --architecture 32bit --spec /home/clexma/Desktop/fox3/TermDB/svcomp_examples/sv-benchmarks/c/properties/termination.prp --file ../EvolveTerm/data/tpdb_known/c_term/HeizmannHoenickeLeikePodelski-ATVA2013-Fig5_true-termination.c
HeizmannHoenickeLeikePodelski-ATVA2013-Fig6_true-termination.c,YES,0,,0,stdout_stderr,3.87,Results/ultimate/ultiouts/c_term/HeizmannHoenickeLeikePodelski-ATVA2013-Fig6_true-termination.c-ultimate-svtermprp.log,,2026-01-22 18:03:51,/home/clexma/Desktop/fox3/TermDB/EvolveTerm/data/tpdb_known/c_term/HeizmannHoenickeLeikePodelski-ATVA2013-Fig6_true-termination.c,tpdb429term,/home/clexma/Desktop/fox3/TermDB/svcomp_examples/sv-benchmarks/c/properties/termination.prp,32bit,300,1,/home/clexma/Desktop/fox3/TermDB/UAutomizer-linux,/usr/bin/python3 /home/clexma/Desktop/fox3/TermDB/UAutomizer-linux/Ultimate.py --config /home/clexma/Desktop/fox3/TermDB/UAutomizer-linux/config --data /home/clexma/Desktop/fox3/TermDB/UAutomizer-linux/data --full-output --architecture 32bit --spec /home/clexma/Desktop/fox3/TermDB/svcomp_examples/sv-benchmarks/c/properties/termination.prp --file ../EvolveTerm/data/tpdb_known/c_term/HeizmannHoenickeLeikePodelski-ATVA2013-Fig6_true-termination.c
HeizmannHoenickeLeikePodelski-ATVA2013-Fig7_true-termination.c,YES,0,,0,stdout_stderr,3.84,Results/ultimate/ultiouts/c_term/HeizmannHoenickeLeikePodelski-ATVA2013-Fig7_true-termination.c-ultimate-svtermprp.log,,2026-01-22 18:03:55,/home/clexma/Desktop/fox3/TermDB/EvolveTerm/data/tpdb_known/c_term/HeizmannHoenickeLeikePodelski-ATVA2013-Fig7_true-termination.c,tpdb429term,/home/clexma/Desktop/fox3/TermDB/svcomp_examples/sv-benchmarks/c/properties/termination.prp,32bit,300,1,/home/clexma/Desktop/fox3/TermDB/UAutomizer-linux,/usr/bin/python3 /home/clexma/Desktop/fox3/TermDB/UAutomizer-linux/Ultimate.py --config /home/clexma/Desktop/fox3/TermDB/UAutomizer-linux/config --data /home/clexma/Desktop/fox3/TermDB/UAutomizer-linux/data --full-output --architecture 32bit --spec /home/clexma/Desktop/fox3/TermDB/svcomp_examples/sv-benchmarks/c/properties/termination.prp --file ../EvolveTerm/data/tpdb_known/c_term/HeizmannHoenickeLeikePodelski-ATVA2013-Fig7_true-termination.c
HeizmannHoenickeLeikePodelski-ATVA2013-Fig8_true-termination.c,YES,0,,0,stdout_stderr,3.86,Results/ultimate/ultiouts/c_term/HeizmannHoenickeLeikePodelski-ATVA2013-Fig8_true-termination.c-ultimate-svtermprp.log,,2026-01-22 18:03:59,/home/clexma/Desktop/fox3/TermDB/EvolveTerm/data/tpdb_known/c_term/HeizmannHoenickeLeikePodelski-ATVA2013-Fig8_true-termination.c,tpdb429term,/home/clexma/Desktop/fox3/TermDB/svcomp_examples/sv-benchmarks/c/properties/termination.prp,32bit,300,1,/home/clexma/Desktop/fox3/TermDB/UAutomizer-linux,/usr/bin/python3 /home/clexma/Desktop/fox3/TermDB/UAutomizer-linux/Ultimate.py --config /home/clexma/Desktop/fox3/TermDB/UAutomizer-linux/config --data /home/clexma/Desktop/fox3/TermDB/UAutomizer-linux/data --full-output --architecture 32bit --spec /home/clexma/Desktop/fox3/TermDB/svcomp_examples/sv-benchmarks/c/properties/termination.prp --file ../EvolveTerm/data/tpdb_known/c_term/HeizmannHoenickeLeikePodelski-ATVA2013-Fig8_true-termination.c
HeizmannHoenickeLeikePodelski-ATVA2013-Fig9_true-termination.c,YES,0,,0,stdout_stderr,4.76,Results/ultimate/ultiouts/c_term/HeizmannHoenickeLeikePodelski-ATVA2013-Fig9_true-termination.c-ultimate-svtermprp.log,,2026-01-22 18:04:04,/home/clexma/Desktop/fox3/TermDB/EvolveTerm/data/tpdb_known/c_term/HeizmannHoenickeLeikePodelski-ATVA2013-Fig9_true-termination.c,tpdb429term,/home/clexma/Desktop/fox3/TermDB/svcomp_examples/sv-benchmarks/c/properties/termination.prp,32bit,300,1,/home/clexma/Desktop/fox3/TermDB/UAutomizer-linux,/usr/bin/python3 /home/clexma/Desktop/fox3/TermDB/UAutomizer-linux/Ultimate.py --config /home/clexma/Desktop/fox3/TermDB/UAutomizer-linux/config --data /home/clexma/Desktop/fox3/TermDB/UAutomizer-linux/data --full-output --architecture 32bit --spec /home/clexma/Desktop/fox3/TermDB/svcomp_examples/sv-benchmarks/c/properties/termination.prp --file ../EvolveTerm/data/tpdb_known/c_term/HeizmannHoenickeLeikePodelski-ATVA2013-Fig9_true-termination.c
IntPath.c,YES,0,,0,stdout_stderr,3.57,Results/ultimate/ultiouts/c_term/IntPath.c-ultimate-svtermprp.log,,2026-01-22 18:04:07,/home/clexma/Desktop/fox3/TermDB/EvolveTerm/data/tpdb_known/c_term/IntPath.c,tpdb429term,/home/clexma/Desktop/fox3/TermDB/svcomp_examples/sv-benchmarks/c/properties/termination.prp,32bit,300,1,/home/clexma/Desktop/fox3/TermDB/UAutomizer-linux,/usr/bin/python3 /home/clexma/Desktop/fox3/TermDB/UAutomizer-linux/Ultimate.py --config /home/clexma/Desktop/fox3/TermDB/UAutomizer-linux/config --data /home/clexma/Desktop/fox3/TermDB/UAutomizer-linux/data --full-output --architecture 32bit --spec /home/clexma/Desktop/fox3/TermDB/svcomp_examples/sv-benchmarks/c/properties/termination.prp --file ../EvolveTerm/data/tpdb_known/c_term/IntPath.c
KroeningSharyginaTsitovichWintersteiger-CAV2010-Ex_true-termination.c,YES,0,,0,stdout_stderr,3.76,Results/ultimate/ultiouts/c_term/KroeningSharyginaTsitovichWintersteiger-CAV2010-Ex_true-termination.c-ultimate-svtermprp.log,,2026-01-22 18:04:11,/home/clexma/Desktop/fox3/TermDB/EvolveTerm/data/tpdb_known/c_term/KroeningSharyginaTsitovichWintersteiger-CAV2010-Ex_true-termination.c,tpdb429term,/home/clexma/Desktop/fox3/TermDB/svcomp_examples/sv-benchmarks/c/properties/termination.prp,32bit,300,1,/home/clexma/Desktop/fox3/TermDB/UAutomizer-linux,/usr/bin/python3 /home/clexma/Desktop/fox3/TermDB/UAutomizer-linux/Ultimate.py --config /home/clexma/Desktop/fox3/TermDB/UAutomizer-linux/config --data /home/clexma/Desktop/fox3/TermDB/UAutomizer-linux/data --full-output --architecture 32bit --spec /home/clexma/Desktop/fox3/TermDB/svcomp_examples/sv-benchmarks/c/properties/termination.prp --file ../EvolveTerm/data/tpdb_known/c_term/KroeningSharyginaTsitovichWintersteiger-CAV2010-Ex_true-termination.c
KroeningSharyginaTsitovichWintersteiger-CAV2010-Fig1_true-termination.c,YES,0,,0,stdout_stderr,7.16,Results/ultimate/ultiouts/c_term/KroeningSharyginaTsitovichWintersteiger-CAV2010-Fig1_true-termination.c-ultimate-svtermprp.log,,2026-01-22 18:04:18,/home/clexma/Desktop/fox3/TermDB/EvolveTerm/data/tpdb_known/c_term/KroeningSharyginaTsitovichWintersteiger-CAV2010-Fig1_true-termination.c,tpdb429term,/home/clexma/Desktop/fox3/TermDB/svcomp_examples/sv-benchmarks/c/properties/termination.prp,32bit,300,1,/home/clexma/Desktop/fox3/TermDB/UAutomizer-linux,/usr/bin/python3 /home/clexma/Desktop/fox3/TermDB/UAutomizer-linux/Ultimate.py --config /home/clexma/Desktop/fox3/TermDB/UAutomizer-linux/config --data /home/clexma/Desktop/fox3/TermDB/UAutomizer-linux/data --full-output --architecture 32bit --spec /home/clexma/Desktop/fox3/TermDB/svcomp_examples/sv-benchmarks/c/properties/termination.prp --file ../EvolveTerm/data/tpdb_known/c_term/KroeningSharyginaTsitovichWintersteiger-CAV2010-Fig1_true-termination.c
LarrazOliverasRodriguez-CarbonellRubio-FMCAD2013-Fig1_true-termination.c,YES,0,,0,stdout_stderr,5.62,Results/ultimate/ultiouts/c_term/LarrazOliverasRodriguez-CarbonellRubio-FMCAD2013-Fig1_true-termination.c-ultimate-svtermprp.log,,2026-01-22 18:04:24,/home/clexma/Desktop/fox3/TermDB/EvolveTerm/data/tpdb_known/c_term/LarrazOliverasRodriguez-CarbonellRubio-FMCAD2013-Fig1_true-termination.c,tpdb429term,/home/clexma/Desktop/fox3/TermDB/svcomp_examples/sv-benchmarks/c/properties/termination.prp,32bit,300,1,/home/clexma/Desktop/fox3/TermDB/UAutomizer-linux,/usr/bin/python3 /home/clexma/Desktop/fox3/TermDB/UAutomizer-linux/Ultimate.py --config /home/clexma/Desktop/fox3/TermDB/UAutomizer-linux/config --data /home/clexma/Desktop/fox3/TermDB/UAutomizer-linux/data --full-output --architecture 32bit --spec /home/clexma/Desktop/fox3/TermDB/svcomp_examples/sv-benchmarks/c/properties/termination.prp --file ../EvolveTerm/data/tpdb_known/c_term/LarrazOliverasRodriguez-CarbonellRubio-FMCAD2013-Fig1_true-termination.c
LeUserDefRec_true.c,YES,0,,0,stdout_stderr,3.77,Results/ultimate/ultiouts/c_term/LeUserDefRec_true.c-ultimate-svtermprp.log,,2026-01-22 18:04:28,/home/clexma/Desktop/fox3/TermDB/EvolveTerm/data/tpdb_known/c_term/LeUserDefRec_true.c,tpdb429term,/home/clexma/Desktop/fox3/TermDB/svcomp_examples/sv-benchmarks/c/properties/termination.prp,32bit,300,1,/home/clexma/Desktop/fox3/TermDB/UAutomizer-linux,/usr/bin/python3 /home/clexma/Desktop/fox3/TermDB/UAutomizer-linux/Ultimate.py --config /home/clexma/Desktop/fox3/TermDB/UAutomizer-linux/config --data /home/clexma/Desktop/fox3/TermDB/UAutomizer-linux/data --full-output --architecture 32bit --spec /home/clexma/Desktop/fox3/TermDB/svcomp_examples/sv-benchmarks/c/properties/termination.prp --file ../EvolveTerm/data/tpdb_known/c_term/LeUserDefRec_true.c
LeeJonesBen-Amram-POPL2001-Ex1_true-termination.c,YES,0,,0,stdout_stderr,4.04,Results/ultimate/ultiouts/c_term/LeeJonesBen-Amram-POPL2001-Ex1_true-termination.c-ultimate-svtermprp.log,,2026-01-22 18:04:32,/home/clexma/Desktop/fox3/TermDB/EvolveTerm/data/tpdb_known/c_term/LeeJonesBen-Amram-POPL2001-Ex1_true-termination.c,tpdb429term,/home/clexma/Desktop/fox3/TermDB/svcomp_examples/sv-benchmarks/c/properties/termination.prp,32bit,300,1,/home/clexma/Desktop/fox3/TermDB/UAutomizer-linux,/usr/bin/python3 /home/clexma/Desktop/fox3/TermDB/UAutomizer-linux/Ultimate.py --config /home/clexma/Desktop/fox3/TermDB/UAutomizer-linux/config --data /home/clexma/Desktop/fox3/TermDB/UAutomizer-linux/data --full-output --architecture 32bit --spec /home/clexma/Desktop/fox3/TermDB/svcomp_examples/sv-benchmarks/c/properties/termination.prp --file ../EvolveTerm/data/tpdb_known/c_term/LeeJonesBen-Amram-POPL2001-Ex1_true-termination.c
LeeJonesBen-Amram-POPL2001-Ex2_true-termination.c,YES,0,,0,stdout_stderr,4.51,Results/ultimate/ultiouts/c_term/LeeJonesBen-Amram-POPL2001-Ex2_true-termination.c-ultimate-svtermprp.log,,2026-01-22 18:04:36,/home/clexma/Desktop/fox3/TermDB/EvolveTerm/data/tpdb_known/c_term/LeeJonesBen-Amram-POPL2001-Ex2_true-termination.c,tpdb429term,/home/clexma/Desktop/fox3/TermDB/svcomp_examples/sv-benchmarks/c/properties/termination.prp,32bit,300,1,/home/clexma/Desktop/fox3/TermDB/UAutomizer-linux,/usr/bin/python3 /home/clexma/Desktop/fox3/TermDB/UAutomizer-linux/Ultimate.py --config /home/clexma/Desktop/fox3/TermDB/UAutomizer-linux/config --data /home/clexma/Desktop/fox3/TermDB/UAutomizer-linux/data --full-output --architecture 32bit --spec /home/clexma/Desktop/fox3/TermDB/svcomp_examples/sv-benchmarks/c/properties/termination.prp --file ../EvolveTerm/data/tpdb_known/c_term/LeeJonesBen-Amram-POPL2001-Ex2_true-termination.c
LeeJonesBen-Amram-POPL2001-Ex3_true-termination.c,ERROR,1,No result found (exit=7),7,none,283.11,Results/ultimate/ultiouts/c_term/LeeJonesBen-Amram-POPL2001-Ex3_true-termination.c-ultimate-svtermprp.log,,2026-01-22 18:09:19,/home/clexma/Desktop/fox3/TermDB/EvolveTerm/data/tpdb_known/c_term/LeeJonesBen-Amram-POPL2001-Ex3_true-termination.c,tpdb429term,/home/clexma/Desktop/fox3/TermDB/svcomp_examples/sv-benchmarks/c/properties/termination.prp,32bit,300,1,/home/clexma/Desktop/fox3/TermDB/UAutomizer-linux,/usr/bin/python3 /home/clexma/Desktop/fox3/TermDB/UAutomizer-linux/Ultimate.py --config /home/clexma/Desktop/fox3/TermDB/UAutomizer-linux/config --data /home/clexma/Desktop/fox3/TermDB/UAutomizer-linux/data --full-output --architecture 32bit --spec /home/clexma/Desktop/fox3/TermDB/svcomp_examples/sv-benchmarks/c/properties/termination.prp --file ../EvolveTerm/data/tpdb_known/c_term/LeeJonesBen-Amram-POPL2001-Ex3_true-termination.c
LeeJonesBen-Amram-POPL2001-Ex4_true-termination.c,YES,0,,0,stdout_stderr,7.31,Results/ultimate/ultiouts/c_term/LeeJonesBen-Amram-POPL2001-Ex4_true-termination.c-ultimate-svtermprp.log,,2026-01-22 18:09:27,/home/clexma/Desktop/fox3/TermDB/EvolveTerm/data/tpdb_known/c_term/LeeJonesBen-Amram-POPL2001-Ex4_true-termination.c,tpdb429term,/home/clexma/Desktop/fox3/TermDB/svcomp_examples/sv-benchmarks/c/properties/termination.prp,32bit,300,1,/home/clexma/Desktop/fox3/TermDB/UAutomizer-linux,/usr/bin/python3 /home/clexma/Desktop/fox3/TermDB/UAutomizer-linux/Ultimate.py --config /home/clexma/Desktop/fox3/TermDB/UAutomizer-linux/config --data /home/clexma/Desktop/fox3/TermDB/UAutomizer-linux/data --full-output --architecture 32bit --spec /home/clexma/Desktop/fox3/TermDB/svcomp_examples/sv-benchmarks/c/properties/termination.prp --file ../EvolveTerm/data/tpdb_known/c_term/LeeJonesBen-Amram-POPL2001-Ex4_true-termination.c
LeeJonesBen-Amram-POPL2001-Ex5_true-termination.c,MAYBE,0,,0,stdout_stderr,14.99,Results/ultimate/ultiouts/c_term/LeeJonesBen-Amram-POPL2001-Ex5_true-termination.c-ultimate-svtermprp.log,,2026-01-22 18:09:42,/home/clexma/Desktop/fox3/TermDB/EvolveTerm/data/tpdb_known/c_term/LeeJonesBen-Amram-POPL2001-Ex5_true-termination.c,tpdb429term,/home/clexma/Desktop/fox3/TermDB/svcomp_examples/sv-benchmarks/c/properties/termination.prp,32bit,300,1,/home/clexma/Desktop/fox3/TermDB/UAutomizer-linux,/usr/bin/python3 /home/clexma/Desktop/fox3/TermDB/UAutomizer-linux/Ultimate.py --config /home/clexma/Desktop/fox3/TermDB/UAutomizer-linux/config --data /home/clexma/Desktop/fox3/TermDB/UAutomizer-linux/data --full-output --architecture 32bit --spec /home/clexma/Desktop/fox3/TermDB/svcomp_examples/sv-benchmarks/c/properties/termination.prp --file ../EvolveTerm/data/tpdb_known/c_term/LeeJonesBen-Amram-POPL2001-Ex5_true-termination.c
LeeJonesBen-Amram-POPL2001-Ex6_true-termination.c,YES,0,,0,stdout_stderr,5.62,Results/ultimate/ultiouts/c_term/LeeJonesBen-Amram-POPL2001-Ex6_true-termination.c-ultimate-svtermprp.log,,2026-01-22 18:09:47,/home/clexma/Desktop/fox3/TermDB/EvolveTerm/data/tpdb_known/c_term/LeeJonesBen-Amram-POPL2001-Ex6_true-termination.c,tpdb429term,/home/clexma/Desktop/fox3/TermDB/svcomp_examples/sv-benchmarks/c/properties/termination.prp,32bit,300,1,/home/clexma/Desktop/fox3/TermDB/UAutomizer-linux,/usr/bin/python3 /home/clexma/Desktop/fox3/TermDB/UAutomizer-linux/Ultimate.py --config /home/clexma/Desktop/fox3/TermDB/UAutomizer-linux/config --data /home/clexma/Desktop/fox3/TermDB/UAutomizer-linux/data --full-output --architecture 32bit --spec /home/clexma/Desktop/fox3/TermDB/svcomp_examples/sv-benchmarks/c/properties/termination.prp --file ../EvolveTerm/data/tpdb_known/c_term/LeeJonesBen-Amram-POPL2001-Ex6_true-termination.c
LeikeHeizmann-TACAS2014-Ex1_true-termination.c,YES,0,,0,stdout_stderr,3.74,Results/ultimate/ultiouts/c_term/LeikeHeizmann-TACAS2014-Ex1_true-termination.c-ultimate-svtermprp.log,,2026-01-22 18:09:51,/home/clexma/Desktop/fox3/TermDB/EvolveTerm/data/tpdb_known/c_term/LeikeHeizmann-TACAS2014-Ex1_true-termination.c,tpdb429term,/home/clexma/Desktop/fox3/TermDB/svcomp_examples/sv-benchmarks/c/properties/termination.prp,32bit,300,1,/home/clexma/Desktop/fox3/TermDB/UAutomizer-linux,/usr/bin/python3 /home/clexma/Desktop/fox3/TermDB/UAutomizer-linux/Ultimate.py --config /home/clexma/Desktop/fox3/TermDB/UAutomizer-linux/config --data /home/clexma/Desktop/fox3/TermDB/UAutomizer-linux/data --full-output --architecture 32bit --spec /home/clexma/Desktop/fox3/TermDB/svcomp_examples/sv-benchmarks/c/properties/termination.prp --file ../EvolveTerm/data/tpdb_known/c_term/LeikeHeizmann-TACAS2014-Ex1_true-termination.c
LeikeHeizmann-TACAS2014-Ex7_true-termination.c,YES,0,,0,stdout_stderr,3.84,Results/ultimate/ultiouts/c_term/LeikeHeizmann-TACAS2014-Ex7_true-termination.c-ultimate-svtermprp.log,,2026-01-22 18:09:55,/home/clexma/Desktop/fox3/TermDB/EvolveTerm/data/tpdb_known/c_term/LeikeHeizmann-TACAS2014-Ex7_true-termination.c,tpdb429term,/home/clexma/Desktop/fox3/TermDB/svcomp_examples/sv-benchmarks/c/properties/termination.prp,32bit,300,1,/home/clexma/Desktop/fox3/TermDB/UAutomizer-linux,/usr/bin/python3 /home/clexma/Desktop/fox3/TermDB/UAutomizer-linux/Ultimate.py --config /home/clexma/Desktop/fox3/TermDB/UAutomizer-linux/config --data /home/clexma/Desktop/fox3/TermDB/UAutomizer-linux/data --full-output --architecture 32bit --spec /home/clexma/Desktop/fox3/TermDB/svcomp_examples/sv-benchmarks/c/properties/termination.prp --file ../EvolveTerm/data/tpdb_known/c_term/LeikeHeizmann-TACAS2014-Ex7_true-termination.c
LeikeHeizmann-TACAS2014-Ex8_true-termination.c,YES,0,,0,stdout_stderr,4.40,Results/ultimate/ultiouts/c_term/LeikeHeizmann-TACAS2014-Ex8_true-termination.c-ultimate-svtermprp.log,,2026-01-22 18:09:59,/home/clexma/Desktop/fox3/TermDB/EvolveTerm/data/tpdb_known/c_term/LeikeHeizmann-TACAS2014-Ex8_true-termination.c,tpdb429term,/home/clexma/Desktop/fox3/TermDB/svcomp_examples/sv-benchmarks/c/properties/termination.prp,32bit,300,1,/home/clexma/Desktop/fox3/TermDB/UAutomizer-linux,/usr/bin/python3 /home/clexma/Desktop/fox3/TermDB/UAutomizer-linux/Ultimate.py --config /home/clexma/Desktop/fox3/TermDB/UAutomizer-linux/config --data /home/clexma/Desktop/fox3/TermDB/UAutomizer-linux/data --full-output --architecture 32bit --spec /home/clexma/Desktop/fox3/TermDB/svcomp_examples/sv-benchmarks/c/properties/termination.prp --file ../EvolveTerm/data/tpdb_known/c_term/LeikeHeizmann-TACAS2014-Ex8_true-termination.c
LeikeHeizmann-TACAS2014-Ex9_true-termination.c,YES,0,,0,stdout_stderr,3.85,Results/ultimate/ultiouts/c_term/LeikeHeizmann-TACAS2014-Ex9_true-termination.c-ultimate-svtermprp.log,,2026-01-22 18:10:03,/home/clexma/Desktop/fox3/TermDB/EvolveTerm/data/tpdb_known/c_term/LeikeHeizmann-TACAS2014-Ex9_true-termination.c,tpdb429term,/home/clexma/Desktop/fox3/TermDB/svcomp_examples/sv-benchmarks/c/properties/termination.prp,32bit,300,1,/home/clexma/Desktop/fox3/TermDB/UAutomizer-linux,/usr/bin/python3 /home/clexma/Desktop/fox3/TermDB/UAutomizer-linux/Ultimate.py --config /home/clexma/Desktop/fox3/TermDB/UAutomizer-linux/config --data /home/clexma/Desktop/fox3/TermDB/UAutomizer-linux/data --full-output --architecture 32bit --spec /home/clexma/Desktop/fox3/TermDB/svcomp_examples/sv-benchmarks/c/properties/termination.prp --file ../EvolveTerm/data/tpdb_known/c_term/LeikeHeizmann-TACAS2014-Ex9_true-termination.c
LeikeHeizmann-TACAS2014-Fig1_true-termination.c,YES,0,,0,stdout_stderr,3.86,Results/ultimate/ultiouts/c_term/LeikeHeizmann-TACAS2014-Fig1_true-termination.c-ultimate-svtermprp.log,,2026-01-22 18:10:07,/home/clexma/Desktop/fox3/TermDB/EvolveTerm/data/tpdb_known/c_term/LeikeHeizmann-TACAS2014-Fig1_true-termination.c,tpdb429term,/home/clexma/Desktop/fox3/TermDB/svcomp_examples/sv-benchmarks/c/properties/termination.prp,32bit,300,1,/home/clexma/Desktop/fox3/TermDB/UAutomizer-linux,/usr/bin/python3 /home/clexma/Desktop/fox3/TermDB/UAutomizer-linux/Ultimate.py --config /home/clexma/Desktop/fox3/TermDB/UAutomizer-linux/config --data /home/clexma/Desktop/fox3/TermDB/UAutomizer-linux/data --full-output --architecture 32bit --spec /home/clexma/Desktop/fox3/TermDB/svcomp_examples/sv-benchmarks/c/properties/termination.prp --file ../EvolveTerm/data/tpdb_known/c_term/LeikeHeizmann-TACAS2014-Fig1_true-termination.c
LeikeHeizmann-WST2014-Ex9_true-termination.c,YES,0,,0,stdout_stderr,3.78,Results/ultimate/ultiouts/c_term/LeikeHeizmann-WST2014-Ex9_true-termination.c-ultimate-svtermprp.log,,2026-01-22 18:10:11,/home/clexma/Desktop/fox3/TermDB/EvolveTerm/data/tpdb_known/c_term/LeikeHeizmann-WST2014-Ex9_true-termination.c,tpdb429term,/home/clexma/Desktop/fox3/TermDB/svcomp_examples/sv-benchmarks/c/properties/termination.prp,32bit,300,1,/home/clexma/Desktop/fox3/TermDB/UAutomizer-linux,/usr/bin/python3 /home/clexma/Desktop/fox3/TermDB/UAutomizer-linux/Ultimate.py --config /home/clexma/Desktop/fox3/TermDB/UAutomizer-linux/config --data /home/clexma/Desktop/fox3/TermDB/UAutomizer-linux/data --full-output --architecture 32bit --spec /home/clexma/Desktop/fox3/TermDB/svcomp_examples/sv-benchmarks/c/properties/termination.prp --file ../EvolveTerm/data/tpdb_known/c_term/LeikeHeizmann-WST2014-Ex9_true-termination.c
Lobnya-Boolean-Reordered_true-termination.c,YES,0,,0,stdout_stderr,12.61,Results/ultimate/ultiouts/c_term/Lobnya-Boolean-Reordered_true-termination.c-ultimate-svtermprp.log,,2026-01-22 18:10:23,/home/clexma/Desktop/fox3/TermDB/EvolveTerm/data/tpdb_known/c_term/Lobnya-Boolean-Reordered_true-termination.c,tpdb429term,/home/clexma/Desktop/fox3/TermDB/svcomp_examples/sv-benchmarks/c/properties/termination.prp,32bit,300,1,/home/clexma/Desktop/fox3/TermDB/UAutomizer-linux,/usr/bin/python3 /home/clexma/Desktop/fox3/TermDB/UAutomizer-linux/Ultimate.py --config /home/clexma/Desktop/fox3/TermDB/UAutomizer-linux/config --data /home/clexma/Desktop/fox3/TermDB/UAutomizer-linux/data --full-output --architecture 32bit --spec /home/clexma/Desktop/fox3/TermDB/svcomp_examples/sv-benchmarks/c/properties/termination.prp --file ../EvolveTerm/data/tpdb_known/c_term/Lobnya-Boolean-Reordered_true-termination.c
Log.c,YES,0,,0,stdout_stderr,4.34,Results/ultimate/ultiouts/c_term/Log.c-ultimate-svtermprp.log,,2026-01-22 18:10:28,/home/clexma/Desktop/fox3/TermDB/EvolveTerm/data/tpdb_known/c_term/Log.c,tpdb429term,/home/clexma/Desktop/fox3/TermDB/svcomp_examples/sv-benchmarks/c/properties/termination.prp,32bit,300,1,/home/clexma/Desktop/fox3/TermDB/UAutomizer-linux,/usr/bin/python3 /home/clexma/Desktop/fox3/TermDB/UAutomizer-linux/Ultimate.py --config /home/clexma/Desktop/fox3/TermDB/UAutomizer-linux/config --data /home/clexma/Desktop/fox3/TermDB/UAutomizer-linux/data --full-output --architecture 32bit --spec /home/clexma/Desktop/fox3/TermDB/svcomp_examples/sv-benchmarks/c/properties/termination.prp --file ../EvolveTerm/data/tpdb_known/c_term/Log.c
LogAG.c,YES,0,,0,stdout_stderr,4.65,Results/ultimate/ultiouts/c_term/LogAG.c-ultimate-svtermprp.log,,2026-01-22 18:10:32,/home/clexma/Desktop/fox3/TermDB/EvolveTerm/data/tpdb_known/c_term/LogAG.c,tpdb429term,/home/clexma/Desktop/fox3/TermDB/svcomp_examples/sv-benchmarks/c/properties/termination.prp,32bit,300,1,/home/clexma/Desktop/fox3/TermDB/UAutomizer-linux,/usr/bin/python3 /home/clexma/Desktop/fox3/TermDB/UAutomizer-linux/Ultimate.py --config /home/clexma/Desktop/fox3/TermDB/UAutomizer-linux/config --data /home/clexma/Desktop/fox3/TermDB/UAutomizer-linux/data --full-output --architecture 32bit --spec /home/clexma/Desktop/fox3/TermDB/svcomp_examples/sv-benchmarks/c/properties/termination.prp --file ../EvolveTerm/data/tpdb_known/c_term/LogAG.c
Masse-VMCAI2014-Ex6_true-termination.c,YES,0,,0,stdout_stderr,4.38,Results/ultimate/ultiouts/c_term/Masse-VMCAI2014-Ex6_true-termination.c-ultimate-svtermprp.log,,2026-01-22 18:10:37,/home/clexma/Desktop/fox3/TermDB/EvolveTerm/data/tpdb_known/c_term/Masse-VMCAI2014-Ex6_true-termination.c,tpdb429term,/home/clexma/Desktop/fox3/TermDB/svcomp_examples/sv-benchmarks/c/properties/termination.prp,32bit,300,1,/home/clexma/Desktop/fox3/TermDB/UAutomizer-linux,/usr/bin/python3 /home/clexma/Desktop/fox3/TermDB/UAutomizer-linux/Ultimate.py --config /home/clexma/Desktop/fox3/TermDB/UAutomizer-linux/config --data /home/clexma/Desktop/fox3/TermDB/UAutomizer-linux/data --full-output --architecture 32bit --spec /home/clexma/Desktop/fox3/TermDB/svcomp_examples/sv-benchmarks/c/properties/termination.prp --file ../EvolveTerm/data/tpdb_known/c_term/Masse-VMCAI2014-Ex6_true-termination.c
Masse-VMCAI2014-Fig1a_true-termination.c,YES,0,,0,stdout_stderr,4.67,Results/ultimate/ultiouts/c_term/Masse-VMCAI2014-Fig1a_true-termination.c-ultimate-svtermprp.log,,2026-01-22 18:10:41,/home/clexma/Desktop/fox3/TermDB/EvolveTerm/data/tpdb_known/c_term/Masse-VMCAI2014-Fig1a_true-termination.c,tpdb429term,/home/clexma/Desktop/fox3/TermDB/svcomp_examples/sv-benchmarks/c/properties/termination.prp,32bit,300,1,/home/clexma/Desktop/fox3/TermDB/UAutomizer-linux,/usr/bin/python3 /home/clexma/Desktop/fox3/TermDB/UAutomizer-linux/Ultimate.py --config /home/clexma/Desktop/fox3/TermDB/UAutomizer-linux/config --data /home/clexma/Desktop/fox3/TermDB/UAutomizer-linux/data --full-output --architecture 32bit --spec /home/clexma/Desktop/fox3/TermDB/svcomp_examples/sv-benchmarks/c/properties/termination.prp --file ../EvolveTerm/data/tpdb_known/c_term/Masse-VMCAI2014-Fig1a_true-termination.c
McCarthy91_Iteration_true-termination.c,YES,0,,0,stdout_stderr,7.47,Results/ultimate/ultiouts/c_term/McCarthy91_Iteration_true-termination.c-ultimate-svtermprp.log,,2026-01-22 18:10:49,/home/clexma/Desktop/fox3/TermDB/EvolveTerm/data/tpdb_known/c_term/McCarthy91_Iteration_true-termination.c,tpdb429term,/home/clexma/Desktop/fox3/TermDB/svcomp_examples/sv-benchmarks/c/properties/termination.prp,32bit,300,1,/home/clexma/Desktop/fox3/TermDB/UAutomizer-linux,/usr/bin/python3 /home/clexma/Desktop/fox3/TermDB/UAutomizer-linux/Ultimate.py --config /home/clexma/Desktop/fox3/TermDB/UAutomizer-linux/config --data /home/clexma/Desktop/fox3/TermDB/UAutomizer-linux/data --full-output --architecture 32bit --spec /home/clexma/Desktop/fox3/TermDB/svcomp_examples/sv-benchmarks/c/properties/termination.prp --file ../EvolveTerm/data/tpdb_known/c_term/McCarthy91_Iteration_true-termination.c
McCarthy91_Recursion_true-termination.c,YES,0,,0,stdout_stderr,7.16,Results/ultimate/ultiouts/c_term/McCarthy91_Recursion_true-termination.c-ultimate-svtermprp.log,,2026-01-22 18:10:56,/home/clexma/Desktop/fox3/TermDB/EvolveTerm/data/tpdb_known/c_term/McCarthy91_Recursion_true-termination.c,tpdb429term,/home/clexma/Desktop/fox3/TermDB/svcomp_examples/sv-benchmarks/c/properties/termination.prp,32bit,300,1,/home/clexma/Desktop/fox3/TermDB/UAutomizer-linux,/usr/bin/python3 /home/clexma/Desktop/fox3/TermDB/UAutomizer-linux/Ultimate.py --config /home/clexma/Desktop/fox3/TermDB/UAutomizer-linux/config --data /home/clexma/Desktop/fox3/TermDB/UAutomizer-linux/data --full-output --architecture 32bit --spec /home/clexma/Desktop/fox3/TermDB/svcomp_examples/sv-benchmarks/c/properties/termination.prp --file ../EvolveTerm/data/tpdb_known/c_term/McCarthy91_Recursion_true-termination.c
McCarthy91_false-unreach-call_false-termination.c,YES,0,,0,stdout_stderr,7.72,Results/ultimate/ultiouts/c_term/McCarthy91_false-unreach-call_false-termination.c-ultimate-svtermprp.log,,2026-01-22 18:11:04,/home/clexma/Desktop/fox3/TermDB/EvolveTerm/data/tpdb_known/c_term/McCarthy91_false-unreach-call_false-termination.c,tpdb429term,/home/clexma/Desktop/fox3/TermDB/svcomp_examples/sv-benchmarks/c/properties/termination.prp,32bit,300,1,/home/clexma/Desktop/fox3/TermDB/UAutomizer-linux,/usr/bin/python3 /home/clexma/Desktop/fox3/TermDB/UAutomizer-linux/Ultimate.py --config /home/clexma/Desktop/fox3/TermDB/UAutomizer-linux/config --data /home/clexma/Desktop/fox3/TermDB/UAutomizer-linux/data --full-output --architecture 32bit --spec /home/clexma/Desktop/fox3/TermDB/svcomp_examples/sv-benchmarks/c/properties/termination.prp --file ../EvolveTerm/data/tpdb_known/c_term/McCarthy91_false-unreach-call_false-termination.c
McCarthyIterative.c,YES,0,,0,stdout_stderr,5.95,Results/ultimate/ultiouts/c_term/McCarthyIterative.c-ultimate-svtermprp.log,,2026-01-22 18:11:10,/home/clexma/Desktop/fox3/TermDB/EvolveTerm/data/tpdb_known/c_term/McCarthyIterative.c,tpdb429term,/home/clexma/Desktop/fox3/TermDB/svcomp_examples/sv-benchmarks/c/properties/termination.prp,32bit,300,1,/home/clexma/Desktop/fox3/TermDB/UAutomizer-linux,/usr/bin/python3 /home/clexma/Desktop/fox3/TermDB/UAutomizer-linux/Ultimate.py --config /home/clexma/Desktop/fox3/TermDB/UAutomizer-linux/config --data /home/clexma/Desktop/fox3/TermDB/UAutomizer-linux/data --full-output --architecture 32bit --spec /home/clexma/Desktop/fox3/TermDB/svcomp_examples/sv-benchmarks/c/properties/termination.prp --file ../EvolveTerm/data/tpdb_known/c_term/McCarthyIterative.c
MenloPark_true-termination.c,YES,0,,0,stdout_stderr,3.85,Results/ultimate/ultiouts/c_term/MenloPark_true-termination.c-ultimate-svtermprp.log,,2026-01-22 18:11:13,/home/clexma/Desktop/fox3/TermDB/EvolveTerm/data/tpdb_known/c_term/MenloPark_true-termination.c,tpdb429term,/home/clexma/Desktop/fox3/TermDB/svcomp_examples/sv-benchmarks/c/properties/termination.prp,32bit,300,1,/home/clexma/Desktop/fox3/TermDB/UAutomizer-linux,/usr/bin/python3 /home/clexma/Desktop/fox3/TermDB/UAutomizer-linux/Ultimate.py --config /home/clexma/Desktop/fox3/TermDB/UAutomizer-linux/config --data /home/clexma/Desktop/fox3/TermDB/UAutomizer-linux/data --full-output --architecture 32bit --spec /home/clexma/Desktop/fox3/TermDB/svcomp_examples/sv-benchmarks/c/properties/termination.prp --file ../EvolveTerm/data/tpdb_known/c_term/MenloPark_true-termination.c
MinusBuiltIn.c,YES,0,,0,stdout_stderr,3.88,Results/ultimate/ultiouts/c_term/MinusBuiltIn.c-ultimate-svtermprp.log,,2026-01-22 18:11:17,/home/clexma/Desktop/fox3/TermDB/EvolveTerm/data/tpdb_known/c_term/MinusBuiltIn.c,tpdb429term,/home/clexma/Desktop/fox3/TermDB/svcomp_examples/sv-benchmarks/c/properties/termination.prp,32bit,300,1,/home/clexma/Desktop/fox3/TermDB/UAutomizer-linux,/usr/bin/python3 /home/clexma/Desktop/fox3/TermDB/UAutomizer-linux/Ultimate.py --config /home/clexma/Desktop/fox3/TermDB/UAutomizer-linux/config --data /home/clexma/Desktop/fox3/TermDB/UAutomizer-linux/data --full-output --architecture 32bit --spec /home/clexma/Desktop/fox3/TermDB/svcomp_examples/sv-benchmarks/c/properties/termination.prp --file ../EvolveTerm/data/tpdb_known/c_term/MinusBuiltIn.c
MinusMin.c,YES,0,,0,stdout_stderr,4.79,Results/ultimate/ultiouts/c_term/MinusMin.c-ultimate-svtermprp.log,,2026-01-22 18:11:22,/home/clexma/Desktop/fox3/TermDB/EvolveTerm/data/tpdb_known/c_term/MinusMin.c,tpdb429term,/home/clexma/Desktop/fox3/TermDB/svcomp_examples/sv-benchmarks/c/properties/termination.prp,32bit,300,1,/home/clexma/Desktop/fox3/TermDB/UAutomizer-linux,/usr/bin/python3 /home/clexma/Desktop/fox3/TermDB/UAutomizer-linux/Ultimate.py --config /home/clexma/Desktop/fox3/TermDB/UAutomizer-linux/config --data /home/clexma/Desktop/fox3/TermDB/UAutomizer-linux/data --full-output --architecture 32bit --spec /home/clexma/Desktop/fox3/TermDB/svcomp_examples/sv-benchmarks/c/properties/termination.prp --file ../EvolveTerm/data/tpdb_known/c_term/MinusMin.c
MinusUserDefined.c,YES,0,,0,stdout_stderr,4.31,Results/ultimate/ultiouts/c_term/MinusUserDefined.c-ultimate-svtermprp.log,,2026-01-22 18:11:26,/home/clexma/Desktop/fox3/TermDB/EvolveTerm/data/tpdb_known/c_term/MinusUserDefined.c,tpdb429term,/home/clexma/Desktop/fox3/TermDB/svcomp_examples/sv-benchmarks/c/properties/termination.prp,32bit,300,1,/home/clexma/Desktop/fox3/TermDB/UAutomizer-linux,/usr/bin/python3 /home/clexma/Desktop/fox3/TermDB/UAutomizer-linux/Ultimate.py --config /home/clexma/Desktop/fox3/TermDB/UAutomizer-linux/config --data /home/clexma/Desktop/fox3/TermDB/UAutomizer-linux/data --full-output --architecture 32bit --spec /home/clexma/Desktop/fox3/TermDB/svcomp_examples/sv-benchmarks/c/properties/termination.prp --file ../EvolveTerm/data/tpdb_known/c_term/MinusUserDefined.c
MutualRecursion_1b_true-termination.c,TIMEOUT,1,Analysis timed out after 300 seconds,,timeout,300.02,,,2026-01-22 18:16:26,/home/clexma/Desktop/fox3/TermDB/EvolveTerm/data/tpdb_known/c_term/MutualRecursion_1b_true-termination.c,tpdb429term,/home/clexma/Desktop/fox3/TermDB/svcomp_examples/sv-benchmarks/c/properties/termination.prp,32bit,300,1,/home/clexma/Desktop/fox3/TermDB/UAutomizer-linux,/usr/bin/python3 /home/clexma/Desktop/fox3/TermDB/UAutomizer-linux/Ultimate.py --config /home/clexma/Desktop/fox3/TermDB/UAutomizer-linux/config --data /home/clexma/Desktop/fox3/TermDB/UAutomizer-linux/data --full-output --architecture 32bit --spec /home/clexma/Desktop/fox3/TermDB/svcomp_examples/sv-benchmarks/c/properties/termination.prp --file ../EvolveTerm/data/tpdb_known/c_term/MutualRecursion_1b_true-termination.c
Mysore_true-termination.c,YES,0,,0,stdout_stderr,3.79,Results/ultimate/ultiouts/c_term/Mysore_true-termination.c-ultimate-svtermprp.log,,2026-01-22 18:16:30,/home/clexma/Desktop/fox3/TermDB/EvolveTerm/data/tpdb_known/c_term/Mysore_true-termination.c,tpdb429term,/home/clexma/Desktop/fox3/TermDB/svcomp_examples/sv-benchmarks/c/properties/termination.prp,32bit,300,1,/home/clexma/Desktop/fox3/TermDB/UAutomizer-linux,/usr/bin/python3 /home/clexma/Desktop/fox3/TermDB/UAutomizer-linux/Ultimate.py --config /home/clexma/Desktop/fox3/TermDB/UAutomizer-linux/config --data /home/clexma/Desktop/fox3/TermDB/UAutomizer-linux/data --full-output --architecture 32bit --spec /home/clexma/Desktop/fox3/TermDB/svcomp_examples/sv-benchmarks/c/properties/termination.prp --file ../EvolveTerm/data/tpdb_known/c_term/Mysore_true-termination.c
Nested.c,YES,0,,0,stdout_stderr,4.02,Results/ultimate/ultiouts/c_term/Nested.c-ultimate-svtermprp.log,,2026-01-22 18:16:34,/home/clexma/Desktop/fox3/TermDB/EvolveTerm/data/tpdb_known/c_term/Nested.c,tpdb429term,/home/clexma/Desktop/fox3/TermDB/svcomp_examples/sv-benchmarks/c/properties/termination.prp,32bit,300,1,/home/clexma/Desktop/fox3/TermDB/UAutomizer-linux,/usr/bin/python3 /home/clexma/Desktop/fox3/TermDB/UAutomizer-linux/Ultimate.py --config /home/clexma/Desktop/fox3/TermDB/UAutomizer-linux/config --data /home/clexma/Desktop/fox3/TermDB/UAutomizer-linux/data --full-output --architecture 32bit --spec /home/clexma/Desktop/fox3/TermDB/svcomp_examples/sv-benchmarks/c/properties/termination.prp --file ../EvolveTerm/data/tpdb_known/c_term/Nested.c
NestedRecursion_1b_true-termination.c,YES,0,,0,stdout_stderr,8.25,Results/ultimate/ultiouts/c_term/NestedRecursion_1b_true-termination.c-ultimate-svtermprp.log,,2026-01-22 18:16:43,/home/clexma/Desktop/fox3/TermDB/EvolveTerm/data/tpdb_known/c_term/NestedRecursion_1b_true-termination.c,tpdb429term,/home/clexma/Desktop/fox3/TermDB/svcomp_examples/sv-benchmarks/c/properties/termination.prp,32bit,300,1,/home/clexma/Desktop/fox3/TermDB/UAutomizer-linux,/usr/bin/python3 /home/clexma/Desktop/fox3/TermDB/UAutomizer-linux/Ultimate.py --config /home/clexma/Desktop/fox3/TermDB/UAutomizer-linux/config --data /home/clexma/Desktop/fox3/TermDB/UAutomizer-linux/data --full-output --architecture 32bit --spec /home/clexma/Desktop/fox3/TermDB/svcomp_examples/sv-benchmarks/c/properties/termination.prp --file ../EvolveTerm/data/tpdb_known/c_term/NestedRecursion_1b_true-termination.c
NestedRecursion_1c_true-termination.c,YES,0,,0,stdout_stderr,4.76,Results/ultimate/ultiouts/c_term/NestedRecursion_1c_true-termination.c-ultimate-svtermprp.log,,2026-01-22 18:16:47,/home/clexma/Desktop/fox3/TermDB/EvolveTerm/data/tpdb_known/c_term/NestedRecursion_1c_true-termination.c,tpdb429term,/home/clexma/Desktop/fox3/TermDB/svcomp_examples/sv-benchmarks/c/properties/termination.prp,32bit,300,1,/home/clexma/Desktop/fox3/TermDB/UAutomizer-linux,/usr/bin/python3 /home/clexma/Desktop/fox3/TermDB/UAutomizer-linux/Ultimate.py --config /home/clexma/Desktop/fox3/TermDB/UAutomizer-linux/config --data /home/clexma/Desktop/fox3/TermDB/UAutomizer-linux/data --full-output --architecture 32bit --spec /home/clexma/Desktop/fox3/TermDB/svcomp_examples/sv-benchmarks/c/properties/termination.prp --file ../EvolveTerm/data/tpdb_known/c_term/NestedRecursion_1c_true-termination.c
NestedRecursion_1d_true-termination.c,YES,0,,0,stdout_stderr,6.62,Results/ultimate/ultiouts/c_term/NestedRecursion_1d_true-termination.c-ultimate-svtermprp.log,,2026-01-22 18:16:54,/home/clexma/Desktop/fox3/TermDB/EvolveTerm/data/tpdb_known/c_term/NestedRecursion_1d_true-termination.c,tpdb429term,/home/clexma/Desktop/fox3/TermDB/svcomp_examples/sv-benchmarks/c/properties/termination.prp,32bit,300,1,/home/clexma/Desktop/fox3/TermDB/UAutomizer-linux,/usr/bin/python3 /home/clexma/Desktop/fox3/TermDB/UAutomizer-linux/Ultimate.py --config /home/clexma/Desktop/fox3/TermDB/UAutomizer-linux/config --data /home/clexma/Desktop/fox3/TermDB/UAutomizer-linux/data --full-output --architecture 32bit --spec /home/clexma/Desktop/fox3/TermDB/svcomp_examples/sv-benchmarks/c/properties/termination.prp --file ../EvolveTerm/data/tpdb_known/c_term/NestedRecursion_1d_true-termination.c
NestedRecursion_2c_true-termination.c,TIMEOUT,1,Analysis timed out after 300 seconds,,timeout,300.02,,,2026-01-22 18:21:54,/home/clexma/Desktop/fox3/TermDB/EvolveTerm/data/tpdb_known/c_term/NestedRecursion_2c_true-termination.c,tpdb429term,/home/clexma/Desktop/fox3/TermDB/svcomp_examples/sv-benchmarks/c/properties/termination.prp,32bit,300,1,/home/clexma/Desktop/fox3/TermDB/UAutomizer-linux,/usr/bin/python3 /home/clexma/Desktop/fox3/TermDB/UAutomizer-linux/Ultimate.py --config /home/clexma/Desktop/fox3/TermDB/UAutomizer-linux/config --data /home/clexma/Desktop/fox3/TermDB/UAutomizer-linux/data --full-output --architecture 32bit --spec /home/clexma/Desktop/fox3/TermDB/svcomp_examples/sv-benchmarks/c/properties/termination.prp --file ../EvolveTerm/data/tpdb_known/c_term/NestedRecursion_2c_true-termination.c
NoriSharma-FSE2013-Fig7_true-termination.c,YES,0,,0,stdout_stderr,4.22,Results/ultimate/ultiouts/c_term/NoriSharma-FSE2013-Fig7_true-termination.c-ultimate-svtermprp.log,,2026-01-22 18:21:58,/home/clexma/Desktop/fox3/TermDB/EvolveTerm/data/tpdb_known/c_term/NoriSharma-FSE2013-Fig7_true-termination.c,tpdb429term,/home/clexma/Desktop/fox3/TermDB/svcomp_examples/sv-benchmarks/c/properties/termination.prp,32bit,300,1,/home/clexma/Desktop/fox3/TermDB/UAutomizer-linux,/usr/bin/python3 /home/clexma/Desktop/fox3/TermDB/UAutomizer-linux/Ultimate.py --config /home/clexma/Desktop/fox3/TermDB/UAutomizer-linux/config --data /home/clexma/Desktop/fox3/TermDB/UAutomizer-linux/data --full-output --architecture 32bit --spec /home/clexma/Desktop/fox3/TermDB/svcomp_examples/sv-benchmarks/c/properties/termination.prp --file ../EvolveTerm/data/tpdb_known/c_term/NoriSharma-FSE2013-Fig7_true-termination.c
NoriSharma-FSE2013-Fig8_true-termination.c,YES,0,,0,stdout_stderr,4.26,Results/ultimate/ultiouts/c_term/NoriSharma-FSE2013-Fig8_true-termination.c-ultimate-svtermprp.log,,2026-01-22 18:22:02,/home/clexma/Desktop/fox3/TermDB/EvolveTerm/data/tpdb_known/c_term/NoriSharma-FSE2013-Fig8_true-termination.c,tpdb429term,/home/clexma/Desktop/fox3/TermDB/svcomp_examples/sv-benchmarks/c/properties/termination.prp,32bit,300,1,/home/clexma/Desktop/fox3/TermDB/UAutomizer-linux,/usr/bin/python3 /home/clexma/Desktop/fox3/TermDB/UAutomizer-linux/Ultimate.py --config /home/clexma/Desktop/fox3/TermDB/UAutomizer-linux/config --data /home/clexma/Desktop/fox3/TermDB/UAutomizer-linux/data --full-output --architecture 32bit --spec /home/clexma/Desktop/fox3/TermDB/svcomp_examples/sv-benchmarks/c/properties/termination.prp --file ../EvolveTerm/data/tpdb_known/c_term/NoriSharma-FSE2013-Fig8_true-termination.c
Nyala-2lex_true-termination.c,YES,0,,0,stdout_stderr,4.21,Results/ultimate/ultiouts/c_term/Nyala-2lex_true-termination.c-ultimate-svtermprp.log,,2026-01-22 18:22:07,/home/clexma/Desktop/fox3/TermDB/EvolveTerm/data/tpdb_known/c_term/Nyala-2lex_true-termination.c,tpdb429term,/home/clexma/Desktop/fox3/TermDB/svcomp_examples/sv-benchmarks/c/properties/termination.prp,32bit,300,1,/home/clexma/Desktop/fox3/TermDB/UAutomizer-linux,/usr/bin/python3 /home/clexma/Desktop/fox3/TermDB/UAutomizer-linux/Ultimate.py --config /home/clexma/Desktop/fox3/TermDB/UAutomizer-linux/config --data /home/clexma/Desktop/fox3/TermDB/UAutomizer-linux/data --full-output --architecture 32bit --spec /home/clexma/Desktop/fox3/TermDB/svcomp_examples/sv-benchmarks/c/properties/termination.prp --file ../EvolveTerm/data/tpdb_known/c_term/Nyala-2lex_true-termination.c
Overflow.c,YES,0,,0,stdout_stderr,3.75,Results/ultimate/ultiouts/c_term/Overflow.c-ultimate-svtermprp.log,,2026-01-22 18:22:10,/home/clexma/Desktop/fox3/TermDB/EvolveTerm/data/tpdb_known/c_term/Overflow.c,tpdb429term,/home/clexma/Desktop/fox3/TermDB/svcomp_examples/sv-benchmarks/c/properties/termination.prp,32bit,300,1,/home/clexma/Desktop/fox3/TermDB/UAutomizer-linux,/usr/bin/python3 /home/clexma/Desktop/fox3/TermDB/UAutomizer-linux/Ultimate.py --config /home/clexma/Desktop/fox3/TermDB/UAutomizer-linux/config --data /home/clexma/Desktop/fox3/TermDB/UAutomizer-linux/data --full-output --architecture 32bit --spec /home/clexma/Desktop/fox3/TermDB/svcomp_examples/sv-benchmarks/c/properties/termination.prp --file ../EvolveTerm/data/tpdb_known/c_term/Overflow.c
Parallel_true-termination.c,YES,0,,0,stdout_stderr,3.80,Results/ultimate/ultiouts/c_term/Parallel_true-termination.c-ultimate-svtermprp.log,,2026-01-22 18:22:14,/home/clexma/Desktop/fox3/TermDB/EvolveTerm/data/tpdb_known/c_term/Parallel_true-termination.c,tpdb429term,/home/clexma/Desktop/fox3/TermDB/svcomp_examples/sv-benchmarks/c/properties/termination.prp,32bit,300,1,/home/clexma/Desktop/fox3/TermDB/UAutomizer-linux,/usr/bin/python3 /home/clexma/Desktop/fox3/TermDB/UAutomizer-linux/Ultimate.py --config /home/clexma/Desktop/fox3/TermDB/UAutomizer-linux/config --data /home/clexma/Desktop/fox3/TermDB/UAutomizer-linux/data --full-output --architecture 32bit --spec /home/clexma/Desktop/fox3/TermDB/svcomp_examples/sv-benchmarks/c/properties/termination.prp --file ../EvolveTerm/data/tpdb_known/c_term/Parallel_true-termination.c
PastaA1.c,YES,0,,0,stdout_stderr,4.48,Results/ultimate/ultiouts/c_term/PastaA1.c-ultimate-svtermprp.log,,2026-01-22 18:22:19,/home/clexma/Desktop/fox3/TermDB/EvolveTerm/data/tpdb_known/c_term/PastaA1.c,tpdb429term,/home/clexma/Desktop/fox3/TermDB/svcomp_examples/sv-benchmarks/c/properties/termination.prp,32bit,300,1,/home/clexma/Desktop/fox3/TermDB/UAutomizer-linux,/usr/bin/python3 /home/clexma/Desktop/fox3/TermDB/UAutomizer-linux/Ultimate.py --config /home/clexma/Desktop/fox3/TermDB/UAutomizer-linux/config --data /home/clexma/Desktop/fox3/TermDB/UAutomizer-linux/data --full-output --architecture 32bit --spec /home/clexma/Desktop/fox3/TermDB/svcomp_examples/sv-benchmarks/c/properties/termination.prp --file ../EvolveTerm/data/tpdb_known/c_term/PastaA1.c
PastaA10.c,YES,0,,0,stdout_stderr,4.76,Results/ultimate/ultiouts/c_term/PastaA10.c-ultimate-svtermprp.log,,2026-01-22 18:22:23,/home/clexma/Desktop/fox3/TermDB/EvolveTerm/data/tpdb_known/c_term/PastaA10.c,tpdb429term,/home/clexma/Desktop/fox3/TermDB/svcomp_examples/sv-benchmarks/c/properties/termination.prp,32bit,300,1,/home/clexma/Desktop/fox3/TermDB/UAutomizer-linux,/usr/bin/python3 /home/clexma/Desktop/fox3/TermDB/UAutomizer-linux/Ultimate.py --config /home/clexma/Desktop/fox3/TermDB/UAutomizer-linux/config --data /home/clexma/Desktop/fox3/TermDB/UAutomizer-linux/data --full-output --architecture 32bit --spec /home/clexma/Desktop/fox3/TermDB/svcomp_examples/sv-benchmarks/c/properties/termination.prp --file ../EvolveTerm/data/tpdb_known/c_term/PastaA10.c
PastaA4.c,YES,0,,0,stdout_stderr,3.72,Results/ultimate/ultiouts/c_term/PastaA4.c-ultimate-svtermprp.log,,2026-01-22 18:22:27,/home/clexma/Desktop/fox3/TermDB/EvolveTerm/data/tpdb_known/c_term/PastaA4.c,tpdb429term,/home/clexma/Desktop/fox3/TermDB/svcomp_examples/sv-benchmarks/c/properties/termination.prp,32bit,300,1,/home/clexma/Desktop/fox3/TermDB/UAutomizer-linux,/usr/bin/python3 /home/clexma/Desktop/fox3/TermDB/UAutomizer-linux/Ultimate.py --config /home/clexma/Desktop/fox3/TermDB/UAutomizer-linux/config --data /home/clexma/Desktop/fox3/TermDB/UAutomizer-linux/data --full-output --architecture 32bit --spec /home/clexma/Desktop/fox3/TermDB/svcomp_examples/sv-benchmarks/c/properties/termination.prp --file ../EvolveTerm/data/tpdb_known/c_term/PastaA4.c
PastaA5.c,YES,0,,0,stdout_stderr,3.71,Results/ultimate/ultiouts/c_term/PastaA5.c-ultimate-svtermprp.log,,2026-01-22 18:22:31,/home/clexma/Desktop/fox3/TermDB/EvolveTerm/data/tpdb_known/c_term/PastaA5.c,tpdb429term,/home/clexma/Desktop/fox3/TermDB/svcomp_examples/sv-benchmarks/c/properties/termination.prp,32bit,300,1,/home/clexma/Desktop/fox3/TermDB/UAutomizer-linux,/usr/bin/python3 /home/clexma/Desktop/fox3/TermDB/UAutomizer-linux/Ultimate.py --config /home/clexma/Desktop/fox3/TermDB/UAutomizer-linux/config --data /home/clexma/Desktop/fox3/TermDB/UAutomizer-linux/data --full-output --architecture 32bit --spec /home/clexma/Desktop/fox3/TermDB/svcomp_examples/sv-benchmarks/c/properties/termination.prp --file ../EvolveTerm/data/tpdb_known/c_term/PastaA5.c
PastaA6.c,YES,0,,0,stdout_stderr,3.80,Results/ultimate/ultiouts/c_term/PastaA6.c-ultimate-svtermprp.log,,2026-01-22 18:22:35,/home/clexma/Desktop/fox3/TermDB/EvolveTerm/data/tpdb_known/c_term/PastaA6.c,tpdb429term,/home/clexma/Desktop/fox3/TermDB/svcomp_examples/sv-benchmarks/c/properties/termination.prp,32bit,300,1,/home/clexma/Desktop/fox3/TermDB/UAutomizer-linux,/usr/bin/python3 /home/clexma/Desktop/fox3/TermDB/UAutomizer-linux/Ultimate.py --config /home/clexma/Desktop/fox3/TermDB/UAutomizer-linux/config --data /home/clexma/Desktop/fox3/TermDB/UAutomizer-linux/data --full-output --architecture 32bit --spec /home/clexma/Desktop/fox3/TermDB/svcomp_examples/sv-benchmarks/c/properties/termination.prp --file ../EvolveTerm/data/tpdb_known/c_term/PastaA6.c
PastaA7.c,YES,0,,0,stdout_stderr,3.78,Results/ultimate/ultiouts/c_term/PastaA7.c-ultimate-svtermprp.log,,2026-01-22 18:22:38,/home/clexma/Desktop/fox3/TermDB/EvolveTerm/data/tpdb_known/c_term/PastaA7.c,tpdb429term,/home/clexma/Desktop/fox3/TermDB/svcomp_examples/sv-benchmarks/c/properties/termination.prp,32bit,300,1,/home/clexma/Desktop/fox3/TermDB/UAutomizer-linux,/usr/bin/python3 /home/clexma/Desktop/fox3/TermDB/UAutomizer-linux/Ultimate.py --config /home/clexma/Desktop/fox3/TermDB/UAutomizer-linux/config --data /home/clexma/Desktop/fox3/TermDB/UAutomizer-linux/data --full-output --architecture 32bit --spec /home/clexma/Desktop/fox3/TermDB/svcomp_examples/sv-benchmarks/c/properties/termination.prp --file ../EvolveTerm/data/tpdb_known/c_term/PastaA7.c
PastaA8.c,YES,0,,0,stdout_stderr,3.76,Results/ultimate/ultiouts/c_term/PastaA8.c-ultimate-svtermprp.log,,2026-01-22 18:22:42,/home/clexma/Desktop/fox3/TermDB/EvolveTerm/data/tpdb_known/c_term/PastaA8.c,tpdb429term,/home/clexma/Desktop/fox3/TermDB/svcomp_examples/sv-benchmarks/c/properties/termination.prp,32bit,300,1,/home/clexma/Desktop/fox3/TermDB/UAutomizer-linux,/usr/bin/python3 /home/clexma/Desktop/fox3/TermDB/UAutomizer-linux/Ultimate.py --config /home/clexma/Desktop/fox3/TermDB/UAutomizer-linux/config --data /home/clexma/Desktop/fox3/TermDB/UAutomizer-linux/data --full-output --architecture 32bit --spec /home/clexma/Desktop/fox3/TermDB/svcomp_examples/sv-benchmarks/c/properties/termination.prp --file ../EvolveTerm/data/tpdb_known/c_term/PastaA8.c
PastaA9.c,YES,0,,0,stdout_stderr,3.86,Results/ultimate/ultiouts/c_term/PastaA9.c-ultimate-svtermprp.log,,2026-01-22 18:22:46,/home/clexma/Desktop/fox3/TermDB/EvolveTerm/data/tpdb_known/c_term/PastaA9.c,tpdb429term,/home/clexma/Desktop/fox3/TermDB/svcomp_examples/sv-benchmarks/c/properties/termination.prp,32bit,300,1,/home/clexma/Desktop/fox3/TermDB/UAutomizer-linux,/usr/bin/python3 /home/clexma/Desktop/fox3/TermDB/UAutomizer-linux/Ultimate.py --config /home/clexma/Desktop/fox3/TermDB/UAutomizer-linux/config --data /home/clexma/Desktop/fox3/TermDB/UAutomizer-linux/data --full-output --architecture 32bit --spec /home/clexma/Desktop/fox3/TermDB/svcomp_examples/sv-benchmarks/c/properties/termination.prp --file ../EvolveTerm/data/tpdb_known/c_term/PastaA9.c
PastaB1.c,YES,0,,0,stdout_stderr,3.82,Results/ultimate/ultiouts/c_term/PastaB1.c-ultimate-svtermprp.log,,2026-01-22 18:22:50,/home/clexma/Desktop/fox3/TermDB/EvolveTerm/data/tpdb_known/c_term/PastaB1.c,tpdb429term,/home/clexma/Desktop/fox3/TermDB/svcomp_examples/sv-benchmarks/c/properties/termination.prp,32bit,300,1,/home/clexma/Desktop/fox3/TermDB/UAutomizer-linux,/usr/bin/python3 /home/clexma/Desktop/fox3/TermDB/UAutomizer-linux/Ultimate.py --config /home/clexma/Desktop/fox3/TermDB/UAutomizer-linux/config --data /home/clexma/Desktop/fox3/TermDB/UAutomizer-linux/data --full-output --architecture 32bit --spec /home/clexma/Desktop/fox3/TermDB/svcomp_examples/sv-benchmarks/c/properties/termination.prp --file ../EvolveTerm/data/tpdb_known/c_term/PastaB1.c
PastaB11.c,YES,0,,0,stdout_stderr,4.20,Results/ultimate/ultiouts/c_term/PastaB11.c-ultimate-svtermprp.log,,2026-01-22 18:22:54,/home/clexma/Desktop/fox3/TermDB/EvolveTerm/data/tpdb_known/c_term/PastaB11.c,tpdb429term,/home/clexma/Desktop/fox3/TermDB/svcomp_examples/sv-benchmarks/c/properties/termination.prp,32bit,300,1,/home/clexma/Desktop/fox3/TermDB/UAutomizer-linux,/usr/bin/python3 /home/clexma/Desktop/fox3/TermDB/UAutomizer-linux/Ultimate.py --config /home/clexma/Desktop/fox3/TermDB/UAutomizer-linux/config --data /home/clexma/Desktop/fox3/TermDB/UAutomizer-linux/data --full-output --architecture 32bit --spec /home/clexma/Desktop/fox3/TermDB/svcomp_examples/sv-benchmarks/c/properties/termination.prp --file ../EvolveTerm/data/tpdb_known/c_term/PastaB11.c
PastaB14.c,YES,0,,0,stdout_stderr,3.78,Results/ultimate/ultiouts/c_term/PastaB14.c-ultimate-svtermprp.log,,2026-01-22 18:22:58,/home/clexma/Desktop/fox3/TermDB/EvolveTerm/data/tpdb_known/c_term/PastaB14.c,tpdb429term,/home/clexma/Desktop/fox3/TermDB/svcomp_examples/sv-benchmarks/c/properties/termination.prp,32bit,300,1,/home/clexma/Desktop/fox3/TermDB/UAutomizer-linux,/usr/bin/python3 /home/clexma/Desktop/fox3/TermDB/UAutomizer-linux/Ultimate.py --config /home/clexma/Desktop/fox3/TermDB/UAutomizer-linux/config --data /home/clexma/Desktop/fox3/TermDB/UAutomizer-linux/data --full-output --architecture 32bit --spec /home/clexma/Desktop/fox3/TermDB/svcomp_examples/sv-benchmarks/c/properties/termination.prp --file ../EvolveTerm/data/tpdb_known/c_term/PastaB14.c
PastaB15.c,YES,0,,0,stdout_stderr,4.14,Results/ultimate/ultiouts/c_term/PastaB15.c-ultimate-svtermprp.log,,2026-01-22 18:23:02,/home/clexma/Desktop/fox3/TermDB/EvolveTerm/data/tpdb_known/c_term/PastaB15.c,tpdb429term,/home/clexma/Desktop/fox3/TermDB/svcomp_examples/sv-benchmarks/c/properties/termination.prp,32bit,300,1,/home/clexma/Desktop/fox3/TermDB/UAutomizer-linux,/usr/bin/python3 /home/clexma/Desktop/fox3/TermDB/UAutomizer-linux/Ultimate.py --config /home/clexma/Desktop/fox3/TermDB/UAutomizer-linux/config --data /home/clexma/Desktop/fox3/TermDB/UAutomizer-linux/data --full-output --architecture 32bit --spec /home/clexma/Desktop/fox3/TermDB/svcomp_examples/sv-benchmarks/c/properties/termination.prp --file ../EvolveTerm/data/tpdb_known/c_term/PastaB15.c
PastaB16.c,YES,0,,0,stdout_stderr,4.02,Results/ultimate/ultiouts/c_term/PastaB16.c-ultimate-svtermprp.log,,2026-01-22 18:23:06,/home/clexma/Desktop/fox3/TermDB/EvolveTerm/data/tpdb_known/c_term/PastaB16.c,tpdb429term,/home/clexma/Desktop/fox3/TermDB/svcomp_examples/sv-benchmarks/c/properties/termination.prp,32bit,300,1,/home/clexma/Desktop/fox3/TermDB/UAutomizer-linux,/usr/bin/python3 /home/clexma/Desktop/fox3/TermDB/UAutomizer-linux/Ultimate.py --config /home/clexma/Desktop/fox3/TermDB/UAutomizer-linux/config --data /home/clexma/Desktop/fox3/TermDB/UAutomizer-linux/data --full-output --architecture 32bit --spec /home/clexma/Desktop/fox3/TermDB/svcomp_examples/sv-benchmarks/c/properties/termination.prp --file ../EvolveTerm/data/tpdb_known/c_term/PastaB16.c
PastaB17.c,YES,0,,0,stdout_stderr,4.10,Results/ultimate/ultiouts/c_term/PastaB17.c-ultimate-svtermprp.log,,2026-01-22 18:23:10,/home/clexma/Desktop/fox3/TermDB/EvolveTerm/data/tpdb_known/c_term/PastaB17.c,tpdb429term,/home/clexma/Desktop/fox3/TermDB/svcomp_examples/sv-benchmarks/c/properties/termination.prp,32bit,300,1,/home/clexma/Desktop/fox3/TermDB/UAutomizer-linux,/usr/bin/python3 /home/clexma/Desktop/fox3/TermDB/UAutomizer-linux/Ultimate.py --config /home/clexma/Desktop/fox3/TermDB/UAutomizer-linux/config --data /home/clexma/Desktop/fox3/TermDB/UAutomizer-linux/data --full-output --architecture 32bit --spec /home/clexma/Desktop/fox3/TermDB/svcomp_examples/sv-benchmarks/c/properties/termination.prp --file ../EvolveTerm/data/tpdb_known/c_term/PastaB17.c
PastaB2.c,YES,0,,0,stdout_stderr,3.72,Results/ultimate/ultiouts/c_term/PastaB2.c-ultimate-svtermprp.log,,2026-01-22 18:23:14,/home/clexma/Desktop/fox3/TermDB/EvolveTerm/data/tpdb_known/c_term/PastaB2.c,tpdb429term,/home/clexma/Desktop/fox3/TermDB/svcomp_examples/sv-benchmarks/c/properties/termination.prp,32bit,300,1,/home/clexma/Desktop/fox3/TermDB/UAutomizer-linux,/usr/bin/python3 /home/clexma/Desktop/fox3/TermDB/UAutomizer-linux/Ultimate.py --config /home/clexma/Desktop/fox3/TermDB/UAutomizer-linux/config --data /home/clexma/Desktop/fox3/TermDB/UAutomizer-linux/data --full-output --architecture 32bit --spec /home/clexma/Desktop/fox3/TermDB/svcomp_examples/sv-benchmarks/c/properties/termination.prp --file ../EvolveTerm/data/tpdb_known/c_term/PastaB2.c
PastaB3.c,YES,0,,0,stdout_stderr,3.77,Results/ultimate/ultiouts/c_term/PastaB3.c-ultimate-svtermprp.log,,2026-01-22 18:23:18,/home/clexma/Desktop/fox3/TermDB/EvolveTerm/data/tpdb_known/c_term/PastaB3.c,tpdb429term,/home/clexma/Desktop/fox3/TermDB/svcomp_examples/sv-benchmarks/c/properties/termination.prp,32bit,300,1,/home/clexma/Desktop/fox3/TermDB/UAutomizer-linux,/usr/bin/python3 /home/clexma/Desktop/fox3/TermDB/UAutomizer-linux/Ultimate.py --config /home/clexma/Desktop/fox3/TermDB/UAutomizer-linux/config --data /home/clexma/Desktop/fox3/TermDB/UAutomizer-linux/data --full-output --architecture 32bit --spec /home/clexma/Desktop/fox3/TermDB/svcomp_examples/sv-benchmarks/c/properties/termination.prp --file ../EvolveTerm/data/tpdb_known/c_term/PastaB3.c
PastaB4.c,YES,0,,0,stdout_stderr,3.77,Results/ultimate/ultiouts/c_term/PastaB4.c-ultimate-svtermprp.log,,2026-01-22 18:23:21,/home/clexma/Desktop/fox3/TermDB/EvolveTerm/data/tpdb_known/c_term/PastaB4.c,tpdb429term,/home/clexma/Desktop/fox3/TermDB/svcomp_examples/sv-benchmarks/c/properties/termination.prp,32bit,300,1,/home/clexma/Desktop/fox3/TermDB/UAutomizer-linux,/usr/bin/python3 /home/clexma/Desktop/fox3/TermDB/UAutomizer-linux/Ultimate.py --config /home/clexma/Desktop/fox3/TermDB/UAutomizer-linux/config --data /home/clexma/Desktop/fox3/TermDB/UAutomizer-linux/data --full-output --architecture 32bit --spec /home/clexma/Desktop/fox3/TermDB/svcomp_examples/sv-benchmarks/c/properties/termination.prp --file ../EvolveTerm/data/tpdb_known/c_term/PastaB4.c
PastaB6.c,YES,0,,0,stdout_stderr,3.68,Results/ultimate/ultiouts/c_term/PastaB6.c-ultimate-svtermprp.log,,2026-01-22 18:23:25,/home/clexma/Desktop/fox3/TermDB/EvolveTerm/data/tpdb_known/c_term/PastaB6.c,tpdb429term,/home/clexma/Desktop/fox3/TermDB/svcomp_examples/sv-benchmarks/c/properties/termination.prp,32bit,300,1,/home/clexma/Desktop/fox3/TermDB/UAutomizer-linux,/usr/bin/python3 /home/clexma/Desktop/fox3/TermDB/UAutomizer-linux/Ultimate.py --config /home/clexma/Desktop/fox3/TermDB/UAutomizer-linux/config --data /home/clexma/Desktop/fox3/TermDB/UAutomizer-linux/data --full-output --architecture 32bit --spec /home/clexma/Desktop/fox3/TermDB/svcomp_examples/sv-benchmarks/c/properties/termination.prp --file ../EvolveTerm/data/tpdb_known/c_term/PastaB6.c
PastaB7.c,YES,0,,0,stdout_stderr,3.75,Results/ultimate/ultiouts/c_term/PastaB7.c-ultimate-svtermprp.log,,2026-01-22 18:23:29,/home/clexma/Desktop/fox3/TermDB/EvolveTerm/data/tpdb_known/c_term/PastaB7.c,tpdb429term,/home/clexma/Desktop/fox3/TermDB/svcomp_examples/sv-benchmarks/c/properties/termination.prp,32bit,300,1,/home/clexma/Desktop/fox3/TermDB/UAutomizer-linux,/usr/bin/python3 /home/clexma/Desktop/fox3/TermDB/UAutomizer-linux/Ultimate.py --config /home/clexma/Desktop/fox3/TermDB/UAutomizer-linux/config --data /home/clexma/Desktop/fox3/TermDB/UAutomizer-linux/data --full-output --architecture 32bit --spec /home/clexma/Desktop/fox3/TermDB/svcomp_examples/sv-benchmarks/c/properties/termination.prp --file ../EvolveTerm/data/tpdb_known/c_term/PastaB7.c
PastaC1.c,YES,0,,0,stdout_stderr,4.97,Results/ultimate/ultiouts/c_term/PastaC1.c-ultimate-svtermprp.log,,2026-01-22 18:23:34,/home/clexma/Desktop/fox3/TermDB/EvolveTerm/data/tpdb_known/c_term/PastaC1.c,tpdb429term,/home/clexma/Desktop/fox3/TermDB/svcomp_examples/sv-benchmarks/c/properties/termination.prp,32bit,300,1,/home/clexma/Desktop/fox3/TermDB/UAutomizer-linux,/usr/bin/python3 /home/clexma/Desktop/fox3/TermDB/UAutomizer-linux/Ultimate.py --config /home/clexma/Desktop/fox3/TermDB/UAutomizer-linux/config --data /home/clexma/Desktop/fox3/TermDB/UAutomizer-linux/data --full-output --architecture 32bit --spec /home/clexma/Desktop/fox3/TermDB/svcomp_examples/sv-benchmarks/c/properties/termination.prp --file ../EvolveTerm/data/tpdb_known/c_term/PastaC1.c
PastaC2.c,YES,0,,0,stdout_stderr,4.34,Results/ultimate/ultiouts/c_term/PastaC2.c-ultimate-svtermprp.log,,2026-01-22 18:23:38,/home/clexma/Desktop/fox3/TermDB/EvolveTerm/data/tpdb_known/c_term/PastaC2.c,tpdb429term,/home/clexma/Desktop/fox3/TermDB/svcomp_examples/sv-benchmarks/c/properties/termination.prp,32bit,300,1,/home/clexma/Desktop/fox3/TermDB/UAutomizer-linux,/usr/bin/python3 /home/clexma/Desktop/fox3/TermDB/UAutomizer-linux/Ultimate.py --config /home/clexma/Desktop/fox3/TermDB/UAutomizer-linux/config --data /home/clexma/Desktop/fox3/TermDB/UAutomizer-linux/data --full-output --architecture 32bit --spec /home/clexma/Desktop/fox3/TermDB/svcomp_examples/sv-benchmarks/c/properties/termination.prp --file ../EvolveTerm/data/tpdb_known/c_term/PastaC2.c
PastaC3.c,YES,0,,0,stdout_stderr,4.34,Results/ultimate/ultiouts/c_term/PastaC3.c-ultimate-svtermprp.log,,2026-01-22 18:23:42,/home/clexma/Desktop/fox3/TermDB/EvolveTerm/data/tpdb_known/c_term/PastaC3.c,tpdb429term,/home/clexma/Desktop/fox3/TermDB/svcomp_examples/sv-benchmarks/c/properties/termination.prp,32bit,300,1,/home/clexma/Desktop/fox3/TermDB/UAutomizer-linux,/usr/bin/python3 /home/clexma/Desktop/fox3/TermDB/UAutomizer-linux/Ultimate.py --config /home/clexma/Desktop/fox3/TermDB/UAutomizer-linux/config --data /home/clexma/Desktop/fox3/TermDB/UAutomizer-linux/data --full-output --architecture 32bit --spec /home/clexma/Desktop/fox3/TermDB/svcomp_examples/sv-benchmarks/c/properties/termination.prp --file ../EvolveTerm/data/tpdb_known/c_term/PastaC3.c
PastaC7.c,YES,0,,0,stdout_stderr,3.97,Results/ultimate/ultiouts/c_term/PastaC7.c-ultimate-svtermprp.log,,2026-01-22 18:23:46,/home/clexma/Desktop/fox3/TermDB/EvolveTerm/data/tpdb_known/c_term/PastaC7.c,tpdb429term,/home/clexma/Desktop/fox3/TermDB/svcomp_examples/sv-benchmarks/c/properties/termination.prp,32bit,300,1,/home/clexma/Desktop/fox3/TermDB/UAutomizer-linux,/usr/bin/python3 /home/clexma/Desktop/fox3/TermDB/UAutomizer-linux/Ultimate.py --config /home/clexma/Desktop/fox3/TermDB/UAutomizer-linux/config --data /home/clexma/Desktop/fox3/TermDB/UAutomizer-linux/data --full-output --architecture 32bit --spec /home/clexma/Desktop/fox3/TermDB/svcomp_examples/sv-benchmarks/c/properties/termination.prp --file ../EvolveTerm/data/tpdb_known/c_term/PastaC7.c
PastaC9.c,YES,0,,0,stdout_stderr,4.47,Results/ultimate/ultiouts/c_term/PastaC9.c-ultimate-svtermprp.log,,2026-01-22 18:23:51,/home/clexma/Desktop/fox3/TermDB/EvolveTerm/data/tpdb_known/c_term/PastaC9.c,tpdb429term,/home/clexma/Desktop/fox3/TermDB/svcomp_examples/sv-benchmarks/c/properties/termination.prp,32bit,300,1,/home/clexma/Desktop/fox3/TermDB/UAutomizer-linux,/usr/bin/python3 /home/clexma/Desktop/fox3/TermDB/UAutomizer-linux/Ultimate.py --config /home/clexma/Desktop/fox3/TermDB/UAutomizer-linux/config --data /home/clexma/Desktop/fox3/TermDB/UAutomizer-linux/data --full-output --architecture 32bit --spec /home/clexma/Desktop/fox3/TermDB/svcomp_examples/sv-benchmarks/c/properties/termination.prp --file ../EvolveTerm/data/tpdb_known/c_term/PastaC9.c
Piecewise_true-termination.c,YES,0,,0,stdout_stderr,5.00,Results/ultimate/ultiouts/c_term/Piecewise_true-termination.c-ultimate-svtermprp.log,,2026-01-22 18:23:56,/home/clexma/Desktop/fox3/TermDB/EvolveTerm/data/tpdb_known/c_term/Piecewise_true-termination.c,tpdb429term,/home/clexma/Desktop/fox3/TermDB/svcomp_examples/sv-benchmarks/c/properties/termination.prp,32bit,300,1,/home/clexma/Desktop/fox3/TermDB/UAutomizer-linux,/usr/bin/python3 /home/clexma/Desktop/fox3/TermDB/UAutomizer-linux/Ultimate.py --config /home/clexma/Desktop/fox3/TermDB/UAutomizer-linux/config --data /home/clexma/Desktop/fox3/TermDB/UAutomizer-linux/data --full-output --architecture 32bit --spec /home/clexma/Desktop/fox3/TermDB/svcomp_examples/sv-benchmarks/c/properties/termination.prp --file ../EvolveTerm/data/tpdb_known/c_term/Piecewise_true-termination.c
PlusSwap.c,YES,0,,0,stdout_stderr,3.85,Results/ultimate/ultiouts/c_term/PlusSwap.c-ultimate-svtermprp.log,,2026-01-22 18:24:00,/home/clexma/Desktop/fox3/TermDB/EvolveTerm/data/tpdb_known/c_term/PlusSwap.c,tpdb429term,/home/clexma/Desktop/fox3/TermDB/svcomp_examples/sv-benchmarks/c/properties/termination.prp,32bit,300,1,/home/clexma/Desktop/fox3/TermDB/UAutomizer-linux,/usr/bin/python3 /home/clexma/Desktop/fox3/TermDB/UAutomizer-linux/Ultimate.py --config /home/clexma/Desktop/fox3/TermDB/UAutomizer-linux/config --data /home/clexma/Desktop/fox3/TermDB/UAutomizer-linux/data --full-output --architecture 32bit --spec /home/clexma/Desktop/fox3/TermDB/svcomp_examples/sv-benchmarks/c/properties/termination.prp --file ../EvolveTerm/data/tpdb_known/c_term/PlusSwap.c
PodelskiRybalchenko-LICS2004-Fig1_true-termination.c,YES,0,,0,stdout_stderr,4.50,Results/ultimate/ultiouts/c_term/PodelskiRybalchenko-LICS2004-Fig1_true-termination.c-ultimate-svtermprp.log,,2026-01-22 18:24:04,/home/clexma/Desktop/fox3/TermDB/EvolveTerm/data/tpdb_known/c_term/PodelskiRybalchenko-LICS2004-Fig1_true-termination.c,tpdb429term,/home/clexma/Desktop/fox3/TermDB/svcomp_examples/sv-benchmarks/c/properties/termination.prp,32bit,300,1,/home/clexma/Desktop/fox3/TermDB/UAutomizer-linux,/usr/bin/python3 /home/clexma/Desktop/fox3/TermDB/UAutomizer-linux/Ultimate.py --config /home/clexma/Desktop/fox3/TermDB/UAutomizer-linux/config --data /home/clexma/Desktop/fox3/TermDB/UAutomizer-linux/data --full-output --architecture 32bit --spec /home/clexma/Desktop/fox3/TermDB/svcomp_examples/sv-benchmarks/c/properties/termination.prp --file ../EvolveTerm/data/tpdb_known/c_term/PodelskiRybalchenko-LICS2004-Fig1_true-termination.c
PodelskiRybalchenko-LICS2004-Fig2-TACAS2011-Fig3_true-termination.c,TIMEOUT,1,Analysis timed out after 300 seconds,,timeout,300.08,,,2026-01-22 18:29:04,/home/clexma/Desktop/fox3/TermDB/EvolveTerm/data/tpdb_known/c_term/PodelskiRybalchenko-LICS2004-Fig2-TACAS2011-Fig3_true-termination.c,tpdb429term,/home/clexma/Desktop/fox3/TermDB/svcomp_examples/sv-benchmarks/c/properties/termination.prp,32bit,300,1,/home/clexma/Desktop/fox3/TermDB/UAutomizer-linux,/usr/bin/python3 /home/clexma/Desktop/fox3/TermDB/UAutomizer-linux/Ultimate.py --config /home/clexma/Desktop/fox3/TermDB/UAutomizer-linux/config --data /home/clexma/Desktop/fox3/TermDB/UAutomizer-linux/data --full-output --architecture 32bit --spec /home/clexma/Desktop/fox3/TermDB/svcomp_examples/sv-benchmarks/c/properties/termination.prp --file ../EvolveTerm/data/tpdb_known/c_term/PodelskiRybalchenko-LICS2004-Fig2-TACAS2011-Fig3_true-termination.c
PodelskiRybalchenko-LICS2004-Fig2_true-termination.c,YES,0,,0,stdout_stderr,7.45,Results/ultimate/ultiouts/c_term/PodelskiRybalchenko-LICS2004-Fig2_true-termination.c-ultimate-svtermprp.log,,2026-01-22 18:29:12,/home/clexma/Desktop/fox3/TermDB/EvolveTerm/data/tpdb_known/c_term/PodelskiRybalchenko-LICS2004-Fig2_true-termination.c,tpdb429term,/home/clexma/Desktop/fox3/TermDB/svcomp_examples/sv-benchmarks/c/properties/termination.prp,32bit,300,1,/home/clexma/Desktop/fox3/TermDB/UAutomizer-linux,/usr/bin/python3 /home/clexma/Desktop/fox3/TermDB/UAutomizer-linux/Ultimate.py --config /home/clexma/Desktop/fox3/TermDB/UAutomizer-linux/config --data /home/clexma/Desktop/fox3/TermDB/UAutomizer-linux/data --full-output --architecture 32bit --spec /home/clexma/Desktop/fox3/TermDB/svcomp_examples/sv-benchmarks/c/properties/termination.prp --file ../EvolveTerm/data/tpdb_known/c_term/PodelskiRybalchenko-LICS2004-Fig2_true-termination.c
PodelskiRybalchenko-TACAS2011-Fig1_true-termination.c,YES,0,,0,stdout_stderr,3.73,Results/ultimate/ultiouts/c_term/PodelskiRybalchenko-TACAS2011-Fig1_true-termination.c-ultimate-svtermprp.log,,2026-01-22 18:29:15,/home/clexma/Desktop/fox3/TermDB/EvolveTerm/data/tpdb_known/c_term/PodelskiRybalchenko-TACAS2011-Fig1_true-termination.c,tpdb429term,/home/clexma/Desktop/fox3/TermDB/svcomp_examples/sv-benchmarks/c/properties/termination.prp,32bit,300,1,/home/clexma/Desktop/fox3/TermDB/UAutomizer-linux,/usr/bin/python3 /home/clexma/Desktop/fox3/TermDB/UAutomizer-linux/Ultimate.py --config /home/clexma/Desktop/fox3/TermDB/UAutomizer-linux/config --data /home/clexma/Desktop/fox3/TermDB/UAutomizer-linux/data --full-output --architecture 32bit --spec /home/clexma/Desktop/fox3/TermDB/svcomp_examples/sv-benchmarks/c/properties/termination.prp --file ../EvolveTerm/data/tpdb_known/c_term/PodelskiRybalchenko-TACAS2011-Fig1_true-termination.c
PodelskiRybalchenko-TACAS2011-Fig2_true-termination.c,YES,0,,0,stdout_stderr,4.63,Results/ultimate/ultiouts/c_term/PodelskiRybalchenko-TACAS2011-Fig2_true-termination.c-ultimate-svtermprp.log,,2026-01-22 18:29:20,/home/clexma/Desktop/fox3/TermDB/EvolveTerm/data/tpdb_known/c_term/PodelskiRybalchenko-TACAS2011-Fig2_true-termination.c,tpdb429term,/home/clexma/Desktop/fox3/TermDB/svcomp_examples/sv-benchmarks/c/properties/termination.prp,32bit,300,1,/home/clexma/Desktop/fox3/TermDB/UAutomizer-linux,/usr/bin/python3 /home/clexma/Desktop/fox3/TermDB/UAutomizer-linux/Ultimate.py --config /home/clexma/Desktop/fox3/TermDB/UAutomizer-linux/config --data /home/clexma/Desktop/fox3/TermDB/UAutomizer-linux/data --full-output --architecture 32bit --spec /home/clexma/Desktop/fox3/TermDB/svcomp_examples/sv-benchmarks/c/properties/termination.prp --file ../EvolveTerm/data/tpdb_known/c_term/PodelskiRybalchenko-TACAS2011-Fig2_true-termination.c
PodelskiRybalchenko-TACAS2011-Fig4_true-termination.c,YES,0,,0,stdout_stderr,4.25,Results/ultimate/ultiouts/c_term/PodelskiRybalchenko-TACAS2011-Fig4_true-termination.c-ultimate-svtermprp.log,,2026-01-22 18:29:24,/home/clexma/Desktop/fox3/TermDB/EvolveTerm/data/tpdb_known/c_term/PodelskiRybalchenko-TACAS2011-Fig4_true-termination.c,tpdb429term,/home/clexma/Desktop/fox3/TermDB/svcomp_examples/sv-benchmarks/c/properties/termination.prp,32bit,300,1,/home/clexma/Desktop/fox3/TermDB/UAutomizer-linux,/usr/bin/python3 /home/clexma/Desktop/fox3/TermDB/UAutomizer-linux/Ultimate.py --config /home/clexma/Desktop/fox3/TermDB/UAutomizer-linux/config --data /home/clexma/Desktop/fox3/TermDB/UAutomizer-linux/data --full-output --architecture 32bit --spec /home/clexma/Desktop/fox3/TermDB/svcomp_examples/sv-benchmarks/c/properties/termination.prp --file ../EvolveTerm/data/tpdb_known/c_term/PodelskiRybalchenko-TACAS2011-Fig4_true-termination.c
PodelskiRybalchenko-VMCAI2004-Ex1_true-termination.c,YES,0,,0,stdout_stderr,4.47,Results/ultimate/ultiouts/c_term/PodelskiRybalchenko-VMCAI2004-Ex1_true-termination.c-ultimate-svtermprp.log,,2026-01-22 18:29:29,/home/clexma/Desktop/fox3/TermDB/EvolveTerm/data/tpdb_known/c_term/PodelskiRybalchenko-VMCAI2004-Ex1_true-termination.c,tpdb429term,/home/clexma/Desktop/fox3/TermDB/svcomp_examples/sv-benchmarks/c/properties/termination.prp,32bit,300,1,/home/clexma/Desktop/fox3/TermDB/UAutomizer-linux,/usr/bin/python3 /home/clexma/Desktop/fox3/TermDB/UAutomizer-linux/Ultimate.py --config /home/clexma/Desktop/fox3/TermDB/UAutomizer-linux/config --data /home/clexma/Desktop/fox3/TermDB/UAutomizer-linux/data --full-output --architecture 32bit --spec /home/clexma/Desktop/fox3/TermDB/svcomp_examples/sv-benchmarks/c/properties/termination.prp --file ../EvolveTerm/data/tpdb_known/c_term/PodelskiRybalchenko-VMCAI2004-Ex1_true-termination.c
PodelskiRybalchenko-VMCAI2004-Ex2_true-termination.c,MAYBE,0,,0,stdout_stderr,6.66,Results/ultimate/ultiouts/c_term/PodelskiRybalchenko-VMCAI2004-Ex2_true-termination.c-ultimate-svtermprp.log,,2026-01-22 18:29:35,/home/clexma/Desktop/fox3/TermDB/EvolveTerm/data/tpdb_known/c_term/PodelskiRybalchenko-VMCAI2004-Ex2_true-termination.c,tpdb429term,/home/clexma/Desktop/fox3/TermDB/svcomp_examples/sv-benchmarks/c/properties/termination.prp,32bit,300,1,/home/clexma/Desktop/fox3/TermDB/UAutomizer-linux,/usr/bin/python3 /home/clexma/Desktop/fox3/TermDB/UAutomizer-linux/Ultimate.py --config /home/clexma/Desktop/fox3/TermDB/UAutomizer-linux/config --data /home/clexma/Desktop/fox3/TermDB/UAutomizer-linux/data --full-output --architecture 32bit --spec /home/clexma/Desktop/fox3/TermDB/svcomp_examples/sv-benchmarks/c/properties/termination.prp --file ../EvolveTerm/data/tpdb_known/c_term/PodelskiRybalchenko-VMCAI2004-Ex2_true-termination.c
Pure2Phase_true-termination.c,YES,0,,0,stdout_stderr,4.65,Results/ultimate/ultiouts/c_term/Pure2Phase_true-termination.c-ultimate-svtermprp.log,,2026-01-22 18:29:40,/home/clexma/Desktop/fox3/TermDB/EvolveTerm/data/tpdb_known/c_term/Pure2Phase_true-termination.c,tpdb429term,/home/clexma/Desktop/fox3/TermDB/svcomp_examples/sv-benchmarks/c/properties/termination.prp,32bit,300,1,/home/clexma/Desktop/fox3/TermDB/UAutomizer-linux,/usr/bin/python3 /home/clexma/Desktop/fox3/TermDB/UAutomizer-linux/Ultimate.py --config /home/clexma/Desktop/fox3/TermDB/UAutomizer-linux/config --data /home/clexma/Desktop/fox3/TermDB/UAutomizer-linux/data --full-output --architecture 32bit --spec /home/clexma/Desktop/fox3/TermDB/svcomp_examples/sv-benchmarks/c/properties/termination.prp --file ../EvolveTerm/data/tpdb_known/c_term/Pure2Phase_true-termination.c
Pure3Phase_true-termination.c,YES,0,,0,stdout_stderr,4.56,Results/ultimate/ultiouts/c_term/Pure3Phase_true-termination.c-ultimate-svtermprp.log,,2026-01-22 18:29:45,/home/clexma/Desktop/fox3/TermDB/EvolveTerm/data/tpdb_known/c_term/Pure3Phase_true-termination.c,tpdb429term,/home/clexma/Desktop/fox3/TermDB/svcomp_examples/sv-benchmarks/c/properties/termination.prp,32bit,300,1,/home/clexma/Desktop/fox3/TermDB/UAutomizer-linux,/usr/bin/python3 /home/clexma/Desktop/fox3/TermDB/UAutomizer-linux/Ultimate.py --config /home/clexma/Desktop/fox3/TermDB/UAutomizer-linux/config --data /home/clexma/Desktop/fox3/TermDB/UAutomizer-linux/data --full-output --architecture 32bit --spec /home/clexma/Desktop/fox3/TermDB/svcomp_examples/sv-benchmarks/c/properties/termination.prp --file ../EvolveTerm/data/tpdb_known/c_term/Pure3Phase_true-termination.c
RecursiveMultiplication_true-termination.c,YES,0,,0,stdout_stderr,4.71,Results/ultimate/ultiouts/c_term/RecursiveMultiplication_true-termination.c-ultimate-svtermprp.log,,2026-01-22 18:29:49,/home/clexma/Desktop/fox3/TermDB/EvolveTerm/data/tpdb_known/c_term/RecursiveMultiplication_true-termination.c,tpdb429term,/home/clexma/Desktop/fox3/TermDB/svcomp_examples/sv-benchmarks/c/properties/termination.prp,32bit,300,1,/home/clexma/Desktop/fox3/TermDB/UAutomizer-linux,/usr/bin/python3 /home/clexma/Desktop/fox3/TermDB/UAutomizer-linux/Ultimate.py --config /home/clexma/Desktop/fox3/TermDB/UAutomizer-linux/config --data /home/clexma/Desktop/fox3/TermDB/UAutomizer-linux/data --full-output --architecture 32bit --spec /home/clexma/Desktop/fox3/TermDB/svcomp_examples/sv-benchmarks/c/properties/termination.prp --file ../EvolveTerm/data/tpdb_known/c_term/RecursiveMultiplication_true-termination.c
Sequence.c,YES,0,,0,stdout_stderr,4.03,Results/ultimate/ultiouts/c_term/Sequence.c-ultimate-svtermprp.log,,2026-01-22 18:29:53,/home/clexma/Desktop/fox3/TermDB/EvolveTerm/data/tpdb_known/c_term/Sequence.c,tpdb429term,/home/clexma/Desktop/fox3/TermDB/svcomp_examples/sv-benchmarks/c/properties/termination.prp,32bit,300,1,/home/clexma/Desktop/fox3/TermDB/UAutomizer-linux,/usr/bin/python3 /home/clexma/Desktop/fox3/TermDB/UAutomizer-linux/Ultimate.py --config /home/clexma/Desktop/fox3/TermDB/UAutomizer-linux/config --data /home/clexma/Desktop/fox3/TermDB/UAutomizer-linux/data --full-output --architecture 32bit --spec /home/clexma/Desktop/fox3/TermDB/svcomp_examples/sv-benchmarks/c/properties/termination.prp --file ../EvolveTerm/data/tpdb_known/c_term/Sequence.c
Singapore_true-termination.c,YES,0,,0,stdout_stderr,4.08,Results/ultimate/ultiouts/c_term/Singapore_true-termination.c-ultimate-svtermprp.log,,2026-01-22 18:29:58,/home/clexma/Desktop/fox3/TermDB/EvolveTerm/data/tpdb_known/c_term/Singapore_true-termination.c,tpdb429term,/home/clexma/Desktop/fox3/TermDB/svcomp_examples/sv-benchmarks/c/properties/termination.prp,32bit,300,1,/home/clexma/Desktop/fox3/TermDB/UAutomizer-linux,/usr/bin/python3 /home/clexma/Desktop/fox3/TermDB/UAutomizer-linux/Ultimate.py --config /home/clexma/Desktop/fox3/TermDB/UAutomizer-linux/config --data /home/clexma/Desktop/fox3/TermDB/UAutomizer-linux/data --full-output --architecture 32bit --spec /home/clexma/Desktop/fox3/TermDB/svcomp_examples/sv-benchmarks/c/properties/termination.prp --file ../EvolveTerm/data/tpdb_known/c_term/Singapore_true-termination.c
Stockholm_true-termination.c,YES,0,,0,stdout_stderr,3.84,Results/ultimate/ultiouts/c_term/Stockholm_true-termination.c-ultimate-svtermprp.log,,2026-01-22 18:30:01,/home/clexma/Desktop/fox3/TermDB/EvolveTerm/data/tpdb_known/c_term/Stockholm_true-termination.c,tpdb429term,/home/clexma/Desktop/fox3/TermDB/svcomp_examples/sv-benchmarks/c/properties/termination.prp,32bit,300,1,/home/clexma/Desktop/fox3/TermDB/UAutomizer-linux,/usr/bin/python3 /home/clexma/Desktop/fox3/TermDB/UAutomizer-linux/Ultimate.py --config /home/clexma/Desktop/fox3/TermDB/UAutomizer-linux/config --data /home/clexma/Desktop/fox3/TermDB/UAutomizer-linux/data --full-output --architecture 32bit --spec /home/clexma/Desktop/fox3/TermDB/svcomp_examples/sv-benchmarks/c/properties/termination.prp --file ../EvolveTerm/data/tpdb_known/c_term/Stockholm_true-termination.c
SyntaxSupportPointer01_true-termination.c,YES,0,,0,stdout_stderr,3.85,Results/ultimate/ultiouts/c_term/SyntaxSupportPointer01_true-termination.c-ultimate-svtermprp.log,,2026-01-22 18:30:05,/home/clexma/Desktop/fox3/TermDB/EvolveTerm/data/tpdb_known/c_term/SyntaxSupportPointer01_true-termination.c,tpdb429term,/home/clexma/Desktop/fox3/TermDB/svcomp_examples/sv-benchmarks/c/properties/termination.prp,32bit,300,1,/home/clexma/Desktop/fox3/TermDB/UAutomizer-linux,/usr/bin/python3 /home/clexma/Desktop/fox3/TermDB/UAutomizer-linux/Ultimate.py --config /home/clexma/Desktop/fox3/TermDB/UAutomizer-linux/config --data /home/clexma/Desktop/fox3/TermDB/UAutomizer-linux/data --full-output --architecture 32bit --spec /home/clexma/Desktop/fox3/TermDB/svcomp_examples/sv-benchmarks/c/properties/termination.prp --file ../EvolveTerm/data/tpdb_known/c_term/SyntaxSupportPointer01_true-termination.c
TelAviv-Amir-Minimum_true-termination.c,YES,0,,0,stdout_stderr,6.93,Results/ultimate/ultiouts/c_term/TelAviv-Amir-Minimum_true-termination.c-ultimate-svtermprp.log,,2026-01-22 18:30:12,/home/clexma/Desktop/fox3/TermDB/EvolveTerm/data/tpdb_known/c_term/TelAviv-Amir-Minimum_true-termination.c,tpdb429term,/home/clexma/Desktop/fox3/TermDB/svcomp_examples/sv-benchmarks/c/properties/termination.prp,32bit,300,1,/home/clexma/Desktop/fox3/TermDB/UAutomizer-linux,/usr/bin/python3 /home/clexma/Desktop/fox3/TermDB/UAutomizer-linux/Ultimate.py --config /home/clexma/Desktop/fox3/TermDB/UAutomizer-linux/config --data /home/clexma/Desktop/fox3/TermDB/UAutomizer-linux/data --full-output --architecture 32bit --spec /home/clexma/Desktop/fox3/TermDB/svcomp_examples/sv-benchmarks/c/properties/termination.prp --file ../EvolveTerm/data/tpdb_known/c_term/TelAviv-Amir-Minimum_true-termination.c
TerminatorRec02_true.c,YES,0,,0,stdout_stderr,3.82,Results/ultimate/ultiouts/c_term/TerminatorRec02_true.c-ultimate-svtermprp.log,,2026-01-22 18:30:16,/home/clexma/Desktop/fox3/TermDB/EvolveTerm/data/tpdb_known/c_term/TerminatorRec02_true.c,tpdb429term,/home/clexma/Desktop/fox3/TermDB/svcomp_examples/sv-benchmarks/c/properties/termination.prp,32bit,300,1,/home/clexma/Desktop/fox3/TermDB/UAutomizer-linux,/usr/bin/python3 /home/clexma/Desktop/fox3/TermDB/UAutomizer-linux/Ultimate.py --config /home/clexma/Desktop/fox3/TermDB/UAutomizer-linux/config --data /home/clexma/Desktop/fox3/TermDB/UAutomizer-linux/data --full-output --architecture 32bit --spec /home/clexma/Desktop/fox3/TermDB/svcomp_examples/sv-benchmarks/c/properties/termination.prp --file ../EvolveTerm/data/tpdb_known/c_term/TerminatorRec02_true.c
Thun_true-termination.c,YES,0,,0,stdout_stderr,3.81,Results/ultimate/ultiouts/c_term/Thun_true-termination.c-ultimate-svtermprp.log,,2026-01-22 18:30:20,/home/clexma/Desktop/fox3/TermDB/EvolveTerm/data/tpdb_known/c_term/Thun_true-termination.c,tpdb429term,/home/clexma/Desktop/fox3/TermDB/svcomp_examples/sv-benchmarks/c/properties/termination.prp,32bit,300,1,/home/clexma/Desktop/fox3/TermDB/UAutomizer-linux,/usr/bin/python3 /home/clexma/Desktop/fox3/TermDB/UAutomizer-linux/Ultimate.py --config /home/clexma/Desktop/fox3/TermDB/UAutomizer-linux/config --data /home/clexma/Desktop/fox3/TermDB/UAutomizer-linux/data --full-output --architecture 32bit --spec /home/clexma/Desktop/fox3/TermDB/svcomp_examples/sv-benchmarks/c/properties/termination.prp --file ../EvolveTerm/data/tpdb_known/c_term/Thun_true-termination.c
Toulouse-BranchesToLoop_true-termination.c,YES,0,,0,stdout_stderr,4.10,Results/ultimate/ultiouts/c_term/Toulouse-BranchesToLoop_true-termination.c-ultimate-svtermprp.log,,2026-01-22 18:30:24,/home/clexma/Desktop/fox3/TermDB/EvolveTerm/data/tpdb_known/c_term/Toulouse-BranchesToLoop_true-termination.c,tpdb429term,/home/clexma/Desktop/fox3/TermDB/svcomp_examples/sv-benchmarks/c/properties/termination.prp,32bit,300,1,/home/clexma/Desktop/fox3/TermDB/UAutomizer-linux,/usr/bin/python3 /home/clexma/Desktop/fox3/TermDB/UAutomizer-linux/Ultimate.py --config /home/clexma/Desktop/fox3/TermDB/UAutomizer-linux/config --data /home/clexma/Desktop/fox3/TermDB/UAutomizer-linux/data --full-output --architecture 32bit --spec /home/clexma/Desktop/fox3/TermDB/svcomp_examples/sv-benchmarks/c/properties/termination.prp --file ../EvolveTerm/data/tpdb_known/c_term/Toulouse-BranchesToLoop_true-termination.c
Toulouse-MultiBranchesToLoop_true-termination.c,YES,0,,0,stdout_stderr,4.85,Results/ultimate/ultiouts/c_term/Toulouse-MultiBranchesToLoop_true-termination.c-ultimate-svtermprp.log,,2026-01-22 18:30:29,/home/clexma/Desktop/fox3/TermDB/EvolveTerm/data/tpdb_known/c_term/Toulouse-MultiBranchesToLoop_true-termination.c,tpdb429term,/home/clexma/Desktop/fox3/TermDB/svcomp_examples/sv-benchmarks/c/properties/termination.prp,32bit,300,1,/home/clexma/Desktop/fox3/TermDB/UAutomizer-linux,/usr/bin/python3 /home/clexma/Desktop/fox3/TermDB/UAutomizer-linux/Ultimate.py --config /home/clexma/Desktop/fox3/TermDB/UAutomizer-linux/config --data /home/clexma/Desktop/fox3/TermDB/UAutomizer-linux/data --full-output --architecture 32bit --spec /home/clexma/Desktop/fox3/TermDB/svcomp_examples/sv-benchmarks/c/properties/termination.prp --file ../EvolveTerm/data/tpdb_known/c_term/Toulouse-MultiBranchesToLoop_true-termination.c
TwoWay_true.c,YES,0,,0,stdout_stderr,4.49,Results/ultimate/ultiouts/c_term/TwoWay_true.c-ultimate-svtermprp.log,,2026-01-22 18:30:33,/home/clexma/Desktop/fox3/TermDB/EvolveTerm/data/tpdb_known/c_term/TwoWay_true.c,tpdb429term,/home/clexma/Desktop/fox3/TermDB/svcomp_examples/sv-benchmarks/c/properties/termination.prp,32bit,300,1,/home/clexma/Desktop/fox3/TermDB/UAutomizer-linux,/usr/bin/python3 /home/clexma/Desktop/fox3/TermDB/UAutomizer-linux/Ultimate.py --config /home/clexma/Desktop/fox3/TermDB/UAutomizer-linux/config --data /home/clexma/Desktop/fox3/TermDB/UAutomizer-linux/data --full-output --architecture 32bit --spec /home/clexma/Desktop/fox3/TermDB/svcomp_examples/sv-benchmarks/c/properties/termination.prp --file ../EvolveTerm/data/tpdb_known/c_term/TwoWay_true.c
Urban-WST2013-Fig2-modified1000_true-termination.c,TIMEOUT,1,Analysis timed out after 300 seconds,,timeout,300.09,,,2026-01-22 18:35:33,/home/clexma/Desktop/fox3/TermDB/EvolveTerm/data/tpdb_known/c_term/Urban-WST2013-Fig2-modified1000_true-termination.c,tpdb429term,/home/clexma/Desktop/fox3/TermDB/svcomp_examples/sv-benchmarks/c/properties/termination.prp,32bit,300,1,/home/clexma/Desktop/fox3/TermDB/UAutomizer-linux,/usr/bin/python3 /home/clexma/Desktop/fox3/TermDB/UAutomizer-linux/Ultimate.py --config /home/clexma/Desktop/fox3/TermDB/UAutomizer-linux/config --data /home/clexma/Desktop/fox3/TermDB/UAutomizer-linux/data --full-output --architecture 32bit --spec /home/clexma/Desktop/fox3/TermDB/svcomp_examples/sv-benchmarks/c/properties/termination.prp --file ../EvolveTerm/data/tpdb_known/c_term/Urban-WST2013-Fig2-modified1000_true-termination.c
Urban-WST2013-Fig2_true-termination.c,YES,0,,0,stdout_stderr,4.77,Results/ultimate/ultiouts/c_term/Urban-WST2013-Fig2_true-termination.c-ultimate-svtermprp.log,,2026-01-22 18:35:38,/home/clexma/Desktop/fox3/TermDB/EvolveTerm/data/tpdb_known/c_term/Urban-WST2013-Fig2_true-termination.c,tpdb429term,/home/clexma/Desktop/fox3/TermDB/svcomp_examples/sv-benchmarks/c/properties/termination.prp,32bit,300,1,/home/clexma/Desktop/fox3/TermDB/UAutomizer-linux,/usr/bin/python3 /home/clexma/Desktop/fox3/TermDB/UAutomizer-linux/Ultimate.py --config /home/clexma/Desktop/fox3/TermDB/UAutomizer-linux/config --data /home/clexma/Desktop/fox3/TermDB/UAutomizer-linux/data --full-output --architecture 32bit --spec /home/clexma/Desktop/fox3/TermDB/svcomp_examples/sv-benchmarks/c/properties/termination.prp --file ../EvolveTerm/data/tpdb_known/c_term/Urban-WST2013-Fig2_true-termination.c
UrbanMine-ESOP2014-Fig3_true-termination.c,YES,0,,0,stdout_stderr,6.13,Results/ultimate/ultiouts/c_term/UrbanMine-ESOP2014-Fig3_true-termination.c-ultimate-svtermprp.log,,2026-01-22 18:35:44,/home/clexma/Desktop/fox3/TermDB/EvolveTerm/data/tpdb_known/c_term/UrbanMine-ESOP2014-Fig3_true-termination.c,tpdb429term,/home/clexma/Desktop/fox3/TermDB/svcomp_examples/sv-benchmarks/c/properties/termination.prp,32bit,300,1,/home/clexma/Desktop/fox3/TermDB/UAutomizer-linux,/usr/bin/python3 /home/clexma/Desktop/fox3/TermDB/UAutomizer-linux/Ultimate.py --config /home/clexma/Desktop/fox3/TermDB/UAutomizer-linux/config --data /home/clexma/Desktop/fox3/TermDB/UAutomizer-linux/data --full-output --architecture 32bit --spec /home/clexma/Desktop/fox3/TermDB/svcomp_examples/sv-benchmarks/c/properties/termination.prp --file ../EvolveTerm/data/tpdb_known/c_term/UrbanMine-ESOP2014-Fig3_true-termination.c
Waldkirch_true-termination.c,YES,0,,0,stdout_stderr,3.86,Results/ultimate/ultiouts/c_term/Waldkirch_true-termination.c-ultimate-svtermprp.log,,2026-01-22 18:35:48,/home/clexma/Desktop/fox3/TermDB/EvolveTerm/data/tpdb_known/c_term/Waldkirch_true-termination.c,tpdb429term,/home/clexma/Desktop/fox3/TermDB/svcomp_examples/sv-benchmarks/c/properties/termination.prp,32bit,300,1,/home/clexma/Desktop/fox3/TermDB/UAutomizer-linux,/usr/bin/python3 /home/clexma/Desktop/fox3/TermDB/UAutomizer-linux/Ultimate.py --config /home/clexma/Desktop/fox3/TermDB/UAutomizer-linux/config --data /home/clexma/Desktop/fox3/TermDB/UAutomizer-linux/data --full-output --architecture 32bit --spec /home/clexma/Desktop/fox3/TermDB/svcomp_examples/sv-benchmarks/c/properties/termination.prp --file ../EvolveTerm/data/tpdb_known/c_term/Waldkirch_true-termination.c
WhileDecr.c,YES,0,,0,stdout_stderr,3.92,Results/ultimate/ultiouts/c_term/WhileDecr.c-ultimate-svtermprp.log,,2026-01-22 18:35:52,/home/clexma/Desktop/fox3/TermDB/EvolveTerm/data/tpdb_known/c_term/WhileDecr.c,tpdb429term,/home/clexma/Desktop/fox3/TermDB/svcomp_examples/sv-benchmarks/c/properties/termination.prp,32bit,300,1,/home/clexma/Desktop/fox3/TermDB/UAutomizer-linux,/usr/bin/python3 /home/clexma/Desktop/fox3/TermDB/UAutomizer-linux/Ultimate.py --config /home/clexma/Desktop/fox3/TermDB/UAutomizer-linux/config --data /home/clexma/Desktop/fox3/TermDB/UAutomizer-linux/data --full-output --architecture 32bit --spec /home/clexma/Desktop/fox3/TermDB/svcomp_examples/sv-benchmarks/c/properties/termination.prp --file ../EvolveTerm/data/tpdb_known/c_term/WhileDecr.c
WhileFalse_true-termination.c,YES,0,,0,stdout_stderr,3.47,Results/ultimate/ultiouts/c_term/WhileFalse_true-termination.c-ultimate-svtermprp.log,,2026-01-22 18:35:55,/home/clexma/Desktop/fox3/TermDB/EvolveTerm/data/tpdb_known/c_term/WhileFalse_true-termination.c,tpdb429term,/home/clexma/Desktop/fox3/TermDB/svcomp_examples/sv-benchmarks/c/properties/termination.prp,32bit,300,1,/home/clexma/Desktop/fox3/TermDB/UAutomizer-linux,/usr/bin/python3 /home/clexma/Desktop/fox3/TermDB/UAutomizer-linux/Ultimate.py --config /home/clexma/Desktop/fox3/TermDB/UAutomizer-linux/config --data /home/clexma/Desktop/fox3/TermDB/UAutomizer-linux/data --full-output --architecture 32bit --spec /home/clexma/Desktop/fox3/TermDB/svcomp_examples/sv-benchmarks/c/properties/termination.prp --file ../EvolveTerm/data/tpdb_known/c_term/WhileFalse_true-termination.c
aaron2_true-termination.c,YES,0,,0,stdout_stderr,3.79,Results/ultimate/ultiouts/c_term/aaron2_true-termination.c-ultimate-svtermprp.log,,2026-01-22 18:35:59,/home/clexma/Desktop/fox3/TermDB/EvolveTerm/data/tpdb_known/c_term/aaron2_true-termination.c,tpdb429term,/home/clexma/Desktop/fox3/TermDB/svcomp_examples/sv-benchmarks/c/properties/termination.prp,32bit,300,1,/home/clexma/Desktop/fox3/TermDB/UAutomizer-linux,/usr/bin/python3 /home/clexma/Desktop/fox3/TermDB/UAutomizer-linux/Ultimate.py --config /home/clexma/Desktop/fox3/TermDB/UAutomizer-linux/config --data /home/clexma/Desktop/fox3/TermDB/UAutomizer-linux/data --full-output --architecture 32bit --spec /home/clexma/Desktop/fox3/TermDB/svcomp_examples/sv-benchmarks/c/properties/termination.prp --file ../EvolveTerm/data/tpdb_known/c_term/aaron2_true-termination.c
aaron3_true-termination.c,YES,0,,0,stdout_stderr,3.68,Results/ultimate/ultiouts/c_term/aaron3_true-termination.c-ultimate-svtermprp.log,,2026-01-22 18:36:03,/home/clexma/Desktop/fox3/TermDB/EvolveTerm/data/tpdb_known/c_term/aaron3_true-termination.c,tpdb429term,/home/clexma/Desktop/fox3/TermDB/svcomp_examples/sv-benchmarks/c/properties/termination.prp,32bit,300,1,/home/clexma/Desktop/fox3/TermDB/UAutomizer-linux,/usr/bin/python3 /home/clexma/Desktop/fox3/TermDB/UAutomizer-linux/Ultimate.py --config /home/clexma/Desktop/fox3/TermDB/UAutomizer-linux/config --data /home/clexma/Desktop/fox3/TermDB/UAutomizer-linux/data --full-output --architecture 32bit --spec /home/clexma/Desktop/fox3/TermDB/svcomp_examples/sv-benchmarks/c/properties/termination.prp --file ../EvolveTerm/data/tpdb_known/c_term/aaron3_true-termination.c
afterrec_2calls_false-unreach-call.c,YES,0,,0,stdout_stderr,3.86,Results/ultimate/ultiouts/c_term/afterrec_2calls_false-unreach-call.c-ultimate-svtermprp.log,,2026-01-22 18:36:07,/home/clexma/Desktop/fox3/TermDB/EvolveTerm/data/tpdb_known/c_term/afterrec_2calls_false-unreach-call.c,tpdb429term,/home/clexma/Desktop/fox3/TermDB/svcomp_examples/sv-benchmarks/c/properties/termination.prp,32bit,300,1,/home/clexma/Desktop/fox3/TermDB/UAutomizer-linux,/usr/bin/python3 /home/clexma/Desktop/fox3/TermDB/UAutomizer-linux/Ultimate.py --config /home/clexma/Desktop/fox3/TermDB/UAutomizer-linux/config --data /home/clexma/Desktop/fox3/TermDB/UAutomizer-linux/data --full-output --architecture 32bit --spec /home/clexma/Desktop/fox3/TermDB/svcomp_examples/sv-benchmarks/c/properties/termination.prp --file ../EvolveTerm/data/tpdb_known/c_term/afterrec_2calls_false-unreach-call.c
asc_ll_search_last.c,MAYBE,0,,0,stdout_stderr,16.56,Results/ultimate/ultiouts/c_term/asc_ll_search_last.c-ultimate-svtermprp.log,,2026-01-22 18:36:23,/home/clexma/Desktop/fox3/TermDB/EvolveTerm/data/tpdb_known/c_term/asc_ll_search_last.c,tpdb429term,/home/clexma/Desktop/fox3/TermDB/svcomp_examples/sv-benchmarks/c/properties/termination.prp,32bit,300,1,/home/clexma/Desktop/fox3/TermDB/UAutomizer-linux,/usr/bin/python3 /home/clexma/Desktop/fox3/TermDB/UAutomizer-linux/Ultimate.py --config /home/clexma/Desktop/fox3/TermDB/UAutomizer-linux/config --data /home/clexma/Desktop/fox3/TermDB/UAutomizer-linux/data --full-output --architecture 32bit --spec /home/clexma/Desktop/fox3/TermDB/svcomp_examples/sv-benchmarks/c/properties/termination.prp --file ../EvolveTerm/data/tpdb_known/c_term/asc_ll_search_last.c
aviad_true-termination.c,YES,0,,0,stdout_stderr,3.93,Results/ultimate/ultiouts/c_term/aviad_true-termination.c-ultimate-svtermprp.log,,2026-01-22 18:36:27,/home/clexma/Desktop/fox3/TermDB/EvolveTerm/data/tpdb_known/c_term/aviad_true-termination.c,tpdb429term,/home/clexma/Desktop/fox3/TermDB/svcomp_examples/sv-benchmarks/c/properties/termination.prp,32bit,300,1,/home/clexma/Desktop/fox3/TermDB/UAutomizer-linux,/usr/bin/python3 /home/clexma/Desktop/fox3/TermDB/UAutomizer-linux/Ultimate.py --config /home/clexma/Desktop/fox3/TermDB/UAutomizer-linux/config --data /home/clexma/Desktop/fox3/TermDB/UAutomizer-linux/data --full-output --architecture 32bit --spec /home/clexma/Desktop/fox3/TermDB/svcomp_examples/sv-benchmarks/c/properties/termination.prp --file ../EvolveTerm/data/tpdb_known/c_term/aviad_true-termination.c
cdaudio_simpl1_false-unreach-call_true-termination.cil.c,YES,0,,0,stdout_stderr,5.77,Results/ultimate/ultiouts/c_term/cdaudio_simpl1_false-unreach-call_true-termination.cil.c-ultimate-svtermprp.log,,2026-01-22 18:36:33,/home/clexma/Desktop/fox3/TermDB/EvolveTerm/data/tpdb_known/c_term/cdaudio_simpl1_false-unreach-call_true-termination.cil.c,tpdb429term,/home/clexma/Desktop/fox3/TermDB/svcomp_examples/sv-benchmarks/c/properties/termination.prp,32bit,300,1,/home/clexma/Desktop/fox3/TermDB/UAutomizer-linux,/usr/bin/python3 /home/clexma/Desktop/fox3/TermDB/UAutomizer-linux/Ultimate.py --config /home/clexma/Desktop/fox3/TermDB/UAutomizer-linux/config --data /home/clexma/Desktop/fox3/TermDB/UAutomizer-linux/data --full-output --architecture 32bit --spec /home/clexma/Desktop/fox3/TermDB/svcomp_examples/sv-benchmarks/c/properties/termination.prp --file ../EvolveTerm/data/tpdb_known/c_term/cdaudio_simpl1_false-unreach-call_true-termination.cil.c
data_structures_set_multi_proc_false-unreach-call_ground.c,TIMEOUT,1,Analysis timed out after 300 seconds,,timeout,300.04,,,2026-01-22 18:41:33,/home/clexma/Desktop/fox3/TermDB/EvolveTerm/data/tpdb_known/c_term/data_structures_set_multi_proc_false-unreach-call_ground.c,tpdb429term,/home/clexma/Desktop/fox3/TermDB/svcomp_examples/sv-benchmarks/c/properties/termination.prp,32bit,300,1,/home/clexma/Desktop/fox3/TermDB/UAutomizer-linux,/usr/bin/python3 /home/clexma/Desktop/fox3/TermDB/UAutomizer-linux/Ultimate.py --config /home/clexma/Desktop/fox3/TermDB/UAutomizer-linux/config --data /home/clexma/Desktop/fox3/TermDB/UAutomizer-linux/data --full-output --architecture 32bit --spec /home/clexma/Desktop/fox3/TermDB/svcomp_examples/sv-benchmarks/c/properties/termination.prp --file ../EvolveTerm/data/tpdb_known/c_term/data_structures_set_multi_proc_false-unreach-call_ground.c
desc_ll_search-ptrdiff_existing.c,MAYBE,0,,0,stdout_stderr,3.03,Results/ultimate/ultiouts/c_term/desc_ll_search-ptrdiff_existing.c-ultimate-svtermprp.log,,2026-01-22 18:41:36,/home/clexma/Desktop/fox3/TermDB/EvolveTerm/data/tpdb_known/c_term/desc_ll_search-ptrdiff_existing.c,tpdb429term,/home/clexma/Desktop/fox3/TermDB/svcomp_examples/sv-benchmarks/c/properties/termination.prp,32bit,300,1,/home/clexma/Desktop/fox3/TermDB/UAutomizer-linux,/usr/bin/python3 /home/clexma/Desktop/fox3/TermDB/UAutomizer-linux/Ultimate.py --config /home/clexma/Desktop/fox3/TermDB/UAutomizer-linux/config --data /home/clexma/Desktop/fox3/TermDB/UAutomizer-linux/data --full-output --architecture 32bit --spec /home/clexma/Desktop/fox3/TermDB/svcomp_examples/sv-benchmarks/c/properties/termination.prp --file ../EvolveTerm/data/tpdb_known/c_term/desc_ll_search-ptrdiff_existing.c
desc_ll_search_existing.c,MAYBE,0,,0,stdout_stderr,20.46,Results/ultimate/ultiouts/c_term/desc_ll_search_existing.c-ultimate-svtermprp.log,,2026-01-22 18:41:57,/home/clexma/Desktop/fox3/TermDB/EvolveTerm/data/tpdb_known/c_term/desc_ll_search_existing.c,tpdb429term,/home/clexma/Desktop/fox3/TermDB/svcomp_examples/sv-benchmarks/c/properties/termination.prp,32bit,300,1,/home/clexma/Desktop/fox3/TermDB/UAutomizer-linux,/usr/bin/python3 /home/clexma/Desktop/fox3/TermDB/UAutomizer-linux/Ultimate.py --config /home/clexma/Desktop/fox3/TermDB/UAutomizer-linux/config --data /home/clexma/Desktop/fox3/TermDB/UAutomizer-linux/data --full-output --architecture 32bit --spec /home/clexma/Desktop/fox3/TermDB/svcomp_examples/sv-benchmarks/c/properties/termination.prp --file ../EvolveTerm/data/tpdb_known/c_term/desc_ll_search_existing.c
desc_ll_search_last.c,MAYBE,0,,0,stdout_stderr,16.87,Results/ultimate/ultiouts/c_term/desc_ll_search_last.c-ultimate-svtermprp.log,,2026-01-22 18:42:13,/home/clexma/Desktop/fox3/TermDB/EvolveTerm/data/tpdb_known/c_term/desc_ll_search_last.c,tpdb429term,/home/clexma/Desktop/fox3/TermDB/svcomp_examples/sv-benchmarks/c/properties/termination.prp,32bit,300,1,/home/clexma/Desktop/fox3/TermDB/UAutomizer-linux,/usr/bin/python3 /home/clexma/Desktop/fox3/TermDB/UAutomizer-linux/Ultimate.py --config /home/clexma/Desktop/fox3/TermDB/UAutomizer-linux/config --data /home/clexma/Desktop/fox3/TermDB/UAutomizer-linux/data --full-output --architecture 32bit --spec /home/clexma/Desktop/fox3/TermDB/svcomp_examples/sv-benchmarks/c/properties/termination.prp --file ../EvolveTerm/data/tpdb_known/c_term/desc_ll_search_last.c
desc_ll_search_mod.c,ERROR,1,No result found (exit=7),7,none,98.44,Results/ultimate/ultiouts/c_term/desc_ll_search_mod.c-ultimate-svtermprp.log,,2026-01-22 18:43:52,/home/clexma/Desktop/fox3/TermDB/EvolveTerm/data/tpdb_known/c_term/desc_ll_search_mod.c,tpdb429term,/home/clexma/Desktop/fox3/TermDB/svcomp_examples/sv-benchmarks/c/properties/termination.prp,32bit,300,1,/home/clexma/Desktop/fox3/TermDB/UAutomizer-linux,/usr/bin/python3 /home/clexma/Desktop/fox3/TermDB/UAutomizer-linux/Ultimate.py --config /home/clexma/Desktop/fox3/TermDB/UAutomizer-linux/config --data /home/clexma/Desktop/fox3/TermDB/UAutomizer-linux/data --full-output --architecture 32bit --spec /home/clexma/Desktop/fox3/TermDB/svcomp_examples/sv-benchmarks/c/properties/termination.prp --file ../EvolveTerm/data/tpdb_known/c_term/desc_ll_search_mod.c
desc_ll_with_offset_search.c,MAYBE,0,,0,stdout_stderr,93.10,Results/ultimate/ultiouts/c_term/desc_ll_with_offset_search.c-ultimate-svtermprp.log,,2026-01-22 18:45:25,/home/clexma/Desktop/fox3/TermDB/EvolveTerm/data/tpdb_known/c_term/desc_ll_with_offset_search.c,tpdb429term,/home/clexma/Desktop/fox3/TermDB/svcomp_examples/sv-benchmarks/c/properties/termination.prp,32bit,300,1,/home/clexma/Desktop/fox3/TermDB/UAutomizer-linux,/usr/bin/python3 /home/clexma/Desktop/fox3/TermDB/UAutomizer-linux/Ultimate.py --config /home/clexma/Desktop/fox3/TermDB/UAutomizer-linux/config --data /home/clexma/Desktop/fox3/TermDB/UAutomizer-linux/data --full-output --architecture 32bit --spec /home/clexma/Desktop/fox3/TermDB/svcomp_examples/sv-benchmarks/c/properties/termination.prp --file ../EvolveTerm/data/tpdb_known/c_term/desc_ll_with_offset_search.c
diskperf_simpl1_true-unreach-call_true-termination.cil.c,YES,0,,0,stdout_stderr,8.60,Results/ultimate/ultiouts/c_term/diskperf_simpl1_true-unreach-call_true-termination.cil.c-ultimate-svtermprp.log,,2026-01-22 18:45:34,/home/clexma/Desktop/fox3/TermDB/EvolveTerm/data/tpdb_known/c_term/diskperf_simpl1_true-unreach-call_true-termination.cil.c,tpdb429term,/home/clexma/Desktop/fox3/TermDB/svcomp_examples/sv-benchmarks/c/properties/termination.prp,32bit,300,1,/home/clexma/Desktop/fox3/TermDB/UAutomizer-linux,/usr/bin/python3 /home/clexma/Desktop/fox3/TermDB/UAutomizer-linux/Ultimate.py --config /home/clexma/Desktop/fox3/TermDB/UAutomizer-linux/config --data /home/clexma/Desktop/fox3/TermDB/UAutomizer-linux/data --full-output --architecture 32bit --spec /home/clexma/Desktop/fox3/TermDB/svcomp_examples/sv-benchmarks/c/properties/termination.prp --file ../EvolveTerm/data/tpdb_known/c_term/diskperf_simpl1_true-unreach-call_true-termination.cil.c
easy1_true-termination.c,YES,0,,0,stdout_stderr,6.08,Results/ultimate/ultiouts/c_term/easy1_true-termination.c-ultimate-svtermprp.log,,2026-01-22 18:45:40,/home/clexma/Desktop/fox3/TermDB/EvolveTerm/data/tpdb_known/c_term/easy1_true-termination.c,tpdb429term,/home/clexma/Desktop/fox3/TermDB/svcomp_examples/sv-benchmarks/c/properties/termination.prp,32bit,300,1,/home/clexma/Desktop/fox3/TermDB/UAutomizer-linux,/usr/bin/python3 /home/clexma/Desktop/fox3/TermDB/UAutomizer-linux/Ultimate.py --config /home/clexma/Desktop/fox3/TermDB/UAutomizer-linux/config --data /home/clexma/Desktop/fox3/TermDB/UAutomizer-linux/data --full-output --architecture 32bit --spec /home/clexma/Desktop/fox3/TermDB/svcomp_examples/sv-benchmarks/c/properties/termination.prp --file ../EvolveTerm/data/tpdb_known/c_term/easy1_true-termination.c
easy2_true-termination.c,YES,0,,0,stdout_stderr,5.66,Results/ultimate/ultiouts/c_term/easy2_true-termination.c-ultimate-svtermprp.log,,2026-01-22 18:45:45,/home/clexma/Desktop/fox3/TermDB/EvolveTerm/data/tpdb_known/c_term/easy2_true-termination.c,tpdb429term,/home/clexma/Desktop/fox3/TermDB/svcomp_examples/sv-benchmarks/c/properties/termination.prp,32bit,300,1,/home/clexma/Desktop/fox3/TermDB/UAutomizer-linux,/usr/bin/python3 /home/clexma/Desktop/fox3/TermDB/UAutomizer-linux/Ultimate.py --config /home/clexma/Desktop/fox3/TermDB/UAutomizer-linux/config --data /home/clexma/Desktop/fox3/TermDB/UAutomizer-linux/data --full-output --architecture 32bit --spec /home/clexma/Desktop/fox3/TermDB/svcomp_examples/sv-benchmarks/c/properties/termination.prp --file ../EvolveTerm/data/tpdb_known/c_term/easy2_true-termination.c
email_spec0_product05_true-unreach-call.cil.c,YES,0,,0,stdout_stderr,7.09,Results/ultimate/ultiouts/c_term/email_spec0_product05_true-unreach-call.cil.c-ultimate-svtermprp.log,,2026-01-22 18:45:52,/home/clexma/Desktop/fox3/TermDB/EvolveTerm/data/tpdb_known/c_term/email_spec0_product05_true-unreach-call.cil.c,tpdb429term,/home/clexma/Desktop/fox3/TermDB/svcomp_examples/sv-benchmarks/c/properties/termination.prp,32bit,300,1,/home/clexma/Desktop/fox3/TermDB/UAutomizer-linux,/usr/bin/python3 /home/clexma/Desktop/fox3/TermDB/UAutomizer-linux/Ultimate.py --config /home/clexma/Desktop/fox3/TermDB/UAutomizer-linux/config --data /home/clexma/Desktop/fox3/TermDB/UAutomizer-linux/data --full-output --architecture 32bit --spec /home/clexma/Desktop/fox3/TermDB/svcomp_examples/sv-benchmarks/c/properties/termination.prp --file ../EvolveTerm/data/tpdb_known/c_term/email_spec0_product05_true-unreach-call.cil.c
ex2.c,YES,0,,0,stdout_stderr,6.26,Results/ultimate/ultiouts/c_term/ex2.c-ultimate-svtermprp.log,,2026-01-22 18:45:59,/home/clexma/Desktop/fox3/TermDB/EvolveTerm/data/tpdb_known/c_term/ex2.c,tpdb429term,/home/clexma/Desktop/fox3/TermDB/svcomp_examples/sv-benchmarks/c/properties/termination.prp,32bit,300,1,/home/clexma/Desktop/fox3/TermDB/UAutomizer-linux,/usr/bin/python3 /home/clexma/Desktop/fox3/TermDB/UAutomizer-linux/Ultimate.py --config /home/clexma/Desktop/fox3/TermDB/UAutomizer-linux/config --data /home/clexma/Desktop/fox3/TermDB/UAutomizer-linux/data --full-output --architecture 32bit --spec /home/clexma/Desktop/fox3/TermDB/svcomp_examples/sv-benchmarks/c/properties/termination.prp --file ../EvolveTerm/data/tpdb_known/c_term/ex2.c
ex3.c,YES,0,,0,stdout_stderr,11.05,Results/ultimate/ultiouts/c_term/ex3.c-ultimate-svtermprp.log,,2026-01-22 18:46:10,/home/clexma/Desktop/fox3/TermDB/EvolveTerm/data/tpdb_known/c_term/ex3.c,tpdb429term,/home/clexma/Desktop/fox3/TermDB/svcomp_examples/sv-benchmarks/c/properties/termination.prp,32bit,300,1,/home/clexma/Desktop/fox3/TermDB/UAutomizer-linux,/usr/bin/python3 /home/clexma/Desktop/fox3/TermDB/UAutomizer-linux/Ultimate.py --config /home/clexma/Desktop/fox3/TermDB/UAutomizer-linux/config --data /home/clexma/Desktop/fox3/TermDB/UAutomizer-linux/data --full-output --architecture 32bit --spec /home/clexma/Desktop/fox3/TermDB/svcomp_examples/sv-benchmarks/c/properties/termination.prp --file ../EvolveTerm/data/tpdb_known/c_term/ex3.c
fibo_2calls_2_false-unreach-call.c,YES,0,,0,stdout_stderr,5.89,Results/ultimate/ultiouts/c_term/fibo_2calls_2_false-unreach-call.c-ultimate-svtermprp.log,,2026-01-22 18:46:16,/home/clexma/Desktop/fox3/TermDB/EvolveTerm/data/tpdb_known/c_term/fibo_2calls_2_false-unreach-call.c,tpdb429term,/home/clexma/Desktop/fox3/TermDB/svcomp_examples/sv-benchmarks/c/properties/termination.prp,32bit,300,1,/home/clexma/Desktop/fox3/TermDB/UAutomizer-linux,/usr/bin/python3 /home/clexma/Desktop/fox3/TermDB/UAutomizer-linux/Ultimate.py --config /home/clexma/Desktop/fox3/TermDB/UAutomizer-linux/config --data /home/clexma/Desktop/fox3/TermDB/UAutomizer-linux/data --full-output --architecture 32bit --spec /home/clexma/Desktop/fox3/TermDB/svcomp_examples/sv-benchmarks/c/properties/termination.prp --file ../EvolveTerm/data/tpdb_known/c_term/fibo_2calls_2_false-unreach-call.c
fibo_5_false-unreach-call.c,YES,0,,0,stdout_stderr,9.37,Results/ultimate/ultiouts/c_term/fibo_5_false-unreach-call.c-ultimate-svtermprp.log,,2026-01-22 18:46:25,/home/clexma/Desktop/fox3/TermDB/EvolveTerm/data/tpdb_known/c_term/fibo_5_false-unreach-call.c,tpdb429term,/home/clexma/Desktop/fox3/TermDB/svcomp_examples/sv-benchmarks/c/properties/termination.prp,32bit,300,1,/home/clexma/Desktop/fox3/TermDB/UAutomizer-linux,/usr/bin/python3 /home/clexma/Desktop/fox3/TermDB/UAutomizer-linux/Ultimate.py --config /home/clexma/Desktop/fox3/TermDB/UAutomizer-linux/config --data /home/clexma/Desktop/fox3/TermDB/UAutomizer-linux/data --full-output --architecture 32bit --spec /home/clexma/Desktop/fox3/TermDB/svcomp_examples/sv-benchmarks/c/properties/termination.prp --file ../EvolveTerm/data/tpdb_known/c_term/fibo_5_false-unreach-call.c
floppy_simpl3_false-unreach-call_true-termination.cil.c,YES,0,,0,stdout_stderr,6.53,Results/ultimate/ultiouts/c_term/floppy_simpl3_false-unreach-call_true-termination.cil.c-ultimate-svtermprp.log,,2026-01-22 18:46:32,/home/clexma/Desktop/fox3/TermDB/EvolveTerm/data/tpdb_known/c_term/floppy_simpl3_false-unreach-call_true-termination.cil.c,tpdb429term,/home/clexma/Desktop/fox3/TermDB/svcomp_examples/sv-benchmarks/c/properties/termination.prp,32bit,300,1,/home/clexma/Desktop/fox3/TermDB/UAutomizer-linux,/usr/bin/python3 /home/clexma/Desktop/fox3/TermDB/UAutomizer-linux/Ultimate.py --config /home/clexma/Desktop/fox3/TermDB/UAutomizer-linux/config --data /home/clexma/Desktop/fox3/TermDB/UAutomizer-linux/data --full-output --architecture 32bit --spec /home/clexma/Desktop/fox3/TermDB/svcomp_examples/sv-benchmarks/c/properties/termination.prp --file ../EvolveTerm/data/tpdb_known/c_term/floppy_simpl3_false-unreach-call_true-termination.cil.c
gcd01_true-unreach-call_true-termination.c,YES,0,,0,stdout_stderr,6.22,Results/ultimate/ultiouts/c_term/gcd01_true-unreach-call_true-termination.c-ultimate-svtermprp.log,,2026-01-22 18:46:38,/home/clexma/Desktop/fox3/TermDB/EvolveTerm/data/tpdb_known/c_term/gcd01_true-unreach-call_true-termination.c,tpdb429term,/home/clexma/Desktop/fox3/TermDB/svcomp_examples/sv-benchmarks/c/properties/termination.prp,32bit,300,1,/home/clexma/Desktop/fox3/TermDB/UAutomizer-linux,/usr/bin/python3 /home/clexma/Desktop/fox3/TermDB/UAutomizer-linux/Ultimate.py --config /home/clexma/Desktop/fox3/TermDB/UAutomizer-linux/config --data /home/clexma/Desktop/fox3/TermDB/UAutomizer-linux/data --full-output --architecture 32bit --spec /home/clexma/Desktop/fox3/TermDB/svcomp_examples/sv-benchmarks/c/properties/termination.prp --file ../EvolveTerm/data/tpdb_known/c_term/gcd01_true-unreach-call_true-termination.c
gcd1_true-termination.c,YES,0,,0,stdout_stderr,5.28,Results/ultimate/ultiouts/c_term/gcd1_true-termination.c-ultimate-svtermprp.log,,2026-01-22 18:46:43,/home/clexma/Desktop/fox3/TermDB/EvolveTerm/data/tpdb_known/c_term/gcd1_true-termination.c,tpdb429term,/home/clexma/Desktop/fox3/TermDB/svcomp_examples/sv-benchmarks/c/properties/termination.prp,32bit,300,1,/home/clexma/Desktop/fox3/TermDB/UAutomizer-linux,/usr/bin/python3 /home/clexma/Desktop/fox3/TermDB/UAutomizer-linux/Ultimate.py --config /home/clexma/Desktop/fox3/TermDB/UAutomizer-linux/config --data /home/clexma/Desktop/fox3/TermDB/UAutomizer-linux/data --full-output --architecture 32bit --spec /home/clexma/Desktop/fox3/TermDB/svcomp_examples/sv-benchmarks/c/properties/termination.prp --file ../EvolveTerm/data/tpdb_known/c_term/gcd1_true-termination.c
genady_true-termination.c,YES,0,,0,stdout_stderr,4.42,Results/ultimate/ultiouts/c_term/genady_true-termination.c-ultimate-svtermprp.log,,2026-01-22 18:46:47,/home/clexma/Desktop/fox3/TermDB/EvolveTerm/data/tpdb_known/c_term/genady_true-termination.c,tpdb429term,/home/clexma/Desktop/fox3/TermDB/svcomp_examples/sv-benchmarks/c/properties/termination.prp,32bit,300,1,/home/clexma/Desktop/fox3/TermDB/UAutomizer-linux,/usr/bin/python3 /home/clexma/Desktop/fox3/TermDB/UAutomizer-linux/Ultimate.py --config /home/clexma/Desktop/fox3/TermDB/UAutomizer-linux/config --data /home/clexma/Desktop/fox3/TermDB/UAutomizer-linux/data --full-output --architecture 32bit --spec /home/clexma/Desktop/fox3/TermDB/svcomp_examples/sv-benchmarks/c/properties/termination.prp --file ../EvolveTerm/data/tpdb_known/c_term/genady_true-termination.c
id_i10_o10_false-unreach-call.c,YES,0,,0,stdout_stderr,4.74,Results/ultimate/ultiouts/c_term/id_i10_o10_false-unreach-call.c-ultimate-svtermprp.log,,2026-01-22 18:46:52,/home/clexma/Desktop/fox3/TermDB/EvolveTerm/data/tpdb_known/c_term/id_i10_o10_false-unreach-call.c,tpdb429term,/home/clexma/Desktop/fox3/TermDB/svcomp_examples/sv-benchmarks/c/properties/termination.prp,32bit,300,1,/home/clexma/Desktop/fox3/TermDB/UAutomizer-linux,/usr/bin/python3 /home/clexma/Desktop/fox3/TermDB/UAutomizer-linux/Ultimate.py --config /home/clexma/Desktop/fox3/TermDB/UAutomizer-linux/config --data /home/clexma/Desktop/fox3/TermDB/UAutomizer-linux/data --full-output --architecture 32bit --spec /home/clexma/Desktop/fox3/TermDB/svcomp_examples/sv-benchmarks/c/properties/termination.prp --file ../EvolveTerm/data/tpdb_known/c_term/id_i10_o10_false-unreach-call.c
kbfiltr_simpl1_true-unreach-call_true-termination.cil.c,YES,0,,0,stdout_stderr,4.16,Results/ultimate/ultiouts/c_term/kbfiltr_simpl1_true-unreach-call_true-termination.cil.c-ultimate-svtermprp.log,,2026-01-22 18:46:56,/home/clexma/Desktop/fox3/TermDB/EvolveTerm/data/tpdb_known/c_term/kbfiltr_simpl1_true-unreach-call_true-termination.cil.c,tpdb429term,/home/clexma/Desktop/fox3/TermDB/svcomp_examples/sv-benchmarks/c/properties/termination.prp,32bit,300,1,/home/clexma/Desktop/fox3/TermDB/UAutomizer-linux,/usr/bin/python3 /home/clexma/Desktop/fox3/TermDB/UAutomizer-linux/Ultimate.py --config /home/clexma/Desktop/fox3/TermDB/UAutomizer-linux/config --data /home/clexma/Desktop/fox3/TermDB/UAutomizer-linux/data --full-output --architecture 32bit --spec /home/clexma/Desktop/fox3/TermDB/svcomp_examples/sv-benchmarks/c/properties/termination.prp --file ../EvolveTerm/data/tpdb_known/c_term/kbfiltr_simpl1_true-unreach-call_true-termination.cil.c
majority-noarray_true-termination.c,YES,0,,0,stdout_stderr,10.80,Results/ultimate/ultiouts/c_term/majority-noarray_true-termination.c-ultimate-svtermprp.log,,2026-01-22 18:47:07,/home/clexma/Desktop/fox3/TermDB/EvolveTerm/data/tpdb_known/c_term/majority-noarray_true-termination.c,tpdb429term,/home/clexma/Desktop/fox3/TermDB/svcomp_examples/sv-benchmarks/c/properties/termination.prp,32bit,300,1,/home/clexma/Desktop/fox3/TermDB/UAutomizer-linux,/usr/bin/python3 /home/clexma/Desktop/fox3/TermDB/UAutomizer-linux/Ultimate.py --config /home/clexma/Desktop/fox3/TermDB/UAutomizer-linux/config --data /home/clexma/Desktop/fox3/TermDB/UAutomizer-linux/data --full-output --architecture 32bit --spec /home/clexma/Desktop/fox3/TermDB/svcomp_examples/sv-benchmarks/c/properties/termination.prp --file ../EvolveTerm/data/tpdb_known/c_term/majority-noarray_true-termination.c
min_rf_true-termination.c,YES,0,,0,stdout_stderr,9.33,Results/ultimate/ultiouts/c_term/min_rf_true-termination.c-ultimate-svtermprp.log,,2026-01-22 18:47:17,/home/clexma/Desktop/fox3/TermDB/EvolveTerm/data/tpdb_known/c_term/min_rf_true-termination.c,tpdb429term,/home/clexma/Desktop/fox3/TermDB/svcomp_examples/sv-benchmarks/c/properties/termination.prp,32bit,300,1,/home/clexma/Desktop/fox3/TermDB/UAutomizer-linux,/usr/bin/python3 /home/clexma/Desktop/fox3/TermDB/UAutomizer-linux/Ultimate.py --config /home/clexma/Desktop/fox3/TermDB/UAutomizer-linux/config --data /home/clexma/Desktop/fox3/TermDB/UAutomizer-linux/data --full-output --architecture 32bit --spec /home/clexma/Desktop/fox3/TermDB/svcomp_examples/sv-benchmarks/c/properties/termination.prp --file ../EvolveTerm/data/tpdb_known/c_term/min_rf_true-termination.c
nondet_ll_delete.c,MAYBE,0,,0,stdout_stderr,46.88,Results/ultimate/ultiouts/c_term/nondet_ll_delete.c-ultimate-svtermprp.log,,2026-01-22 18:48:03,/home/clexma/Desktop/fox3/TermDB/EvolveTerm/data/tpdb_known/c_term/nondet_ll_delete.c,tpdb429term,/home/clexma/Desktop/fox3/TermDB/svcomp_examples/sv-benchmarks/c/properties/termination.prp,32bit,300,1,/home/clexma/Desktop/fox3/TermDB/UAutomizer-linux,/usr/bin/python3 /home/clexma/Desktop/fox3/TermDB/UAutomizer-linux/Ultimate.py --config /home/clexma/Desktop/fox3/TermDB/UAutomizer-linux/config --data /home/clexma/Desktop/fox3/TermDB/UAutomizer-linux/data --full-output --architecture 32bit --spec /home/clexma/Desktop/fox3/TermDB/svcomp_examples/sv-benchmarks/c/properties/termination.prp --file ../EvolveTerm/data/tpdb_known/c_term/nondet_ll_delete.c
nondet_ll_init.c,YES,0,,0,stdout_stderr,4.29,Results/ultimate/ultiouts/c_term/nondet_ll_init.c-ultimate-svtermprp.log,,2026-01-22 18:48:08,/home/clexma/Desktop/fox3/TermDB/EvolveTerm/data/tpdb_known/c_term/nondet_ll_init.c,tpdb429term,/home/clexma/Desktop/fox3/TermDB/svcomp_examples/sv-benchmarks/c/properties/termination.prp,32bit,300,1,/home/clexma/Desktop/fox3/TermDB/UAutomizer-linux,/usr/bin/python3 /home/clexma/Desktop/fox3/TermDB/UAutomizer-linux/Ultimate.py --config /home/clexma/Desktop/fox3/TermDB/UAutomizer-linux/config --data /home/clexma/Desktop/fox3/TermDB/UAutomizer-linux/data --full-output --architecture 32bit --spec /home/clexma/Desktop/fox3/TermDB/svcomp_examples/sv-benchmarks/c/properties/termination.prp --file ../EvolveTerm/data/tpdb_known/c_term/nondet_ll_init.c
nondet_ll_init_rec.c,YES,0,,0,stdout_stderr,4.61,Results/ultimate/ultiouts/c_term/nondet_ll_init_rec.c-ultimate-svtermprp.log,,2026-01-22 18:48:12,/home/clexma/Desktop/fox3/TermDB/EvolveTerm/data/tpdb_known/c_term/nondet_ll_init_rec.c,tpdb429term,/home/clexma/Desktop/fox3/TermDB/svcomp_examples/sv-benchmarks/c/properties/termination.prp,32bit,300,1,/home/clexma/Desktop/fox3/TermDB/UAutomizer-linux,/usr/bin/python3 /home/clexma/Desktop/fox3/TermDB/UAutomizer-linux/Ultimate.py --config /home/clexma/Desktop/fox3/TermDB/UAutomizer-linux/config --data /home/clexma/Desktop/fox3/TermDB/UAutomizer-linux/data --full-output --architecture 32bit --spec /home/clexma/Desktop/fox3/TermDB/svcomp_examples/sv-benchmarks/c/properties/termination.prp --file ../EvolveTerm/data/tpdb_known/c_term/nondet_ll_init_rec.c
nondet_ll_insert.c,MAYBE,0,,0,stdout_stderr,202.28,Results/ultimate/ultiouts/c_term/nondet_ll_insert.c-ultimate-svtermprp.log,,2026-01-22 18:51:35,/home/clexma/Desktop/fox3/TermDB/EvolveTerm/data/tpdb_known/c_term/nondet_ll_insert.c,tpdb429term,/home/clexma/Desktop/fox3/TermDB/svcomp_examples/sv-benchmarks/c/properties/termination.prp,32bit,300,1,/home/clexma/Desktop/fox3/TermDB/UAutomizer-linux,/usr/bin/python3 /home/clexma/Desktop/fox3/TermDB/UAutomizer-linux/Ultimate.py --config /home/clexma/Desktop/fox3/TermDB/UAutomizer-linux/config --data /home/clexma/Desktop/fox3/TermDB/UAutomizer-linux/data --full-output --architecture 32bit --spec /home/clexma/Desktop/fox3/TermDB/svcomp_examples/sv-benchmarks/c/properties/termination.prp --file ../EvolveTerm/data/tpdb_known/c_term/nondet_ll_insert.c
nondet_ll_search_last_n.c,MAYBE,0,,0,stdout_stderr,16.50,Results/ultimate/ultiouts/c_term/nondet_ll_search_last_n.c-ultimate-svtermprp.log,,2026-01-22 18:51:51,/home/clexma/Desktop/fox3/TermDB/EvolveTerm/data/tpdb_known/c_term/nondet_ll_search_last_n.c,tpdb429term,/home/clexma/Desktop/fox3/TermDB/svcomp_examples/sv-benchmarks/c/properties/termination.prp,32bit,300,1,/home/clexma/Desktop/fox3/TermDB/UAutomizer-linux,/usr/bin/python3 /home/clexma/Desktop/fox3/TermDB/UAutomizer-linux/Ultimate.py --config /home/clexma/Desktop/fox3/TermDB/UAutomizer-linux/config --data /home/clexma/Desktop/fox3/TermDB/UAutomizer-linux/data --full-output --architecture 32bit --spec /home/clexma/Desktop/fox3/TermDB/svcomp_examples/sv-benchmarks/c/properties/termination.prp --file ../EvolveTerm/data/tpdb_known/c_term/nondet_ll_search_last_n.c
nondet_ll_search_last_zero.c,MAYBE,0,,0,stdout_stderr,16.51,Results/ultimate/ultiouts/c_term/nondet_ll_search_last_zero.c-ultimate-svtermprp.log,,2026-01-22 18:52:08,/home/clexma/Desktop/fox3/TermDB/EvolveTerm/data/tpdb_known/c_term/nondet_ll_search_last_zero.c,tpdb429term,/home/clexma/Desktop/fox3/TermDB/svcomp_examples/sv-benchmarks/c/properties/termination.prp,32bit,300,1,/home/clexma/Desktop/fox3/TermDB/UAutomizer-linux,/usr/bin/python3 /home/clexma/Desktop/fox3/TermDB/UAutomizer-linux/Ultimate.py --config /home/clexma/Desktop/fox3/TermDB/UAutomizer-linux/config --data /home/clexma/Desktop/fox3/TermDB/UAutomizer-linux/data --full-output --architecture 32bit --spec /home/clexma/Desktop/fox3/TermDB/svcomp_examples/sv-benchmarks/c/properties/termination.prp --file ../EvolveTerm/data/tpdb_known/c_term/nondet_ll_search_last_zero.c
nondet_ll_search_zero.c,MAYBE,0,,0,stdout_stderr,19.18,Results/ultimate/ultiouts/c_term/nondet_ll_search_zero.c-ultimate-svtermprp.log,,2026-01-22 18:52:27,/home/clexma/Desktop/fox3/TermDB/EvolveTerm/data/tpdb_known/c_term/nondet_ll_search_zero.c,tpdb429term,/home/clexma/Desktop/fox3/TermDB/svcomp_examples/sv-benchmarks/c/properties/termination.prp,32bit,300,1,/home/clexma/Desktop/fox3/TermDB/UAutomizer-linux,/usr/bin/python3 /home/clexma/Desktop/fox3/TermDB/UAutomizer-linux/Ultimate.py --config /home/clexma/Desktop/fox3/TermDB/UAutomizer-linux/config --data /home/clexma/Desktop/fox3/TermDB/UAutomizer-linux/data --full-output --architecture 32bit --spec /home/clexma/Desktop/fox3/TermDB/svcomp_examples/sv-benchmarks/c/properties/termination.prp --file ../EvolveTerm/data/tpdb_known/c_term/nondet_ll_search_zero.c
nondet_ll_skip.c,MAYBE,0,,0,stdout_stderr,51.57,Results/ultimate/ultiouts/c_term/nondet_ll_skip.c-ultimate-svtermprp.log,,2026-01-22 18:53:18,/home/clexma/Desktop/fox3/TermDB/EvolveTerm/data/tpdb_known/c_term/nondet_ll_skip.c,tpdb429term,/home/clexma/Desktop/fox3/TermDB/svcomp_examples/sv-benchmarks/c/properties/termination.prp,32bit,300,1,/home/clexma/Desktop/fox3/TermDB/UAutomizer-linux,/usr/bin/python3 /home/clexma/Desktop/fox3/TermDB/UAutomizer-linux/Ultimate.py --config /home/clexma/Desktop/fox3/TermDB/UAutomizer-linux/config --data /home/clexma/Desktop/fox3/TermDB/UAutomizer-linux/data --full-output --architecture 32bit --spec /home/clexma/Desktop/fox3/TermDB/svcomp_examples/sv-benchmarks/c/properties/termination.prp --file ../EvolveTerm/data/tpdb_known/c_term/nondet_ll_skip.c
nondet_ll_traverse-ptrdiff.c,MAYBE,0,,0,stdout_stderr,3.10,Results/ultimate/ultiouts/c_term/nondet_ll_traverse-ptrdiff.c-ultimate-svtermprp.log,,2026-01-22 18:53:21,/home/clexma/Desktop/fox3/TermDB/EvolveTerm/data/tpdb_known/c_term/nondet_ll_traverse-ptrdiff.c,tpdb429term,/home/clexma/Desktop/fox3/TermDB/svcomp_examples/sv-benchmarks/c/properties/termination.prp,32bit,300,1,/home/clexma/Desktop/fox3/TermDB/UAutomizer-linux,/usr/bin/python3 /home/clexma/Desktop/fox3/TermDB/UAutomizer-linux/Ultimate.py --config /home/clexma/Desktop/fox3/TermDB/UAutomizer-linux/config --data /home/clexma/Desktop/fox3/TermDB/UAutomizer-linux/data --full-output --architecture 32bit --spec /home/clexma/Desktop/fox3/TermDB/svcomp_examples/sv-benchmarks/c/properties/termination.prp --file ../EvolveTerm/data/tpdb_known/c_term/nondet_ll_traverse-ptrdiff.c
nondet_ll_traverse.c,MAYBE,0,,0,stdout_stderr,17.37,Results/ultimate/ultiouts/c_term/nondet_ll_traverse.c-ultimate-svtermprp.log,,2026-01-22 18:53:39,/home/clexma/Desktop/fox3/TermDB/EvolveTerm/data/tpdb_known/c_term/nondet_ll_traverse.c,tpdb429term,/home/clexma/Desktop/fox3/TermDB/svcomp_examples/sv-benchmarks/c/properties/termination.prp,32bit,300,1,/home/clexma/Desktop/fox3/TermDB/UAutomizer-linux,/usr/bin/python3 /home/clexma/Desktop/fox3/TermDB/UAutomizer-linux/Ultimate.py --config /home/clexma/Desktop/fox3/TermDB/UAutomizer-linux/config --data /home/clexma/Desktop/fox3/TermDB/UAutomizer-linux/data --full-output --architecture 32bit --spec /home/clexma/Desktop/fox3/TermDB/svcomp_examples/sv-benchmarks/c/properties/termination.prp --file ../EvolveTerm/data/tpdb_known/c_term/nondet_ll_traverse.c
nondet_ll_traverse_rec.c,MAYBE,0,,0,stdout_stderr,17.30,Results/ultimate/ultiouts/c_term/nondet_ll_traverse_rec.c-ultimate-svtermprp.log,,2026-01-22 18:53:56,/home/clexma/Desktop/fox3/TermDB/EvolveTerm/data/tpdb_known/c_term/nondet_ll_traverse_rec.c,tpdb429term,/home/clexma/Desktop/fox3/TermDB/svcomp_examples/sv-benchmarks/c/properties/termination.prp,32bit,300,1,/home/clexma/Desktop/fox3/TermDB/UAutomizer-linux,/usr/bin/python3 /home/clexma/Desktop/fox3/TermDB/UAutomizer-linux/Ultimate.py --config /home/clexma/Desktop/fox3/TermDB/UAutomizer-linux/config --data /home/clexma/Desktop/fox3/TermDB/UAutomizer-linux/data --full-output --architecture 32bit --spec /home/clexma/Desktop/fox3/TermDB/svcomp_examples/sv-benchmarks/c/properties/termination.prp --file ../EvolveTerm/data/tpdb_known/c_term/nondet_ll_traverse_rec.c
recHanoi01_true-unreach-call_true-termination.c,TIMEOUT,1,Analysis timed out after 300 seconds,,timeout,300.02,,,2026-01-22 18:58:56,/home/clexma/Desktop/fox3/TermDB/EvolveTerm/data/tpdb_known/c_term/recHanoi01_true-unreach-call_true-termination.c,tpdb429term,/home/clexma/Desktop/fox3/TermDB/svcomp_examples/sv-benchmarks/c/properties/termination.prp,32bit,300,1,/home/clexma/Desktop/fox3/TermDB/UAutomizer-linux,/usr/bin/python3 /home/clexma/Desktop/fox3/TermDB/UAutomizer-linux/Ultimate.py --config /home/clexma/Desktop/fox3/TermDB/UAutomizer-linux/config --data /home/clexma/Desktop/fox3/TermDB/UAutomizer-linux/data --full-output --architecture 32bit --spec /home/clexma/Desktop/fox3/TermDB/svcomp_examples/sv-benchmarks/c/properties/termination.prp --file ../EvolveTerm/data/tpdb_known/c_term/recHanoi01_true-unreach-call_true-termination.c
rec_counter1.c,YES,0,,0,stdout_stderr,4.87,Results/ultimate/ultiouts/c_term/rec_counter1.c-ultimate-svtermprp.log,,2026-01-22 18:59:01,/home/clexma/Desktop/fox3/TermDB/EvolveTerm/data/tpdb_known/c_term/rec_counter1.c,tpdb429term,/home/clexma/Desktop/fox3/TermDB/svcomp_examples/sv-benchmarks/c/properties/termination.prp,32bit,300,1,/home/clexma/Desktop/fox3/TermDB/UAutomizer-linux,/usr/bin/python3 /home/clexma/Desktop/fox3/TermDB/UAutomizer-linux/Ultimate.py --config /home/clexma/Desktop/fox3/TermDB/UAutomizer-linux/config --data /home/clexma/Desktop/fox3/TermDB/UAutomizer-linux/data --full-output --architecture 32bit --spec /home/clexma/Desktop/fox3/TermDB/svcomp_examples/sv-benchmarks/c/properties/termination.prp --file ../EvolveTerm/data/tpdb_known/c_term/rec_counter1.c
rec_counter3.c,YES,0,,0,stdout_stderr,4.88,Results/ultimate/ultiouts/c_term/rec_counter3.c-ultimate-svtermprp.log,,2026-01-22 18:59:06,/home/clexma/Desktop/fox3/TermDB/EvolveTerm/data/tpdb_known/c_term/rec_counter3.c,tpdb429term,/home/clexma/Desktop/fox3/TermDB/svcomp_examples/sv-benchmarks/c/properties/termination.prp,32bit,300,1,/home/clexma/Desktop/fox3/TermDB/UAutomizer-linux,/usr/bin/python3 /home/clexma/Desktop/fox3/TermDB/UAutomizer-linux/Ultimate.py --config /home/clexma/Desktop/fox3/TermDB/UAutomizer-linux/config --data /home/clexma/Desktop/fox3/TermDB/UAutomizer-linux/data --full-output --architecture 32bit --spec /home/clexma/Desktop/fox3/TermDB/svcomp_examples/sv-benchmarks/c/properties/termination.prp --file ../EvolveTerm/data/tpdb_known/c_term/rec_counter3.c
rec_strlen.c,MAYBE,0,,0,stdout_stderr,7.88,Results/ultimate/ultiouts/c_term/rec_strlen.c-ultimate-svtermprp.log,,2026-01-22 18:59:14,/home/clexma/Desktop/fox3/TermDB/EvolveTerm/data/tpdb_known/c_term/rec_strlen.c,tpdb429term,/home/clexma/Desktop/fox3/TermDB/svcomp_examples/sv-benchmarks/c/properties/termination.prp,32bit,300,1,/home/clexma/Desktop/fox3/TermDB/UAutomizer-linux,/usr/bin/python3 /home/clexma/Desktop/fox3/TermDB/UAutomizer-linux/Ultimate.py --config /home/clexma/Desktop/fox3/TermDB/UAutomizer-linux/config --data /home/clexma/Desktop/fox3/TermDB/UAutomizer-linux/data --full-output --architecture 32bit --spec /home/clexma/Desktop/fox3/TermDB/svcomp_examples/sv-benchmarks/c/properties/termination.prp --file ../EvolveTerm/data/tpdb_known/c_term/rec_strlen.c
s3_clnt_1_false-unreach-call.cil.c,YES,0,,0,stdout_stderr,9.82,Results/ultimate/ultiouts/c_term/s3_clnt_1_false-unreach-call.cil.c-ultimate-svtermprp.log,,2026-01-22 18:59:24,/home/clexma/Desktop/fox3/TermDB/EvolveTerm/data/tpdb_known/c_term/s3_clnt_1_false-unreach-call.cil.c,tpdb429term,/home/clexma/Desktop/fox3/TermDB/svcomp_examples/sv-benchmarks/c/properties/termination.prp,32bit,300,1,/home/clexma/Desktop/fox3/TermDB/UAutomizer-linux,/usr/bin/python3 /home/clexma/Desktop/fox3/TermDB/UAutomizer-linux/Ultimate.py --config /home/clexma/Desktop/fox3/TermDB/UAutomizer-linux/config --data /home/clexma/Desktop/fox3/TermDB/UAutomizer-linux/data --full-output --architecture 32bit --spec /home/clexma/Desktop/fox3/TermDB/svcomp_examples/sv-benchmarks/c/properties/termination.prp --file ../EvolveTerm/data/tpdb_known/c_term/s3_clnt_1_false-unreach-call.cil.c
standard_compare_true-unreach-call_ground.c,TIMEOUT,1,Analysis timed out after 300 seconds,,timeout,300.08,,,2026-01-22 19:04:24,/home/clexma/Desktop/fox3/TermDB/EvolveTerm/data/tpdb_known/c_term/standard_compare_true-unreach-call_ground.c,tpdb429term,/home/clexma/Desktop/fox3/TermDB/svcomp_examples/sv-benchmarks/c/properties/termination.prp,32bit,300,1,/home/clexma/Desktop/fox3/TermDB/UAutomizer-linux,/usr/bin/python3 /home/clexma/Desktop/fox3/TermDB/UAutomizer-linux/Ultimate.py --config /home/clexma/Desktop/fox3/TermDB/UAutomizer-linux/config --data /home/clexma/Desktop/fox3/TermDB/UAutomizer-linux/data --full-output --architecture 32bit --spec /home/clexma/Desktop/fox3/TermDB/svcomp_examples/sv-benchmarks/c/properties/termination.prp --file ../EvolveTerm/data/tpdb_known/c_term/standard_compare_true-unreach-call_ground.c
standard_copy7_true-unreach-call_ground.c,TIMEOUT,1,Analysis timed out after 300 seconds,,timeout,300.09,,,2026-01-22 19:09:24,/home/clexma/Desktop/fox3/TermDB/EvolveTerm/data/tpdb_known/c_term/standard_copy7_true-unreach-call_ground.c,tpdb429term,/home/clexma/Desktop/fox3/TermDB/svcomp_examples/sv-benchmarks/c/properties/termination.prp,32bit,300,1,/home/clexma/Desktop/fox3/TermDB/UAutomizer-linux,/usr/bin/python3 /home/clexma/Desktop/fox3/TermDB/UAutomizer-linux/Ultimate.py --config /home/clexma/Desktop/fox3/TermDB/UAutomizer-linux/config --data /home/clexma/Desktop/fox3/TermDB/UAutomizer-linux/data --full-output --architecture 32bit --spec /home/clexma/Desktop/fox3/TermDB/svcomp_examples/sv-benchmarks/c/properties/termination.prp --file ../EvolveTerm/data/tpdb_known/c_term/standard_copy7_true-unreach-call_ground.c
standard_password_true-unreach-call_ground.c,TIMEOUT,1,Analysis timed out after 300 seconds,,timeout,300.09,,,2026-01-22 19:14:24,/home/clexma/Desktop/fox3/TermDB/EvolveTerm/data/tpdb_known/c_term/standard_password_true-unreach-call_ground.c,tpdb429term,/home/clexma/Desktop/fox3/TermDB/svcomp_examples/sv-benchmarks/c/properties/termination.prp,32bit,300,1,/home/clexma/Desktop/fox3/TermDB/UAutomizer-linux,/usr/bin/python3 /home/clexma/Desktop/fox3/TermDB/UAutomizer-linux/Ultimate.py --config /home/clexma/Desktop/fox3/TermDB/UAutomizer-linux/config --data /home/clexma/Desktop/fox3/TermDB/UAutomizer-linux/data --full-output --architecture 32bit --spec /home/clexma/Desktop/fox3/TermDB/svcomp_examples/sv-benchmarks/c/properties/termination.prp --file ../EvolveTerm/data/tpdb_known/c_term/standard_password_true-unreach-call_ground.c
sum_2x3_false-unreach-call.c,YES,0,,0,stdout_stderr,3.95,Results/ultimate/ultiouts/c_term/sum_2x3_false-unreach-call.c-ultimate-svtermprp.log,,2026-01-22 19:14:28,/home/clexma/Desktop/fox3/TermDB/EvolveTerm/data/tpdb_known/c_term/sum_2x3_false-unreach-call.c,tpdb429term,/home/clexma/Desktop/fox3/TermDB/svcomp_examples/sv-benchmarks/c/properties/termination.prp,32bit,300,1,/home/clexma/Desktop/fox3/TermDB/UAutomizer-linux,/usr/bin/python3 /home/clexma/Desktop/fox3/TermDB/UAutomizer-linux/Ultimate.py --config /home/clexma/Desktop/fox3/TermDB/UAutomizer-linux/config --data /home/clexma/Desktop/fox3/TermDB/UAutomizer-linux/data --full-output --architecture 32bit --spec /home/clexma/Desktop/fox3/TermDB/svcomp_examples/sv-benchmarks/c/properties/termination.prp --file ../EvolveTerm/data/tpdb_known/c_term/sum_2x3_false-unreach-call.c
svcomp_Ackermann01_true-unreach-call_modified_modified.c,TIMEOUT,1,Analysis timed out after 300 seconds,,timeout,300.07,,,2026-01-22 19:19:28,/home/clexma/Desktop/fox3/TermDB/EvolveTerm/data/tpdb_known/c_term/svcomp_Ackermann01_true-unreach-call_modified_modified.c,tpdb429term,/home/clexma/Desktop/fox3/TermDB/svcomp_examples/sv-benchmarks/c/properties/termination.prp,32bit,300,1,/home/clexma/Desktop/fox3/TermDB/UAutomizer-linux,/usr/bin/python3 /home/clexma/Desktop/fox3/TermDB/UAutomizer-linux/Ultimate.py --config /home/clexma/Desktop/fox3/TermDB/UAutomizer-linux/config --data /home/clexma/Desktop/fox3/TermDB/UAutomizer-linux/data --full-output --architecture 32bit --spec /home/clexma/Desktop/fox3/TermDB/svcomp_examples/sv-benchmarks/c/properties/termination.prp --file ../EvolveTerm/data/tpdb_known/c_term/svcomp_Ackermann01_true-unreach-call_modified_modified.c
svcomp_Addition01_true-unreach-call_true-termination_modified.c,YES,0,,0,stdout_stderr,4.80,Results/ultimate/ultiouts/c_term/svcomp_Addition01_true-unreach-call_true-termination_modified.c-ultimate-svtermprp.log,,2026-01-22 19:19:33,/home/clexma/Desktop/fox3/TermDB/EvolveTerm/data/tpdb_known/c_term/svcomp_Addition01_true-unreach-call_true-termination_modified.c,tpdb429term,/home/clexma/Desktop/fox3/TermDB/svcomp_examples/sv-benchmarks/c/properties/termination.prp,32bit,300,1,/home/clexma/Desktop/fox3/TermDB/UAutomizer-linux,/usr/bin/python3 /home/clexma/Desktop/fox3/TermDB/UAutomizer-linux/Ultimate.py --config /home/clexma/Desktop/fox3/TermDB/UAutomizer-linux/config --data /home/clexma/Desktop/fox3/TermDB/UAutomizer-linux/data --full-output --architecture 32bit --spec /home/clexma/Desktop/fox3/TermDB/svcomp_examples/sv-benchmarks/c/properties/termination.prp --file ../EvolveTerm/data/tpdb_known/c_term/svcomp_Addition01_true-unreach-call_true-termination_modified.c
svcomp_Avery-2006FLOPS-Tabel1_true-alloca.c,YES,0,,0,stdout_stderr,5.15,Results/ultimate/ultiouts/c_term/svcomp_Avery-2006FLOPS-Tabel1_true-alloca.c-ultimate-svtermprp.log,,2026-01-22 19:19:38,/home/clexma/Desktop/fox3/TermDB/EvolveTerm/data/tpdb_known/c_term/svcomp_Avery-2006FLOPS-Tabel1_true-alloca.c,tpdb429term,/home/clexma/Desktop/fox3/TermDB/svcomp_examples/sv-benchmarks/c/properties/termination.prp,32bit,300,1,/home/clexma/Desktop/fox3/TermDB/UAutomizer-linux,/usr/bin/python3 /home/clexma/Desktop/fox3/TermDB/UAutomizer-linux/Ultimate.py --config /home/clexma/Desktop/fox3/TermDB/UAutomizer-linux/config --data /home/clexma/Desktop/fox3/TermDB/UAutomizer-linux/data --full-output --architecture 32bit --spec /home/clexma/Desktop/fox3/TermDB/svcomp_examples/sv-benchmarks/c/properties/termination.prp --file ../EvolveTerm/data/tpdb_known/c_term/svcomp_Avery-2006FLOPS-Tabel1_true-alloca.c
svcomp_Ben-Amram-2010LMCS-Ex2.3_true-alloca.c,YES,0,,0,stdout_stderr,6.35,Results/ultimate/ultiouts/c_term/svcomp_Ben-Amram-2010LMCS-Ex2.3_true-alloca.c-ultimate-svtermprp.log,,2026-01-22 19:19:44,/home/clexma/Desktop/fox3/TermDB/EvolveTerm/data/tpdb_known/c_term/svcomp_Ben-Amram-2010LMCS-Ex2.3_true-alloca.c,tpdb429term,/home/clexma/Desktop/fox3/TermDB/svcomp_examples/sv-benchmarks/c/properties/termination.prp,32bit,300,1,/home/clexma/Desktop/fox3/TermDB/UAutomizer-linux,/usr/bin/python3 /home/clexma/Desktop/fox3/TermDB/UAutomizer-linux/Ultimate.py --config /home/clexma/Desktop/fox3/TermDB/UAutomizer-linux/config --data /home/clexma/Desktop/fox3/TermDB/UAutomizer-linux/data --full-output --architecture 32bit --spec /home/clexma/Desktop/fox3/TermDB/svcomp_examples/sv-benchmarks/c/properties/termination.prp --file ../EvolveTerm/data/tpdb_known/c_term/svcomp_Ben-Amram-2010LMCS-Ex2.3_true-alloca.c
svcomp_BrockschmidtCookFuhs-2013CAV-Fig1_true-alloca.c,YES,0,,0,stdout_stderr,7.84,Results/ultimate/ultiouts/c_term/svcomp_BrockschmidtCookFuhs-2013CAV-Fig1_true-alloca.c-ultimate-svtermprp.log,,2026-01-22 19:19:52,/home/clexma/Desktop/fox3/TermDB/EvolveTerm/data/tpdb_known/c_term/svcomp_BrockschmidtCookFuhs-2013CAV-Fig1_true-alloca.c,tpdb429term,/home/clexma/Desktop/fox3/TermDB/svcomp_examples/sv-benchmarks/c/properties/termination.prp,32bit,300,1,/home/clexma/Desktop/fox3/TermDB/UAutomizer-linux,/usr/bin/python3 /home/clexma/Desktop/fox3/TermDB/UAutomizer-linux/Ultimate.py --config /home/clexma/Desktop/fox3/TermDB/UAutomizer-linux/config --data /home/clexma/Desktop/fox3/TermDB/UAutomizer-linux/data --full-output --architecture 32bit --spec /home/clexma/Desktop/fox3/TermDB/svcomp_examples/sv-benchmarks/c/properties/termination.prp --file ../EvolveTerm/data/tpdb_known/c_term/svcomp_BrockschmidtCookFuhs-2013CAV-Fig1_true-alloca.c
svcomp_BrockschmidtCookFuhs-2013CAV-Introduction_true-alloca.c,YES,0,,0,stdout_stderr,3.80,Results/ultimate/ultiouts/c_term/svcomp_BrockschmidtCookFuhs-2013CAV-Introduction_true-alloca.c-ultimate-svtermprp.log,,2026-01-22 19:19:56,/home/clexma/Desktop/fox3/TermDB/EvolveTerm/data/tpdb_known/c_term/svcomp_BrockschmidtCookFuhs-2013CAV-Introduction_true-alloca.c,tpdb429term,/home/clexma/Desktop/fox3/TermDB/svcomp_examples/sv-benchmarks/c/properties/termination.prp,32bit,300,1,/home/clexma/Desktop/fox3/TermDB/UAutomizer-linux,/usr/bin/python3 /home/clexma/Desktop/fox3/TermDB/UAutomizer-linux/Ultimate.py --config /home/clexma/Desktop/fox3/TermDB/UAutomizer-linux/config --data /home/clexma/Desktop/fox3/TermDB/UAutomizer-linux/data --full-output --architecture 32bit --spec /home/clexma/Desktop/fox3/TermDB/svcomp_examples/sv-benchmarks/c/properties/termination.prp --file ../EvolveTerm/data/tpdb_known/c_term/svcomp_BrockschmidtCookFuhs-2013CAV-Introduction_true-alloca.c
svcomp_ChenFlurMukhopadhyay-2012SAS-Fig1_true-alloca.c,YES,0,,0,stdout_stderr,4.18,Results/ultimate/ultiouts/c_term/svcomp_ChenFlurMukhopadhyay-2012SAS-Fig1_true-alloca.c-ultimate-svtermprp.log,,2026-01-22 19:20:00,/home/clexma/Desktop/fox3/TermDB/EvolveTerm/data/tpdb_known/c_term/svcomp_ChenFlurMukhopadhyay-2012SAS-Fig1_true-alloca.c,tpdb429term,/home/clexma/Desktop/fox3/TermDB/svcomp_examples/sv-benchmarks/c/properties/termination.prp,32bit,300,1,/home/clexma/Desktop/fox3/TermDB/UAutomizer-linux,/usr/bin/python3 /home/clexma/Desktop/fox3/TermDB/UAutomizer-linux/Ultimate.py --config /home/clexma/Desktop/fox3/TermDB/UAutomizer-linux/config --data /home/clexma/Desktop/fox3/TermDB/UAutomizer-linux/data --full-output --architecture 32bit --spec /home/clexma/Desktop/fox3/TermDB/svcomp_examples/sv-benchmarks/c/properties/termination.prp --file ../EvolveTerm/data/tpdb_known/c_term/svcomp_ChenFlurMukhopadhyay-2012SAS-Fig1_true-alloca.c
svcomp_CookSeeZuleger-2013TACAS-Fig3_true-alloca.c,YES,0,,0,stdout_stderr,5.16,Results/ultimate/ultiouts/c_term/svcomp_CookSeeZuleger-2013TACAS-Fig3_true-alloca.c-ultimate-svtermprp.log,,2026-01-22 19:20:05,/home/clexma/Desktop/fox3/TermDB/EvolveTerm/data/tpdb_known/c_term/svcomp_CookSeeZuleger-2013TACAS-Fig3_true-alloca.c,tpdb429term,/home/clexma/Desktop/fox3/TermDB/svcomp_examples/sv-benchmarks/c/properties/termination.prp,32bit,300,1,/home/clexma/Desktop/fox3/TermDB/UAutomizer-linux,/usr/bin/python3 /home/clexma/Desktop/fox3/TermDB/UAutomizer-linux/Ultimate.py --config /home/clexma/Desktop/fox3/TermDB/UAutomizer-linux/config --data /home/clexma/Desktop/fox3/TermDB/UAutomizer-linux/data --full-output --architecture 32bit --spec /home/clexma/Desktop/fox3/TermDB/svcomp_examples/sv-benchmarks/c/properties/termination.prp --file ../EvolveTerm/data/tpdb_known/c_term/svcomp_CookSeeZuleger-2013TACAS-Fig3_true-alloca.c
svcomp_CookSeeZuleger-2013TACAS-Fig7a_true-alloca.c,YES,0,,0,stdout_stderr,10.20,Results/ultimate/ultiouts/c_term/svcomp_CookSeeZuleger-2013TACAS-Fig7a_true-alloca.c-ultimate-svtermprp.log,,2026-01-22 19:20:15,/home/clexma/Desktop/fox3/TermDB/EvolveTerm/data/tpdb_known/c_term/svcomp_CookSeeZuleger-2013TACAS-Fig7a_true-alloca.c,tpdb429term,/home/clexma/Desktop/fox3/TermDB/svcomp_examples/sv-benchmarks/c/properties/termination.prp,32bit,300,1,/home/clexma/Desktop/fox3/TermDB/UAutomizer-linux,/usr/bin/python3 /home/clexma/Desktop/fox3/TermDB/UAutomizer-linux/Ultimate.py --config /home/clexma/Desktop/fox3/TermDB/UAutomizer-linux/config --data /home/clexma/Desktop/fox3/TermDB/UAutomizer-linux/data --full-output --architecture 32bit --spec /home/clexma/Desktop/fox3/TermDB/svcomp_examples/sv-benchmarks/c/properties/termination.prp --file ../EvolveTerm/data/tpdb_known/c_term/svcomp_CookSeeZuleger-2013TACAS-Fig7a_true-alloca.c
svcomp_CookSeeZuleger-2013TACAS-Fig7b_true-alloca.c,YES,0,,0,stdout_stderr,10.92,Results/ultimate/ultiouts/c_term/svcomp_CookSeeZuleger-2013TACAS-Fig7b_true-alloca.c-ultimate-svtermprp.log,,2026-01-22 19:20:26,/home/clexma/Desktop/fox3/TermDB/EvolveTerm/data/tpdb_known/c_term/svcomp_CookSeeZuleger-2013TACAS-Fig7b_true-alloca.c,tpdb429term,/home/clexma/Desktop/fox3/TermDB/svcomp_examples/sv-benchmarks/c/properties/termination.prp,32bit,300,1,/home/clexma/Desktop/fox3/TermDB/UAutomizer-linux,/usr/bin/python3 /home/clexma/Desktop/fox3/TermDB/UAutomizer-linux/Ultimate.py --config /home/clexma/Desktop/fox3/TermDB/UAutomizer-linux/config --data /home/clexma/Desktop/fox3/TermDB/UAutomizer-linux/data --full-output --architecture 32bit --spec /home/clexma/Desktop/fox3/TermDB/svcomp_examples/sv-benchmarks/c/properties/termination.prp --file ../EvolveTerm/data/tpdb_known/c_term/svcomp_CookSeeZuleger-2013TACAS-Fig7b_true-alloca.c
svcomp_EvenOdd01_true-unreach-call_true-termination_modified.c,YES,0,,0,stdout_stderr,4.92,Results/ultimate/ultiouts/c_term/svcomp_EvenOdd01_true-unreach-call_true-termination_modified.c-ultimate-svtermprp.log,,2026-01-22 19:20:31,/home/clexma/Desktop/fox3/TermDB/EvolveTerm/data/tpdb_known/c_term/svcomp_EvenOdd01_true-unreach-call_true-termination_modified.c,tpdb429term,/home/clexma/Desktop/fox3/TermDB/svcomp_examples/sv-benchmarks/c/properties/termination.prp,32bit,300,1,/home/clexma/Desktop/fox3/TermDB/UAutomizer-linux,/usr/bin/python3 /home/clexma/Desktop/fox3/TermDB/UAutomizer-linux/Ultimate.py --config /home/clexma/Desktop/fox3/TermDB/UAutomizer-linux/config --data /home/clexma/Desktop/fox3/TermDB/UAutomizer-linux/data --full-output --architecture 32bit --spec /home/clexma/Desktop/fox3/TermDB/svcomp_examples/sv-benchmarks/c/properties/termination.prp --file ../EvolveTerm/data/tpdb_known/c_term/svcomp_EvenOdd01_true-unreach-call_true-termination_modified.c
svcomp_Fibonacci01_true-unreach-call_modified.c,TIMEOUT,1,Analysis timed out after 300 seconds,,timeout,300.02,,,2026-01-22 19:25:31,/home/clexma/Desktop/fox3/TermDB/EvolveTerm/data/tpdb_known/c_term/svcomp_Fibonacci01_true-unreach-call_modified.c,tpdb429term,/home/clexma/Desktop/fox3/TermDB/svcomp_examples/sv-benchmarks/c/properties/termination.prp,32bit,300,1,/home/clexma/Desktop/fox3/TermDB/UAutomizer-linux,/usr/bin/python3 /home/clexma/Desktop/fox3/TermDB/UAutomizer-linux/Ultimate.py --config /home/clexma/Desktop/fox3/TermDB/UAutomizer-linux/config --data /home/clexma/Desktop/fox3/TermDB/UAutomizer-linux/data --full-output --architecture 32bit --spec /home/clexma/Desktop/fox3/TermDB/svcomp_examples/sv-benchmarks/c/properties/termination.prp --file ../EvolveTerm/data/tpdb_known/c_term/svcomp_Fibonacci01_true-unreach-call_modified.c
svcomp_GulwaniJainKoskinen-2009PLDI-Fig1_true-alloca.c,TIMEOUT,1,Analysis timed out after 300 seconds,,timeout,300.04,,,2026-01-22 19:30:31,/home/clexma/Desktop/fox3/TermDB/EvolveTerm/data/tpdb_known/c_term/svcomp_GulwaniJainKoskinen-2009PLDI-Fig1_true-alloca.c,tpdb429term,/home/clexma/Desktop/fox3/TermDB/svcomp_examples/sv-benchmarks/c/properties/termination.prp,32bit,300,1,/home/clexma/Desktop/fox3/TermDB/UAutomizer-linux,/usr/bin/python3 /home/clexma/Desktop/fox3/TermDB/UAutomizer-linux/Ultimate.py --config /home/clexma/Desktop/fox3/TermDB/UAutomizer-linux/config --data /home/clexma/Desktop/fox3/TermDB/UAutomizer-linux/data --full-output --architecture 32bit --spec /home/clexma/Desktop/fox3/TermDB/svcomp_examples/sv-benchmarks/c/properties/termination.prp --file ../EvolveTerm/data/tpdb_known/c_term/svcomp_GulwaniJainKoskinen-2009PLDI-Fig1_true-alloca.c
svcomp_HarrisLalNoriRajamani-2010SAS-Fig1_true-alloca.c,YES,0,,0,stdout_stderr,7.30,Results/ultimate/ultiouts/c_term/svcomp_HarrisLalNoriRajamani-2010SAS-Fig1_true-alloca.c-ultimate-svtermprp.log,,2026-01-22 19:30:39,/home/clexma/Desktop/fox3/TermDB/EvolveTerm/data/tpdb_known/c_term/svcomp_HarrisLalNoriRajamani-2010SAS-Fig1_true-alloca.c,tpdb429term,/home/clexma/Desktop/fox3/TermDB/svcomp_examples/sv-benchmarks/c/properties/termination.prp,32bit,300,1,/home/clexma/Desktop/fox3/TermDB/UAutomizer-linux,/usr/bin/python3 /home/clexma/Desktop/fox3/TermDB/UAutomizer-linux/Ultimate.py --config /home/clexma/Desktop/fox3/TermDB/UAutomizer-linux/config --data /home/clexma/Desktop/fox3/TermDB/UAutomizer-linux/data --full-output --architecture 32bit --spec /home/clexma/Desktop/fox3/TermDB/svcomp_examples/sv-benchmarks/c/properties/termination.prp --file ../EvolveTerm/data/tpdb_known/c_term/svcomp_HarrisLalNoriRajamani-2010SAS-Fig1_true-alloca.c
svcomp_HarrisLalNoriRajamani-2010SAS-Fig3_true-alloca.c,YES,0,,0,stdout_stderr,3.93,Results/ultimate/ultiouts/c_term/svcomp_HarrisLalNoriRajamani-2010SAS-Fig3_true-alloca.c-ultimate-svtermprp.log,,2026-01-22 19:30:42,/home/clexma/Desktop/fox3/TermDB/EvolveTerm/data/tpdb_known/c_term/svcomp_HarrisLalNoriRajamani-2010SAS-Fig3_true-alloca.c,tpdb429term,/home/clexma/Desktop/fox3/TermDB/svcomp_examples/sv-benchmarks/c/properties/termination.prp,32bit,300,1,/home/clexma/Desktop/fox3/TermDB/UAutomizer-linux,/usr/bin/python3 /home/clexma/Desktop/fox3/TermDB/UAutomizer-linux/Ultimate.py --config /home/clexma/Desktop/fox3/TermDB/UAutomizer-linux/config --data /home/clexma/Desktop/fox3/TermDB/UAutomizer-linux/data --full-output --architecture 32bit --spec /home/clexma/Desktop/fox3/TermDB/svcomp_examples/sv-benchmarks/c/properties/termination.prp --file ../EvolveTerm/data/tpdb_known/c_term/svcomp_HarrisLalNoriRajamani-2010SAS-Fig3_true-alloca.c
svcomp_KroeningSharyginaTsitovichWintersteiger-2010CAV-Fig1_true-alloca.c,YES,0,,0,stdout_stderr,6.38,Results/ultimate/ultiouts/c_term/svcomp_KroeningSharyginaTsitovichWintersteiger-2010CAV-Fig1_true-alloca.c-ultimate-svtermprp.log,,2026-01-22 19:30:49,/home/clexma/Desktop/fox3/TermDB/EvolveTerm/data/tpdb_known/c_term/svcomp_KroeningSharyginaTsitovichWintersteiger-2010CAV-Fig1_true-alloca.c,tpdb429term,/home/clexma/Desktop/fox3/TermDB/svcomp_examples/sv-benchmarks/c/properties/termination.prp,32bit,300,1,/home/clexma/Desktop/fox3/TermDB/UAutomizer-linux,/usr/bin/python3 /home/clexma/Desktop/fox3/TermDB/UAutomizer-linux/Ultimate.py --config /home/clexma/Desktop/fox3/TermDB/UAutomizer-linux/config --data /home/clexma/Desktop/fox3/TermDB/UAutomizer-linux/data --full-output --architecture 32bit --spec /home/clexma/Desktop/fox3/TermDB/svcomp_examples/sv-benchmarks/c/properties/termination.prp --file ../EvolveTerm/data/tpdb_known/c_term/svcomp_KroeningSharyginaTsitovichWintersteiger-2010CAV-Fig1_true-alloca.c
svcomp_LarrazOliverasRodriguez-CarbonellRubio-2013FMCAD-Fig1_true-alloca.c,YES,0,,0,stdout_stderr,93.81,Results/ultimate/ultiouts/c_term/svcomp_LarrazOliverasRodriguez-CarbonellRubio-2013FMCAD-Fig1_true-alloca.c-ultimate-svtermprp.log,,2026-01-22 19:32:23,/home/clexma/Desktop/fox3/TermDB/EvolveTerm/data/tpdb_known/c_term/svcomp_LarrazOliverasRodriguez-CarbonellRubio-2013FMCAD-Fig1_true-alloca.c,tpdb429term,/home/clexma/Desktop/fox3/TermDB/svcomp_examples/sv-benchmarks/c/properties/termination.prp,32bit,300,1,/home/clexma/Desktop/fox3/TermDB/UAutomizer-linux,/usr/bin/python3 /home/clexma/Desktop/fox3/TermDB/UAutomizer-linux/Ultimate.py --config /home/clexma/Desktop/fox3/TermDB/UAutomizer-linux/config --data /home/clexma/Desktop/fox3/TermDB/UAutomizer-linux/data --full-output --architecture 32bit --spec /home/clexma/Desktop/fox3/TermDB/svcomp_examples/sv-benchmarks/c/properties/termination.prp --file ../EvolveTerm/data/tpdb_known/c_term/svcomp_LarrazOliverasRodriguez-CarbonellRubio-2013FMCAD-Fig1_true-alloca.c
svcomp_MultCommutative_true-unreach-call_true-termination_modified.c,YES,0,,0,stdout_stderr,5.04,Results/ultimate/ultiouts/c_term/svcomp_MultCommutative_true-unreach-call_true-termination_modified.c-ultimate-svtermprp.log,,2026-01-22 19:32:28,/home/clexma/Desktop/fox3/TermDB/EvolveTerm/data/tpdb_known/c_term/svcomp_MultCommutative_true-unreach-call_true-termination_modified.c,tpdb429term,/home/clexma/Desktop/fox3/TermDB/svcomp_examples/sv-benchmarks/c/properties/termination.prp,32bit,300,1,/home/clexma/Desktop/fox3/TermDB/UAutomizer-linux,/usr/bin/python3 /home/clexma/Desktop/fox3/TermDB/UAutomizer-linux/Ultimate.py --config /home/clexma/Desktop/fox3/TermDB/UAutomizer-linux/config --data /home/clexma/Desktop/fox3/TermDB/UAutomizer-linux/data --full-output --architecture 32bit --spec /home/clexma/Desktop/fox3/TermDB/svcomp_examples/sv-benchmarks/c/properties/termination.prp --file ../EvolveTerm/data/tpdb_known/c_term/svcomp_MultCommutative_true-unreach-call_true-termination_modified.c
svcomp_NoriSharma-2013FSE-Fig7_true-alloca.c,YES,0,,0,stdout_stderr,19.00,Results/ultimate/ultiouts/c_term/svcomp_NoriSharma-2013FSE-Fig7_true-alloca.c-ultimate-svtermprp.log,,2026-01-22 19:32:47,/home/clexma/Desktop/fox3/TermDB/EvolveTerm/data/tpdb_known/c_term/svcomp_NoriSharma-2013FSE-Fig7_true-alloca.c,tpdb429term,/home/clexma/Desktop/fox3/TermDB/svcomp_examples/sv-benchmarks/c/properties/termination.prp,32bit,300,1,/home/clexma/Desktop/fox3/TermDB/UAutomizer-linux,/usr/bin/python3 /home/clexma/Desktop/fox3/TermDB/UAutomizer-linux/Ultimate.py --config /home/clexma/Desktop/fox3/TermDB/UAutomizer-linux/config --data /home/clexma/Desktop/fox3/TermDB/UAutomizer-linux/data --full-output --architecture 32bit --spec /home/clexma/Desktop/fox3/TermDB/svcomp_examples/sv-benchmarks/c/properties/termination.prp --file ../EvolveTerm/data/tpdb_known/c_term/svcomp_NoriSharma-2013FSE-Fig7_true-alloca.c
svcomp_NoriSharma-2013FSE-Fig8_true-alloca.c,YES,0,,0,stdout_stderr,6.33,Results/ultimate/ultiouts/c_term/svcomp_NoriSharma-2013FSE-Fig8_true-alloca.c-ultimate-svtermprp.log,,2026-01-22 19:32:53,/home/clexma/Desktop/fox3/TermDB/EvolveTerm/data/tpdb_known/c_term/svcomp_NoriSharma-2013FSE-Fig8_true-alloca.c,tpdb429term,/home/clexma/Desktop/fox3/TermDB/svcomp_examples/sv-benchmarks/c/properties/termination.prp,32bit,300,1,/home/clexma/Desktop/fox3/TermDB/UAutomizer-linux,/usr/bin/python3 /home/clexma/Desktop/fox3/TermDB/UAutomizer-linux/Ultimate.py --config /home/clexma/Desktop/fox3/TermDB/UAutomizer-linux/config --data /home/clexma/Desktop/fox3/TermDB/UAutomizer-linux/data --full-output --architecture 32bit --spec /home/clexma/Desktop/fox3/TermDB/svcomp_examples/sv-benchmarks/c/properties/termination.prp --file ../EvolveTerm/data/tpdb_known/c_term/svcomp_NoriSharma-2013FSE-Fig8_true-alloca.c
svcomp_Toulouse-BranchesToLoop_true-alloca.c,YES,0,,0,stdout_stderr,4.46,Results/ultimate/ultiouts/c_term/svcomp_Toulouse-BranchesToLoop_true-alloca.c-ultimate-svtermprp.log,,2026-01-22 19:32:58,/home/clexma/Desktop/fox3/TermDB/EvolveTerm/data/tpdb_known/c_term/svcomp_Toulouse-BranchesToLoop_true-alloca.c,tpdb429term,/home/clexma/Desktop/fox3/TermDB/svcomp_examples/sv-benchmarks/c/properties/termination.prp,32bit,300,1,/home/clexma/Desktop/fox3/TermDB/UAutomizer-linux,/usr/bin/python3 /home/clexma/Desktop/fox3/TermDB/UAutomizer-linux/Ultimate.py --config /home/clexma/Desktop/fox3/TermDB/UAutomizer-linux/config --data /home/clexma/Desktop/fox3/TermDB/UAutomizer-linux/data --full-output --architecture 32bit --spec /home/clexma/Desktop/fox3/TermDB/svcomp_examples/sv-benchmarks/c/properties/termination.prp --file ../EvolveTerm/data/tpdb_known/c_term/svcomp_Toulouse-BranchesToLoop_true-alloca.c
svcomp_Toulouse-MultiBranchesToLoop_true-alloca.c,YES,0,,0,stdout_stderr,6.60,Results/ultimate/ultiouts/c_term/svcomp_Toulouse-MultiBranchesToLoop_true-alloca.c-ultimate-svtermprp.log,,2026-01-22 19:33:04,/home/clexma/Desktop/fox3/TermDB/EvolveTerm/data/tpdb_known/c_term/svcomp_Toulouse-MultiBranchesToLoop_true-alloca.c,tpdb429term,/home/clexma/Desktop/fox3/TermDB/svcomp_examples/sv-benchmarks/c/properties/termination.prp,32bit,300,1,/home/clexma/Desktop/fox3/TermDB/UAutomizer-linux,/usr/bin/python3 /home/clexma/Desktop/fox3/TermDB/UAutomizer-linux/Ultimate.py --config /home/clexma/Desktop/fox3/TermDB/UAutomizer-linux/config --data /home/clexma/Desktop/fox3/TermDB/UAutomizer-linux/data --full-output --architecture 32bit --spec /home/clexma/Desktop/fox3/TermDB/svcomp_examples/sv-benchmarks/c/properties/termination.prp --file ../EvolveTerm/data/tpdb_known/c_term/svcomp_Toulouse-MultiBranchesToLoop_true-alloca.c
svcomp_Urban-2013WST-Fig2-modified1000_true-alloca.c,TIMEOUT,1,Analysis timed out after 300 seconds,,timeout,300.04,,,2026-01-22 19:38:04,/home/clexma/Desktop/fox3/TermDB/EvolveTerm/data/tpdb_known/c_term/svcomp_Urban-2013WST-Fig2-modified1000_true-alloca.c,tpdb429term,/home/clexma/Desktop/fox3/TermDB/svcomp_examples/sv-benchmarks/c/properties/termination.prp,32bit,300,1,/home/clexma/Desktop/fox3/TermDB/UAutomizer-linux,/usr/bin/python3 /home/clexma/Desktop/fox3/TermDB/UAutomizer-linux/Ultimate.py --config /home/clexma/Desktop/fox3/TermDB/UAutomizer-linux/config --data /home/clexma/Desktop/fox3/TermDB/UAutomizer-linux/data --full-output --architecture 32bit --spec /home/clexma/Desktop/fox3/TermDB/svcomp_examples/sv-benchmarks/c/properties/termination.prp --file ../EvolveTerm/data/tpdb_known/c_term/svcomp_Urban-2013WST-Fig2-modified1000_true-alloca.c
svcomp_Urban-2013WST-Fig2_true-alloca.c,YES,0,,0,stdout_stderr,5.36,Results/ultimate/ultiouts/c_term/svcomp_Urban-2013WST-Fig2_true-alloca.c-ultimate-svtermprp.log,,2026-01-22 19:38:10,/home/clexma/Desktop/fox3/TermDB/EvolveTerm/data/tpdb_known/c_term/svcomp_Urban-2013WST-Fig2_true-alloca.c,tpdb429term,/home/clexma/Desktop/fox3/TermDB/svcomp_examples/sv-benchmarks/c/properties/termination.prp,32bit,300,1,/home/clexma/Desktop/fox3/TermDB/UAutomizer-linux,/usr/bin/python3 /home/clexma/Desktop/fox3/TermDB/UAutomizer-linux/Ultimate.py --config /home/clexma/Desktop/fox3/TermDB/UAutomizer-linux/config --data /home/clexma/Desktop/fox3/TermDB/UAutomizer-linux/data --full-output --architecture 32bit --spec /home/clexma/Desktop/fox3/TermDB/svcomp_examples/sv-benchmarks/c/properties/termination.prp --file ../EvolveTerm/data/tpdb_known/c_term/svcomp_Urban-2013WST-Fig2_true-alloca.c
svcomp_Urban_true-alloca.c,YES,0,,0,stdout_stderr,7.74,Results/ultimate/ultiouts/c_term/svcomp_Urban_true-alloca.c-ultimate-svtermprp.log,,2026-01-22 19:38:17,/home/clexma/Desktop/fox3/TermDB/EvolveTerm/data/tpdb_known/c_term/svcomp_Urban_true-alloca.c,tpdb429term,/home/clexma/Desktop/fox3/TermDB/svcomp_examples/sv-benchmarks/c/properties/termination.prp,32bit,300,1,/home/clexma/Desktop/fox3/TermDB/UAutomizer-linux,/usr/bin/python3 /home/clexma/Desktop/fox3/TermDB/UAutomizer-linux/Ultimate.py --config /home/clexma/Desktop/fox3/TermDB/UAutomizer-linux/config --data /home/clexma/Desktop/fox3/TermDB/UAutomizer-linux/data --full-output --architecture 32bit --spec /home/clexma/Desktop/fox3/TermDB/svcomp_examples/sv-benchmarks/c/properties/termination.prp --file ../EvolveTerm/data/tpdb_known/c_term/svcomp_Urban_true-alloca.c
svcomp_a.01-alloca.c,YES,0,,0,stdout_stderr,101.73,Results/ultimate/ultiouts/c_term/svcomp_a.01-alloca.c-ultimate-svtermprp.log,,2026-01-22 19:39:59,/home/clexma/Desktop/fox3/TermDB/EvolveTerm/data/tpdb_known/c_term/svcomp_a.01-alloca.c,tpdb429term,/home/clexma/Desktop/fox3/TermDB/svcomp_examples/sv-benchmarks/c/properties/termination.prp,32bit,300,1,/home/clexma/Desktop/fox3/TermDB/UAutomizer-linux,/usr/bin/python3 /home/clexma/Desktop/fox3/TermDB/UAutomizer-linux/Ultimate.py --config /home/clexma/Desktop/fox3/TermDB/UAutomizer-linux/config --data /home/clexma/Desktop/fox3/TermDB/UAutomizer-linux/data --full-output --architecture 32bit --spec /home/clexma/Desktop/fox3/TermDB/svcomp_examples/sv-benchmarks/c/properties/termination.prp --file ../EvolveTerm/data/tpdb_known/c_term/svcomp_a.01-alloca.c
svcomp_a.01.c,YES,0,,0,stdout_stderr,4.43,Results/ultimate/ultiouts/c_term/svcomp_a.01.c-ultimate-svtermprp.log,,2026-01-22 19:40:03,/home/clexma/Desktop/fox3/TermDB/EvolveTerm/data/tpdb_known/c_term/svcomp_a.01.c,tpdb429term,/home/clexma/Desktop/fox3/TermDB/svcomp_examples/sv-benchmarks/c/properties/termination.prp,32bit,300,1,/home/clexma/Desktop/fox3/TermDB/UAutomizer-linux,/usr/bin/python3 /home/clexma/Desktop/fox3/TermDB/UAutomizer-linux/Ultimate.py --config /home/clexma/Desktop/fox3/TermDB/UAutomizer-linux/config --data /home/clexma/Desktop/fox3/TermDB/UAutomizer-linux/data --full-output --architecture 32bit --spec /home/clexma/Desktop/fox3/TermDB/svcomp_examples/sv-benchmarks/c/properties/termination.prp --file ../EvolveTerm/data/tpdb_known/c_term/svcomp_a.01.c
svcomp_a.04-alloca.c,YES,0,,0,stdout_stderr,4.06,Results/ultimate/ultiouts/c_term/svcomp_a.04-alloca.c-ultimate-svtermprp.log,,2026-01-22 19:40:07,/home/clexma/Desktop/fox3/TermDB/EvolveTerm/data/tpdb_known/c_term/svcomp_a.04-alloca.c,tpdb429term,/home/clexma/Desktop/fox3/TermDB/svcomp_examples/sv-benchmarks/c/properties/termination.prp,32bit,300,1,/home/clexma/Desktop/fox3/TermDB/UAutomizer-linux,/usr/bin/python3 /home/clexma/Desktop/fox3/TermDB/UAutomizer-linux/Ultimate.py --config /home/clexma/Desktop/fox3/TermDB/UAutomizer-linux/config --data /home/clexma/Desktop/fox3/TermDB/UAutomizer-linux/data --full-output --architecture 32bit --spec /home/clexma/Desktop/fox3/TermDB/svcomp_examples/sv-benchmarks/c/properties/termination.prp --file ../EvolveTerm/data/tpdb_known/c_term/svcomp_a.04-alloca.c
svcomp_a.04.c,YES,0,,0,stdout_stderr,3.77,Results/ultimate/ultiouts/c_term/svcomp_a.04.c-ultimate-svtermprp.log,,2026-01-22 19:40:11,/home/clexma/Desktop/fox3/TermDB/EvolveTerm/data/tpdb_known/c_term/svcomp_a.04.c,tpdb429term,/home/clexma/Desktop/fox3/TermDB/svcomp_examples/sv-benchmarks/c/properties/termination.prp,32bit,300,1,/home/clexma/Desktop/fox3/TermDB/UAutomizer-linux,/usr/bin/python3 /home/clexma/Desktop/fox3/TermDB/UAutomizer-linux/Ultimate.py --config /home/clexma/Desktop/fox3/TermDB/UAutomizer-linux/config --data /home/clexma/Desktop/fox3/TermDB/UAutomizer-linux/data --full-output --architecture 32bit --spec /home/clexma/Desktop/fox3/TermDB/svcomp_examples/sv-benchmarks/c/properties/termination.prp --file ../EvolveTerm/data/tpdb_known/c_term/svcomp_a.04.c
svcomp_a.05-alloca.c,YES,0,,0,stdout_stderr,4.08,Results/ultimate/ultiouts/c_term/svcomp_a.05-alloca.c-ultimate-svtermprp.log,,2026-01-22 19:40:15,/home/clexma/Desktop/fox3/TermDB/EvolveTerm/data/tpdb_known/c_term/svcomp_a.05-alloca.c,tpdb429term,/home/clexma/Desktop/fox3/TermDB/svcomp_examples/sv-benchmarks/c/properties/termination.prp,32bit,300,1,/home/clexma/Desktop/fox3/TermDB/UAutomizer-linux,/usr/bin/python3 /home/clexma/Desktop/fox3/TermDB/UAutomizer-linux/Ultimate.py --config /home/clexma/Desktop/fox3/TermDB/UAutomizer-linux/config --data /home/clexma/Desktop/fox3/TermDB/UAutomizer-linux/data --full-output --architecture 32bit --spec /home/clexma/Desktop/fox3/TermDB/svcomp_examples/sv-benchmarks/c/properties/termination.prp --file ../EvolveTerm/data/tpdb_known/c_term/svcomp_a.05-alloca.c
svcomp_a.05.c,YES,0,,0,stdout_stderr,3.81,Results/ultimate/ultiouts/c_term/svcomp_a.05.c-ultimate-svtermprp.log,,2026-01-22 19:40:19,/home/clexma/Desktop/fox3/TermDB/EvolveTerm/data/tpdb_known/c_term/svcomp_a.05.c,tpdb429term,/home/clexma/Desktop/fox3/TermDB/svcomp_examples/sv-benchmarks/c/properties/termination.prp,32bit,300,1,/home/clexma/Desktop/fox3/TermDB/UAutomizer-linux,/usr/bin/python3 /home/clexma/Desktop/fox3/TermDB/UAutomizer-linux/Ultimate.py --config /home/clexma/Desktop/fox3/TermDB/UAutomizer-linux/config --data /home/clexma/Desktop/fox3/TermDB/UAutomizer-linux/data --full-output --architecture 32bit --spec /home/clexma/Desktop/fox3/TermDB/svcomp_examples/sv-benchmarks/c/properties/termination.prp --file ../EvolveTerm/data/tpdb_known/c_term/svcomp_a.05.c
svcomp_a.06-alloca.c,YES,0,,0,stdout_stderr,4.23,Results/ultimate/ultiouts/c_term/svcomp_a.06-alloca.c-ultimate-svtermprp.log,,2026-01-22 19:40:23,/home/clexma/Desktop/fox3/TermDB/EvolveTerm/data/tpdb_known/c_term/svcomp_a.06-alloca.c,tpdb429term,/home/clexma/Desktop/fox3/TermDB/svcomp_examples/sv-benchmarks/c/properties/termination.prp,32bit,300,1,/home/clexma/Desktop/fox3/TermDB/UAutomizer-linux,/usr/bin/python3 /home/clexma/Desktop/fox3/TermDB/UAutomizer-linux/Ultimate.py --config /home/clexma/Desktop/fox3/TermDB/UAutomizer-linux/config --data /home/clexma/Desktop/fox3/TermDB/UAutomizer-linux/data --full-output --architecture 32bit --spec /home/clexma/Desktop/fox3/TermDB/svcomp_examples/sv-benchmarks/c/properties/termination.prp --file ../EvolveTerm/data/tpdb_known/c_term/svcomp_a.06-alloca.c
svcomp_a.06.c,YES,0,,0,stdout_stderr,3.84,Results/ultimate/ultiouts/c_term/svcomp_a.06.c-ultimate-svtermprp.log,,2026-01-22 19:40:27,/home/clexma/Desktop/fox3/TermDB/EvolveTerm/data/tpdb_known/c_term/svcomp_a.06.c,tpdb429term,/home/clexma/Desktop/fox3/TermDB/svcomp_examples/sv-benchmarks/c/properties/termination.prp,32bit,300,1,/home/clexma/Desktop/fox3/TermDB/UAutomizer-linux,/usr/bin/python3 /home/clexma/Desktop/fox3/TermDB/UAutomizer-linux/Ultimate.py --config /home/clexma/Desktop/fox3/TermDB/UAutomizer-linux/config --data /home/clexma/Desktop/fox3/TermDB/UAutomizer-linux/data --full-output --architecture 32bit --spec /home/clexma/Desktop/fox3/TermDB/svcomp_examples/sv-benchmarks/c/properties/termination.prp --file ../EvolveTerm/data/tpdb_known/c_term/svcomp_a.06.c
svcomp_a.07-alloca.c,YES,0,,0,stdout_stderr,4.49,Results/ultimate/ultiouts/c_term/svcomp_a.07-alloca.c-ultimate-svtermprp.log,,2026-01-22 19:40:32,/home/clexma/Desktop/fox3/TermDB/EvolveTerm/data/tpdb_known/c_term/svcomp_a.07-alloca.c,tpdb429term,/home/clexma/Desktop/fox3/TermDB/svcomp_examples/sv-benchmarks/c/properties/termination.prp,32bit,300,1,/home/clexma/Desktop/fox3/TermDB/UAutomizer-linux,/usr/bin/python3 /home/clexma/Desktop/fox3/TermDB/UAutomizer-linux/Ultimate.py --config /home/clexma/Desktop/fox3/TermDB/UAutomizer-linux/config --data /home/clexma/Desktop/fox3/TermDB/UAutomizer-linux/data --full-output --architecture 32bit --spec /home/clexma/Desktop/fox3/TermDB/svcomp_examples/sv-benchmarks/c/properties/termination.prp --file ../EvolveTerm/data/tpdb_known/c_term/svcomp_a.07-alloca.c
svcomp_a.07.c,YES,0,,0,stdout_stderr,3.85,Results/ultimate/ultiouts/c_term/svcomp_a.07.c-ultimate-svtermprp.log,,2026-01-22 19:40:36,/home/clexma/Desktop/fox3/TermDB/EvolveTerm/data/tpdb_known/c_term/svcomp_a.07.c,tpdb429term,/home/clexma/Desktop/fox3/TermDB/svcomp_examples/sv-benchmarks/c/properties/termination.prp,32bit,300,1,/home/clexma/Desktop/fox3/TermDB/UAutomizer-linux,/usr/bin/python3 /home/clexma/Desktop/fox3/TermDB/UAutomizer-linux/Ultimate.py --config /home/clexma/Desktop/fox3/TermDB/UAutomizer-linux/config --data /home/clexma/Desktop/fox3/TermDB/UAutomizer-linux/data --full-output --architecture 32bit --spec /home/clexma/Desktop/fox3/TermDB/svcomp_examples/sv-benchmarks/c/properties/termination.prp --file ../EvolveTerm/data/tpdb_known/c_term/svcomp_a.07.c
svcomp_a.08-alloca.c,YES,0,,0,stdout_stderr,4.02,Results/ultimate/ultiouts/c_term/svcomp_a.08-alloca.c-ultimate-svtermprp.log,,2026-01-22 19:40:40,/home/clexma/Desktop/fox3/TermDB/EvolveTerm/data/tpdb_known/c_term/svcomp_a.08-alloca.c,tpdb429term,/home/clexma/Desktop/fox3/TermDB/svcomp_examples/sv-benchmarks/c/properties/termination.prp,32bit,300,1,/home/clexma/Desktop/fox3/TermDB/UAutomizer-linux,/usr/bin/python3 /home/clexma/Desktop/fox3/TermDB/UAutomizer-linux/Ultimate.py --config /home/clexma/Desktop/fox3/TermDB/UAutomizer-linux/config --data /home/clexma/Desktop/fox3/TermDB/UAutomizer-linux/data --full-output --architecture 32bit --spec /home/clexma/Desktop/fox3/TermDB/svcomp_examples/sv-benchmarks/c/properties/termination.prp --file ../EvolveTerm/data/tpdb_known/c_term/svcomp_a.08-alloca.c
svcomp_a.08.c,YES,0,,0,stdout_stderr,3.80,Results/ultimate/ultiouts/c_term/svcomp_a.08.c-ultimate-svtermprp.log,,2026-01-22 19:40:43,/home/clexma/Desktop/fox3/TermDB/EvolveTerm/data/tpdb_known/c_term/svcomp_a.08.c,tpdb429term,/home/clexma/Desktop/fox3/TermDB/svcomp_examples/sv-benchmarks/c/properties/termination.prp,32bit,300,1,/home/clexma/Desktop/fox3/TermDB/UAutomizer-linux,/usr/bin/python3 /home/clexma/Desktop/fox3/TermDB/UAutomizer-linux/Ultimate.py --config /home/clexma/Desktop/fox3/TermDB/UAutomizer-linux/config --data /home/clexma/Desktop/fox3/TermDB/UAutomizer-linux/data --full-output --architecture 32bit --spec /home/clexma/Desktop/fox3/TermDB/svcomp_examples/sv-benchmarks/c/properties/termination.prp --file ../EvolveTerm/data/tpdb_known/c_term/svcomp_a.08.c
svcomp_a.09_assume-alloca.c,YES,0,,0,stdout_stderr,4.25,Results/ultimate/ultiouts/c_term/svcomp_a.09_assume-alloca.c-ultimate-svtermprp.log,,2026-01-22 19:40:48,/home/clexma/Desktop/fox3/TermDB/EvolveTerm/data/tpdb_known/c_term/svcomp_a.09_assume-alloca.c,tpdb429term,/home/clexma/Desktop/fox3/TermDB/svcomp_examples/sv-benchmarks/c/properties/termination.prp,32bit,300,1,/home/clexma/Desktop/fox3/TermDB/UAutomizer-linux,/usr/bin/python3 /home/clexma/Desktop/fox3/TermDB/UAutomizer-linux/Ultimate.py --config /home/clexma/Desktop/fox3/TermDB/UAutomizer-linux/config --data /home/clexma/Desktop/fox3/TermDB/UAutomizer-linux/data --full-output --architecture 32bit --spec /home/clexma/Desktop/fox3/TermDB/svcomp_examples/sv-benchmarks/c/properties/termination.prp --file ../EvolveTerm/data/tpdb_known/c_term/svcomp_a.09_assume-alloca.c
svcomp_a.09_assume.c,YES,0,,0,stdout_stderr,3.71,Results/ultimate/ultiouts/c_term/svcomp_a.09_assume.c-ultimate-svtermprp.log,,2026-01-22 19:40:51,/home/clexma/Desktop/fox3/TermDB/EvolveTerm/data/tpdb_known/c_term/svcomp_a.09_assume.c,tpdb429term,/home/clexma/Desktop/fox3/TermDB/svcomp_examples/sv-benchmarks/c/properties/termination.prp,32bit,300,1,/home/clexma/Desktop/fox3/TermDB/UAutomizer-linux,/usr/bin/python3 /home/clexma/Desktop/fox3/TermDB/UAutomizer-linux/Ultimate.py --config /home/clexma/Desktop/fox3/TermDB/UAutomizer-linux/config --data /home/clexma/Desktop/fox3/TermDB/UAutomizer-linux/data --full-output --architecture 32bit --spec /home/clexma/Desktop/fox3/TermDB/svcomp_examples/sv-benchmarks/c/properties/termination.prp --file ../EvolveTerm/data/tpdb_known/c_term/svcomp_a.09_assume.c
svcomp_a.10-alloca.c,YES,0,,0,stdout_stderr,19.89,Results/ultimate/ultiouts/c_term/svcomp_a.10-alloca.c-ultimate-svtermprp.log,,2026-01-22 19:41:11,/home/clexma/Desktop/fox3/TermDB/EvolveTerm/data/tpdb_known/c_term/svcomp_a.10-alloca.c,tpdb429term,/home/clexma/Desktop/fox3/TermDB/svcomp_examples/sv-benchmarks/c/properties/termination.prp,32bit,300,1,/home/clexma/Desktop/fox3/TermDB/UAutomizer-linux,/usr/bin/python3 /home/clexma/Desktop/fox3/TermDB/UAutomizer-linux/Ultimate.py --config /home/clexma/Desktop/fox3/TermDB/UAutomizer-linux/config --data /home/clexma/Desktop/fox3/TermDB/UAutomizer-linux/data --full-output --architecture 32bit --spec /home/clexma/Desktop/fox3/TermDB/svcomp_examples/sv-benchmarks/c/properties/termination.prp --file ../EvolveTerm/data/tpdb_known/c_term/svcomp_a.10-alloca.c
svcomp_a.10.c,YES,0,,0,stdout_stderr,4.84,Results/ultimate/ultiouts/c_term/svcomp_a.10.c-ultimate-svtermprp.log,,2026-01-22 19:41:16,/home/clexma/Desktop/fox3/TermDB/EvolveTerm/data/tpdb_known/c_term/svcomp_a.10.c,tpdb429term,/home/clexma/Desktop/fox3/TermDB/svcomp_examples/sv-benchmarks/c/properties/termination.prp,32bit,300,1,/home/clexma/Desktop/fox3/TermDB/UAutomizer-linux,/usr/bin/python3 /home/clexma/Desktop/fox3/TermDB/UAutomizer-linux/Ultimate.py --config /home/clexma/Desktop/fox3/TermDB/UAutomizer-linux/config --data /home/clexma/Desktop/fox3/TermDB/UAutomizer-linux/data --full-output --architecture 32bit --spec /home/clexma/Desktop/fox3/TermDB/svcomp_examples/sv-benchmarks/c/properties/termination.prp --file ../EvolveTerm/data/tpdb_known/c_term/svcomp_a.10.c
svcomp_array01_alloca.c,YES,0,,0,stdout_stderr,4.54,Results/ultimate/ultiouts/c_term/svcomp_array01_alloca.c-ultimate-svtermprp.log,,2026-01-22 19:41:21,/home/clexma/Desktop/fox3/TermDB/EvolveTerm/data/tpdb_known/c_term/svcomp_array01_alloca.c,tpdb429term,/home/clexma/Desktop/fox3/TermDB/svcomp_examples/sv-benchmarks/c/properties/termination.prp,32bit,300,1,/home/clexma/Desktop/fox3/TermDB/UAutomizer-linux,/usr/bin/python3 /home/clexma/Desktop/fox3/TermDB/UAutomizer-linux/Ultimate.py --config /home/clexma/Desktop/fox3/TermDB/UAutomizer-linux/config --data /home/clexma/Desktop/fox3/TermDB/UAutomizer-linux/data --full-output --architecture 32bit --spec /home/clexma/Desktop/fox3/TermDB/svcomp_examples/sv-benchmarks/c/properties/termination.prp --file ../EvolveTerm/data/tpdb_known/c_term/svcomp_array01_alloca.c
svcomp_array02_alloca.c,TIMEOUT,1,Analysis timed out after 300 seconds,,timeout,300.01,,,2026-01-22 19:46:21,/home/clexma/Desktop/fox3/TermDB/EvolveTerm/data/tpdb_known/c_term/svcomp_array02_alloca.c,tpdb429term,/home/clexma/Desktop/fox3/TermDB/svcomp_examples/sv-benchmarks/c/properties/termination.prp,32bit,300,1,/home/clexma/Desktop/fox3/TermDB/UAutomizer-linux,/usr/bin/python3 /home/clexma/Desktop/fox3/TermDB/UAutomizer-linux/Ultimate.py --config /home/clexma/Desktop/fox3/TermDB/UAutomizer-linux/config --data /home/clexma/Desktop/fox3/TermDB/UAutomizer-linux/data --full-output --architecture 32bit --spec /home/clexma/Desktop/fox3/TermDB/svcomp_examples/sv-benchmarks/c/properties/termination.prp --file ../EvolveTerm/data/tpdb_known/c_term/svcomp_array02_alloca.c
svcomp_array03_alloca.c,ERROR,1,No result found (exit=7),7,none,83.87,Results/ultimate/ultiouts/c_term/svcomp_array03_alloca.c-ultimate-svtermprp.log,,2026-01-22 19:47:44,/home/clexma/Desktop/fox3/TermDB/EvolveTerm/data/tpdb_known/c_term/svcomp_array03_alloca.c,tpdb429term,/home/clexma/Desktop/fox3/TermDB/svcomp_examples/sv-benchmarks/c/properties/termination.prp,32bit,300,1,/home/clexma/Desktop/fox3/TermDB/UAutomizer-linux,/usr/bin/python3 /home/clexma/Desktop/fox3/TermDB/UAutomizer-linux/Ultimate.py --config /home/clexma/Desktop/fox3/TermDB/UAutomizer-linux/config --data /home/clexma/Desktop/fox3/TermDB/UAutomizer-linux/data --full-output --architecture 32bit --spec /home/clexma/Desktop/fox3/TermDB/svcomp_examples/sv-benchmarks/c/properties/termination.prp --file ../EvolveTerm/data/tpdb_known/c_term/svcomp_array03_alloca.c
svcomp_aviad_true-alloca.c,YES,0,,0,stdout_stderr,4.41,Results/ultimate/ultiouts/c_term/svcomp_aviad_true-alloca.c-ultimate-svtermprp.log,,2026-01-22 19:47:49,/home/clexma/Desktop/fox3/TermDB/EvolveTerm/data/tpdb_known/c_term/svcomp_aviad_true-alloca.c,tpdb429term,/home/clexma/Desktop/fox3/TermDB/svcomp_examples/sv-benchmarks/c/properties/termination.prp,32bit,300,1,/home/clexma/Desktop/fox3/TermDB/UAutomizer-linux,/usr/bin/python3 /home/clexma/Desktop/fox3/TermDB/UAutomizer-linux/Ultimate.py --config /home/clexma/Desktop/fox3/TermDB/UAutomizer-linux/config --data /home/clexma/Desktop/fox3/TermDB/UAutomizer-linux/data --full-output --architecture 32bit --spec /home/clexma/Desktop/fox3/TermDB/svcomp_examples/sv-benchmarks/c/properties/termination.prp --file ../EvolveTerm/data/tpdb_known/c_term/svcomp_aviad_true-alloca.c
svcomp_b.01-alloca.c,YES,0,,0,stdout_stderr,4.10,Results/ultimate/ultiouts/c_term/svcomp_b.01-alloca.c-ultimate-svtermprp.log,,2026-01-22 19:47:53,/home/clexma/Desktop/fox3/TermDB/EvolveTerm/data/tpdb_known/c_term/svcomp_b.01-alloca.c,tpdb429term,/home/clexma/Desktop/fox3/TermDB/svcomp_examples/sv-benchmarks/c/properties/termination.prp,32bit,300,1,/home/clexma/Desktop/fox3/TermDB/UAutomizer-linux,/usr/bin/python3 /home/clexma/Desktop/fox3/TermDB/UAutomizer-linux/Ultimate.py --config /home/clexma/Desktop/fox3/TermDB/UAutomizer-linux/config --data /home/clexma/Desktop/fox3/TermDB/UAutomizer-linux/data --full-output --architecture 32bit --spec /home/clexma/Desktop/fox3/TermDB/svcomp_examples/sv-benchmarks/c/properties/termination.prp --file ../EvolveTerm/data/tpdb_known/c_term/svcomp_b.01-alloca.c
svcomp_b.01.c,YES,0,,0,stdout_stderr,3.83,Results/ultimate/ultiouts/c_term/svcomp_b.01.c-ultimate-svtermprp.log,,2026-01-22 19:47:57,/home/clexma/Desktop/fox3/TermDB/EvolveTerm/data/tpdb_known/c_term/svcomp_b.01.c,tpdb429term,/home/clexma/Desktop/fox3/TermDB/svcomp_examples/sv-benchmarks/c/properties/termination.prp,32bit,300,1,/home/clexma/Desktop/fox3/TermDB/UAutomizer-linux,/usr/bin/python3 /home/clexma/Desktop/fox3/TermDB/UAutomizer-linux/Ultimate.py --config /home/clexma/Desktop/fox3/TermDB/UAutomizer-linux/config --data /home/clexma/Desktop/fox3/TermDB/UAutomizer-linux/data --full-output --architecture 32bit --spec /home/clexma/Desktop/fox3/TermDB/svcomp_examples/sv-benchmarks/c/properties/termination.prp --file ../EvolveTerm/data/tpdb_known/c_term/svcomp_b.01.c
svcomp_b.02-alloca.c,YES,0,,0,stdout_stderr,4.16,Results/ultimate/ultiouts/c_term/svcomp_b.02-alloca.c-ultimate-svtermprp.log,,2026-01-22 19:48:01,/home/clexma/Desktop/fox3/TermDB/EvolveTerm/data/tpdb_known/c_term/svcomp_b.02-alloca.c,tpdb429term,/home/clexma/Desktop/fox3/TermDB/svcomp_examples/sv-benchmarks/c/properties/termination.prp,32bit,300,1,/home/clexma/Desktop/fox3/TermDB/UAutomizer-linux,/usr/bin/python3 /home/clexma/Desktop/fox3/TermDB/UAutomizer-linux/Ultimate.py --config /home/clexma/Desktop/fox3/TermDB/UAutomizer-linux/config --data /home/clexma/Desktop/fox3/TermDB/UAutomizer-linux/data --full-output --architecture 32bit --spec /home/clexma/Desktop/fox3/TermDB/svcomp_examples/sv-benchmarks/c/properties/termination.prp --file ../EvolveTerm/data/tpdb_known/c_term/svcomp_b.02-alloca.c
svcomp_b.02.c,YES,0,,0,stdout_stderr,3.86,Results/ultimate/ultiouts/c_term/svcomp_b.02.c-ultimate-svtermprp.log,,2026-01-22 19:48:05,/home/clexma/Desktop/fox3/TermDB/EvolveTerm/data/tpdb_known/c_term/svcomp_b.02.c,tpdb429term,/home/clexma/Desktop/fox3/TermDB/svcomp_examples/sv-benchmarks/c/properties/termination.prp,32bit,300,1,/home/clexma/Desktop/fox3/TermDB/UAutomizer-linux,/usr/bin/python3 /home/clexma/Desktop/fox3/TermDB/UAutomizer-linux/Ultimate.py --config /home/clexma/Desktop/fox3/TermDB/UAutomizer-linux/config --data /home/clexma/Desktop/fox3/TermDB/UAutomizer-linux/data --full-output --architecture 32bit --spec /home/clexma/Desktop/fox3/TermDB/svcomp_examples/sv-benchmarks/c/properties/termination.prp --file ../EvolveTerm/data/tpdb_known/c_term/svcomp_b.02.c
svcomp_b.03-no-inv_assume-alloca.c,YES,0,,0,stdout_stderr,3.93,Results/ultimate/ultiouts/c_term/svcomp_b.03-no-inv_assume-alloca.c-ultimate-svtermprp.log,,2026-01-22 19:48:09,/home/clexma/Desktop/fox3/TermDB/EvolveTerm/data/tpdb_known/c_term/svcomp_b.03-no-inv_assume-alloca.c,tpdb429term,/home/clexma/Desktop/fox3/TermDB/svcomp_examples/sv-benchmarks/c/properties/termination.prp,32bit,300,1,/home/clexma/Desktop/fox3/TermDB/UAutomizer-linux,/usr/bin/python3 /home/clexma/Desktop/fox3/TermDB/UAutomizer-linux/Ultimate.py --config /home/clexma/Desktop/fox3/TermDB/UAutomizer-linux/config --data /home/clexma/Desktop/fox3/TermDB/UAutomizer-linux/data --full-output --architecture 32bit --spec /home/clexma/Desktop/fox3/TermDB/svcomp_examples/sv-benchmarks/c/properties/termination.prp --file ../EvolveTerm/data/tpdb_known/c_term/svcomp_b.03-no-inv_assume-alloca.c
svcomp_b.03-no-inv_assume.c,YES,0,,0,stdout_stderr,3.84,Results/ultimate/ultiouts/c_term/svcomp_b.03-no-inv_assume.c-ultimate-svtermprp.log,,2026-01-22 19:48:13,/home/clexma/Desktop/fox3/TermDB/EvolveTerm/data/tpdb_known/c_term/svcomp_b.03-no-inv_assume.c,tpdb429term,/home/clexma/Desktop/fox3/TermDB/svcomp_examples/sv-benchmarks/c/properties/termination.prp,32bit,300,1,/home/clexma/Desktop/fox3/TermDB/UAutomizer-linux,/usr/bin/python3 /home/clexma/Desktop/fox3/TermDB/UAutomizer-linux/Ultimate.py --config /home/clexma/Desktop/fox3/TermDB/UAutomizer-linux/config --data /home/clexma/Desktop/fox3/TermDB/UAutomizer-linux/data --full-output --architecture 32bit --spec /home/clexma/Desktop/fox3/TermDB/svcomp_examples/sv-benchmarks/c/properties/termination.prp --file ../EvolveTerm/data/tpdb_known/c_term/svcomp_b.03-no-inv_assume.c
svcomp_b.03_assume-alloca.c,YES,0,,0,stdout_stderr,4.00,Results/ultimate/ultiouts/c_term/svcomp_b.03_assume-alloca.c-ultimate-svtermprp.log,,2026-01-22 19:48:17,/home/clexma/Desktop/fox3/TermDB/EvolveTerm/data/tpdb_known/c_term/svcomp_b.03_assume-alloca.c,tpdb429term,/home/clexma/Desktop/fox3/TermDB/svcomp_examples/sv-benchmarks/c/properties/termination.prp,32bit,300,1,/home/clexma/Desktop/fox3/TermDB/UAutomizer-linux,/usr/bin/python3 /home/clexma/Desktop/fox3/TermDB/UAutomizer-linux/Ultimate.py --config /home/clexma/Desktop/fox3/TermDB/UAutomizer-linux/config --data /home/clexma/Desktop/fox3/TermDB/UAutomizer-linux/data --full-output --architecture 32bit --spec /home/clexma/Desktop/fox3/TermDB/svcomp_examples/sv-benchmarks/c/properties/termination.prp --file ../EvolveTerm/data/tpdb_known/c_term/svcomp_b.03_assume-alloca.c
svcomp_b.03_assume.c,YES,0,,0,stdout_stderr,3.76,Results/ultimate/ultiouts/c_term/svcomp_b.03_assume.c-ultimate-svtermprp.log,,2026-01-22 19:48:20,/home/clexma/Desktop/fox3/TermDB/EvolveTerm/data/tpdb_known/c_term/svcomp_b.03_assume.c,tpdb429term,/home/clexma/Desktop/fox3/TermDB/svcomp_examples/sv-benchmarks/c/properties/termination.prp,32bit,300,1,/home/clexma/Desktop/fox3/TermDB/UAutomizer-linux,/usr/bin/python3 /home/clexma/Desktop/fox3/TermDB/UAutomizer-linux/Ultimate.py --config /home/clexma/Desktop/fox3/TermDB/UAutomizer-linux/config --data /home/clexma/Desktop/fox3/TermDB/UAutomizer-linux/data --full-output --architecture 32bit --spec /home/clexma/Desktop/fox3/TermDB/svcomp_examples/sv-benchmarks/c/properties/termination.prp --file ../EvolveTerm/data/tpdb_known/c_term/svcomp_b.03_assume.c
svcomp_b.04-alloca.c,YES,0,,0,stdout_stderr,3.99,Results/ultimate/ultiouts/c_term/svcomp_b.04-alloca.c-ultimate-svtermprp.log,,2026-01-22 19:48:24,/home/clexma/Desktop/fox3/TermDB/EvolveTerm/data/tpdb_known/c_term/svcomp_b.04-alloca.c,tpdb429term,/home/clexma/Desktop/fox3/TermDB/svcomp_examples/sv-benchmarks/c/properties/termination.prp,32bit,300,1,/home/clexma/Desktop/fox3/TermDB/UAutomizer-linux,/usr/bin/python3 /home/clexma/Desktop/fox3/TermDB/UAutomizer-linux/Ultimate.py --config /home/clexma/Desktop/fox3/TermDB/UAutomizer-linux/config --data /home/clexma/Desktop/fox3/TermDB/UAutomizer-linux/data --full-output --architecture 32bit --spec /home/clexma/Desktop/fox3/TermDB/svcomp_examples/sv-benchmarks/c/properties/termination.prp --file ../EvolveTerm/data/tpdb_known/c_term/svcomp_b.04-alloca.c
svcomp_b.04.c,YES,0,,0,stdout_stderr,3.79,Results/ultimate/ultiouts/c_term/svcomp_b.04.c-ultimate-svtermprp.log,,2026-01-22 19:48:28,/home/clexma/Desktop/fox3/TermDB/EvolveTerm/data/tpdb_known/c_term/svcomp_b.04.c,tpdb429term,/home/clexma/Desktop/fox3/TermDB/svcomp_examples/sv-benchmarks/c/properties/termination.prp,32bit,300,1,/home/clexma/Desktop/fox3/TermDB/UAutomizer-linux,/usr/bin/python3 /home/clexma/Desktop/fox3/TermDB/UAutomizer-linux/Ultimate.py --config /home/clexma/Desktop/fox3/TermDB/UAutomizer-linux/config --data /home/clexma/Desktop/fox3/TermDB/UAutomizer-linux/data --full-output --architecture 32bit --spec /home/clexma/Desktop/fox3/TermDB/svcomp_examples/sv-benchmarks/c/properties/termination.prp --file ../EvolveTerm/data/tpdb_known/c_term/svcomp_b.04.c
svcomp_b.05-alloca.c,YES,0,,0,stdout_stderr,4.08,Results/ultimate/ultiouts/c_term/svcomp_b.05-alloca.c-ultimate-svtermprp.log,,2026-01-22 19:48:32,/home/clexma/Desktop/fox3/TermDB/EvolveTerm/data/tpdb_known/c_term/svcomp_b.05-alloca.c,tpdb429term,/home/clexma/Desktop/fox3/TermDB/svcomp_examples/sv-benchmarks/c/properties/termination.prp,32bit,300,1,/home/clexma/Desktop/fox3/TermDB/UAutomizer-linux,/usr/bin/python3 /home/clexma/Desktop/fox3/TermDB/UAutomizer-linux/Ultimate.py --config /home/clexma/Desktop/fox3/TermDB/UAutomizer-linux/config --data /home/clexma/Desktop/fox3/TermDB/UAutomizer-linux/data --full-output --architecture 32bit --spec /home/clexma/Desktop/fox3/TermDB/svcomp_examples/sv-benchmarks/c/properties/termination.prp --file ../EvolveTerm/data/tpdb_known/c_term/svcomp_b.05-alloca.c
svcomp_b.05.c,YES,0,,0,stdout_stderr,3.71,Results/ultimate/ultiouts/c_term/svcomp_b.05.c-ultimate-svtermprp.log,,2026-01-22 19:48:36,/home/clexma/Desktop/fox3/TermDB/EvolveTerm/data/tpdb_known/c_term/svcomp_b.05.c,tpdb429term,/home/clexma/Desktop/fox3/TermDB/svcomp_examples/sv-benchmarks/c/properties/termination.prp,32bit,300,1,/home/clexma/Desktop/fox3/TermDB/UAutomizer-linux,/usr/bin/python3 /home/clexma/Desktop/fox3/TermDB/UAutomizer-linux/Ultimate.py --config /home/clexma/Desktop/fox3/TermDB/UAutomizer-linux/config --data /home/clexma/Desktop/fox3/TermDB/UAutomizer-linux/data --full-output --architecture 32bit --spec /home/clexma/Desktop/fox3/TermDB/svcomp_examples/sv-benchmarks/c/properties/termination.prp --file ../EvolveTerm/data/tpdb_known/c_term/svcomp_b.05.c
svcomp_b.06-alloca.c,YES,0,,0,stdout_stderr,4.00,Results/ultimate/ultiouts/c_term/svcomp_b.06-alloca.c-ultimate-svtermprp.log,,2026-01-22 19:48:40,/home/clexma/Desktop/fox3/TermDB/EvolveTerm/data/tpdb_known/c_term/svcomp_b.06-alloca.c,tpdb429term,/home/clexma/Desktop/fox3/TermDB/svcomp_examples/sv-benchmarks/c/properties/termination.prp,32bit,300,1,/home/clexma/Desktop/fox3/TermDB/UAutomizer-linux,/usr/bin/python3 /home/clexma/Desktop/fox3/TermDB/UAutomizer-linux/Ultimate.py --config /home/clexma/Desktop/fox3/TermDB/UAutomizer-linux/config --data /home/clexma/Desktop/fox3/TermDB/UAutomizer-linux/data --full-output --architecture 32bit --spec /home/clexma/Desktop/fox3/TermDB/svcomp_examples/sv-benchmarks/c/properties/termination.prp --file ../EvolveTerm/data/tpdb_known/c_term/svcomp_b.06-alloca.c
svcomp_b.06.c,YES,0,,0,stdout_stderr,3.81,Results/ultimate/ultiouts/c_term/svcomp_b.06.c-ultimate-svtermprp.log,,2026-01-22 19:48:44,/home/clexma/Desktop/fox3/TermDB/EvolveTerm/data/tpdb_known/c_term/svcomp_b.06.c,tpdb429term,/home/clexma/Desktop/fox3/TermDB/svcomp_examples/sv-benchmarks/c/properties/termination.prp,32bit,300,1,/home/clexma/Desktop/fox3/TermDB/UAutomizer-linux,/usr/bin/python3 /home/clexma/Desktop/fox3/TermDB/UAutomizer-linux/Ultimate.py --config /home/clexma/Desktop/fox3/TermDB/UAutomizer-linux/config --data /home/clexma/Desktop/fox3/TermDB/UAutomizer-linux/data --full-output --architecture 32bit --spec /home/clexma/Desktop/fox3/TermDB/svcomp_examples/sv-benchmarks/c/properties/termination.prp --file ../EvolveTerm/data/tpdb_known/c_term/svcomp_b.06.c
svcomp_b.07-alloca.c,YES,0,,0,stdout_stderr,4.36,Results/ultimate/ultiouts/c_term/svcomp_b.07-alloca.c-ultimate-svtermprp.log,,2026-01-22 19:48:48,/home/clexma/Desktop/fox3/TermDB/EvolveTerm/data/tpdb_known/c_term/svcomp_b.07-alloca.c,tpdb429term,/home/clexma/Desktop/fox3/TermDB/svcomp_examples/sv-benchmarks/c/properties/termination.prp,32bit,300,1,/home/clexma/Desktop/fox3/TermDB/UAutomizer-linux,/usr/bin/python3 /home/clexma/Desktop/fox3/TermDB/UAutomizer-linux/Ultimate.py --config /home/clexma/Desktop/fox3/TermDB/UAutomizer-linux/config --data /home/clexma/Desktop/fox3/TermDB/UAutomizer-linux/data --full-output --architecture 32bit --spec /home/clexma/Desktop/fox3/TermDB/svcomp_examples/sv-benchmarks/c/properties/termination.prp --file ../EvolveTerm/data/tpdb_known/c_term/svcomp_b.07-alloca.c
svcomp_b.07.c,YES,0,,0,stdout_stderr,3.81,Results/ultimate/ultiouts/c_term/svcomp_b.07.c-ultimate-svtermprp.log,,2026-01-22 19:48:52,/home/clexma/Desktop/fox3/TermDB/EvolveTerm/data/tpdb_known/c_term/svcomp_b.07.c,tpdb429term,/home/clexma/Desktop/fox3/TermDB/svcomp_examples/sv-benchmarks/c/properties/termination.prp,32bit,300,1,/home/clexma/Desktop/fox3/TermDB/UAutomizer-linux,/usr/bin/python3 /home/clexma/Desktop/fox3/TermDB/UAutomizer-linux/Ultimate.py --config /home/clexma/Desktop/fox3/TermDB/UAutomizer-linux/config --data /home/clexma/Desktop/fox3/TermDB/UAutomizer-linux/data --full-output --architecture 32bit --spec /home/clexma/Desktop/fox3/TermDB/svcomp_examples/sv-benchmarks/c/properties/termination.prp --file ../EvolveTerm/data/tpdb_known/c_term/svcomp_b.07.c
svcomp_b.09-no-inv_assume-alloca.c,MAYBE,0,,0,stdout_stderr,36.27,Results/ultimate/ultiouts/c_term/svcomp_b.09-no-inv_assume-alloca.c-ultimate-svtermprp.log,,2026-01-22 19:49:28,/home/clexma/Desktop/fox3/TermDB/EvolveTerm/data/tpdb_known/c_term/svcomp_b.09-no-inv_assume-alloca.c,tpdb429term,/home/clexma/Desktop/fox3/TermDB/svcomp_examples/sv-benchmarks/c/properties/termination.prp,32bit,300,1,/home/clexma/Desktop/fox3/TermDB/UAutomizer-linux,/usr/bin/python3 /home/clexma/Desktop/fox3/TermDB/UAutomizer-linux/Ultimate.py --config /home/clexma/Desktop/fox3/TermDB/UAutomizer-linux/config --data /home/clexma/Desktop/fox3/TermDB/UAutomizer-linux/data --full-output --architecture 32bit --spec /home/clexma/Desktop/fox3/TermDB/svcomp_examples/sv-benchmarks/c/properties/termination.prp --file ../EvolveTerm/data/tpdb_known/c_term/svcomp_b.09-no-inv_assume-alloca.c
svcomp_b.09-no-inv_assume.c,YES,0,,0,stdout_stderr,5.22,Results/ultimate/ultiouts/c_term/svcomp_b.09-no-inv_assume.c-ultimate-svtermprp.log,,2026-01-22 19:49:33,/home/clexma/Desktop/fox3/TermDB/EvolveTerm/data/tpdb_known/c_term/svcomp_b.09-no-inv_assume.c,tpdb429term,/home/clexma/Desktop/fox3/TermDB/svcomp_examples/sv-benchmarks/c/properties/termination.prp,32bit,300,1,/home/clexma/Desktop/fox3/TermDB/UAutomizer-linux,/usr/bin/python3 /home/clexma/Desktop/fox3/TermDB/UAutomizer-linux/Ultimate.py --config /home/clexma/Desktop/fox3/TermDB/UAutomizer-linux/config --data /home/clexma/Desktop/fox3/TermDB/UAutomizer-linux/data --full-output --architecture 32bit --spec /home/clexma/Desktop/fox3/TermDB/svcomp_examples/sv-benchmarks/c/properties/termination.prp --file ../EvolveTerm/data/tpdb_known/c_term/svcomp_b.09-no-inv_assume.c
svcomp_b.09_assume-alloca.c,YES,0,,0,stdout_stderr,76.65,Results/ultimate/ultiouts/c_term/svcomp_b.09_assume-alloca.c-ultimate-svtermprp.log,,2026-01-22 19:50:50,/home/clexma/Desktop/fox3/TermDB/EvolveTerm/data/tpdb_known/c_term/svcomp_b.09_assume-alloca.c,tpdb429term,/home/clexma/Desktop/fox3/TermDB/svcomp_examples/sv-benchmarks/c/properties/termination.prp,32bit,300,1,/home/clexma/Desktop/fox3/TermDB/UAutomizer-linux,/usr/bin/python3 /home/clexma/Desktop/fox3/TermDB/UAutomizer-linux/Ultimate.py --config /home/clexma/Desktop/fox3/TermDB/UAutomizer-linux/config --data /home/clexma/Desktop/fox3/TermDB/UAutomizer-linux/data --full-output --architecture 32bit --spec /home/clexma/Desktop/fox3/TermDB/svcomp_examples/sv-benchmarks/c/properties/termination.prp --file ../EvolveTerm/data/tpdb_known/c_term/svcomp_b.09_assume-alloca.c
svcomp_b.09_assume.c,YES,0,,0,stdout_stderr,4.07,Results/ultimate/ultiouts/c_term/svcomp_b.09_assume.c-ultimate-svtermprp.log,,2026-01-22 19:50:54,/home/clexma/Desktop/fox3/TermDB/EvolveTerm/data/tpdb_known/c_term/svcomp_b.09_assume.c,tpdb429term,/home/clexma/Desktop/fox3/TermDB/svcomp_examples/sv-benchmarks/c/properties/termination.prp,32bit,300,1,/home/clexma/Desktop/fox3/TermDB/UAutomizer-linux,/usr/bin/python3 /home/clexma/Desktop/fox3/TermDB/UAutomizer-linux/Ultimate.py --config /home/clexma/Desktop/fox3/TermDB/UAutomizer-linux/config --data /home/clexma/Desktop/fox3/TermDB/UAutomizer-linux/data --full-output --architecture 32bit --spec /home/clexma/Desktop/fox3/TermDB/svcomp_examples/sv-benchmarks/c/properties/termination.prp --file ../EvolveTerm/data/tpdb_known/c_term/svcomp_b.09_assume.c
svcomp_b.10-alloca.c,YES,0,,0,stdout_stderr,4.55,Results/ultimate/ultiouts/c_term/svcomp_b.10-alloca.c-ultimate-svtermprp.log,,2026-01-22 19:50:59,/home/clexma/Desktop/fox3/TermDB/EvolveTerm/data/tpdb_known/c_term/svcomp_b.10-alloca.c,tpdb429term,/home/clexma/Desktop/fox3/TermDB/svcomp_examples/sv-benchmarks/c/properties/termination.prp,32bit,300,1,/home/clexma/Desktop/fox3/TermDB/UAutomizer-linux,/usr/bin/python3 /home/clexma/Desktop/fox3/TermDB/UAutomizer-linux/Ultimate.py --config /home/clexma/Desktop/fox3/TermDB/UAutomizer-linux/config --data /home/clexma/Desktop/fox3/TermDB/UAutomizer-linux/data --full-output --architecture 32bit --spec /home/clexma/Desktop/fox3/TermDB/svcomp_examples/sv-benchmarks/c/properties/termination.prp --file ../EvolveTerm/data/tpdb_known/c_term/svcomp_b.10-alloca.c
svcomp_b.10.c,YES,0,,0,stdout_stderr,4.04,Results/ultimate/ultiouts/c_term/svcomp_b.10.c-ultimate-svtermprp.log,,2026-01-22 19:51:03,/home/clexma/Desktop/fox3/TermDB/EvolveTerm/data/tpdb_known/c_term/svcomp_b.10.c,tpdb429term,/home/clexma/Desktop/fox3/TermDB/svcomp_examples/sv-benchmarks/c/properties/termination.prp,32bit,300,1,/home/clexma/Desktop/fox3/TermDB/UAutomizer-linux,/usr/bin/python3 /home/clexma/Desktop/fox3/TermDB/UAutomizer-linux/Ultimate.py --config /home/clexma/Desktop/fox3/TermDB/UAutomizer-linux/config --data /home/clexma/Desktop/fox3/TermDB/UAutomizer-linux/data --full-output --architecture 32bit --spec /home/clexma/Desktop/fox3/TermDB/svcomp_examples/sv-benchmarks/c/properties/termination.prp --file ../EvolveTerm/data/tpdb_known/c_term/svcomp_b.10.c
svcomp_b.11-alloca.c,YES,0,,0,stdout_stderr,5.82,Results/ultimate/ultiouts/c_term/svcomp_b.11-alloca.c-ultimate-svtermprp.log,,2026-01-22 19:51:09,/home/clexma/Desktop/fox3/TermDB/EvolveTerm/data/tpdb_known/c_term/svcomp_b.11-alloca.c,tpdb429term,/home/clexma/Desktop/fox3/TermDB/svcomp_examples/sv-benchmarks/c/properties/termination.prp,32bit,300,1,/home/clexma/Desktop/fox3/TermDB/UAutomizer-linux,/usr/bin/python3 /home/clexma/Desktop/fox3/TermDB/UAutomizer-linux/Ultimate.py --config /home/clexma/Desktop/fox3/TermDB/UAutomizer-linux/config --data /home/clexma/Desktop/fox3/TermDB/UAutomizer-linux/data --full-output --architecture 32bit --spec /home/clexma/Desktop/fox3/TermDB/svcomp_examples/sv-benchmarks/c/properties/termination.prp --file ../EvolveTerm/data/tpdb_known/c_term/svcomp_b.11-alloca.c
svcomp_b.11.c,YES,0,,0,stdout_stderr,4.07,Results/ultimate/ultiouts/c_term/svcomp_b.11.c-ultimate-svtermprp.log,,2026-01-22 19:51:13,/home/clexma/Desktop/fox3/TermDB/EvolveTerm/data/tpdb_known/c_term/svcomp_b.11.c,tpdb429term,/home/clexma/Desktop/fox3/TermDB/svcomp_examples/sv-benchmarks/c/properties/termination.prp,32bit,300,1,/home/clexma/Desktop/fox3/TermDB/UAutomizer-linux,/usr/bin/python3 /home/clexma/Desktop/fox3/TermDB/UAutomizer-linux/Ultimate.py --config /home/clexma/Desktop/fox3/TermDB/UAutomizer-linux/config --data /home/clexma/Desktop/fox3/TermDB/UAutomizer-linux/data --full-output --architecture 32bit --spec /home/clexma/Desktop/fox3/TermDB/svcomp_examples/sv-benchmarks/c/properties/termination.prp --file ../EvolveTerm/data/tpdb_known/c_term/svcomp_b.11.c
svcomp_b.12-alloca.c,YES,0,,0,stdout_stderr,4.81,Results/ultimate/ultiouts/c_term/svcomp_b.12-alloca.c-ultimate-svtermprp.log,,2026-01-22 19:51:17,/home/clexma/Desktop/fox3/TermDB/EvolveTerm/data/tpdb_known/c_term/svcomp_b.12-alloca.c,tpdb429term,/home/clexma/Desktop/fox3/TermDB/svcomp_examples/sv-benchmarks/c/properties/termination.prp,32bit,300,1,/home/clexma/Desktop/fox3/TermDB/UAutomizer-linux,/usr/bin/python3 /home/clexma/Desktop/fox3/TermDB/UAutomizer-linux/Ultimate.py --config /home/clexma/Desktop/fox3/TermDB/UAutomizer-linux/config --data /home/clexma/Desktop/fox3/TermDB/UAutomizer-linux/data --full-output --architecture 32bit --spec /home/clexma/Desktop/fox3/TermDB/svcomp_examples/sv-benchmarks/c/properties/termination.prp --file ../EvolveTerm/data/tpdb_known/c_term/svcomp_b.12-alloca.c
svcomp_b.12.c,YES,0,,0,stdout_stderr,4.01,Results/ultimate/ultiouts/c_term/svcomp_b.12.c-ultimate-svtermprp.log,,2026-01-22 19:51:21,/home/clexma/Desktop/fox3/TermDB/EvolveTerm/data/tpdb_known/c_term/svcomp_b.12.c,tpdb429term,/home/clexma/Desktop/fox3/TermDB/svcomp_examples/sv-benchmarks/c/properties/termination.prp,32bit,300,1,/home/clexma/Desktop/fox3/TermDB/UAutomizer-linux,/usr/bin/python3 /home/clexma/Desktop/fox3/TermDB/UAutomizer-linux/Ultimate.py --config /home/clexma/Desktop/fox3/TermDB/UAutomizer-linux/config --data /home/clexma/Desktop/fox3/TermDB/UAutomizer-linux/data --full-output --architecture 32bit --spec /home/clexma/Desktop/fox3/TermDB/svcomp_examples/sv-benchmarks/c/properties/termination.prp --file ../EvolveTerm/data/tpdb_known/c_term/svcomp_b.12.c
svcomp_b.13-alloca.c,YES,0,,0,stdout_stderr,64.04,Results/ultimate/ultiouts/c_term/svcomp_b.13-alloca.c-ultimate-svtermprp.log,,2026-01-22 19:52:25,/home/clexma/Desktop/fox3/TermDB/EvolveTerm/data/tpdb_known/c_term/svcomp_b.13-alloca.c,tpdb429term,/home/clexma/Desktop/fox3/TermDB/svcomp_examples/sv-benchmarks/c/properties/termination.prp,32bit,300,1,/home/clexma/Desktop/fox3/TermDB/UAutomizer-linux,/usr/bin/python3 /home/clexma/Desktop/fox3/TermDB/UAutomizer-linux/Ultimate.py --config /home/clexma/Desktop/fox3/TermDB/UAutomizer-linux/config --data /home/clexma/Desktop/fox3/TermDB/UAutomizer-linux/data --full-output --architecture 32bit --spec /home/clexma/Desktop/fox3/TermDB/svcomp_examples/sv-benchmarks/c/properties/termination.prp --file ../EvolveTerm/data/tpdb_known/c_term/svcomp_b.13-alloca.c
svcomp_b.13.c,YES,0,,0,stdout_stderr,4.13,Results/ultimate/ultiouts/c_term/svcomp_b.13.c-ultimate-svtermprp.log,,2026-01-22 19:52:30,/home/clexma/Desktop/fox3/TermDB/EvolveTerm/data/tpdb_known/c_term/svcomp_b.13.c,tpdb429term,/home/clexma/Desktop/fox3/TermDB/svcomp_examples/sv-benchmarks/c/properties/termination.prp,32bit,300,1,/home/clexma/Desktop/fox3/TermDB/UAutomizer-linux,/usr/bin/python3 /home/clexma/Desktop/fox3/TermDB/UAutomizer-linux/Ultimate.py --config /home/clexma/Desktop/fox3/TermDB/UAutomizer-linux/config --data /home/clexma/Desktop/fox3/TermDB/UAutomizer-linux/data --full-output --architecture 32bit --spec /home/clexma/Desktop/fox3/TermDB/svcomp_examples/sv-benchmarks/c/properties/termination.prp --file ../EvolveTerm/data/tpdb_known/c_term/svcomp_b.13.c
svcomp_b.14-alloca.c,YES,0,,0,stdout_stderr,4.82,Results/ultimate/ultiouts/c_term/svcomp_b.14-alloca.c-ultimate-svtermprp.log,,2026-01-22 19:52:34,/home/clexma/Desktop/fox3/TermDB/EvolveTerm/data/tpdb_known/c_term/svcomp_b.14-alloca.c,tpdb429term,/home/clexma/Desktop/fox3/TermDB/svcomp_examples/sv-benchmarks/c/properties/termination.prp,32bit,300,1,/home/clexma/Desktop/fox3/TermDB/UAutomizer-linux,/usr/bin/python3 /home/clexma/Desktop/fox3/TermDB/UAutomizer-linux/Ultimate.py --config /home/clexma/Desktop/fox3/TermDB/UAutomizer-linux/config --data /home/clexma/Desktop/fox3/TermDB/UAutomizer-linux/data --full-output --architecture 32bit --spec /home/clexma/Desktop/fox3/TermDB/svcomp_examples/sv-benchmarks/c/properties/termination.prp --file ../EvolveTerm/data/tpdb_known/c_term/svcomp_b.14-alloca.c
svcomp_b.14.c,YES,0,,0,stdout_stderr,4.08,Results/ultimate/ultiouts/c_term/svcomp_b.14.c-ultimate-svtermprp.log,,2026-01-22 19:52:39,/home/clexma/Desktop/fox3/TermDB/EvolveTerm/data/tpdb_known/c_term/svcomp_b.14.c,tpdb429term,/home/clexma/Desktop/fox3/TermDB/svcomp_examples/sv-benchmarks/c/properties/termination.prp,32bit,300,1,/home/clexma/Desktop/fox3/TermDB/UAutomizer-linux,/usr/bin/python3 /home/clexma/Desktop/fox3/TermDB/UAutomizer-linux/Ultimate.py --config /home/clexma/Desktop/fox3/TermDB/UAutomizer-linux/config --data /home/clexma/Desktop/fox3/TermDB/UAutomizer-linux/data --full-output --architecture 32bit --spec /home/clexma/Desktop/fox3/TermDB/svcomp_examples/sv-benchmarks/c/properties/termination.prp --file ../EvolveTerm/data/tpdb_known/c_term/svcomp_b.14.c
svcomp_b.15-alloca.c,YES,0,,0,stdout_stderr,5.64,Results/ultimate/ultiouts/c_term/svcomp_b.15-alloca.c-ultimate-svtermprp.log,,2026-01-22 19:52:44,/home/clexma/Desktop/fox3/TermDB/EvolveTerm/data/tpdb_known/c_term/svcomp_b.15-alloca.c,tpdb429term,/home/clexma/Desktop/fox3/TermDB/svcomp_examples/sv-benchmarks/c/properties/termination.prp,32bit,300,1,/home/clexma/Desktop/fox3/TermDB/UAutomizer-linux,/usr/bin/python3 /home/clexma/Desktop/fox3/TermDB/UAutomizer-linux/Ultimate.py --config /home/clexma/Desktop/fox3/TermDB/UAutomizer-linux/config --data /home/clexma/Desktop/fox3/TermDB/UAutomizer-linux/data --full-output --architecture 32bit --spec /home/clexma/Desktop/fox3/TermDB/svcomp_examples/sv-benchmarks/c/properties/termination.prp --file ../EvolveTerm/data/tpdb_known/c_term/svcomp_b.15-alloca.c
svcomp_b.15.c,YES,0,,0,stdout_stderr,3.89,Results/ultimate/ultiouts/c_term/svcomp_b.15.c-ultimate-svtermprp.log,,2026-01-22 19:52:48,/home/clexma/Desktop/fox3/TermDB/EvolveTerm/data/tpdb_known/c_term/svcomp_b.15.c,tpdb429term,/home/clexma/Desktop/fox3/TermDB/svcomp_examples/sv-benchmarks/c/properties/termination.prp,32bit,300,1,/home/clexma/Desktop/fox3/TermDB/UAutomizer-linux,/usr/bin/python3 /home/clexma/Desktop/fox3/TermDB/UAutomizer-linux/Ultimate.py --config /home/clexma/Desktop/fox3/TermDB/UAutomizer-linux/config --data /home/clexma/Desktop/fox3/TermDB/UAutomizer-linux/data --full-output --architecture 32bit --spec /home/clexma/Desktop/fox3/TermDB/svcomp_examples/sv-benchmarks/c/properties/termination.prp --file ../EvolveTerm/data/tpdb_known/c_term/svcomp_b.15.c
svcomp_b.16-alloca.c,YES,0,,0,stdout_stderr,5.06,Results/ultimate/ultiouts/c_term/svcomp_b.16-alloca.c-ultimate-svtermprp.log,,2026-01-22 19:52:53,/home/clexma/Desktop/fox3/TermDB/EvolveTerm/data/tpdb_known/c_term/svcomp_b.16-alloca.c,tpdb429term,/home/clexma/Desktop/fox3/TermDB/svcomp_examples/sv-benchmarks/c/properties/termination.prp,32bit,300,1,/home/clexma/Desktop/fox3/TermDB/UAutomizer-linux,/usr/bin/python3 /home/clexma/Desktop/fox3/TermDB/UAutomizer-linux/Ultimate.py --config /home/clexma/Desktop/fox3/TermDB/UAutomizer-linux/config --data /home/clexma/Desktop/fox3/TermDB/UAutomizer-linux/data --full-output --architecture 32bit --spec /home/clexma/Desktop/fox3/TermDB/svcomp_examples/sv-benchmarks/c/properties/termination.prp --file ../EvolveTerm/data/tpdb_known/c_term/svcomp_b.16-alloca.c
svcomp_b.16.c,YES,0,,0,stdout_stderr,3.86,Results/ultimate/ultiouts/c_term/svcomp_b.16.c-ultimate-svtermprp.log,,2026-01-22 19:52:57,/home/clexma/Desktop/fox3/TermDB/EvolveTerm/data/tpdb_known/c_term/svcomp_b.16.c,tpdb429term,/home/clexma/Desktop/fox3/TermDB/svcomp_examples/sv-benchmarks/c/properties/termination.prp,32bit,300,1,/home/clexma/Desktop/fox3/TermDB/UAutomizer-linux,/usr/bin/python3 /home/clexma/Desktop/fox3/TermDB/UAutomizer-linux/Ultimate.py --config /home/clexma/Desktop/fox3/TermDB/UAutomizer-linux/config --data /home/clexma/Desktop/fox3/TermDB/UAutomizer-linux/data --full-output --architecture 32bit --spec /home/clexma/Desktop/fox3/TermDB/svcomp_examples/sv-benchmarks/c/properties/termination.prp --file ../EvolveTerm/data/tpdb_known/c_term/svcomp_b.16.c
svcomp_b.17-alloca.c,YES,0,,0,stdout_stderr,30.24,Results/ultimate/ultiouts/c_term/svcomp_b.17-alloca.c-ultimate-svtermprp.log,,2026-01-22 19:53:27,/home/clexma/Desktop/fox3/TermDB/EvolveTerm/data/tpdb_known/c_term/svcomp_b.17-alloca.c,tpdb429term,/home/clexma/Desktop/fox3/TermDB/svcomp_examples/sv-benchmarks/c/properties/termination.prp,32bit,300,1,/home/clexma/Desktop/fox3/TermDB/UAutomizer-linux,/usr/bin/python3 /home/clexma/Desktop/fox3/TermDB/UAutomizer-linux/Ultimate.py --config /home/clexma/Desktop/fox3/TermDB/UAutomizer-linux/config --data /home/clexma/Desktop/fox3/TermDB/UAutomizer-linux/data --full-output --architecture 32bit --spec /home/clexma/Desktop/fox3/TermDB/svcomp_examples/sv-benchmarks/c/properties/termination.prp --file ../EvolveTerm/data/tpdb_known/c_term/svcomp_b.17-alloca.c
svcomp_b.17.c,YES,0,,0,stdout_stderr,4.11,Results/ultimate/ultiouts/c_term/svcomp_b.17.c-ultimate-svtermprp.log,,2026-01-22 19:53:31,/home/clexma/Desktop/fox3/TermDB/EvolveTerm/data/tpdb_known/c_term/svcomp_b.17.c,tpdb429term,/home/clexma/Desktop/fox3/TermDB/svcomp_examples/sv-benchmarks/c/properties/termination.prp,32bit,300,1,/home/clexma/Desktop/fox3/TermDB/UAutomizer-linux,/usr/bin/python3 /home/clexma/Desktop/fox3/TermDB/UAutomizer-linux/Ultimate.py --config /home/clexma/Desktop/fox3/TermDB/UAutomizer-linux/config --data /home/clexma/Desktop/fox3/TermDB/UAutomizer-linux/data --full-output --architecture 32bit --spec /home/clexma/Desktop/fox3/TermDB/svcomp_examples/sv-benchmarks/c/properties/termination.prp --file ../EvolveTerm/data/tpdb_known/c_term/svcomp_b.17.c
svcomp_b.18-alloca.c,YES,0,,0,stdout_stderr,5.73,Results/ultimate/ultiouts/c_term/svcomp_b.18-alloca.c-ultimate-svtermprp.log,,2026-01-22 19:53:37,/home/clexma/Desktop/fox3/TermDB/EvolveTerm/data/tpdb_known/c_term/svcomp_b.18-alloca.c,tpdb429term,/home/clexma/Desktop/fox3/TermDB/svcomp_examples/sv-benchmarks/c/properties/termination.prp,32bit,300,1,/home/clexma/Desktop/fox3/TermDB/UAutomizer-linux,/usr/bin/python3 /home/clexma/Desktop/fox3/TermDB/UAutomizer-linux/Ultimate.py --config /home/clexma/Desktop/fox3/TermDB/UAutomizer-linux/config --data /home/clexma/Desktop/fox3/TermDB/UAutomizer-linux/data --full-output --architecture 32bit --spec /home/clexma/Desktop/fox3/TermDB/svcomp_examples/sv-benchmarks/c/properties/termination.prp --file ../EvolveTerm/data/tpdb_known/c_term/svcomp_b.18-alloca.c
svcomp_b.18.c,YES,0,,0,stdout_stderr,3.86,Results/ultimate/ultiouts/c_term/svcomp_b.18.c-ultimate-svtermprp.log,,2026-01-22 19:53:41,/home/clexma/Desktop/fox3/TermDB/EvolveTerm/data/tpdb_known/c_term/svcomp_b.18.c,tpdb429term,/home/clexma/Desktop/fox3/TermDB/svcomp_examples/sv-benchmarks/c/properties/termination.prp,32bit,300,1,/home/clexma/Desktop/fox3/TermDB/UAutomizer-linux,/usr/bin/python3 /home/clexma/Desktop/fox3/TermDB/UAutomizer-linux/Ultimate.py --config /home/clexma/Desktop/fox3/TermDB/UAutomizer-linux/config --data /home/clexma/Desktop/fox3/TermDB/UAutomizer-linux/data --full-output --architecture 32bit --spec /home/clexma/Desktop/fox3/TermDB/svcomp_examples/sv-benchmarks/c/properties/termination.prp --file ../EvolveTerm/data/tpdb_known/c_term/svcomp_b.18.c
svcomp_bubblesort_alloca.c,YES,0,,0,stdout_stderr,5.56,Results/ultimate/ultiouts/c_term/svcomp_bubblesort_alloca.c-ultimate-svtermprp.log,,2026-01-22 19:53:46,/home/clexma/Desktop/fox3/TermDB/EvolveTerm/data/tpdb_known/c_term/svcomp_bubblesort_alloca.c,tpdb429term,/home/clexma/Desktop/fox3/TermDB/svcomp_examples/sv-benchmarks/c/properties/termination.prp,32bit,300,1,/home/clexma/Desktop/fox3/TermDB/UAutomizer-linux,/usr/bin/python3 /home/clexma/Desktop/fox3/TermDB/UAutomizer-linux/Ultimate.py --config /home/clexma/Desktop/fox3/TermDB/UAutomizer-linux/config --data /home/clexma/Desktop/fox3/TermDB/UAutomizer-linux/data --full-output --architecture 32bit --spec /home/clexma/Desktop/fox3/TermDB/svcomp_examples/sv-benchmarks/c/properties/termination.prp --file ../EvolveTerm/data/tpdb_known/c_term/svcomp_bubblesort_alloca.c
svcomp_c.01-no-inv-alloca.c,YES,0,,0,stdout_stderr,54.63,Results/ultimate/ultiouts/c_term/svcomp_c.01-no-inv-alloca.c-ultimate-svtermprp.log,,2026-01-22 19:54:41,/home/clexma/Desktop/fox3/TermDB/EvolveTerm/data/tpdb_known/c_term/svcomp_c.01-no-inv-alloca.c,tpdb429term,/home/clexma/Desktop/fox3/TermDB/svcomp_examples/sv-benchmarks/c/properties/termination.prp,32bit,300,1,/home/clexma/Desktop/fox3/TermDB/UAutomizer-linux,/usr/bin/python3 /home/clexma/Desktop/fox3/TermDB/UAutomizer-linux/Ultimate.py --config /home/clexma/Desktop/fox3/TermDB/UAutomizer-linux/config --data /home/clexma/Desktop/fox3/TermDB/UAutomizer-linux/data --full-output --architecture 32bit --spec /home/clexma/Desktop/fox3/TermDB/svcomp_examples/sv-benchmarks/c/properties/termination.prp --file ../EvolveTerm/data/tpdb_known/c_term/svcomp_c.01-no-inv-alloca.c
svcomp_c.01-no-inv.c,YES,0,,0,stdout_stderr,4.80,Results/ultimate/ultiouts/c_term/svcomp_c.01-no-inv.c-ultimate-svtermprp.log,,2026-01-22 19:54:46,/home/clexma/Desktop/fox3/TermDB/EvolveTerm/data/tpdb_known/c_term/svcomp_c.01-no-inv.c,tpdb429term,/home/clexma/Desktop/fox3/TermDB/svcomp_examples/sv-benchmarks/c/properties/termination.prp,32bit,300,1,/home/clexma/Desktop/fox3/TermDB/UAutomizer-linux,/usr/bin/python3 /home/clexma/Desktop/fox3/TermDB/UAutomizer-linux/Ultimate.py --config /home/clexma/Desktop/fox3/TermDB/UAutomizer-linux/config --data /home/clexma/Desktop/fox3/TermDB/UAutomizer-linux/data --full-output --architecture 32bit --spec /home/clexma/Desktop/fox3/TermDB/svcomp_examples/sv-benchmarks/c/properties/termination.prp --file ../EvolveTerm/data/tpdb_known/c_term/svcomp_c.01-no-inv.c
svcomp_c.01_assume-alloca.c,YES,0,,0,stdout_stderr,5.67,Results/ultimate/ultiouts/c_term/svcomp_c.01_assume-alloca.c-ultimate-svtermprp.log,,2026-01-22 19:54:52,/home/clexma/Desktop/fox3/TermDB/EvolveTerm/data/tpdb_known/c_term/svcomp_c.01_assume-alloca.c,tpdb429term,/home/clexma/Desktop/fox3/TermDB/svcomp_examples/sv-benchmarks/c/properties/termination.prp,32bit,300,1,/home/clexma/Desktop/fox3/TermDB/UAutomizer-linux,/usr/bin/python3 /home/clexma/Desktop/fox3/TermDB/UAutomizer-linux/Ultimate.py --config /home/clexma/Desktop/fox3/TermDB/UAutomizer-linux/config --data /home/clexma/Desktop/fox3/TermDB/UAutomizer-linux/data --full-output --architecture 32bit --spec /home/clexma/Desktop/fox3/TermDB/svcomp_examples/sv-benchmarks/c/properties/termination.prp --file ../EvolveTerm/data/tpdb_known/c_term/svcomp_c.01_assume-alloca.c
svcomp_c.01_assume.c,YES,0,,0,stdout_stderr,4.26,Results/ultimate/ultiouts/c_term/svcomp_c.01_assume.c-ultimate-svtermprp.log,,2026-01-22 19:54:56,/home/clexma/Desktop/fox3/TermDB/EvolveTerm/data/tpdb_known/c_term/svcomp_c.01_assume.c,tpdb429term,/home/clexma/Desktop/fox3/TermDB/svcomp_examples/sv-benchmarks/c/properties/termination.prp,32bit,300,1,/home/clexma/Desktop/fox3/TermDB/UAutomizer-linux,/usr/bin/python3 /home/clexma/Desktop/fox3/TermDB/UAutomizer-linux/Ultimate.py --config /home/clexma/Desktop/fox3/TermDB/UAutomizer-linux/config --data /home/clexma/Desktop/fox3/TermDB/UAutomizer-linux/data --full-output --architecture 32bit --spec /home/clexma/Desktop/fox3/TermDB/svcomp_examples/sv-benchmarks/c/properties/termination.prp --file ../EvolveTerm/data/tpdb_known/c_term/svcomp_c.01_assume.c
svcomp_c.02-alloca.c,TIMEOUT,1,Analysis timed out after 300 seconds,,timeout,300.01,,,2026-01-22 19:59:56,/home/clexma/Desktop/fox3/TermDB/EvolveTerm/data/tpdb_known/c_term/svcomp_c.02-alloca.c,tpdb429term,/home/clexma/Desktop/fox3/TermDB/svcomp_examples/sv-benchmarks/c/properties/termination.prp,32bit,300,1,/home/clexma/Desktop/fox3/TermDB/UAutomizer-linux,/usr/bin/python3 /home/clexma/Desktop/fox3/TermDB/UAutomizer-linux/Ultimate.py --config /home/clexma/Desktop/fox3/TermDB/UAutomizer-linux/config --data /home/clexma/Desktop/fox3/TermDB/UAutomizer-linux/data --full-output --architecture 32bit --spec /home/clexma/Desktop/fox3/TermDB/svcomp_examples/sv-benchmarks/c/properties/termination.prp --file ../EvolveTerm/data/tpdb_known/c_term/svcomp_c.02-alloca.c
svcomp_c.02.c,YES,0,,0,stdout_stderr,4.12,Results/ultimate/ultiouts/c_term/svcomp_c.02.c-ultimate-svtermprp.log,,2026-01-22 20:00:00,/home/clexma/Desktop/fox3/TermDB/EvolveTerm/data/tpdb_known/c_term/svcomp_c.02.c,tpdb429term,/home/clexma/Desktop/fox3/TermDB/svcomp_examples/sv-benchmarks/c/properties/termination.prp,32bit,300,1,/home/clexma/Desktop/fox3/TermDB/UAutomizer-linux,/usr/bin/python3 /home/clexma/Desktop/fox3/TermDB/UAutomizer-linux/Ultimate.py --config /home/clexma/Desktop/fox3/TermDB/UAutomizer-linux/config --data /home/clexma/Desktop/fox3/TermDB/UAutomizer-linux/data --full-output --architecture 32bit --spec /home/clexma/Desktop/fox3/TermDB/svcomp_examples/sv-benchmarks/c/properties/termination.prp --file ../EvolveTerm/data/tpdb_known/c_term/svcomp_c.02.c
svcomp_c.03-alloca.c,YES,0,,0,stdout_stderr,9.03,Results/ultimate/ultiouts/c_term/svcomp_c.03-alloca.c-ultimate-svtermprp.log,,2026-01-22 20:00:09,/home/clexma/Desktop/fox3/TermDB/EvolveTerm/data/tpdb_known/c_term/svcomp_c.03-alloca.c,tpdb429term,/home/clexma/Desktop/fox3/TermDB/svcomp_examples/sv-benchmarks/c/properties/termination.prp,32bit,300,1,/home/clexma/Desktop/fox3/TermDB/UAutomizer-linux,/usr/bin/python3 /home/clexma/Desktop/fox3/TermDB/UAutomizer-linux/Ultimate.py --config /home/clexma/Desktop/fox3/TermDB/UAutomizer-linux/config --data /home/clexma/Desktop/fox3/TermDB/UAutomizer-linux/data --full-output --architecture 32bit --spec /home/clexma/Desktop/fox3/TermDB/svcomp_examples/sv-benchmarks/c/properties/termination.prp --file ../EvolveTerm/data/tpdb_known/c_term/svcomp_c.03-alloca.c
svcomp_c.03.c,YES,0,,0,stdout_stderr,5.24,Results/ultimate/ultiouts/c_term/svcomp_c.03.c-ultimate-svtermprp.log,,2026-01-22 20:00:14,/home/clexma/Desktop/fox3/TermDB/EvolveTerm/data/tpdb_known/c_term/svcomp_c.03.c,tpdb429term,/home/clexma/Desktop/fox3/TermDB/svcomp_examples/sv-benchmarks/c/properties/termination.prp,32bit,300,1,/home/clexma/Desktop/fox3/TermDB/UAutomizer-linux,/usr/bin/python3 /home/clexma/Desktop/fox3/TermDB/UAutomizer-linux/Ultimate.py --config /home/clexma/Desktop/fox3/TermDB/UAutomizer-linux/config --data /home/clexma/Desktop/fox3/TermDB/UAutomizer-linux/data --full-output --architecture 32bit --spec /home/clexma/Desktop/fox3/TermDB/svcomp_examples/sv-benchmarks/c/properties/termination.prp --file ../EvolveTerm/data/tpdb_known/c_term/svcomp_c.03.c
svcomp_c.07-alloca.c,YES,0,,0,stdout_stderr,4.60,Results/ultimate/ultiouts/c_term/svcomp_c.07-alloca.c-ultimate-svtermprp.log,,2026-01-22 20:00:19,/home/clexma/Desktop/fox3/TermDB/EvolveTerm/data/tpdb_known/c_term/svcomp_c.07-alloca.c,tpdb429term,/home/clexma/Desktop/fox3/TermDB/svcomp_examples/sv-benchmarks/c/properties/termination.prp,32bit,300,1,/home/clexma/Desktop/fox3/TermDB/UAutomizer-linux,/usr/bin/python3 /home/clexma/Desktop/fox3/TermDB/UAutomizer-linux/Ultimate.py --config /home/clexma/Desktop/fox3/TermDB/UAutomizer-linux/config --data /home/clexma/Desktop/fox3/TermDB/UAutomizer-linux/data --full-output --architecture 32bit --spec /home/clexma/Desktop/fox3/TermDB/svcomp_examples/sv-benchmarks/c/properties/termination.prp --file ../EvolveTerm/data/tpdb_known/c_term/svcomp_c.07-alloca.c
svcomp_c.07.c,YES,0,,0,stdout_stderr,4.00,Results/ultimate/ultiouts/c_term/svcomp_c.07.c-ultimate-svtermprp.log,,2026-01-22 20:00:23,/home/clexma/Desktop/fox3/TermDB/EvolveTerm/data/tpdb_known/c_term/svcomp_c.07.c,tpdb429term,/home/clexma/Desktop/fox3/TermDB/svcomp_examples/sv-benchmarks/c/properties/termination.prp,32bit,300,1,/home/clexma/Desktop/fox3/TermDB/UAutomizer-linux,/usr/bin/python3 /home/clexma/Desktop/fox3/TermDB/UAutomizer-linux/Ultimate.py --config /home/clexma/Desktop/fox3/TermDB/UAutomizer-linux/config --data /home/clexma/Desktop/fox3/TermDB/UAutomizer-linux/data --full-output --architecture 32bit --spec /home/clexma/Desktop/fox3/TermDB/svcomp_examples/sv-benchmarks/c/properties/termination.prp --file ../EvolveTerm/data/tpdb_known/c_term/svcomp_c.07.c
svcomp_c.08-alloca.c,TIMEOUT,1,Analysis timed out after 300 seconds,,timeout,300.05,,,2026-01-22 20:05:23,/home/clexma/Desktop/fox3/TermDB/EvolveTerm/data/tpdb_known/c_term/svcomp_c.08-alloca.c,tpdb429term,/home/clexma/Desktop/fox3/TermDB/svcomp_examples/sv-benchmarks/c/properties/termination.prp,32bit,300,1,/home/clexma/Desktop/fox3/TermDB/UAutomizer-linux,/usr/bin/python3 /home/clexma/Desktop/fox3/TermDB/UAutomizer-linux/Ultimate.py --config /home/clexma/Desktop/fox3/TermDB/UAutomizer-linux/config --data /home/clexma/Desktop/fox3/TermDB/UAutomizer-linux/data --full-output --architecture 32bit --spec /home/clexma/Desktop/fox3/TermDB/svcomp_examples/sv-benchmarks/c/properties/termination.prp --file ../EvolveTerm/data/tpdb_known/c_term/svcomp_c.08-alloca.c
svcomp_c.08.c,YES,0,,0,stdout_stderr,4.20,Results/ultimate/ultiouts/c_term/svcomp_c.08.c-ultimate-svtermprp.log,,2026-01-22 20:05:27,/home/clexma/Desktop/fox3/TermDB/EvolveTerm/data/tpdb_known/c_term/svcomp_c.08.c,tpdb429term,/home/clexma/Desktop/fox3/TermDB/svcomp_examples/sv-benchmarks/c/properties/termination.prp,32bit,300,1,/home/clexma/Desktop/fox3/TermDB/UAutomizer-linux,/usr/bin/python3 /home/clexma/Desktop/fox3/TermDB/UAutomizer-linux/Ultimate.py --config /home/clexma/Desktop/fox3/TermDB/UAutomizer-linux/config --data /home/clexma/Desktop/fox3/TermDB/UAutomizer-linux/data --full-output --architecture 32bit --spec /home/clexma/Desktop/fox3/TermDB/svcomp_examples/sv-benchmarks/c/properties/termination.prp --file ../EvolveTerm/data/tpdb_known/c_term/svcomp_c.08.c
svcomp_count_down_alloca.c,TIMEOUT,1,Analysis timed out after 300 seconds,,timeout,300.07,,,2026-01-22 20:10:27,/home/clexma/Desktop/fox3/TermDB/EvolveTerm/data/tpdb_known/c_term/svcomp_count_down_alloca.c,tpdb429term,/home/clexma/Desktop/fox3/TermDB/svcomp_examples/sv-benchmarks/c/properties/termination.prp,32bit,300,1,/home/clexma/Desktop/fox3/TermDB/UAutomizer-linux,/usr/bin/python3 /home/clexma/Desktop/fox3/TermDB/UAutomizer-linux/Ultimate.py --config /home/clexma/Desktop/fox3/TermDB/UAutomizer-linux/config --data /home/clexma/Desktop/fox3/TermDB/UAutomizer-linux/data --full-output --architecture 32bit --spec /home/clexma/Desktop/fox3/TermDB/svcomp_examples/sv-benchmarks/c/properties/termination.prp --file ../EvolveTerm/data/tpdb_known/c_term/svcomp_count_down_alloca.c
svcomp_cstrchr_true_alloca.c,MAYBE,0,,0,stdout_stderr,11.74,Results/ultimate/ultiouts/c_term/svcomp_cstrchr_true_alloca.c-ultimate-svtermprp.log,,2026-01-22 20:10:39,/home/clexma/Desktop/fox3/TermDB/EvolveTerm/data/tpdb_known/c_term/svcomp_cstrchr_true_alloca.c,tpdb429term,/home/clexma/Desktop/fox3/TermDB/svcomp_examples/sv-benchmarks/c/properties/termination.prp,32bit,300,1,/home/clexma/Desktop/fox3/TermDB/UAutomizer-linux,/usr/bin/python3 /home/clexma/Desktop/fox3/TermDB/UAutomizer-linux/Ultimate.py --config /home/clexma/Desktop/fox3/TermDB/UAutomizer-linux/config --data /home/clexma/Desktop/fox3/TermDB/UAutomizer-linux/data --full-output --architecture 32bit --spec /home/clexma/Desktop/fox3/TermDB/svcomp_examples/sv-benchmarks/c/properties/termination.prp --file ../EvolveTerm/data/tpdb_known/c_term/svcomp_cstrchr_true_alloca.c
svcomp_cstrcmp_true-termination.c,MAYBE,0,,0,stdout_stderr,10.84,Results/ultimate/ultiouts/c_term/svcomp_cstrcmp_true-termination.c-ultimate-svtermprp.log,,2026-01-22 20:10:50,/home/clexma/Desktop/fox3/TermDB/EvolveTerm/data/tpdb_known/c_term/svcomp_cstrcmp_true-termination.c,tpdb429term,/home/clexma/Desktop/fox3/TermDB/svcomp_examples/sv-benchmarks/c/properties/termination.prp,32bit,300,1,/home/clexma/Desktop/fox3/TermDB/UAutomizer-linux,/usr/bin/python3 /home/clexma/Desktop/fox3/TermDB/UAutomizer-linux/Ultimate.py --config /home/clexma/Desktop/fox3/TermDB/UAutomizer-linux/config --data /home/clexma/Desktop/fox3/TermDB/UAutomizer-linux/data --full-output --architecture 32bit --spec /home/clexma/Desktop/fox3/TermDB/svcomp_examples/sv-benchmarks/c/properties/termination.prp --file ../EvolveTerm/data/tpdb_known/c_term/svcomp_cstrcmp_true-termination.c
svcomp_cstrcmp_true_alloca.c,MAYBE,0,,0,stdout_stderr,11.39,Results/ultimate/ultiouts/c_term/svcomp_cstrcmp_true_alloca.c-ultimate-svtermprp.log,,2026-01-22 20:11:01,/home/clexma/Desktop/fox3/TermDB/EvolveTerm/data/tpdb_known/c_term/svcomp_cstrcmp_true_alloca.c,tpdb429term,/home/clexma/Desktop/fox3/TermDB/svcomp_examples/sv-benchmarks/c/properties/termination.prp,32bit,300,1,/home/clexma/Desktop/fox3/TermDB/UAutomizer-linux,/usr/bin/python3 /home/clexma/Desktop/fox3/TermDB/UAutomizer-linux/Ultimate.py --config /home/clexma/Desktop/fox3/TermDB/UAutomizer-linux/config --data /home/clexma/Desktop/fox3/TermDB/UAutomizer-linux/data --full-output --architecture 32bit --spec /home/clexma/Desktop/fox3/TermDB/svcomp_examples/sv-benchmarks/c/properties/termination.prp --file ../EvolveTerm/data/tpdb_known/c_term/svcomp_cstrcmp_true_alloca.c
svcomp_cstrcpy_alloca.c,MAYBE,0,,0,stdout_stderr,9.52,Results/ultimate/ultiouts/c_term/svcomp_cstrcpy_alloca.c-ultimate-svtermprp.log,,2026-01-22 20:11:11,/home/clexma/Desktop/fox3/TermDB/EvolveTerm/data/tpdb_known/c_term/svcomp_cstrcpy_alloca.c,tpdb429term,/home/clexma/Desktop/fox3/TermDB/svcomp_examples/sv-benchmarks/c/properties/termination.prp,32bit,300,1,/home/clexma/Desktop/fox3/TermDB/UAutomizer-linux,/usr/bin/python3 /home/clexma/Desktop/fox3/TermDB/UAutomizer-linux/Ultimate.py --config /home/clexma/Desktop/fox3/TermDB/UAutomizer-linux/config --data /home/clexma/Desktop/fox3/TermDB/UAutomizer-linux/data --full-output --architecture 32bit --spec /home/clexma/Desktop/fox3/TermDB/svcomp_examples/sv-benchmarks/c/properties/termination.prp --file ../EvolveTerm/data/tpdb_known/c_term/svcomp_cstrcpy_alloca.c
svcomp_cstrcspn_true-termination.c,MAYBE,0,,0,stdout_stderr,12.08,Results/ultimate/ultiouts/c_term/svcomp_cstrcspn_true-termination.c-ultimate-svtermprp.log,,2026-01-22 20:11:23,/home/clexma/Desktop/fox3/TermDB/EvolveTerm/data/tpdb_known/c_term/svcomp_cstrcspn_true-termination.c,tpdb429term,/home/clexma/Desktop/fox3/TermDB/svcomp_examples/sv-benchmarks/c/properties/termination.prp,32bit,300,1,/home/clexma/Desktop/fox3/TermDB/UAutomizer-linux,/usr/bin/python3 /home/clexma/Desktop/fox3/TermDB/UAutomizer-linux/Ultimate.py --config /home/clexma/Desktop/fox3/TermDB/UAutomizer-linux/config --data /home/clexma/Desktop/fox3/TermDB/UAutomizer-linux/data --full-output --architecture 32bit --spec /home/clexma/Desktop/fox3/TermDB/svcomp_examples/sv-benchmarks/c/properties/termination.prp --file ../EvolveTerm/data/tpdb_known/c_term/svcomp_cstrcspn_true-termination.c
svcomp_cstrcspn_true_alloca.c,MAYBE,0,,0,stdout_stderr,12.30,Results/ultimate/ultiouts/c_term/svcomp_cstrcspn_true_alloca.c-ultimate-svtermprp.log,,2026-01-22 20:11:35,/home/clexma/Desktop/fox3/TermDB/EvolveTerm/data/tpdb_known/c_term/svcomp_cstrcspn_true_alloca.c,tpdb429term,/home/clexma/Desktop/fox3/TermDB/svcomp_examples/sv-benchmarks/c/properties/termination.prp,32bit,300,1,/home/clexma/Desktop/fox3/TermDB/UAutomizer-linux,/usr/bin/python3 /home/clexma/Desktop/fox3/TermDB/UAutomizer-linux/Ultimate.py --config /home/clexma/Desktop/fox3/TermDB/UAutomizer-linux/config --data /home/clexma/Desktop/fox3/TermDB/UAutomizer-linux/data --full-output --architecture 32bit --spec /home/clexma/Desktop/fox3/TermDB/svcomp_examples/sv-benchmarks/c/properties/termination.prp --file ../EvolveTerm/data/tpdb_known/c_term/svcomp_cstrcspn_true_alloca.c
svcomp_cstrlen_true-termination.c,MAYBE,0,,0,stdout_stderr,7.99,Results/ultimate/ultiouts/c_term/svcomp_cstrlen_true-termination.c-ultimate-svtermprp.log,,2026-01-22 20:11:43,/home/clexma/Desktop/fox3/TermDB/EvolveTerm/data/tpdb_known/c_term/svcomp_cstrlen_true-termination.c,tpdb429term,/home/clexma/Desktop/fox3/TermDB/svcomp_examples/sv-benchmarks/c/properties/termination.prp,32bit,300,1,/home/clexma/Desktop/fox3/TermDB/UAutomizer-linux,/usr/bin/python3 /home/clexma/Desktop/fox3/TermDB/UAutomizer-linux/Ultimate.py --config /home/clexma/Desktop/fox3/TermDB/UAutomizer-linux/config --data /home/clexma/Desktop/fox3/TermDB/UAutomizer-linux/data --full-output --architecture 32bit --spec /home/clexma/Desktop/fox3/TermDB/svcomp_examples/sv-benchmarks/c/properties/termination.prp --file ../EvolveTerm/data/tpdb_known/c_term/svcomp_cstrlen_true-termination.c
svcomp_cstrlen_true_alloca.c,MAYBE,0,,0,stdout_stderr,7.55,Results/ultimate/ultiouts/c_term/svcomp_cstrlen_true_alloca.c-ultimate-svtermprp.log,,2026-01-22 20:11:51,/home/clexma/Desktop/fox3/TermDB/EvolveTerm/data/tpdb_known/c_term/svcomp_cstrlen_true_alloca.c,tpdb429term,/home/clexma/Desktop/fox3/TermDB/svcomp_examples/sv-benchmarks/c/properties/termination.prp,32bit,300,1,/home/clexma/Desktop/fox3/TermDB/UAutomizer-linux,/usr/bin/python3 /home/clexma/Desktop/fox3/TermDB/UAutomizer-linux/Ultimate.py --config /home/clexma/Desktop/fox3/TermDB/UAutomizer-linux/config --data /home/clexma/Desktop/fox3/TermDB/UAutomizer-linux/data --full-output --architecture 32bit --spec /home/clexma/Desktop/fox3/TermDB/svcomp_examples/sv-benchmarks/c/properties/termination.prp --file ../EvolveTerm/data/tpdb_known/c_term/svcomp_cstrlen_true_alloca.c
svcomp_cstrncmp_true-termination.c,YES,0,,0,stdout_stderr,4.31,Results/ultimate/ultiouts/c_term/svcomp_cstrncmp_true-termination.c-ultimate-svtermprp.log,,2026-01-22 20:11:55,/home/clexma/Desktop/fox3/TermDB/EvolveTerm/data/tpdb_known/c_term/svcomp_cstrncmp_true-termination.c,tpdb429term,/home/clexma/Desktop/fox3/TermDB/svcomp_examples/sv-benchmarks/c/properties/termination.prp,32bit,300,1,/home/clexma/Desktop/fox3/TermDB/UAutomizer-linux,/usr/bin/python3 /home/clexma/Desktop/fox3/TermDB/UAutomizer-linux/Ultimate.py --config /home/clexma/Desktop/fox3/TermDB/UAutomizer-linux/config --data /home/clexma/Desktop/fox3/TermDB/UAutomizer-linux/data --full-output --architecture 32bit --spec /home/clexma/Desktop/fox3/TermDB/svcomp_examples/sv-benchmarks/c/properties/termination.prp --file ../EvolveTerm/data/tpdb_known/c_term/svcomp_cstrncmp_true-termination.c
svcomp_cstrncmp_true_alloca.c,YES,0,,0,stdout_stderr,4.41,Results/ultimate/ultiouts/c_term/svcomp_cstrncmp_true_alloca.c-ultimate-svtermprp.log,,2026-01-22 20:11:59,/home/clexma/Desktop/fox3/TermDB/EvolveTerm/data/tpdb_known/c_term/svcomp_cstrncmp_true_alloca.c,tpdb429term,/home/clexma/Desktop/fox3/TermDB/svcomp_examples/sv-benchmarks/c/properties/termination.prp,32bit,300,1,/home/clexma/Desktop/fox3/TermDB/UAutomizer-linux,/usr/bin/python3 /home/clexma/Desktop/fox3/TermDB/UAutomizer-linux/Ultimate.py --config /home/clexma/Desktop/fox3/TermDB/UAutomizer-linux/config --data /home/clexma/Desktop/fox3/TermDB/UAutomizer-linux/data --full-output --architecture 32bit --spec /home/clexma/Desktop/fox3/TermDB/svcomp_examples/sv-benchmarks/c/properties/termination.prp --file ../EvolveTerm/data/tpdb_known/c_term/svcomp_cstrncmp_true_alloca.c
svcomp_cstrncpy_alloca.c,YES,0,,0,stdout_stderr,4.97,Results/ultimate/ultiouts/c_term/svcomp_cstrncpy_alloca.c-ultimate-svtermprp.log,,2026-01-22 20:12:04,/home/clexma/Desktop/fox3/TermDB/EvolveTerm/data/tpdb_known/c_term/svcomp_cstrncpy_alloca.c,tpdb429term,/home/clexma/Desktop/fox3/TermDB/svcomp_examples/sv-benchmarks/c/properties/termination.prp,32bit,300,1,/home/clexma/Desktop/fox3/TermDB/UAutomizer-linux,/usr/bin/python3 /home/clexma/Desktop/fox3/TermDB/UAutomizer-linux/Ultimate.py --config /home/clexma/Desktop/fox3/TermDB/UAutomizer-linux/config --data /home/clexma/Desktop/fox3/TermDB/UAutomizer-linux/data --full-output --architecture 32bit --spec /home/clexma/Desktop/fox3/TermDB/svcomp_examples/sv-benchmarks/c/properties/termination.prp --file ../EvolveTerm/data/tpdb_known/c_term/svcomp_cstrncpy_alloca.c
svcomp_cstrpbrk_true-termination.c,MAYBE,0,,0,stdout_stderr,11.10,Results/ultimate/ultiouts/c_term/svcomp_cstrpbrk_true-termination.c-ultimate-svtermprp.log,,2026-01-22 20:12:15,/home/clexma/Desktop/fox3/TermDB/EvolveTerm/data/tpdb_known/c_term/svcomp_cstrpbrk_true-termination.c,tpdb429term,/home/clexma/Desktop/fox3/TermDB/svcomp_examples/sv-benchmarks/c/properties/termination.prp,32bit,300,1,/home/clexma/Desktop/fox3/TermDB/UAutomizer-linux,/usr/bin/python3 /home/clexma/Desktop/fox3/TermDB/UAutomizer-linux/Ultimate.py --config /home/clexma/Desktop/fox3/TermDB/UAutomizer-linux/config --data /home/clexma/Desktop/fox3/TermDB/UAutomizer-linux/data --full-output --architecture 32bit --spec /home/clexma/Desktop/fox3/TermDB/svcomp_examples/sv-benchmarks/c/properties/termination.prp --file ../EvolveTerm/data/tpdb_known/c_term/svcomp_cstrpbrk_true-termination.c
svcomp_cstrpbrk_true_alloca.c,MAYBE,0,,0,stdout_stderr,11.08,Results/ultimate/ultiouts/c_term/svcomp_cstrpbrk_true_alloca.c-ultimate-svtermprp.log,,2026-01-22 20:12:26,/home/clexma/Desktop/fox3/TermDB/EvolveTerm/data/tpdb_known/c_term/svcomp_cstrpbrk_true_alloca.c,tpdb429term,/home/clexma/Desktop/fox3/TermDB/svcomp_examples/sv-benchmarks/c/properties/termination.prp,32bit,300,1,/home/clexma/Desktop/fox3/TermDB/UAutomizer-linux,/usr/bin/python3 /home/clexma/Desktop/fox3/TermDB/UAutomizer-linux/Ultimate.py --config /home/clexma/Desktop/fox3/TermDB/UAutomizer-linux/config --data /home/clexma/Desktop/fox3/TermDB/UAutomizer-linux/data --full-output --architecture 32bit --spec /home/clexma/Desktop/fox3/TermDB/svcomp_examples/sv-benchmarks/c/properties/termination.prp --file ../EvolveTerm/data/tpdb_known/c_term/svcomp_cstrpbrk_true_alloca.c
svcomp_cstrspn_true-termination.c,MAYBE,0,,0,stdout_stderr,11.05,Results/ultimate/ultiouts/c_term/svcomp_cstrspn_true-termination.c-ultimate-svtermprp.log,,2026-01-22 20:12:38,/home/clexma/Desktop/fox3/TermDB/EvolveTerm/data/tpdb_known/c_term/svcomp_cstrspn_true-termination.c,tpdb429term,/home/clexma/Desktop/fox3/TermDB/svcomp_examples/sv-benchmarks/c/properties/termination.prp,32bit,300,1,/home/clexma/Desktop/fox3/TermDB/UAutomizer-linux,/usr/bin/python3 /home/clexma/Desktop/fox3/TermDB/UAutomizer-linux/Ultimate.py --config /home/clexma/Desktop/fox3/TermDB/UAutomizer-linux/config --data /home/clexma/Desktop/fox3/TermDB/UAutomizer-linux/data --full-output --architecture 32bit --spec /home/clexma/Desktop/fox3/TermDB/svcomp_examples/sv-benchmarks/c/properties/termination.prp --file ../EvolveTerm/data/tpdb_known/c_term/svcomp_cstrspn_true-termination.c
svcomp_cstrspn_true_alloca.c,MAYBE,0,,0,stdout_stderr,11.40,Results/ultimate/ultiouts/c_term/svcomp_cstrspn_true_alloca.c-ultimate-svtermprp.log,,2026-01-22 20:12:49,/home/clexma/Desktop/fox3/TermDB/EvolveTerm/data/tpdb_known/c_term/svcomp_cstrspn_true_alloca.c,tpdb429term,/home/clexma/Desktop/fox3/TermDB/svcomp_examples/sv-benchmarks/c/properties/termination.prp,32bit,300,1,/home/clexma/Desktop/fox3/TermDB/UAutomizer-linux,/usr/bin/python3 /home/clexma/Desktop/fox3/TermDB/UAutomizer-linux/Ultimate.py --config /home/clexma/Desktop/fox3/TermDB/UAutomizer-linux/config --data /home/clexma/Desktop/fox3/TermDB/UAutomizer-linux/data --full-output --architecture 32bit --spec /home/clexma/Desktop/fox3/TermDB/svcomp_examples/sv-benchmarks/c/properties/termination.prp --file ../EvolveTerm/data/tpdb_known/c_term/svcomp_cstrspn_true_alloca.c
svcomp_diff_alloca.c,YES,0,,0,stdout_stderr,5.46,Results/ultimate/ultiouts/c_term/svcomp_diff_alloca.c-ultimate-svtermprp.log,,2026-01-22 20:12:54,/home/clexma/Desktop/fox3/TermDB/EvolveTerm/data/tpdb_known/c_term/svcomp_diff_alloca.c,tpdb429term,/home/clexma/Desktop/fox3/TermDB/svcomp_examples/sv-benchmarks/c/properties/termination.prp,32bit,300,1,/home/clexma/Desktop/fox3/TermDB/UAutomizer-linux,/usr/bin/python3 /home/clexma/Desktop/fox3/TermDB/UAutomizer-linux/Ultimate.py --config /home/clexma/Desktop/fox3/TermDB/UAutomizer-linux/config --data /home/clexma/Desktop/fox3/TermDB/UAutomizer-linux/data --full-output --architecture 32bit --spec /home/clexma/Desktop/fox3/TermDB/svcomp_examples/sv-benchmarks/c/properties/termination.prp --file ../EvolveTerm/data/tpdb_known/c_term/svcomp_diff_alloca.c
svcomp_easySum-alloca.c,YES,0,,0,stdout_stderr,4.00,Results/ultimate/ultiouts/c_term/svcomp_easySum-alloca.c-ultimate-svtermprp.log,,2026-01-22 20:12:58,/home/clexma/Desktop/fox3/TermDB/EvolveTerm/data/tpdb_known/c_term/svcomp_easySum-alloca.c,tpdb429term,/home/clexma/Desktop/fox3/TermDB/svcomp_examples/sv-benchmarks/c/properties/termination.prp,32bit,300,1,/home/clexma/Desktop/fox3/TermDB/UAutomizer-linux,/usr/bin/python3 /home/clexma/Desktop/fox3/TermDB/UAutomizer-linux/Ultimate.py --config /home/clexma/Desktop/fox3/TermDB/UAutomizer-linux/config --data /home/clexma/Desktop/fox3/TermDB/UAutomizer-linux/data --full-output --architecture 32bit --spec /home/clexma/Desktop/fox3/TermDB/svcomp_examples/sv-benchmarks/c/properties/termination.prp --file ../EvolveTerm/data/tpdb_known/c_term/svcomp_easySum-alloca.c
svcomp_easySum.c,YES,0,,0,stdout_stderr,3.79,Results/ultimate/ultiouts/c_term/svcomp_easySum.c-ultimate-svtermprp.log,,2026-01-22 20:13:02,/home/clexma/Desktop/fox3/TermDB/EvolveTerm/data/tpdb_known/c_term/svcomp_easySum.c,tpdb429term,/home/clexma/Desktop/fox3/TermDB/svcomp_examples/sv-benchmarks/c/properties/termination.prp,32bit,300,1,/home/clexma/Desktop/fox3/TermDB/UAutomizer-linux,/usr/bin/python3 /home/clexma/Desktop/fox3/TermDB/UAutomizer-linux/Ultimate.py --config /home/clexma/Desktop/fox3/TermDB/UAutomizer-linux/config --data /home/clexma/Desktop/fox3/TermDB/UAutomizer-linux/data --full-output --architecture 32bit --spec /home/clexma/Desktop/fox3/TermDB/svcomp_examples/sv-benchmarks/c/properties/termination.prp --file ../EvolveTerm/data/tpdb_known/c_term/svcomp_easySum.c
svcomp_ex1-alloca.c,YES,0,,0,stdout_stderr,4.42,Results/ultimate/ultiouts/c_term/svcomp_ex1-alloca.c-ultimate-svtermprp.log,,2026-01-22 20:13:07,/home/clexma/Desktop/fox3/TermDB/EvolveTerm/data/tpdb_known/c_term/svcomp_ex1-alloca.c,tpdb429term,/home/clexma/Desktop/fox3/TermDB/svcomp_examples/sv-benchmarks/c/properties/termination.prp,32bit,300,1,/home/clexma/Desktop/fox3/TermDB/UAutomizer-linux,/usr/bin/python3 /home/clexma/Desktop/fox3/TermDB/UAutomizer-linux/Ultimate.py --config /home/clexma/Desktop/fox3/TermDB/UAutomizer-linux/config --data /home/clexma/Desktop/fox3/TermDB/UAutomizer-linux/data --full-output --architecture 32bit --spec /home/clexma/Desktop/fox3/TermDB/svcomp_examples/sv-benchmarks/c/properties/termination.prp --file ../EvolveTerm/data/tpdb_known/c_term/svcomp_ex1-alloca.c
svcomp_ex1.c,YES,0,,0,stdout_stderr,4.17,Results/ultimate/ultiouts/c_term/svcomp_ex1.c-ultimate-svtermprp.log,,2026-01-22 20:13:11,/home/clexma/Desktop/fox3/TermDB/EvolveTerm/data/tpdb_known/c_term/svcomp_ex1.c,tpdb429term,/home/clexma/Desktop/fox3/TermDB/svcomp_examples/sv-benchmarks/c/properties/termination.prp,32bit,300,1,/home/clexma/Desktop/fox3/TermDB/UAutomizer-linux,/usr/bin/python3 /home/clexma/Desktop/fox3/TermDB/UAutomizer-linux/Ultimate.py --config /home/clexma/Desktop/fox3/TermDB/UAutomizer-linux/config --data /home/clexma/Desktop/fox3/TermDB/UAutomizer-linux/data --full-output --architecture 32bit --spec /home/clexma/Desktop/fox3/TermDB/svcomp_examples/sv-benchmarks/c/properties/termination.prp --file ../EvolveTerm/data/tpdb_known/c_term/svcomp_ex1.c
svcomp_ex2.c,MAYBE,0,,0,stdout_stderr,9.09,Results/ultimate/ultiouts/c_term/svcomp_ex2.c-ultimate-svtermprp.log,,2026-01-22 20:13:20,/home/clexma/Desktop/fox3/TermDB/EvolveTerm/data/tpdb_known/c_term/svcomp_ex2.c,tpdb429term,/home/clexma/Desktop/fox3/TermDB/svcomp_examples/sv-benchmarks/c/properties/termination.prp,32bit,300,1,/home/clexma/Desktop/fox3/TermDB/UAutomizer-linux,/usr/bin/python3 /home/clexma/Desktop/fox3/TermDB/UAutomizer-linux/Ultimate.py --config /home/clexma/Desktop/fox3/TermDB/UAutomizer-linux/config --data /home/clexma/Desktop/fox3/TermDB/UAutomizer-linux/data --full-output --architecture 32bit --spec /home/clexma/Desktop/fox3/TermDB/svcomp_examples/sv-benchmarks/c/properties/termination.prp --file ../EvolveTerm/data/tpdb_known/c_term/svcomp_ex2.c
svcomp_ex3a-alloca.c,MAYBE,0,,0,stdout_stderr,8.85,Results/ultimate/ultiouts/c_term/svcomp_ex3a-alloca.c-ultimate-svtermprp.log,,2026-01-22 20:13:29,/home/clexma/Desktop/fox3/TermDB/EvolveTerm/data/tpdb_known/c_term/svcomp_ex3a-alloca.c,tpdb429term,/home/clexma/Desktop/fox3/TermDB/svcomp_examples/sv-benchmarks/c/properties/termination.prp,32bit,300,1,/home/clexma/Desktop/fox3/TermDB/UAutomizer-linux,/usr/bin/python3 /home/clexma/Desktop/fox3/TermDB/UAutomizer-linux/Ultimate.py --config /home/clexma/Desktop/fox3/TermDB/UAutomizer-linux/config --data /home/clexma/Desktop/fox3/TermDB/UAutomizer-linux/data --full-output --architecture 32bit --spec /home/clexma/Desktop/fox3/TermDB/svcomp_examples/sv-benchmarks/c/properties/termination.prp --file ../EvolveTerm/data/tpdb_known/c_term/svcomp_ex3a-alloca.c
svcomp_ex3a.c,MAYBE,0,,0,stdout_stderr,7.01,Results/ultimate/ultiouts/c_term/svcomp_ex3a.c-ultimate-svtermprp.log,,2026-01-22 20:13:36,/home/clexma/Desktop/fox3/TermDB/EvolveTerm/data/tpdb_known/c_term/svcomp_ex3a.c,tpdb429term,/home/clexma/Desktop/fox3/TermDB/svcomp_examples/sv-benchmarks/c/properties/termination.prp,32bit,300,1,/home/clexma/Desktop/fox3/TermDB/UAutomizer-linux,/usr/bin/python3 /home/clexma/Desktop/fox3/TermDB/UAutomizer-linux/Ultimate.py --config /home/clexma/Desktop/fox3/TermDB/UAutomizer-linux/config --data /home/clexma/Desktop/fox3/TermDB/UAutomizer-linux/data --full-output --architecture 32bit --spec /home/clexma/Desktop/fox3/TermDB/svcomp_examples/sv-benchmarks/c/properties/termination.prp --file ../EvolveTerm/data/tpdb_known/c_term/svcomp_ex3a.c
svcomp_ex3b-alloca.c,MAYBE,0,,0,stdout_stderr,9.29,Results/ultimate/ultiouts/c_term/svcomp_ex3b-alloca.c-ultimate-svtermprp.log,,2026-01-22 20:13:45,/home/clexma/Desktop/fox3/TermDB/EvolveTerm/data/tpdb_known/c_term/svcomp_ex3b-alloca.c,tpdb429term,/home/clexma/Desktop/fox3/TermDB/svcomp_examples/sv-benchmarks/c/properties/termination.prp,32bit,300,1,/home/clexma/Desktop/fox3/TermDB/UAutomizer-linux,/usr/bin/python3 /home/clexma/Desktop/fox3/TermDB/UAutomizer-linux/Ultimate.py --config /home/clexma/Desktop/fox3/TermDB/UAutomizer-linux/config --data /home/clexma/Desktop/fox3/TermDB/UAutomizer-linux/data --full-output --architecture 32bit --spec /home/clexma/Desktop/fox3/TermDB/svcomp_examples/sv-benchmarks/c/properties/termination.prp --file ../EvolveTerm/data/tpdb_known/c_term/svcomp_ex3b-alloca.c
svcomp_ex3b.c,MAYBE,0,,0,stdout_stderr,6.98,Results/ultimate/ultiouts/c_term/svcomp_ex3b.c-ultimate-svtermprp.log,,2026-01-22 20:13:52,/home/clexma/Desktop/fox3/TermDB/EvolveTerm/data/tpdb_known/c_term/svcomp_ex3b.c,tpdb429term,/home/clexma/Desktop/fox3/TermDB/svcomp_examples/sv-benchmarks/c/properties/termination.prp,32bit,300,1,/home/clexma/Desktop/fox3/TermDB/UAutomizer-linux,/usr/bin/python3 /home/clexma/Desktop/fox3/TermDB/UAutomizer-linux/Ultimate.py --config /home/clexma/Desktop/fox3/TermDB/UAutomizer-linux/config --data /home/clexma/Desktop/fox3/TermDB/UAutomizer-linux/data --full-output --architecture 32bit --spec /home/clexma/Desktop/fox3/TermDB/svcomp_examples/sv-benchmarks/c/properties/termination.prp --file ../EvolveTerm/data/tpdb_known/c_term/svcomp_ex3b.c
svcomp_fermat-alloca.c,TIMEOUT,1,Analysis timed out after 300 seconds,,timeout,300.02,,,2026-01-22 20:18:52,/home/clexma/Desktop/fox3/TermDB/EvolveTerm/data/tpdb_known/c_term/svcomp_fermat-alloca.c,tpdb429term,/home/clexma/Desktop/fox3/TermDB/svcomp_examples/sv-benchmarks/c/properties/termination.prp,32bit,300,1,/home/clexma/Desktop/fox3/TermDB/UAutomizer-linux,/usr/bin/python3 /home/clexma/Desktop/fox3/TermDB/UAutomizer-linux/Ultimate.py --config /home/clexma/Desktop/fox3/TermDB/UAutomizer-linux/config --data /home/clexma/Desktop/fox3/TermDB/UAutomizer-linux/data --full-output --architecture 32bit --spec /home/clexma/Desktop/fox3/TermDB/svcomp_examples/sv-benchmarks/c/properties/termination.prp --file ../EvolveTerm/data/tpdb_known/c_term/svcomp_fermat-alloca.c
svcomp_fermat.c,YES,0,,0,stdout_stderr,262.25,Results/ultimate/ultiouts/c_term/svcomp_fermat.c-ultimate-svtermprp.log,,2026-01-22 20:23:14,/home/clexma/Desktop/fox3/TermDB/EvolveTerm/data/tpdb_known/c_term/svcomp_fermat.c,tpdb429term,/home/clexma/Desktop/fox3/TermDB/svcomp_examples/sv-benchmarks/c/properties/termination.prp,32bit,300,1,/home/clexma/Desktop/fox3/TermDB/UAutomizer-linux,/usr/bin/python3 /home/clexma/Desktop/fox3/TermDB/UAutomizer-linux/Ultimate.py --config /home/clexma/Desktop/fox3/TermDB/UAutomizer-linux/config --data /home/clexma/Desktop/fox3/TermDB/UAutomizer-linux/data --full-output --architecture 32bit --spec /home/clexma/Desktop/fox3/TermDB/svcomp_examples/sv-benchmarks/c/properties/termination.prp --file ../EvolveTerm/data/tpdb_known/c_term/svcomp_fermat.c
svcomp_flag-alloca.c,YES,0,,0,stdout_stderr,6.25,Results/ultimate/ultiouts/c_term/svcomp_flag-alloca.c-ultimate-svtermprp.log,,2026-01-22 20:23:21,/home/clexma/Desktop/fox3/TermDB/EvolveTerm/data/tpdb_known/c_term/svcomp_flag-alloca.c,tpdb429term,/home/clexma/Desktop/fox3/TermDB/svcomp_examples/sv-benchmarks/c/properties/termination.prp,32bit,300,1,/home/clexma/Desktop/fox3/TermDB/UAutomizer-linux,/usr/bin/python3 /home/clexma/Desktop/fox3/TermDB/UAutomizer-linux/Ultimate.py --config /home/clexma/Desktop/fox3/TermDB/UAutomizer-linux/config --data /home/clexma/Desktop/fox3/TermDB/UAutomizer-linux/data --full-output --architecture 32bit --spec /home/clexma/Desktop/fox3/TermDB/svcomp_examples/sv-benchmarks/c/properties/termination.prp --file ../EvolveTerm/data/tpdb_known/c_term/svcomp_flag-alloca.c
svcomp_flag.c,YES,0,,0,stdout_stderr,5.82,Results/ultimate/ultiouts/c_term/svcomp_flag.c-ultimate-svtermprp.log,,2026-01-22 20:23:26,/home/clexma/Desktop/fox3/TermDB/EvolveTerm/data/tpdb_known/c_term/svcomp_flag.c,tpdb429term,/home/clexma/Desktop/fox3/TermDB/svcomp_examples/sv-benchmarks/c/properties/termination.prp,32bit,300,1,/home/clexma/Desktop/fox3/TermDB/UAutomizer-linux,/usr/bin/python3 /home/clexma/Desktop/fox3/TermDB/UAutomizer-linux/Ultimate.py --config /home/clexma/Desktop/fox3/TermDB/UAutomizer-linux/config --data /home/clexma/Desktop/fox3/TermDB/UAutomizer-linux/data --full-output --architecture 32bit --spec /home/clexma/Desktop/fox3/TermDB/svcomp_examples/sv-benchmarks/c/properties/termination.prp --file ../EvolveTerm/data/tpdb_known/c_term/svcomp_flag.c
svcomp_gcd01_true-unreach-call_true-termination_modified.c,YES,0,,0,stdout_stderr,4.77,Results/ultimate/ultiouts/c_term/svcomp_gcd01_true-unreach-call_true-termination_modified.c-ultimate-svtermprp.log,,2026-01-22 20:23:31,/home/clexma/Desktop/fox3/TermDB/EvolveTerm/data/tpdb_known/c_term/svcomp_gcd01_true-unreach-call_true-termination_modified.c,tpdb429term,/home/clexma/Desktop/fox3/TermDB/svcomp_examples/sv-benchmarks/c/properties/termination.prp,32bit,300,1,/home/clexma/Desktop/fox3/TermDB/UAutomizer-linux,/usr/bin/python3 /home/clexma/Desktop/fox3/TermDB/UAutomizer-linux/Ultimate.py --config /home/clexma/Desktop/fox3/TermDB/UAutomizer-linux/config --data /home/clexma/Desktop/fox3/TermDB/UAutomizer-linux/data --full-output --architecture 32bit --spec /home/clexma/Desktop/fox3/TermDB/svcomp_examples/sv-benchmarks/c/properties/termination.prp --file ../EvolveTerm/data/tpdb_known/c_term/svcomp_gcd01_true-unreach-call_true-termination_modified.c
svcomp_gcd1_true-alloca.c,YES,0,,0,stdout_stderr,6.08,Results/ultimate/ultiouts/c_term/svcomp_gcd1_true-alloca.c-ultimate-svtermprp.log,,2026-01-22 20:23:37,/home/clexma/Desktop/fox3/TermDB/EvolveTerm/data/tpdb_known/c_term/svcomp_gcd1_true-alloca.c,tpdb429term,/home/clexma/Desktop/fox3/TermDB/svcomp_examples/sv-benchmarks/c/properties/termination.prp,32bit,300,1,/home/clexma/Desktop/fox3/TermDB/UAutomizer-linux,/usr/bin/python3 /home/clexma/Desktop/fox3/TermDB/UAutomizer-linux/Ultimate.py --config /home/clexma/Desktop/fox3/TermDB/UAutomizer-linux/config --data /home/clexma/Desktop/fox3/TermDB/UAutomizer-linux/data --full-output --architecture 32bit --spec /home/clexma/Desktop/fox3/TermDB/svcomp_examples/sv-benchmarks/c/properties/termination.prp --file ../EvolveTerm/data/tpdb_known/c_term/svcomp_gcd1_true-alloca.c
svcomp_genady_true-alloca.c,YES,0,,0,stdout_stderr,3.86,Results/ultimate/ultiouts/c_term/svcomp_genady_true-alloca.c-ultimate-svtermprp.log,,2026-01-22 20:23:41,/home/clexma/Desktop/fox3/TermDB/EvolveTerm/data/tpdb_known/c_term/svcomp_genady_true-alloca.c,tpdb429term,/home/clexma/Desktop/fox3/TermDB/svcomp_examples/sv-benchmarks/c/properties/termination.prp,32bit,300,1,/home/clexma/Desktop/fox3/TermDB/UAutomizer-linux,/usr/bin/python3 /home/clexma/Desktop/fox3/TermDB/UAutomizer-linux/Ultimate.py --config /home/clexma/Desktop/fox3/TermDB/UAutomizer-linux/config --data /home/clexma/Desktop/fox3/TermDB/UAutomizer-linux/data --full-output --architecture 32bit --spec /home/clexma/Desktop/fox3/TermDB/svcomp_examples/sv-benchmarks/c/properties/termination.prp --file ../EvolveTerm/data/tpdb_known/c_term/svcomp_genady_true-alloca.c
svcomp_insertionsort_alloca.c,YES,0,,0,stdout_stderr,5.07,Results/ultimate/ultiouts/c_term/svcomp_insertionsort_alloca.c-ultimate-svtermprp.log,,2026-01-22 20:23:46,/home/clexma/Desktop/fox3/TermDB/EvolveTerm/data/tpdb_known/c_term/svcomp_insertionsort_alloca.c,tpdb429term,/home/clexma/Desktop/fox3/TermDB/svcomp_examples/sv-benchmarks/c/properties/termination.prp,32bit,300,1,/home/clexma/Desktop/fox3/TermDB/UAutomizer-linux,/usr/bin/python3 /home/clexma/Desktop/fox3/TermDB/UAutomizer-linux/Ultimate.py --config /home/clexma/Desktop/fox3/TermDB/UAutomizer-linux/config --data /home/clexma/Desktop/fox3/TermDB/UAutomizer-linux/data --full-output --architecture 32bit --spec /home/clexma/Desktop/fox3/TermDB/svcomp_examples/sv-benchmarks/c/properties/termination.prp --file ../EvolveTerm/data/tpdb_known/c_term/svcomp_insertionsort_alloca.c
svcomp_java_AG313-alloca.c,YES,0,,0,stdout_stderr,4.25,Results/ultimate/ultiouts/c_term/svcomp_java_AG313-alloca.c-ultimate-svtermprp.log,,2026-01-22 20:23:50,/home/clexma/Desktop/fox3/TermDB/EvolveTerm/data/tpdb_known/c_term/svcomp_java_AG313-alloca.c,tpdb429term,/home/clexma/Desktop/fox3/TermDB/svcomp_examples/sv-benchmarks/c/properties/termination.prp,32bit,300,1,/home/clexma/Desktop/fox3/TermDB/UAutomizer-linux,/usr/bin/python3 /home/clexma/Desktop/fox3/TermDB/UAutomizer-linux/Ultimate.py --config /home/clexma/Desktop/fox3/TermDB/UAutomizer-linux/config --data /home/clexma/Desktop/fox3/TermDB/UAutomizer-linux/data --full-output --architecture 32bit --spec /home/clexma/Desktop/fox3/TermDB/svcomp_examples/sv-benchmarks/c/properties/termination.prp --file ../EvolveTerm/data/tpdb_known/c_term/svcomp_java_AG313-alloca.c
svcomp_java_AG313.c,YES,0,,0,stdout_stderr,3.68,Results/ultimate/ultiouts/c_term/svcomp_java_AG313.c-ultimate-svtermprp.log,,2026-01-22 20:23:54,/home/clexma/Desktop/fox3/TermDB/EvolveTerm/data/tpdb_known/c_term/svcomp_java_AG313.c,tpdb429term,/home/clexma/Desktop/fox3/TermDB/svcomp_examples/sv-benchmarks/c/properties/termination.prp,32bit,300,1,/home/clexma/Desktop/fox3/TermDB/UAutomizer-linux,/usr/bin/python3 /home/clexma/Desktop/fox3/TermDB/UAutomizer-linux/Ultimate.py --config /home/clexma/Desktop/fox3/TermDB/UAutomizer-linux/config --data /home/clexma/Desktop/fox3/TermDB/UAutomizer-linux/data --full-output --architecture 32bit --spec /home/clexma/Desktop/fox3/TermDB/svcomp_examples/sv-benchmarks/c/properties/termination.prp --file ../EvolveTerm/data/tpdb_known/c_term/svcomp_java_AG313.c
svcomp_java_Break-alloca.c,YES,0,,0,stdout_stderr,3.93,Results/ultimate/ultiouts/c_term/svcomp_java_Break-alloca.c-ultimate-svtermprp.log,,2026-01-22 20:23:58,/home/clexma/Desktop/fox3/TermDB/EvolveTerm/data/tpdb_known/c_term/svcomp_java_Break-alloca.c,tpdb429term,/home/clexma/Desktop/fox3/TermDB/svcomp_examples/sv-benchmarks/c/properties/termination.prp,32bit,300,1,/home/clexma/Desktop/fox3/TermDB/UAutomizer-linux,/usr/bin/python3 /home/clexma/Desktop/fox3/TermDB/UAutomizer-linux/Ultimate.py --config /home/clexma/Desktop/fox3/TermDB/UAutomizer-linux/config --data /home/clexma/Desktop/fox3/TermDB/UAutomizer-linux/data --full-output --architecture 32bit --spec /home/clexma/Desktop/fox3/TermDB/svcomp_examples/sv-benchmarks/c/properties/termination.prp --file ../EvolveTerm/data/tpdb_known/c_term/svcomp_java_Break-alloca.c
svcomp_java_Break.c,YES,0,,0,stdout_stderr,3.78,Results/ultimate/ultiouts/c_term/svcomp_java_Break.c-ultimate-svtermprp.log,,2026-01-22 20:24:02,/home/clexma/Desktop/fox3/TermDB/EvolveTerm/data/tpdb_known/c_term/svcomp_java_Break.c,tpdb429term,/home/clexma/Desktop/fox3/TermDB/svcomp_examples/sv-benchmarks/c/properties/termination.prp,32bit,300,1,/home/clexma/Desktop/fox3/TermDB/UAutomizer-linux,/usr/bin/python3 /home/clexma/Desktop/fox3/TermDB/UAutomizer-linux/Ultimate.py --config /home/clexma/Desktop/fox3/TermDB/UAutomizer-linux/config --data /home/clexma/Desktop/fox3/TermDB/UAutomizer-linux/data --full-output --architecture 32bit --spec /home/clexma/Desktop/fox3/TermDB/svcomp_examples/sv-benchmarks/c/properties/termination.prp --file ../EvolveTerm/data/tpdb_known/c_term/svcomp_java_Break.c
svcomp_java_BubbleSort_alloca.c,YES,0,,0,stdout_stderr,6.33,Results/ultimate/ultiouts/c_term/svcomp_java_BubbleSort_alloca.c-ultimate-svtermprp.log,,2026-01-22 20:24:08,/home/clexma/Desktop/fox3/TermDB/EvolveTerm/data/tpdb_known/c_term/svcomp_java_BubbleSort_alloca.c,tpdb429term,/home/clexma/Desktop/fox3/TermDB/svcomp_examples/sv-benchmarks/c/properties/termination.prp,32bit,300,1,/home/clexma/Desktop/fox3/TermDB/UAutomizer-linux,/usr/bin/python3 /home/clexma/Desktop/fox3/TermDB/UAutomizer-linux/Ultimate.py --config /home/clexma/Desktop/fox3/TermDB/UAutomizer-linux/config --data /home/clexma/Desktop/fox3/TermDB/UAutomizer-linux/data --full-output --architecture 32bit --spec /home/clexma/Desktop/fox3/TermDB/svcomp_examples/sv-benchmarks/c/properties/termination.prp --file ../EvolveTerm/data/tpdb_known/c_term/svcomp_java_BubbleSort_alloca.c
svcomp_java_Continue1-alloca.c,YES,0,,0,stdout_stderr,5.91,Results/ultimate/ultiouts/c_term/svcomp_java_Continue1-alloca.c-ultimate-svtermprp.log,,2026-01-22 20:24:14,/home/clexma/Desktop/fox3/TermDB/EvolveTerm/data/tpdb_known/c_term/svcomp_java_Continue1-alloca.c,tpdb429term,/home/clexma/Desktop/fox3/TermDB/svcomp_examples/sv-benchmarks/c/properties/termination.prp,32bit,300,1,/home/clexma/Desktop/fox3/TermDB/UAutomizer-linux,/usr/bin/python3 /home/clexma/Desktop/fox3/TermDB/UAutomizer-linux/Ultimate.py --config /home/clexma/Desktop/fox3/TermDB/UAutomizer-linux/config --data /home/clexma/Desktop/fox3/TermDB/UAutomizer-linux/data --full-output --architecture 32bit --spec /home/clexma/Desktop/fox3/TermDB/svcomp_examples/sv-benchmarks/c/properties/termination.prp --file ../EvolveTerm/data/tpdb_known/c_term/svcomp_java_Continue1-alloca.c
svcomp_java_Continue1.c,YES,0,,0,stdout_stderr,3.94,Results/ultimate/ultiouts/c_term/svcomp_java_Continue1.c-ultimate-svtermprp.log,,2026-01-22 20:24:18,/home/clexma/Desktop/fox3/TermDB/EvolveTerm/data/tpdb_known/c_term/svcomp_java_Continue1.c,tpdb429term,/home/clexma/Desktop/fox3/TermDB/svcomp_examples/sv-benchmarks/c/properties/termination.prp,32bit,300,1,/home/clexma/Desktop/fox3/TermDB/UAutomizer-linux,/usr/bin/python3 /home/clexma/Desktop/fox3/TermDB/UAutomizer-linux/Ultimate.py --config /home/clexma/Desktop/fox3/TermDB/UAutomizer-linux/config --data /home/clexma/Desktop/fox3/TermDB/UAutomizer-linux/data --full-output --architecture 32bit --spec /home/clexma/Desktop/fox3/TermDB/svcomp_examples/sv-benchmarks/c/properties/termination.prp --file ../EvolveTerm/data/tpdb_known/c_term/svcomp_java_Continue1.c
svcomp_java_LogBuiltIn-alloca.c,YES,0,,0,stdout_stderr,3.99,Results/ultimate/ultiouts/c_term/svcomp_java_LogBuiltIn-alloca.c-ultimate-svtermprp.log,,2026-01-22 20:24:22,/home/clexma/Desktop/fox3/TermDB/EvolveTerm/data/tpdb_known/c_term/svcomp_java_LogBuiltIn-alloca.c,tpdb429term,/home/clexma/Desktop/fox3/TermDB/svcomp_examples/sv-benchmarks/c/properties/termination.prp,32bit,300,1,/home/clexma/Desktop/fox3/TermDB/UAutomizer-linux,/usr/bin/python3 /home/clexma/Desktop/fox3/TermDB/UAutomizer-linux/Ultimate.py --config /home/clexma/Desktop/fox3/TermDB/UAutomizer-linux/config --data /home/clexma/Desktop/fox3/TermDB/UAutomizer-linux/data --full-output --architecture 32bit --spec /home/clexma/Desktop/fox3/TermDB/svcomp_examples/sv-benchmarks/c/properties/termination.prp --file ../EvolveTerm/data/tpdb_known/c_term/svcomp_java_LogBuiltIn-alloca.c
svcomp_java_LogBuiltIn.c,YES,0,,0,stdout_stderr,3.76,Results/ultimate/ultiouts/c_term/svcomp_java_LogBuiltIn.c-ultimate-svtermprp.log,,2026-01-22 20:24:26,/home/clexma/Desktop/fox3/TermDB/EvolveTerm/data/tpdb_known/c_term/svcomp_java_LogBuiltIn.c,tpdb429term,/home/clexma/Desktop/fox3/TermDB/svcomp_examples/sv-benchmarks/c/properties/termination.prp,32bit,300,1,/home/clexma/Desktop/fox3/TermDB/UAutomizer-linux,/usr/bin/python3 /home/clexma/Desktop/fox3/TermDB/UAutomizer-linux/Ultimate.py --config /home/clexma/Desktop/fox3/TermDB/UAutomizer-linux/config --data /home/clexma/Desktop/fox3/TermDB/UAutomizer-linux/data --full-output --architecture 32bit --spec /home/clexma/Desktop/fox3/TermDB/svcomp_examples/sv-benchmarks/c/properties/termination.prp --file ../EvolveTerm/data/tpdb_known/c_term/svcomp_java_LogBuiltIn.c
svcomp_java_Nested-alloca.c,YES,0,,0,stdout_stderr,17.38,Results/ultimate/ultiouts/c_term/svcomp_java_Nested-alloca.c-ultimate-svtermprp.log,,2026-01-22 20:24:43,/home/clexma/Desktop/fox3/TermDB/EvolveTerm/data/tpdb_known/c_term/svcomp_java_Nested-alloca.c,tpdb429term,/home/clexma/Desktop/fox3/TermDB/svcomp_examples/sv-benchmarks/c/properties/termination.prp,32bit,300,1,/home/clexma/Desktop/fox3/TermDB/UAutomizer-linux,/usr/bin/python3 /home/clexma/Desktop/fox3/TermDB/UAutomizer-linux/Ultimate.py --config /home/clexma/Desktop/fox3/TermDB/UAutomizer-linux/config --data /home/clexma/Desktop/fox3/TermDB/UAutomizer-linux/data --full-output --architecture 32bit --spec /home/clexma/Desktop/fox3/TermDB/svcomp_examples/sv-benchmarks/c/properties/termination.prp --file ../EvolveTerm/data/tpdb_known/c_term/svcomp_java_Nested-alloca.c
svcomp_java_Nested.c,YES,0,,0,stdout_stderr,4.84,Results/ultimate/ultiouts/c_term/svcomp_java_Nested.c-ultimate-svtermprp.log,,2026-01-22 20:24:48,/home/clexma/Desktop/fox3/TermDB/EvolveTerm/data/tpdb_known/c_term/svcomp_java_Nested.c,tpdb429term,/home/clexma/Desktop/fox3/TermDB/svcomp_examples/sv-benchmarks/c/properties/termination.prp,32bit,300,1,/home/clexma/Desktop/fox3/TermDB/UAutomizer-linux,/usr/bin/python3 /home/clexma/Desktop/fox3/TermDB/UAutomizer-linux/Ultimate.py --config /home/clexma/Desktop/fox3/TermDB/UAutomizer-linux/config --data /home/clexma/Desktop/fox3/TermDB/UAutomizer-linux/data --full-output --architecture 32bit --spec /home/clexma/Desktop/fox3/TermDB/svcomp_examples/sv-benchmarks/c/properties/termination.prp --file ../EvolveTerm/data/tpdb_known/c_term/svcomp_java_Nested.c
svcomp_java_Sequence-alloca.c,ERROR,1,No result found (exit=7),7,none,47.22,Results/ultimate/ultiouts/c_term/svcomp_java_Sequence-alloca.c-ultimate-svtermprp.log,,2026-01-22 20:25:35,/home/clexma/Desktop/fox3/TermDB/EvolveTerm/data/tpdb_known/c_term/svcomp_java_Sequence-alloca.c,tpdb429term,/home/clexma/Desktop/fox3/TermDB/svcomp_examples/sv-benchmarks/c/properties/termination.prp,32bit,300,1,/home/clexma/Desktop/fox3/TermDB/UAutomizer-linux,/usr/bin/python3 /home/clexma/Desktop/fox3/TermDB/UAutomizer-linux/Ultimate.py --config /home/clexma/Desktop/fox3/TermDB/UAutomizer-linux/config --data /home/clexma/Desktop/fox3/TermDB/UAutomizer-linux/data --full-output --architecture 32bit --spec /home/clexma/Desktop/fox3/TermDB/svcomp_examples/sv-benchmarks/c/properties/termination.prp --file ../EvolveTerm/data/tpdb_known/c_term/svcomp_java_Sequence-alloca.c
svcomp_java_Sequence.c,YES,0,,0,stdout_stderr,3.80,Results/ultimate/ultiouts/c_term/svcomp_java_Sequence.c-ultimate-svtermprp.log,,2026-01-22 20:25:39,/home/clexma/Desktop/fox3/TermDB/EvolveTerm/data/tpdb_known/c_term/svcomp_java_Sequence.c,tpdb429term,/home/clexma/Desktop/fox3/TermDB/svcomp_examples/sv-benchmarks/c/properties/termination.prp,32bit,300,1,/home/clexma/Desktop/fox3/TermDB/UAutomizer-linux,/usr/bin/python3 /home/clexma/Desktop/fox3/TermDB/UAutomizer-linux/Ultimate.py --config /home/clexma/Desktop/fox3/TermDB/UAutomizer-linux/config --data /home/clexma/Desktop/fox3/TermDB/UAutomizer-linux/data --full-output --architecture 32bit --spec /home/clexma/Desktop/fox3/TermDB/svcomp_examples/sv-benchmarks/c/properties/termination.prp --file ../EvolveTerm/data/tpdb_known/c_term/svcomp_java_Sequence.c
svcomp_lis_alloca.c,TIMEOUT,1,Analysis timed out after 300 seconds,,timeout,300.01,,,2026-01-22 20:30:39,/home/clexma/Desktop/fox3/TermDB/EvolveTerm/data/tpdb_known/c_term/svcomp_lis_alloca.c,tpdb429term,/home/clexma/Desktop/fox3/TermDB/svcomp_examples/sv-benchmarks/c/properties/termination.prp,32bit,300,1,/home/clexma/Desktop/fox3/TermDB/UAutomizer-linux,/usr/bin/python3 /home/clexma/Desktop/fox3/TermDB/UAutomizer-linux/Ultimate.py --config /home/clexma/Desktop/fox3/TermDB/UAutomizer-linux/config --data /home/clexma/Desktop/fox3/TermDB/UAutomizer-linux/data --full-output --architecture 32bit --spec /home/clexma/Desktop/fox3/TermDB/svcomp_examples/sv-benchmarks/c/properties/termination.prp --file ../EvolveTerm/data/tpdb_known/c_term/svcomp_lis_alloca.c
svcomp_min_rf_true-alloca.c,ERROR,1,No result found (exit=7),7,none,117.38,Results/ultimate/ultiouts/c_term/svcomp_min_rf_true-alloca.c-ultimate-svtermprp.log,,2026-01-22 20:32:36,/home/clexma/Desktop/fox3/TermDB/EvolveTerm/data/tpdb_known/c_term/svcomp_min_rf_true-alloca.c,tpdb429term,/home/clexma/Desktop/fox3/TermDB/svcomp_examples/sv-benchmarks/c/properties/termination.prp,32bit,300,1,/home/clexma/Desktop/fox3/TermDB/UAutomizer-linux,/usr/bin/python3 /home/clexma/Desktop/fox3/TermDB/UAutomizer-linux/Ultimate.py --config /home/clexma/Desktop/fox3/TermDB/UAutomizer-linux/config --data /home/clexma/Desktop/fox3/TermDB/UAutomizer-linux/data --full-output --architecture 32bit --spec /home/clexma/Desktop/fox3/TermDB/svcomp_examples/sv-benchmarks/c/properties/termination.prp --file ../EvolveTerm/data/tpdb_known/c_term/svcomp_min_rf_true-alloca.c
svcomp_mult_array_alloca.c,MAYBE,0,,0,stdout_stderr,11.95,Results/ultimate/ultiouts/c_term/svcomp_mult_array_alloca.c-ultimate-svtermprp.log,,2026-01-22 20:32:48,/home/clexma/Desktop/fox3/TermDB/EvolveTerm/data/tpdb_known/c_term/svcomp_mult_array_alloca.c,tpdb429term,/home/clexma/Desktop/fox3/TermDB/svcomp_examples/sv-benchmarks/c/properties/termination.prp,32bit,300,1,/home/clexma/Desktop/fox3/TermDB/UAutomizer-linux,/usr/bin/python3 /home/clexma/Desktop/fox3/TermDB/UAutomizer-linux/Ultimate.py --config /home/clexma/Desktop/fox3/TermDB/UAutomizer-linux/config --data /home/clexma/Desktop/fox3/TermDB/UAutomizer-linux/data --full-output --architecture 32bit --spec /home/clexma/Desktop/fox3/TermDB/svcomp_examples/sv-benchmarks/c/properties/termination.prp --file ../EvolveTerm/data/tpdb_known/c_term/svcomp_mult_array_alloca.c
svcomp_openbsd_cbzero_alloca.c,MAYBE,0,,0,stdout_stderr,9.74,Results/ultimate/ultiouts/c_term/svcomp_openbsd_cbzero_alloca.c-ultimate-svtermprp.log,,2026-01-22 20:32:58,/home/clexma/Desktop/fox3/TermDB/EvolveTerm/data/tpdb_known/c_term/svcomp_openbsd_cbzero_alloca.c,tpdb429term,/home/clexma/Desktop/fox3/TermDB/svcomp_examples/sv-benchmarks/c/properties/termination.prp,32bit,300,1,/home/clexma/Desktop/fox3/TermDB/UAutomizer-linux,/usr/bin/python3 /home/clexma/Desktop/fox3/TermDB/UAutomizer-linux/Ultimate.py --config /home/clexma/Desktop/fox3/TermDB/UAutomizer-linux/config --data /home/clexma/Desktop/fox3/TermDB/UAutomizer-linux/data --full-output --architecture 32bit --spec /home/clexma/Desktop/fox3/TermDB/svcomp_examples/sv-benchmarks/c/properties/termination.prp --file ../EvolveTerm/data/tpdb_known/c_term/svcomp_openbsd_cbzero_alloca.c
svcomp_openbsd_cmemchr_alloca.c,MAYBE,0,,0,stdout_stderr,9.62,Results/ultimate/ultiouts/c_term/svcomp_openbsd_cmemchr_alloca.c-ultimate-svtermprp.log,,2026-01-22 20:33:08,/home/clexma/Desktop/fox3/TermDB/EvolveTerm/data/tpdb_known/c_term/svcomp_openbsd_cmemchr_alloca.c,tpdb429term,/home/clexma/Desktop/fox3/TermDB/svcomp_examples/sv-benchmarks/c/properties/termination.prp,32bit,300,1,/home/clexma/Desktop/fox3/TermDB/UAutomizer-linux,/usr/bin/python3 /home/clexma/Desktop/fox3/TermDB/UAutomizer-linux/Ultimate.py --config /home/clexma/Desktop/fox3/TermDB/UAutomizer-linux/config --data /home/clexma/Desktop/fox3/TermDB/UAutomizer-linux/data --full-output --architecture 32bit --spec /home/clexma/Desktop/fox3/TermDB/svcomp_examples/sv-benchmarks/c/properties/termination.prp --file ../EvolveTerm/data/tpdb_known/c_term/svcomp_openbsd_cmemchr_alloca.c
svcomp_openbsd_cmemset_alloca.c,MAYBE,0,,0,stdout_stderr,8.76,Results/ultimate/ultiouts/c_term/svcomp_openbsd_cmemset_alloca.c-ultimate-svtermprp.log,,2026-01-22 20:33:16,/home/clexma/Desktop/fox3/TermDB/EvolveTerm/data/tpdb_known/c_term/svcomp_openbsd_cmemset_alloca.c,tpdb429term,/home/clexma/Desktop/fox3/TermDB/svcomp_examples/sv-benchmarks/c/properties/termination.prp,32bit,300,1,/home/clexma/Desktop/fox3/TermDB/UAutomizer-linux,/usr/bin/python3 /home/clexma/Desktop/fox3/TermDB/UAutomizer-linux/Ultimate.py --config /home/clexma/Desktop/fox3/TermDB/UAutomizer-linux/config --data /home/clexma/Desktop/fox3/TermDB/UAutomizer-linux/data --full-output --architecture 32bit --spec /home/clexma/Desktop/fox3/TermDB/svcomp_examples/sv-benchmarks/c/properties/termination.prp --file ../EvolveTerm/data/tpdb_known/c_term/svcomp_openbsd_cmemset_alloca.c
svcomp_openbsd_cstpcpy_alloca.c,MAYBE,0,,0,stdout_stderr,9.31,Results/ultimate/ultiouts/c_term/svcomp_openbsd_cstpcpy_alloca.c-ultimate-svtermprp.log,,2026-01-22 20:33:26,/home/clexma/Desktop/fox3/TermDB/EvolveTerm/data/tpdb_known/c_term/svcomp_openbsd_cstpcpy_alloca.c,tpdb429term,/home/clexma/Desktop/fox3/TermDB/svcomp_examples/sv-benchmarks/c/properties/termination.prp,32bit,300,1,/home/clexma/Desktop/fox3/TermDB/UAutomizer-linux,/usr/bin/python3 /home/clexma/Desktop/fox3/TermDB/UAutomizer-linux/Ultimate.py --config /home/clexma/Desktop/fox3/TermDB/UAutomizer-linux/config --data /home/clexma/Desktop/fox3/TermDB/UAutomizer-linux/data --full-output --architecture 32bit --spec /home/clexma/Desktop/fox3/TermDB/svcomp_examples/sv-benchmarks/c/properties/termination.prp --file ../EvolveTerm/data/tpdb_known/c_term/svcomp_openbsd_cstpcpy_alloca.c
svcomp_openbsd_cstpncpy_alloca.c,MAYBE,0,,0,stdout_stderr,10.95,Results/ultimate/ultiouts/c_term/svcomp_openbsd_cstpncpy_alloca.c-ultimate-svtermprp.log,,2026-01-22 20:33:37,/home/clexma/Desktop/fox3/TermDB/EvolveTerm/data/tpdb_known/c_term/svcomp_openbsd_cstpncpy_alloca.c,tpdb429term,/home/clexma/Desktop/fox3/TermDB/svcomp_examples/sv-benchmarks/c/properties/termination.prp,32bit,300,1,/home/clexma/Desktop/fox3/TermDB/UAutomizer-linux,/usr/bin/python3 /home/clexma/Desktop/fox3/TermDB/UAutomizer-linux/Ultimate.py --config /home/clexma/Desktop/fox3/TermDB/UAutomizer-linux/config --data /home/clexma/Desktop/fox3/TermDB/UAutomizer-linux/data --full-output --architecture 32bit --spec /home/clexma/Desktop/fox3/TermDB/svcomp_examples/sv-benchmarks/c/properties/termination.prp --file ../EvolveTerm/data/tpdb_known/c_term/svcomp_openbsd_cstpncpy_alloca.c
svcomp_openbsd_cstrcmp_alloca.c,MAYBE,0,,0,stdout_stderr,10.65,Results/ultimate/ultiouts/c_term/svcomp_openbsd_cstrcmp_alloca.c-ultimate-svtermprp.log,,2026-01-22 20:33:47,/home/clexma/Desktop/fox3/TermDB/EvolveTerm/data/tpdb_known/c_term/svcomp_openbsd_cstrcmp_alloca.c,tpdb429term,/home/clexma/Desktop/fox3/TermDB/svcomp_examples/sv-benchmarks/c/properties/termination.prp,32bit,300,1,/home/clexma/Desktop/fox3/TermDB/UAutomizer-linux,/usr/bin/python3 /home/clexma/Desktop/fox3/TermDB/UAutomizer-linux/Ultimate.py --config /home/clexma/Desktop/fox3/TermDB/UAutomizer-linux/config --data /home/clexma/Desktop/fox3/TermDB/UAutomizer-linux/data --full-output --architecture 32bit --spec /home/clexma/Desktop/fox3/TermDB/svcomp_examples/sv-benchmarks/c/properties/termination.prp --file ../EvolveTerm/data/tpdb_known/c_term/svcomp_openbsd_cstrcmp_alloca.c
svcomp_openbsd_cstrcpy_alloca.c,MAYBE,0,,0,stdout_stderr,9.50,Results/ultimate/ultiouts/c_term/svcomp_openbsd_cstrcpy_alloca.c-ultimate-svtermprp.log,,2026-01-22 20:33:57,/home/clexma/Desktop/fox3/TermDB/EvolveTerm/data/tpdb_known/c_term/svcomp_openbsd_cstrcpy_alloca.c,tpdb429term,/home/clexma/Desktop/fox3/TermDB/svcomp_examples/sv-benchmarks/c/properties/termination.prp,32bit,300,1,/home/clexma/Desktop/fox3/TermDB/UAutomizer-linux,/usr/bin/python3 /home/clexma/Desktop/fox3/TermDB/UAutomizer-linux/Ultimate.py --config /home/clexma/Desktop/fox3/TermDB/UAutomizer-linux/config --data /home/clexma/Desktop/fox3/TermDB/UAutomizer-linux/data --full-output --architecture 32bit --spec /home/clexma/Desktop/fox3/TermDB/svcomp_examples/sv-benchmarks/c/properties/termination.prp --file ../EvolveTerm/data/tpdb_known/c_term/svcomp_openbsd_cstrcpy_alloca.c
svcomp_openbsd_cstrlcpy_alloca.c,MAYBE,0,,0,stdout_stderr,11.16,Results/ultimate/ultiouts/c_term/svcomp_openbsd_cstrlcpy_alloca.c-ultimate-svtermprp.log,,2026-01-22 20:34:08,/home/clexma/Desktop/fox3/TermDB/EvolveTerm/data/tpdb_known/c_term/svcomp_openbsd_cstrlcpy_alloca.c,tpdb429term,/home/clexma/Desktop/fox3/TermDB/svcomp_examples/sv-benchmarks/c/properties/termination.prp,32bit,300,1,/home/clexma/Desktop/fox3/TermDB/UAutomizer-linux,/usr/bin/python3 /home/clexma/Desktop/fox3/TermDB/UAutomizer-linux/Ultimate.py --config /home/clexma/Desktop/fox3/TermDB/UAutomizer-linux/config --data /home/clexma/Desktop/fox3/TermDB/UAutomizer-linux/data --full-output --architecture 32bit --spec /home/clexma/Desktop/fox3/TermDB/svcomp_examples/sv-benchmarks/c/properties/termination.prp --file ../EvolveTerm/data/tpdb_known/c_term/svcomp_openbsd_cstrlcpy_alloca.c
svcomp_openbsd_cstrlen_alloca.c,MAYBE,0,,0,stdout_stderr,7.32,Results/ultimate/ultiouts/c_term/svcomp_openbsd_cstrlen_alloca.c-ultimate-svtermprp.log,,2026-01-22 20:34:15,/home/clexma/Desktop/fox3/TermDB/EvolveTerm/data/tpdb_known/c_term/svcomp_openbsd_cstrlen_alloca.c,tpdb429term,/home/clexma/Desktop/fox3/TermDB/svcomp_examples/sv-benchmarks/c/properties/termination.prp,32bit,300,1,/home/clexma/Desktop/fox3/TermDB/UAutomizer-linux,/usr/bin/python3 /home/clexma/Desktop/fox3/TermDB/UAutomizer-linux/Ultimate.py --config /home/clexma/Desktop/fox3/TermDB/UAutomizer-linux/config --data /home/clexma/Desktop/fox3/TermDB/UAutomizer-linux/data --full-output --architecture 32bit --spec /home/clexma/Desktop/fox3/TermDB/svcomp_examples/sv-benchmarks/c/properties/termination.prp --file ../EvolveTerm/data/tpdb_known/c_term/svcomp_openbsd_cstrlen_alloca.c
svcomp_openbsd_cstrncmp_alloca.c,MAYBE,0,,0,stdout_stderr,11.74,Results/ultimate/ultiouts/c_term/svcomp_openbsd_cstrncmp_alloca.c-ultimate-svtermprp.log,,2026-01-22 20:34:27,/home/clexma/Desktop/fox3/TermDB/EvolveTerm/data/tpdb_known/c_term/svcomp_openbsd_cstrncmp_alloca.c,tpdb429term,/home/clexma/Desktop/fox3/TermDB/svcomp_examples/sv-benchmarks/c/properties/termination.prp,32bit,300,1,/home/clexma/Desktop/fox3/TermDB/UAutomizer-linux,/usr/bin/python3 /home/clexma/Desktop/fox3/TermDB/UAutomizer-linux/Ultimate.py --config /home/clexma/Desktop/fox3/TermDB/UAutomizer-linux/config --data /home/clexma/Desktop/fox3/TermDB/UAutomizer-linux/data --full-output --architecture 32bit --spec /home/clexma/Desktop/fox3/TermDB/svcomp_examples/sv-benchmarks/c/properties/termination.prp --file ../EvolveTerm/data/tpdb_known/c_term/svcomp_openbsd_cstrncmp_alloca.c
svcomp_openbsd_cstrncpy_alloca.c,MAYBE,0,,0,stdout_stderr,10.71,Results/ultimate/ultiouts/c_term/svcomp_openbsd_cstrncpy_alloca.c-ultimate-svtermprp.log,,2026-01-22 20:34:38,/home/clexma/Desktop/fox3/TermDB/EvolveTerm/data/tpdb_known/c_term/svcomp_openbsd_cstrncpy_alloca.c,tpdb429term,/home/clexma/Desktop/fox3/TermDB/svcomp_examples/sv-benchmarks/c/properties/termination.prp,32bit,300,1,/home/clexma/Desktop/fox3/TermDB/UAutomizer-linux,/usr/bin/python3 /home/clexma/Desktop/fox3/TermDB/UAutomizer-linux/Ultimate.py --config /home/clexma/Desktop/fox3/TermDB/UAutomizer-linux/config --data /home/clexma/Desktop/fox3/TermDB/UAutomizer-linux/data --full-output --architecture 32bit --spec /home/clexma/Desktop/fox3/TermDB/svcomp_examples/sv-benchmarks/c/properties/termination.prp --file ../EvolveTerm/data/tpdb_known/c_term/svcomp_openbsd_cstrncpy_alloca.c
svcomp_openbsd_cstrnlen_alloca.c,MAYBE,0,,0,stdout_stderr,3.04,Results/ultimate/ultiouts/c_term/svcomp_openbsd_cstrnlen_alloca.c-ultimate-svtermprp.log,,2026-01-22 20:34:41,/home/clexma/Desktop/fox3/TermDB/EvolveTerm/data/tpdb_known/c_term/svcomp_openbsd_cstrnlen_alloca.c,tpdb429term,/home/clexma/Desktop/fox3/TermDB/svcomp_examples/sv-benchmarks/c/properties/termination.prp,32bit,300,1,/home/clexma/Desktop/fox3/TermDB/UAutomizer-linux,/usr/bin/python3 /home/clexma/Desktop/fox3/TermDB/UAutomizer-linux/Ultimate.py --config /home/clexma/Desktop/fox3/TermDB/UAutomizer-linux/config --data /home/clexma/Desktop/fox3/TermDB/UAutomizer-linux/data --full-output --architecture 32bit --spec /home/clexma/Desktop/fox3/TermDB/svcomp_examples/sv-benchmarks/c/properties/termination.prp --file ../EvolveTerm/data/tpdb_known/c_term/svcomp_openbsd_cstrnlen_alloca.c
svcomp_openbsd_cstrpbrk_alloca.c,MAYBE,0,,0,stdout_stderr,10.16,Results/ultimate/ultiouts/c_term/svcomp_openbsd_cstrpbrk_alloca.c-ultimate-svtermprp.log,,2026-01-22 20:34:51,/home/clexma/Desktop/fox3/TermDB/EvolveTerm/data/tpdb_known/c_term/svcomp_openbsd_cstrpbrk_alloca.c,tpdb429term,/home/clexma/Desktop/fox3/TermDB/svcomp_examples/sv-benchmarks/c/properties/termination.prp,32bit,300,1,/home/clexma/Desktop/fox3/TermDB/UAutomizer-linux,/usr/bin/python3 /home/clexma/Desktop/fox3/TermDB/UAutomizer-linux/Ultimate.py --config /home/clexma/Desktop/fox3/TermDB/UAutomizer-linux/config --data /home/clexma/Desktop/fox3/TermDB/UAutomizer-linux/data --full-output --architecture 32bit --spec /home/clexma/Desktop/fox3/TermDB/svcomp_examples/sv-benchmarks/c/properties/termination.prp --file ../EvolveTerm/data/tpdb_known/c_term/svcomp_openbsd_cstrpbrk_alloca.c
svcomp_openbsd_cstrspn_alloca.c,MAYBE,0,,0,stdout_stderr,10.25,Results/ultimate/ultiouts/c_term/svcomp_openbsd_cstrspn_alloca.c-ultimate-svtermprp.log,,2026-01-22 20:35:01,/home/clexma/Desktop/fox3/TermDB/EvolveTerm/data/tpdb_known/c_term/svcomp_openbsd_cstrspn_alloca.c,tpdb429term,/home/clexma/Desktop/fox3/TermDB/svcomp_examples/sv-benchmarks/c/properties/termination.prp,32bit,300,1,/home/clexma/Desktop/fox3/TermDB/UAutomizer-linux,/usr/bin/python3 /home/clexma/Desktop/fox3/TermDB/UAutomizer-linux/Ultimate.py --config /home/clexma/Desktop/fox3/TermDB/UAutomizer-linux/config --data /home/clexma/Desktop/fox3/TermDB/UAutomizer-linux/data --full-output --architecture 32bit --spec /home/clexma/Desktop/fox3/TermDB/svcomp_examples/sv-benchmarks/c/properties/termination.prp --file ../EvolveTerm/data/tpdb_known/c_term/svcomp_openbsd_cstrspn_alloca.c
svcomp_openbsd_cstrstr_alloca.c,MAYBE,0,,0,stdout_stderr,11.81,Results/ultimate/ultiouts/c_term/svcomp_openbsd_cstrstr_alloca.c-ultimate-svtermprp.log,,2026-01-22 20:35:13,/home/clexma/Desktop/fox3/TermDB/EvolveTerm/data/tpdb_known/c_term/svcomp_openbsd_cstrstr_alloca.c,tpdb429term,/home/clexma/Desktop/fox3/TermDB/svcomp_examples/sv-benchmarks/c/properties/termination.prp,32bit,300,1,/home/clexma/Desktop/fox3/TermDB/UAutomizer-linux,/usr/bin/python3 /home/clexma/Desktop/fox3/TermDB/UAutomizer-linux/Ultimate.py --config /home/clexma/Desktop/fox3/TermDB/UAutomizer-linux/config --data /home/clexma/Desktop/fox3/TermDB/UAutomizer-linux/data --full-output --architecture 32bit --spec /home/clexma/Desktop/fox3/TermDB/svcomp_examples/sv-benchmarks/c/properties/termination.prp --file ../EvolveTerm/data/tpdb_known/c_term/svcomp_openbsd_cstrstr_alloca.c
svcomp_recHanoi02_true-unreach-call_true-termination_modified.c,YES,0,,0,stdout_stderr,4.00,Results/ultimate/ultiouts/c_term/svcomp_recHanoi02_true-unreach-call_true-termination_modified.c-ultimate-svtermprp.log,,2026-01-22 20:35:17,/home/clexma/Desktop/fox3/TermDB/EvolveTerm/data/tpdb_known/c_term/svcomp_recHanoi02_true-unreach-call_true-termination_modified.c,tpdb429term,/home/clexma/Desktop/fox3/TermDB/svcomp_examples/sv-benchmarks/c/properties/termination.prp,32bit,300,1,/home/clexma/Desktop/fox3/TermDB/UAutomizer-linux,/usr/bin/python3 /home/clexma/Desktop/fox3/TermDB/UAutomizer-linux/Ultimate.py --config /home/clexma/Desktop/fox3/TermDB/UAutomizer-linux/config --data /home/clexma/Desktop/fox3/TermDB/UAutomizer-linux/data --full-output --architecture 32bit --spec /home/clexma/Desktop/fox3/TermDB/svcomp_examples/sv-benchmarks/c/properties/termination.prp --file ../EvolveTerm/data/tpdb_known/c_term/svcomp_recHanoi02_true-unreach-call_true-termination_modified.c
svcomp_selectionsort_alloca.c,YES,0,,0,stdout_stderr,5.11,Results/ultimate/ultiouts/c_term/svcomp_selectionsort_alloca.c-ultimate-svtermprp.log,,2026-01-22 20:35:22,/home/clexma/Desktop/fox3/TermDB/EvolveTerm/data/tpdb_known/c_term/svcomp_selectionsort_alloca.c,tpdb429term,/home/clexma/Desktop/fox3/TermDB/svcomp_examples/sv-benchmarks/c/properties/termination.prp,32bit,300,1,/home/clexma/Desktop/fox3/TermDB/UAutomizer-linux,/usr/bin/python3 /home/clexma/Desktop/fox3/TermDB/UAutomizer-linux/Ultimate.py --config /home/clexma/Desktop/fox3/TermDB/UAutomizer-linux/config --data /home/clexma/Desktop/fox3/TermDB/UAutomizer-linux/data --full-output --architecture 32bit --spec /home/clexma/Desktop/fox3/TermDB/svcomp_examples/sv-benchmarks/c/properties/termination.prp --file ../EvolveTerm/data/tpdb_known/c_term/svcomp_selectionsort_alloca.c
svcomp_strchr_true-termination.c,MAYBE,0,,0,stdout_stderr,11.16,Results/ultimate/ultiouts/c_term/svcomp_strchr_true-termination.c-ultimate-svtermprp.log,,2026-01-22 20:35:33,/home/clexma/Desktop/fox3/TermDB/EvolveTerm/data/tpdb_known/c_term/svcomp_strchr_true-termination.c,tpdb429term,/home/clexma/Desktop/fox3/TermDB/svcomp_examples/sv-benchmarks/c/properties/termination.prp,32bit,300,1,/home/clexma/Desktop/fox3/TermDB/UAutomizer-linux,/usr/bin/python3 /home/clexma/Desktop/fox3/TermDB/UAutomizer-linux/Ultimate.py --config /home/clexma/Desktop/fox3/TermDB/UAutomizer-linux/config --data /home/clexma/Desktop/fox3/TermDB/UAutomizer-linux/data --full-output --architecture 32bit --spec /home/clexma/Desktop/fox3/TermDB/svcomp_examples/sv-benchmarks/c/properties/termination.prp --file ../EvolveTerm/data/tpdb_known/c_term/svcomp_strchr_true-termination.c
svcomp_stroeder1_alloca.c,YES,0,,0,stdout_stderr,3.98,Results/ultimate/ultiouts/c_term/svcomp_stroeder1_alloca.c-ultimate-svtermprp.log,,2026-01-22 20:35:37,/home/clexma/Desktop/fox3/TermDB/EvolveTerm/data/tpdb_known/c_term/svcomp_stroeder1_alloca.c,tpdb429term,/home/clexma/Desktop/fox3/TermDB/svcomp_examples/sv-benchmarks/c/properties/termination.prp,32bit,300,1,/home/clexma/Desktop/fox3/TermDB/UAutomizer-linux,/usr/bin/python3 /home/clexma/Desktop/fox3/TermDB/UAutomizer-linux/Ultimate.py --config /home/clexma/Desktop/fox3/TermDB/UAutomizer-linux/config --data /home/clexma/Desktop/fox3/TermDB/UAutomizer-linux/data --full-output --architecture 32bit --spec /home/clexma/Desktop/fox3/TermDB/svcomp_examples/sv-benchmarks/c/properties/termination.prp --file ../EvolveTerm/data/tpdb_known/c_term/svcomp_stroeder1_alloca.c
svcomp_stroeder2_alloca.c,YES,0,,0,stdout_stderr,4.81,Results/ultimate/ultiouts/c_term/svcomp_stroeder2_alloca.c-ultimate-svtermprp.log,,2026-01-22 20:35:42,/home/clexma/Desktop/fox3/TermDB/EvolveTerm/data/tpdb_known/c_term/svcomp_stroeder2_alloca.c,tpdb429term,/home/clexma/Desktop/fox3/TermDB/svcomp_examples/sv-benchmarks/c/properties/termination.prp,32bit,300,1,/home/clexma/Desktop/fox3/TermDB/UAutomizer-linux,/usr/bin/python3 /home/clexma/Desktop/fox3/TermDB/UAutomizer-linux/Ultimate.py --config /home/clexma/Desktop/fox3/TermDB/UAutomizer-linux/config --data /home/clexma/Desktop/fox3/TermDB/UAutomizer-linux/data --full-output --architecture 32bit --spec /home/clexma/Desktop/fox3/TermDB/svcomp_examples/sv-benchmarks/c/properties/termination.prp --file ../EvolveTerm/data/tpdb_known/c_term/svcomp_stroeder2_alloca.c
svcomp_strreplace_alloca.c,MAYBE,0,,0,stdout_stderr,9.22,Results/ultimate/ultiouts/c_term/svcomp_strreplace_alloca.c-ultimate-svtermprp.log,,2026-01-22 20:35:51,/home/clexma/Desktop/fox3/TermDB/EvolveTerm/data/tpdb_known/c_term/svcomp_strreplace_alloca.c,tpdb429term,/home/clexma/Desktop/fox3/TermDB/svcomp_examples/sv-benchmarks/c/properties/termination.prp,32bit,300,1,/home/clexma/Desktop/fox3/TermDB/UAutomizer-linux,/usr/bin/python3 /home/clexma/Desktop/fox3/TermDB/UAutomizer-linux/Ultimate.py --config /home/clexma/Desktop/fox3/TermDB/UAutomizer-linux/config --data /home/clexma/Desktop/fox3/TermDB/UAutomizer-linux/data --full-output --architecture 32bit --spec /home/clexma/Desktop/fox3/TermDB/svcomp_examples/sv-benchmarks/c/properties/termination.prp --file ../EvolveTerm/data/tpdb_known/c_term/svcomp_strreplace_alloca.c
svcomp_subseq_alloca.c,MAYBE,0,,0,stdout_stderr,10.68,Results/ultimate/ultiouts/c_term/svcomp_subseq_alloca.c-ultimate-svtermprp.log,,2026-01-22 20:36:02,/home/clexma/Desktop/fox3/TermDB/EvolveTerm/data/tpdb_known/c_term/svcomp_subseq_alloca.c,tpdb429term,/home/clexma/Desktop/fox3/TermDB/svcomp_examples/sv-benchmarks/c/properties/termination.prp,32bit,300,1,/home/clexma/Desktop/fox3/TermDB/UAutomizer-linux,/usr/bin/python3 /home/clexma/Desktop/fox3/TermDB/UAutomizer-linux/Ultimate.py --config /home/clexma/Desktop/fox3/TermDB/UAutomizer-linux/config --data /home/clexma/Desktop/fox3/TermDB/UAutomizer-linux/data --full-output --architecture 32bit --spec /home/clexma/Desktop/fox3/TermDB/svcomp_examples/sv-benchmarks/c/properties/termination.prp --file ../EvolveTerm/data/tpdb_known/c_term/svcomp_subseq_alloca.c
svcomp_substring_alloca.c,MAYBE,0,,0,stdout_stderr,12.28,Results/ultimate/ultiouts/c_term/svcomp_substring_alloca.c-ultimate-svtermprp.log,,2026-01-22 20:36:14,/home/clexma/Desktop/fox3/TermDB/EvolveTerm/data/tpdb_known/c_term/svcomp_substring_alloca.c,tpdb429term,/home/clexma/Desktop/fox3/TermDB/svcomp_examples/sv-benchmarks/c/properties/termination.prp,32bit,300,1,/home/clexma/Desktop/fox3/TermDB/UAutomizer-linux,/usr/bin/python3 /home/clexma/Desktop/fox3/TermDB/UAutomizer-linux/Ultimate.py --config /home/clexma/Desktop/fox3/TermDB/UAutomizer-linux/config --data /home/clexma/Desktop/fox3/TermDB/UAutomizer-linux/data --full-output --architecture 32bit --spec /home/clexma/Desktop/fox3/TermDB/svcomp_examples/sv-benchmarks/c/properties/termination.prp --file ../EvolveTerm/data/tpdb_known/c_term/svcomp_substring_alloca.c
svcomp_twisted-alloca.c,YES,0,,0,stdout_stderr,19.24,Results/ultimate/ultiouts/c_term/svcomp_twisted-alloca.c-ultimate-svtermprp.log,,2026-01-22 20:36:34,/home/clexma/Desktop/fox3/TermDB/EvolveTerm/data/tpdb_known/c_term/svcomp_twisted-alloca.c,tpdb429term,/home/clexma/Desktop/fox3/TermDB/svcomp_examples/sv-benchmarks/c/properties/termination.prp,32bit,300,1,/home/clexma/Desktop/fox3/TermDB/UAutomizer-linux,/usr/bin/python3 /home/clexma/Desktop/fox3/TermDB/UAutomizer-linux/Ultimate.py --config /home/clexma/Desktop/fox3/TermDB/UAutomizer-linux/config --data /home/clexma/Desktop/fox3/TermDB/UAutomizer-linux/data --full-output --architecture 32bit --spec /home/clexma/Desktop/fox3/TermDB/svcomp_examples/sv-benchmarks/c/properties/termination.prp --file ../EvolveTerm/data/tpdb_known/c_term/svcomp_twisted-alloca.c
svcomp_twisted.c,YES,0,,0,stdout_stderr,4.37,Results/ultimate/ultiouts/c_term/svcomp_twisted.c-ultimate-svtermprp.log,,2026-01-22 20:36:38,/home/clexma/Desktop/fox3/TermDB/EvolveTerm/data/tpdb_known/c_term/svcomp_twisted.c,tpdb429term,/home/clexma/Desktop/fox3/TermDB/svcomp_examples/sv-benchmarks/c/properties/termination.prp,32bit,300,1,/home/clexma/Desktop/fox3/TermDB/UAutomizer-linux,/usr/bin/python3 /home/clexma/Desktop/fox3/TermDB/UAutomizer-linux/Ultimate.py --config /home/clexma/Desktop/fox3/TermDB/UAutomizer-linux/config --data /home/clexma/Desktop/fox3/TermDB/UAutomizer-linux/data --full-output --architecture 32bit --spec /home/clexma/Desktop/fox3/TermDB/svcomp_examples/sv-benchmarks/c/properties/termination.prp --file ../EvolveTerm/data/tpdb_known/c_term/svcomp_twisted.c
