file,result_lasso,error1,rf_lasso,out_lasso,result_general,error2,rf_general,out_general,cost_time_lasso,cost_time_general,path
"svcomp_b.14-alloca.c",MAYBE,"","None","Results/CPA_Outputs/tpdb_known429term/cpaouts/svcomp_b.14-alloca.c_lasso_out",MAYBE,"","None","Results/CPA_Outputs/tpdb_known429term/cpaouts/svcomp_b.14-alloca.c_general_out",2.39,259.40,"../EvolveTerm/data/tpdb_known/c_term/svcomp_b.14-alloca.c"
"svcomp_b.01-alloca.c",MAYBE,"","None","Results/CPA_Outputs/tpdb_known429term/cpaouts/svcomp_b.01-alloca.c_lasso_out",NO,"","None","Results/CPA_Outputs/tpdb_known429term/cpaouts/svcomp_b.01-alloca.c_general_out",1.89,1.39,"../EvolveTerm/data/tpdb_known/c_term/svcomp_b.01-alloca.c"
"ChenFlurMukhopadhyay-SAS2012-Ex1.03_true-termination.c",YES,"","None","Results/CPA_Outputs/tpdb_known429term/cpaouts/ChenFlurMukhopadhyay-SAS2012-Ex1.03_true-termination.c_lasso_out",YES,"","None","Results/CPA_Outputs/tpdb_known429term/cpaouts/ChenFlurMukhopadhyay-SAS2012-Ex1.03_true-termination.c_general_out",1.33,1.39,"../EvolveTerm/data/tpdb_known/c_term/ChenFlurMukhopadhyay-SAS2012-Ex1.03_true-termination.c"
"Et1_true.c",MAYBE,"","None","Results/CPA_Outputs/tpdb_known429term/cpaouts/Et1_true.c_lasso_out",MAYBE,"","None","Results/CPA_Outputs/tpdb_known429term/cpaouts/Et1_true.c_general_out",1.08,2.10,"../EvolveTerm/data/tpdb_known/c_term/Et1_true.c"
"svcomp_b.07.c",YES,"","None","Results/CPA_Outputs/tpdb_known429term/cpaouts/svcomp_b.07.c_lasso_out",YES,"","None","Results/CPA_Outputs/tpdb_known429term/cpaouts/svcomp_b.07.c_general_out",1.45,1.54,"../EvolveTerm/data/tpdb_known/c_term/svcomp_b.07.c"
"svcomp_openbsd_cstrnlen_alloca.c",MAYBE,"","None","Results/CPA_Outputs/tpdb_known429term/cpaouts/svcomp_openbsd_cstrnlen_alloca.c_lasso_out",MAYBE,"","None","Results/CPA_Outputs/tpdb_known429term/cpaouts/svcomp_openbsd_cstrnlen_alloca.c_general_out",1.57,267.09,"../EvolveTerm/data/tpdb_known/c_term/svcomp_openbsd_cstrnlen_alloca.c"
"standard_password_true-unreach-call_ground.c",FAILED,"","None","Results/CPA_Outputs/tpdb_known429term/cpaouts/standard_password_true-unreach-call_ground.c_lasso_out",MAYBE,"","None","Results/CPA_Outputs/tpdb_known429term/cpaouts/standard_password_true-unreach-call_ground.c_general_out",307.37,150.45,"../EvolveTerm/data/tpdb_known/c_term/standard_password_true-unreach-call_ground.c"
"NestedRecursion_1d_true-termination.c",MAYBE,"","None","Results/CPA_Outputs/tpdb_known429term/cpaouts/NestedRecursion_1d_true-termination.c_lasso_out",MAYBE,"","None","Results/CPA_Outputs/tpdb_known429term/cpaouts/NestedRecursion_1d_true-termination.c_general_out",1.11,1.71,"../EvolveTerm/data/tpdb_known/c_term/NestedRecursion_1d_true-termination.c"
"svcomp_array02_alloca.c",MAYBE,"","None","Results/CPA_Outputs/tpdb_known429term/cpaouts/svcomp_array02_alloca.c_lasso_out",MAYBE,"","None","Results/CPA_Outputs/tpdb_known429term/cpaouts/svcomp_array02_alloca.c_general_out",1.61,269.36,"../EvolveTerm/data/tpdb_known/c_term/svcomp_array02_alloca.c"
"Et4_true.c",MAYBE,"","None","Results/CPA_Outputs/tpdb_known429term/cpaouts/Et4_true.c_lasso_out",MAYBE,"","None","Results/CPA_Outputs/tpdb_known429term/cpaouts/Et4_true.c_general_out",1.14,283.30,"../EvolveTerm/data/tpdb_known/c_term/Et4_true.c"
"LarrazOliverasRodriguez-CarbonellRubio-FMCAD2013-Fig1_true-termination.c",MAYBE,"","None","Results/CPA_Outputs/tpdb_known429term/cpaouts/LarrazOliverasRodriguez-CarbonellRubio-FMCAD2013-Fig1_true-termination.c_lasso_out",MAYBE,"","None","Results/CPA_Outputs/tpdb_known429term/cpaouts/LarrazOliverasRodriguez-CarbonellRubio-FMCAD2013-Fig1_true-termination.c_general_out",3.49,270.84,"../EvolveTerm/data/tpdb_known/c_term/LarrazOliverasRodriguez-CarbonellRubio-FMCAD2013-Fig1_true-termination.c"
"ChenFlurMukhopadhyay-SAS2012-Ex1.05_true-termination.c",MAYBE,"","None","Results/CPA_Outputs/tpdb_known429term/cpaouts/ChenFlurMukhopadhyay-SAS2012-Ex1.05_true-termination.c_lasso_out",NO,"","None","Results/CPA_Outputs/tpdb_known429term/cpaouts/ChenFlurMukhopadhyay-SAS2012-Ex1.05_true-termination.c_general_out",1.37,1.24,"../EvolveTerm/data/tpdb_known/c_term/ChenFlurMukhopadhyay-SAS2012-Ex1.05_true-termination.c"
"svcomp_b.05.c",YES,"","None","Results/CPA_Outputs/tpdb_known429term/cpaouts/svcomp_b.05.c_lasso_out",YES,"","None","Results/CPA_Outputs/tpdb_known429term/cpaouts/svcomp_b.05.c_general_out",1.46,1.54,"../EvolveTerm/data/tpdb_known/c_term/svcomp_b.05.c"
"sum_2x3_false-unreach-call.c",MAYBE,"","None","Results/CPA_Outputs/tpdb_known429term/cpaouts/sum_2x3_false-unreach-call.c_lasso_out",MAYBE,"","None","Results/CPA_Outputs/tpdb_known429term/cpaouts/sum_2x3_false-unreach-call.c_general_out",1.08,284.39,"../EvolveTerm/data/tpdb_known/c_term/sum_2x3_false-unreach-call.c"
"desc_ll_search_last.c",MAYBE,"","None","Results/CPA_Outputs/tpdb_known429term/cpaouts/desc_ll_search_last.c_lasso_out",MAYBE,"","None","Results/CPA_Outputs/tpdb_known429term/cpaouts/desc_ll_search_last.c_general_out",2.27,286.34,"../EvolveTerm/data/tpdb_known/c_term/desc_ll_search_last.c"
"AliasDarteFeautrierGonnord-SAS2010-nestedLoop_true-termination.c",YES,"","None","Results/CPA_Outputs/tpdb_known429term/cpaouts/AliasDarteFeautrierGonnord-SAS2010-nestedLoop_true-termination.c_lasso_out",YES,"","None","Results/CPA_Outputs/tpdb_known429term/cpaouts/AliasDarteFeautrierGonnord-SAS2010-nestedLoop_true-termination.c_general_out",2.13,2.59,"../EvolveTerm/data/tpdb_known/c_term/AliasDarteFeautrierGonnord-SAS2010-nestedLoop_true-termination.c"
"svcomp_openbsd_cbzero_alloca.c",MAYBE,"","None","Results/CPA_Outputs/tpdb_known429term/cpaouts/svcomp_openbsd_cbzero_alloca.c_lasso_out",MAYBE,"","None","Results/CPA_Outputs/tpdb_known429term/cpaouts/svcomp_openbsd_cbzero_alloca.c_general_out",1.47,271.51,"../EvolveTerm/data/tpdb_known/c_term/svcomp_openbsd_cbzero_alloca.c"
"ChawdharyCookGulwaniSagivYang-ESOP2008-random1d_true-termination.c",YES,"","None","Results/CPA_Outputs/tpdb_known429term/cpaouts/ChawdharyCookGulwaniSagivYang-ESOP2008-random1d_true-termination.c_lasso_out",YES,"","None","Results/CPA_Outputs/tpdb_known429term/cpaouts/ChawdharyCookGulwaniSagivYang-ESOP2008-random1d_true-termination.c_general_out",1.67,1.78,"../EvolveTerm/data/tpdb_known/c_term/ChawdharyCookGulwaniSagivYang-ESOP2008-random1d_true-termination.c"
"fibo_5_false-unreach-call.c",MAYBE,"","None","Results/CPA_Outputs/tpdb_known429term/cpaouts/fibo_5_false-unreach-call.c_lasso_out",MAYBE,"","None","Results/CPA_Outputs/tpdb_known429term/cpaouts/fibo_5_false-unreach-call.c_general_out",1.09,1.77,"../EvolveTerm/data/tpdb_known/c_term/fibo_5_false-unreach-call.c"
"svcomp_openbsd_cstrspn_alloca.c",MAYBE,"","None","Results/CPA_Outputs/tpdb_known429term/cpaouts/svcomp_openbsd_cstrspn_alloca.c_lasso_out",MAYBE,"","None","Results/CPA_Outputs/tpdb_known429term/cpaouts/svcomp_openbsd_cstrspn_alloca.c_general_out",1.61,264.31,"../EvolveTerm/data/tpdb_known/c_term/svcomp_openbsd_cstrspn_alloca.c"
"Ben-Amram-LMCS2010-Ex2.3_true-termination.c",YES,"","None","Results/CPA_Outputs/tpdb_known429term/cpaouts/Ben-Amram-LMCS2010-Ex2.3_true-termination.c_lasso_out",YES,"","None","Results/CPA_Outputs/tpdb_known429term/cpaouts/Ben-Amram-LMCS2010-Ex2.3_true-termination.c_general_out",1.90,2.19,"../EvolveTerm/data/tpdb_known/c_term/Ben-Amram-LMCS2010-Ex2.3_true-termination.c"
"Benghazi_nondet_true-termination.c",YES,"","None","Results/CPA_Outputs/tpdb_known429term/cpaouts/Benghazi_nondet_true-termination.c_lasso_out",YES,"","None","Results/CPA_Outputs/tpdb_known429term/cpaouts/Benghazi_nondet_true-termination.c_general_out",1.91,2.14,"../EvolveTerm/data/tpdb_known/c_term/Benghazi_nondet_true-termination.c"
"svcomp_openbsd_cstrcpy_alloca.c",MAYBE,"","None","Results/CPA_Outputs/tpdb_known429term/cpaouts/svcomp_openbsd_cstrcpy_alloca.c_lasso_out",MAYBE,"","None","Results/CPA_Outputs/tpdb_known429term/cpaouts/svcomp_openbsd_cstrcpy_alloca.c_general_out",1.58,268.53,"../EvolveTerm/data/tpdb_known/c_term/svcomp_openbsd_cstrcpy_alloca.c"
"svcomp_b.16-alloca.c",MAYBE,"","None","Results/CPA_Outputs/tpdb_known429term/cpaouts/svcomp_b.16-alloca.c_lasso_out",MAYBE,"","None","Results/CPA_Outputs/tpdb_known429term/cpaouts/svcomp_b.16-alloca.c_general_out",2.55,288.86,"../EvolveTerm/data/tpdb_known/c_term/svcomp_b.16-alloca.c"
"AliasDarteFeautrierGonnord-SAS2010-exmini_true-termination.c",YES,"","None","Results/CPA_Outputs/tpdb_known429term/cpaouts/AliasDarteFeautrierGonnord-SAS2010-exmini_true-termination.c_lasso_out",YES,"","None","Results/CPA_Outputs/tpdb_known429term/cpaouts/AliasDarteFeautrierGonnord-SAS2010-exmini_true-termination.c_general_out",1.45,1.55,"../EvolveTerm/data/tpdb_known/c_term/AliasDarteFeautrierGonnord-SAS2010-exmini_true-termination.c"
"AliasDarteFeautrierGonnord-SAS2010-counterex1b_true-termination.c",YES,"","None","Results/CPA_Outputs/tpdb_known429term/cpaouts/AliasDarteFeautrierGonnord-SAS2010-counterex1b_true-termination.c_lasso_out",YES,"","None","Results/CPA_Outputs/tpdb_known429term/cpaouts/AliasDarteFeautrierGonnord-SAS2010-counterex1b_true-termination.c_general_out",1.96,2.65,"../EvolveTerm/data/tpdb_known/c_term/AliasDarteFeautrierGonnord-SAS2010-counterex1b_true-termination.c"
"svcomp_subseq_alloca.c",MAYBE,"","None","Results/CPA_Outputs/tpdb_known429term/cpaouts/svcomp_subseq_alloca.c_lasso_out",MAYBE,"","None","Results/CPA_Outputs/tpdb_known429term/cpaouts/svcomp_subseq_alloca.c_general_out",1.60,244.13,"../EvolveTerm/data/tpdb_known/c_term/svcomp_subseq_alloca.c"
"svcomp_cstrncpy_alloca.c",MAYBE,"","None","Results/CPA_Outputs/tpdb_known429term/cpaouts/svcomp_cstrncpy_alloca.c_lasso_out",MAYBE,"","None","Results/CPA_Outputs/tpdb_known429term/cpaouts/svcomp_cstrncpy_alloca.c_general_out",1.88,265.15,"../EvolveTerm/data/tpdb_known/c_term/svcomp_cstrncpy_alloca.c"
"TwoWay_true.c",MAYBE,"","None","Results/CPA_Outputs/tpdb_known429term/cpaouts/TwoWay_true.c_lasso_out",MAYBE,"","None","Results/CPA_Outputs/tpdb_known429term/cpaouts/TwoWay_true.c_general_out",1.07,283.58,"../EvolveTerm/data/tpdb_known/c_term/TwoWay_true.c"
"svcomp_insertionsort_alloca.c",MAYBE,"","None","Results/CPA_Outputs/tpdb_known429term/cpaouts/svcomp_insertionsort_alloca.c_lasso_out",MAYBE,"","None","Results/CPA_Outputs/tpdb_known429term/cpaouts/svcomp_insertionsort_alloca.c_general_out",1.79,271.01,"../EvolveTerm/data/tpdb_known/c_term/svcomp_insertionsort_alloca.c"
"Masse-VMCAI2014-Ex6_true-termination.c",MAYBE,"","None","Results/CPA_Outputs/tpdb_known429term/cpaouts/Masse-VMCAI2014-Ex6_true-termination.c_lasso_out",MAYBE,"","None","Results/CPA_Outputs/tpdb_known429term/cpaouts/Masse-VMCAI2014-Ex6_true-termination.c_general_out",1.33,297.12,"../EvolveTerm/data/tpdb_known/c_term/Masse-VMCAI2014-Ex6_true-termination.c"
"LeikeHeizmann-TACAS2014-Ex7_true-termination.c",YES,"","None","Results/CPA_Outputs/tpdb_known429term/cpaouts/LeikeHeizmann-TACAS2014-Ex7_true-termination.c_lasso_out",YES,"","None","Results/CPA_Outputs/tpdb_known429term/cpaouts/LeikeHeizmann-TACAS2014-Ex7_true-termination.c_general_out",1.50,1.67,"../EvolveTerm/data/tpdb_known/c_term/LeikeHeizmann-TACAS2014-Ex7_true-termination.c"
"svcomp_b.09_assume-alloca.c",MAYBE,"","None","Results/CPA_Outputs/tpdb_known429term/cpaouts/svcomp_b.09_assume-alloca.c_lasso_out",MAYBE,"","None","Results/CPA_Outputs/tpdb_known429term/cpaouts/svcomp_b.09_assume-alloca.c_general_out",1.94,291.75,"../EvolveTerm/data/tpdb_known/c_term/svcomp_b.09_assume-alloca.c"
"ChenFlurMukhopadhyay-SAS2012-Ex1.04_true-termination.c",YES,"","None","Results/CPA_Outputs/tpdb_known429term/cpaouts/ChenFlurMukhopadhyay-SAS2012-Ex1.04_true-termination.c_lasso_out",NO,"","None","Results/CPA_Outputs/tpdb_known429term/cpaouts/ChenFlurMukhopadhyay-SAS2012-Ex1.04_true-termination.c_general_out",1.58,1.40,"../EvolveTerm/data/tpdb_known/c_term/ChenFlurMukhopadhyay-SAS2012-Ex1.04_true-termination.c"
"svcomp_openbsd_cstrncpy_alloca.c",MAYBE,"","None","Results/CPA_Outputs/tpdb_known429term/cpaouts/svcomp_openbsd_cstrncpy_alloca.c_lasso_out",MAYBE,"","None","Results/CPA_Outputs/tpdb_known429term/cpaouts/svcomp_openbsd_cstrncpy_alloca.c_general_out",2.17,264.95,"../EvolveTerm/data/tpdb_known/c_term/svcomp_openbsd_cstrncpy_alloca.c"
"nondet_ll_init_rec.c",MAYBE,"","None","Results/CPA_Outputs/tpdb_known429term/cpaouts/nondet_ll_init_rec.c_lasso_out",MAYBE,"","None","Results/CPA_Outputs/tpdb_known429term/cpaouts/nondet_ll_init_rec.c_general_out",1.23,286.32,"../EvolveTerm/data/tpdb_known/c_term/nondet_ll_init_rec.c"
"svcomp_c.07.c",YES,"","None","Results/CPA_Outputs/tpdb_known429term/cpaouts/svcomp_c.07.c_lasso_out",YES,"","None","Results/CPA_Outputs/tpdb_known429term/cpaouts/svcomp_c.07.c_general_out",1.54,1.75,"../EvolveTerm/data/tpdb_known/c_term/svcomp_c.07.c"
"svcomp_b.17.c",YES,"","None","Results/CPA_Outputs/tpdb_known429term/cpaouts/svcomp_b.17.c_lasso_out",YES,"","None","Results/CPA_Outputs/tpdb_known429term/cpaouts/svcomp_b.17.c_general_out",1.88,2.25,"../EvolveTerm/data/tpdb_known/c_term/svcomp_b.17.c"
"AliasDarteFeautrierGonnord-SAS2010-speedpldi3_true-termination.c",YES,"","None","Results/CPA_Outputs/tpdb_known429term/cpaouts/AliasDarteFeautrierGonnord-SAS2010-speedpldi3_true-termination.c_lasso_out",YES,"","None","Results/CPA_Outputs/tpdb_known429term/cpaouts/AliasDarteFeautrierGonnord-SAS2010-speedpldi3_true-termination.c_general_out",2.07,2.36,"../EvolveTerm/data/tpdb_known/c_term/AliasDarteFeautrierGonnord-SAS2010-speedpldi3_true-termination.c"
"svcomp_Toulouse-BranchesToLoop_true-alloca.c",MAYBE,"","None","Results/CPA_Outputs/tpdb_known429term/cpaouts/svcomp_Toulouse-BranchesToLoop_true-alloca.c_lasso_out",NO,"","None","Results/CPA_Outputs/tpdb_known429term/cpaouts/svcomp_Toulouse-BranchesToLoop_true-alloca.c_general_out",3.83,1.67,"../EvolveTerm/data/tpdb_known/c_term/svcomp_Toulouse-BranchesToLoop_true-alloca.c"
"nondet_ll_traverse_rec.c",MAYBE,"","None","Results/CPA_Outputs/tpdb_known429term/cpaouts/nondet_ll_traverse_rec.c_lasso_out",MAYBE,"","None","Results/CPA_Outputs/tpdb_known429term/cpaouts/nondet_ll_traverse_rec.c_general_out",1.23,1.36,"../EvolveTerm/data/tpdb_known/c_term/nondet_ll_traverse_rec.c"
"svcomp_b.07-alloca.c",MAYBE,"","None","Results/CPA_Outputs/tpdb_known429term/cpaouts/svcomp_b.07-alloca.c_lasso_out",MAYBE,"","None","Results/CPA_Outputs/tpdb_known429term/cpaouts/svcomp_b.07-alloca.c_general_out",2.65,288.41,"../EvolveTerm/data/tpdb_known/c_term/svcomp_b.07-alloca.c"
"svcomp_b.04-alloca.c",MAYBE,"","None","Results/CPA_Outputs/tpdb_known429term/cpaouts/svcomp_b.04-alloca.c_lasso_out",MAYBE,"","None","Results/CPA_Outputs/tpdb_known429term/cpaouts/svcomp_b.04-alloca.c_general_out",1.99,291.27,"../EvolveTerm/data/tpdb_known/c_term/svcomp_b.04-alloca.c"
"LeeJonesBen-Amram-POPL2001-Ex6_true-termination.c",MAYBE,"","None","Results/CPA_Outputs/tpdb_known429term/cpaouts/LeeJonesBen-Amram-POPL2001-Ex6_true-termination.c_lasso_out",MAYBE,"","None","Results/CPA_Outputs/tpdb_known429term/cpaouts/LeeJonesBen-Amram-POPL2001-Ex6_true-termination.c_general_out",1.14,1.21,"../EvolveTerm/data/tpdb_known/c_term/LeeJonesBen-Amram-POPL2001-Ex6_true-termination.c"
"svcomp_b.03_assume.c",MAYBE,"","None","Results/CPA_Outputs/tpdb_known429term/cpaouts/svcomp_b.03_assume.c_lasso_out",MAYBE,"","None","Results/CPA_Outputs/tpdb_known429term/cpaouts/svcomp_b.03_assume.c_general_out",1.39,297.21,"../EvolveTerm/data/tpdb_known/c_term/svcomp_b.03_assume.c"
"Masse-VMCAI2014-Fig1a_true-termination.c",MAYBE,"","None","Results/CPA_Outputs/tpdb_known429term/cpaouts/Masse-VMCAI2014-Fig1a_true-termination.c_lasso_out",MAYBE,"","None","Results/CPA_Outputs/tpdb_known429term/cpaouts/Masse-VMCAI2014-Fig1a_true-termination.c_general_out",1.54,294.08,"../EvolveTerm/data/tpdb_known/c_term/Masse-VMCAI2014-Fig1a_true-termination.c"
"HeizmannHoenickeLeikePodelski-ATVA2013-Fig8_true-termination.c",MAYBE,"","None","Results/CPA_Outputs/tpdb_known429term/cpaouts/HeizmannHoenickeLeikePodelski-ATVA2013-Fig8_true-termination.c_lasso_out",MAYBE,"","None","Results/CPA_Outputs/tpdb_known429term/cpaouts/HeizmannHoenickeLeikePodelski-ATVA2013-Fig8_true-termination.c_general_out",1.55,296.63,"../EvolveTerm/data/tpdb_known/c_term/HeizmannHoenickeLeikePodelski-ATVA2013-Fig8_true-termination.c"
"Bangalore_true-termination.c",YES,"","None","Results/CPA_Outputs/tpdb_known429term/cpaouts/Bangalore_true-termination.c_lasso_out",YES,"","None","Results/CPA_Outputs/tpdb_known429term/cpaouts/Bangalore_true-termination.c_general_out",1.48,1.53,"../EvolveTerm/data/tpdb_known/c_term/Bangalore_true-termination.c"
"Overflow.c",YES,"","None","Results/CPA_Outputs/tpdb_known429term/cpaouts/Overflow.c_lasso_out",YES,"","None","Results/CPA_Outputs/tpdb_known429term/cpaouts/Overflow.c_general_out",1.53,1.65,"../EvolveTerm/data/tpdb_known/c_term/Overflow.c"
"ChenFlurMukhopadhyay-SAS2012-Ex2.13_true-termination.c",MAYBE,"","None","Results/CPA_Outputs/tpdb_known429term/cpaouts/ChenFlurMukhopadhyay-SAS2012-Ex2.13_true-termination.c_lasso_out",MAYBE,"","None","Results/CPA_Outputs/tpdb_known429term/cpaouts/ChenFlurMukhopadhyay-SAS2012-Ex2.13_true-termination.c_general_out",1.95,272.34,"../EvolveTerm/data/tpdb_known/c_term/ChenFlurMukhopadhyay-SAS2012-Ex2.13_true-termination.c"
"svcomp_b.18-alloca.c",MAYBE,"","None","Results/CPA_Outputs/tpdb_known429term/cpaouts/svcomp_b.18-alloca.c_lasso_out",MAYBE,"","None","Results/CPA_Outputs/tpdb_known429term/cpaouts/svcomp_b.18-alloca.c_general_out",2.12,261.35,"../EvolveTerm/data/tpdb_known/c_term/svcomp_b.18-alloca.c"
"PastaB3.c",MAYBE,"","None","Results/CPA_Outputs/tpdb_known429term/cpaouts/PastaB3.c_lasso_out",MAYBE,"","None","Results/CPA_Outputs/tpdb_known429term/cpaouts/PastaB3.c_general_out",1.44,297.35,"../EvolveTerm/data/tpdb_known/c_term/PastaB3.c"
"GulwaniJainKoskinen-PLDI2009-Fig1_true-termination.c",YES,"","None","Results/CPA_Outputs/tpdb_known429term/cpaouts/GulwaniJainKoskinen-PLDI2009-Fig1_true-termination.c_lasso_out",YES,"","None","Results/CPA_Outputs/tpdb_known429term/cpaouts/GulwaniJainKoskinen-PLDI2009-Fig1_true-termination.c_general_out",4.04,4.27,"../EvolveTerm/data/tpdb_known/c_term/GulwaniJainKoskinen-PLDI2009-Fig1_true-termination.c"
"HeizmannHoenickeLeikePodelski-ATVA2013-Fig2_true-termination.c",YES,"","None","Results/CPA_Outputs/tpdb_known429term/cpaouts/HeizmannHoenickeLeikePodelski-ATVA2013-Fig2_true-termination.c_lasso_out",YES,"","None","Results/CPA_Outputs/tpdb_known429term/cpaouts/HeizmannHoenickeLeikePodelski-ATVA2013-Fig2_true-termination.c_general_out",5.94,6.06,"../EvolveTerm/data/tpdb_known/c_term/HeizmannHoenickeLeikePodelski-ATVA2013-Fig2_true-termination.c"
"svcomp_openbsd_cstrcmp_alloca.c",MAYBE,"","None","Results/CPA_Outputs/tpdb_known429term/cpaouts/svcomp_openbsd_cstrcmp_alloca.c_lasso_out",MAYBE,"","None","Results/CPA_Outputs/tpdb_known429term/cpaouts/svcomp_openbsd_cstrcmp_alloca.c_general_out",1.69,266.63,"../EvolveTerm/data/tpdb_known/c_term/svcomp_openbsd_cstrcmp_alloca.c"
"svcomp_java_Continue1-alloca.c",MAYBE,"","None","Results/CPA_Outputs/tpdb_known429term/cpaouts/svcomp_java_Continue1-alloca.c_lasso_out",MAYBE,"","None","Results/CPA_Outputs/tpdb_known429term/cpaouts/svcomp_java_Continue1-alloca.c_general_out",1.32,296.98,"../EvolveTerm/data/tpdb_known/c_term/svcomp_java_Continue1-alloca.c"
"LeikeHeizmann-TACAS2014-Fig1_true-termination.c",YES,"","None","Results/CPA_Outputs/tpdb_known429term/cpaouts/LeikeHeizmann-TACAS2014-Fig1_true-termination.c_lasso_out",YES,"","None","Results/CPA_Outputs/tpdb_known429term/cpaouts/LeikeHeizmann-TACAS2014-Fig1_true-termination.c_general_out",1.65,1.80,"../EvolveTerm/data/tpdb_known/c_term/LeikeHeizmann-TACAS2014-Fig1_true-termination.c"
"svcomp_a.04.c",YES,"","None","Results/CPA_Outputs/tpdb_known429term/cpaouts/svcomp_a.04.c_lasso_out",YES,"","None","Results/CPA_Outputs/tpdb_known429term/cpaouts/svcomp_a.04.c_general_out",1.43,1.58,"../EvolveTerm/data/tpdb_known/c_term/svcomp_a.04.c"
"svcomp_HarrisLalNoriRajamani-2010SAS-Fig3_true-alloca.c",MAYBE,"","None","Results/CPA_Outputs/tpdb_known429term/cpaouts/svcomp_HarrisLalNoriRajamani-2010SAS-Fig3_true-alloca.c_lasso_out",MAYBE,"","None","Results/CPA_Outputs/tpdb_known429term/cpaouts/svcomp_HarrisLalNoriRajamani-2010SAS-Fig3_true-alloca.c_general_out",1.54,285.91,"../EvolveTerm/data/tpdb_known/c_term/svcomp_HarrisLalNoriRajamani-2010SAS-Fig3_true-alloca.c"
"svcomp_java_AG313-alloca.c",MAYBE,"","None","Results/CPA_Outputs/tpdb_known429term/cpaouts/svcomp_java_AG313-alloca.c_lasso_out",MAYBE,"","None","Results/CPA_Outputs/tpdb_known429term/cpaouts/svcomp_java_AG313-alloca.c_general_out",2.38,288.07,"../EvolveTerm/data/tpdb_known/c_term/svcomp_java_AG313-alloca.c"
"AliasDarteFeautrierGonnord-SAS2010-loops_true-termination.c",YES,"","None","Results/CPA_Outputs/tpdb_known429term/cpaouts/AliasDarteFeautrierGonnord-SAS2010-loops_true-termination.c_lasso_out",YES,"","None","Results/CPA_Outputs/tpdb_known429term/cpaouts/AliasDarteFeautrierGonnord-SAS2010-loops_true-termination.c_general_out",1.72,2.12,"../EvolveTerm/data/tpdb_known/c_term/AliasDarteFeautrierGonnord-SAS2010-loops_true-termination.c"
"AliasDarteFeautrierGonnord-SAS2010-ndecr_true-termination.c",YES,"","None","Results/CPA_Outputs/tpdb_known429term/cpaouts/AliasDarteFeautrierGonnord-SAS2010-ndecr_true-termination.c_lasso_out",YES,"","None","Results/CPA_Outputs/tpdb_known429term/cpaouts/AliasDarteFeautrierGonnord-SAS2010-ndecr_true-termination.c_general_out",1.46,1.47,"../EvolveTerm/data/tpdb_known/c_term/AliasDarteFeautrierGonnord-SAS2010-ndecr_true-termination.c"
"svcomp_flag-alloca.c",MAYBE,"","None","Results/CPA_Outputs/tpdb_known429term/cpaouts/svcomp_flag-alloca.c_lasso_out",MAYBE,"","None","Results/CPA_Outputs/tpdb_known429term/cpaouts/svcomp_flag-alloca.c_general_out",2.87,288.50,"../EvolveTerm/data/tpdb_known/c_term/svcomp_flag-alloca.c"
"CookSeeZuleger-TACAS2013-Fig8a_true-termination.c",YES,"","None","Results/CPA_Outputs/tpdb_known429term/cpaouts/CookSeeZuleger-TACAS2013-Fig8a_true-termination.c_lasso_out",YES,"","None","Results/CPA_Outputs/tpdb_known429term/cpaouts/CookSeeZuleger-TACAS2013-Fig8a_true-termination.c_general_out",1.84,1.69,"../EvolveTerm/data/tpdb_known/c_term/CookSeeZuleger-TACAS2013-Fig8a_true-termination.c"
"ChenFlurMukhopadhyay-SAS2012-Ex3.07_true-termination.c",YES,"","None","Results/CPA_Outputs/tpdb_known429term/cpaouts/ChenFlurMukhopadhyay-SAS2012-Ex3.07_true-termination.c_lasso_out",YES,"","None","Results/CPA_Outputs/tpdb_known429term/cpaouts/ChenFlurMukhopadhyay-SAS2012-Ex3.07_true-termination.c_general_out",2.28,2.70,"../EvolveTerm/data/tpdb_known/c_term/ChenFlurMukhopadhyay-SAS2012-Ex3.07_true-termination.c"
"svcomp_mult_array_alloca.c",MAYBE,"","None","Results/CPA_Outputs/tpdb_known429term/cpaouts/svcomp_mult_array_alloca.c_lasso_out",MAYBE,"","None","Results/CPA_Outputs/tpdb_known429term/cpaouts/svcomp_mult_array_alloca.c_general_out",2.29,266.51,"../EvolveTerm/data/tpdb_known/c_term/svcomp_mult_array_alloca.c"
"BrockschmidtCookFuhs-CAV2013-Introduction_true-termination.c",YES,"","None","Results/CPA_Outputs/tpdb_known429term/cpaouts/BrockschmidtCookFuhs-CAV2013-Introduction_true-termination.c_lasso_out",YES,"","None","Results/CPA_Outputs/tpdb_known429term/cpaouts/BrockschmidtCookFuhs-CAV2013-Introduction_true-termination.c_general_out",1.71,1.48,"../EvolveTerm/data/tpdb_known/c_term/BrockschmidtCookFuhs-CAV2013-Introduction_true-termination.c"
"HeizmannHoenickeLeikePodelski-ATVA2013-Fig7_true-termination.c",MAYBE,"","None","Results/CPA_Outputs/tpdb_known429term/cpaouts/HeizmannHoenickeLeikePodelski-ATVA2013-Fig7_true-termination.c_lasso_out",NO,"","None","Results/CPA_Outputs/tpdb_known429term/cpaouts/HeizmannHoenickeLeikePodelski-ATVA2013-Fig7_true-termination.c_general_out",1.29,1.31,"../EvolveTerm/data/tpdb_known/c_term/HeizmannHoenickeLeikePodelski-ATVA2013-Fig7_true-termination.c"
"svcomp_a.09_assume-alloca.c",MAYBE,"","None","Results/CPA_Outputs/tpdb_known429term/cpaouts/svcomp_a.09_assume-alloca.c_lasso_out",NO,"","None","Results/CPA_Outputs/tpdb_known429term/cpaouts/svcomp_a.09_assume-alloca.c_general_out",2.45,1.75,"../EvolveTerm/data/tpdb_known/c_term/svcomp_a.09_assume-alloca.c"
"svcomp_b.14.c",YES,"","None","Results/CPA_Outputs/tpdb_known429term/cpaouts/svcomp_b.14.c_lasso_out",YES,"","None","Results/CPA_Outputs/tpdb_known429term/cpaouts/svcomp_b.14.c_general_out",1.65,2.17,"../EvolveTerm/data/tpdb_known/c_term/svcomp_b.14.c"
"CookSeeZuleger-TACAS2013-Fig7b_true-termination.c",YES,"","None","Results/CPA_Outputs/tpdb_known429term/cpaouts/CookSeeZuleger-TACAS2013-Fig7b_true-termination.c_lasso_out",YES,"","None","Results/CPA_Outputs/tpdb_known429term/cpaouts/CookSeeZuleger-TACAS2013-Fig7b_true-termination.c_general_out",2.32,2.45,"../EvolveTerm/data/tpdb_known/c_term/CookSeeZuleger-TACAS2013-Fig7b_true-termination.c"
"svcomp_openbsd_cstrpbrk_alloca.c",MAYBE,"","None","Results/CPA_Outputs/tpdb_known429term/cpaouts/svcomp_openbsd_cstrpbrk_alloca.c_lasso_out",MAYBE,"","None","Results/CPA_Outputs/tpdb_known429term/cpaouts/svcomp_openbsd_cstrpbrk_alloca.c_general_out",1.83,272.87,"../EvolveTerm/data/tpdb_known/c_term/svcomp_openbsd_cstrpbrk_alloca.c"
"afterrec_2calls_false-unreach-call.c",MAYBE,"","None","Results/CPA_Outputs/tpdb_known429term/cpaouts/afterrec_2calls_false-unreach-call.c_lasso_out",MAYBE,"","None","Results/CPA_Outputs/tpdb_known429term/cpaouts/afterrec_2calls_false-unreach-call.c_general_out",1.21,2.27,"../EvolveTerm/data/tpdb_known/c_term/afterrec_2calls_false-unreach-call.c"
"svcomp_twisted-alloca.c",MAYBE,"","None","Results/CPA_Outputs/tpdb_known429term/cpaouts/svcomp_twisted-alloca.c_lasso_out",MAYBE,"","None","Results/CPA_Outputs/tpdb_known429term/cpaouts/svcomp_twisted-alloca.c_general_out",3.28,260.21,"../EvolveTerm/data/tpdb_known/c_term/svcomp_twisted-alloca.c"
"ChawdharyCookGulwaniSagivYang-ESOP2008-aaron6_true-termination.c",YES,"","None","Results/CPA_Outputs/tpdb_known429term/cpaouts/ChawdharyCookGulwaniSagivYang-ESOP2008-aaron6_true-termination.c_lasso_out",NO,"","None","Results/CPA_Outputs/tpdb_known429term/cpaouts/ChawdharyCookGulwaniSagivYang-ESOP2008-aaron6_true-termination.c_general_out",1.61,1.31,"../EvolveTerm/data/tpdb_known/c_term/ChawdharyCookGulwaniSagivYang-ESOP2008-aaron6_true-termination.c"
"svcomp_a.06-alloca.c",MAYBE,"","None","Results/CPA_Outputs/tpdb_known429term/cpaouts/svcomp_a.06-alloca.c_lasso_out",MAYBE,"","None","Results/CPA_Outputs/tpdb_known429term/cpaouts/svcomp_a.06-alloca.c_general_out",2.53,289.06,"../EvolveTerm/data/tpdb_known/c_term/svcomp_a.06-alloca.c"
"svcomp_java_Nested.c",YES,"","None","Results/CPA_Outputs/tpdb_known429term/cpaouts/svcomp_java_Nested.c_lasso_out",YES,"","None","Results/CPA_Outputs/tpdb_known429term/cpaouts/svcomp_java_Nested.c_general_out",2.04,1.86,"../EvolveTerm/data/tpdb_known/c_term/svcomp_java_Nested.c"
"PastaB7.c",YES,"","None","Results/CPA_Outputs/tpdb_known429term/cpaouts/PastaB7.c_lasso_out",YES,"","None","Results/CPA_Outputs/tpdb_known429term/cpaouts/PastaB7.c_general_out",1.41,1.47,"../EvolveTerm/data/tpdb_known/c_term/PastaB7.c"
"svcomp_b.06.c",YES,"","None","Results/CPA_Outputs/tpdb_known429term/cpaouts/svcomp_b.06.c_lasso_out",YES,"","None","Results/CPA_Outputs/tpdb_known429term/cpaouts/svcomp_b.06.c_general_out",1.41,1.54,"../EvolveTerm/data/tpdb_known/c_term/svcomp_b.06.c"
"rec_counter3.c",MAYBE,"","None","Results/CPA_Outputs/tpdb_known429term/cpaouts/rec_counter3.c_lasso_out",MAYBE,"","None","Results/CPA_Outputs/tpdb_known429term/cpaouts/rec_counter3.c_general_out",1.06,1.16,"../EvolveTerm/data/tpdb_known/c_term/rec_counter3.c"
"svcomp_cstrspn_true_alloca.c",MAYBE,"","None","Results/CPA_Outputs/tpdb_known429term/cpaouts/svcomp_cstrspn_true_alloca.c_lasso_out",MAYBE,"","None","Results/CPA_Outputs/tpdb_known429term/cpaouts/svcomp_cstrspn_true_alloca.c_general_out",1.77,266.73,"../EvolveTerm/data/tpdb_known/c_term/svcomp_cstrspn_true_alloca.c"
"svcomp_BrockschmidtCookFuhs-2013CAV-Fig1_true-alloca.c",MAYBE,"","None","Results/CPA_Outputs/tpdb_known429term/cpaouts/svcomp_BrockschmidtCookFuhs-2013CAV-Fig1_true-alloca.c_lasso_out",NO,"","None","Results/CPA_Outputs/tpdb_known429term/cpaouts/svcomp_BrockschmidtCookFuhs-2013CAV-Fig1_true-alloca.c_general_out",2.07,1.57,"../EvolveTerm/data/tpdb_known/c_term/svcomp_BrockschmidtCookFuhs-2013CAV-Fig1_true-alloca.c"
"id_i10_o10_false-unreach-call.c",MAYBE,"","None","Results/CPA_Outputs/tpdb_known429term/cpaouts/id_i10_o10_false-unreach-call.c_lasso_out",MAYBE,"","None","Results/CPA_Outputs/tpdb_known429term/cpaouts/id_i10_o10_false-unreach-call.c_general_out",1.07,1.69,"../EvolveTerm/data/tpdb_known/c_term/id_i10_o10_false-unreach-call.c"
"svcomp_openbsd_cstpcpy_alloca.c",MAYBE,"","None","Results/CPA_Outputs/tpdb_known429term/cpaouts/svcomp_openbsd_cstpcpy_alloca.c_lasso_out",MAYBE,"","None","Results/CPA_Outputs/tpdb_known429term/cpaouts/svcomp_openbsd_cstpcpy_alloca.c_general_out",1.58,275.27,"../EvolveTerm/data/tpdb_known/c_term/svcomp_openbsd_cstpcpy_alloca.c"
"Arrays01-EquivalentConstantIndices_true-termination.c",MAYBE,"","None","Results/CPA_Outputs/tpdb_known429term/cpaouts/Arrays01-EquivalentConstantIndices_true-termination.c_lasso_out",NO,"","None","Results/CPA_Outputs/tpdb_known429term/cpaouts/Arrays01-EquivalentConstantIndices_true-termination.c_general_out",213.81,2.08,"../EvolveTerm/data/tpdb_known/c_term/Arrays01-EquivalentConstantIndices_true-termination.c"
"svcomp_fermat.c",TIMEOUT,"Analysis timed out after 300 seconds","None","Results/CPA_Outputs/tpdb_known429term/cpaouts/svcomp_fermat.c_lasso_out",MAYBE,"","None","Results/CPA_Outputs/tpdb_known429term/cpaouts/svcomp_fermat.c_general_out",310.07,193.11,"../EvolveTerm/data/tpdb_known/c_term/svcomp_fermat.c"
"svcomp_cstrlen_true-termination.c",MAYBE,"","None","Results/CPA_Outputs/tpdb_known429term/cpaouts/svcomp_cstrlen_true-termination.c_lasso_out",MAYBE,"","None","Results/CPA_Outputs/tpdb_known429term/cpaouts/svcomp_cstrlen_true-termination.c_general_out",1.47,269.57,"../EvolveTerm/data/tpdb_known/c_term/svcomp_cstrlen_true-termination.c"
"AliasDarteFeautrierGonnord-SAS2010-random1d_true-termination.c",YES,"","None","Results/CPA_Outputs/tpdb_known429term/cpaouts/AliasDarteFeautrierGonnord-SAS2010-random1d_true-termination.c_lasso_out",YES,"","None","Results/CPA_Outputs/tpdb_known429term/cpaouts/AliasDarteFeautrierGonnord-SAS2010-random1d_true-termination.c_general_out",1.60,1.74,"../EvolveTerm/data/tpdb_known/c_term/AliasDarteFeautrierGonnord-SAS2010-random1d_true-termination.c"
"PastaA4.c",YES,"","None","Results/CPA_Outputs/tpdb_known429term/cpaouts/PastaA4.c_lasso_out",YES,"","None","Results/CPA_Outputs/tpdb_known429term/cpaouts/PastaA4.c_general_out",1.38,1.49,"../EvolveTerm/data/tpdb_known/c_term/PastaA4.c"
"svcomp_openbsd_cstrncmp_alloca.c",MAYBE,"","None","Results/CPA_Outputs/tpdb_known429term/cpaouts/svcomp_openbsd_cstrncmp_alloca.c_lasso_out",MAYBE,"","None","Results/CPA_Outputs/tpdb_known429term/cpaouts/svcomp_openbsd_cstrncmp_alloca.c_general_out",1.71,263.97,"../EvolveTerm/data/tpdb_known/c_term/svcomp_openbsd_cstrncmp_alloca.c"
"svcomp_Fibonacci01_true-unreach-call_modified.c",MAYBE,"","None","Results/CPA_Outputs/tpdb_known429term/cpaouts/svcomp_Fibonacci01_true-unreach-call_modified.c_lasso_out",MAYBE,"","None","Results/CPA_Outputs/tpdb_known429term/cpaouts/svcomp_Fibonacci01_true-unreach-call_modified.c_general_out",1.09,4.78,"../EvolveTerm/data/tpdb_known/c_term/svcomp_Fibonacci01_true-unreach-call_modified.c"
"MinusBuiltIn.c",YES,"","None","Results/CPA_Outputs/tpdb_known429term/cpaouts/MinusBuiltIn.c_lasso_out",YES,"","None","Results/CPA_Outputs/tpdb_known429term/cpaouts/MinusBuiltIn.c_general_out",1.37,1.48,"../EvolveTerm/data/tpdb_known/c_term/MinusBuiltIn.c"
"svcomp_a.04-alloca.c",MAYBE,"","None","Results/CPA_Outputs/tpdb_known429term/cpaouts/svcomp_a.04-alloca.c_lasso_out",MAYBE,"","None","Results/CPA_Outputs/tpdb_known429term/cpaouts/svcomp_a.04-alloca.c_general_out",1.81,291.72,"../EvolveTerm/data/tpdb_known/c_term/svcomp_a.04-alloca.c"
"Urban-WST2013-Fig2-modified1000_true-termination.c",MAYBE,"","None","Results/CPA_Outputs/tpdb_known429term/cpaouts/Urban-WST2013-Fig2-modified1000_true-termination.c_lasso_out",MAYBE,"","None","Results/CPA_Outputs/tpdb_known429term/cpaouts/Urban-WST2013-Fig2-modified1000_true-termination.c_general_out",292.14,144.11,"../EvolveTerm/data/tpdb_known/c_term/Urban-WST2013-Fig2-modified1000_true-termination.c"
"4BitCounterPointer_true-termination.c",MAYBE,"","None","Results/CPA_Outputs/tpdb_known429term/cpaouts/4BitCounterPointer_true-termination.c_lasso_out",MAYBE,"","None","Results/CPA_Outputs/tpdb_known429term/cpaouts/4BitCounterPointer_true-termination.c_general_out",2.50,283.64,"../EvolveTerm/data/tpdb_known/c_term/4BitCounterPointer_true-termination.c"
"PodelskiRybalchenko-LICS2004-Fig2-TACAS2011-Fig3_true-termination.c",YES,"","None","Results/CPA_Outputs/tpdb_known429term/cpaouts/PodelskiRybalchenko-LICS2004-Fig2-TACAS2011-Fig3_true-termination.c_lasso_out",YES,"","None","Results/CPA_Outputs/tpdb_known429term/cpaouts/PodelskiRybalchenko-LICS2004-Fig2-TACAS2011-Fig3_true-termination.c_general_out",2.47,2.70,"../EvolveTerm/data/tpdb_known/c_term/PodelskiRybalchenko-LICS2004-Fig2-TACAS2011-Fig3_true-termination.c"
"svcomp_openbsd_cstrstr_alloca.c",MAYBE,"","None","Results/CPA_Outputs/tpdb_known429term/cpaouts/svcomp_openbsd_cstrstr_alloca.c_lasso_out",MAYBE,"","None","Results/CPA_Outputs/tpdb_known429term/cpaouts/svcomp_openbsd_cstrstr_alloca.c_general_out",17.58,246.14,"../EvolveTerm/data/tpdb_known/c_term/svcomp_openbsd_cstrstr_alloca.c"
"easy1_true-termination.c",YES,"","None","Results/CPA_Outputs/tpdb_known429term/cpaouts/easy1_true-termination.c_lasso_out",YES,"","None","Results/CPA_Outputs/tpdb_known429term/cpaouts/easy1_true-termination.c_general_out",1.62,1.52,"../EvolveTerm/data/tpdb_known/c_term/easy1_true-termination.c"
"PastaB11.c",YES,"","None","Results/CPA_Outputs/tpdb_known429term/cpaouts/PastaB11.c_lasso_out",YES,"","None","Results/CPA_Outputs/tpdb_known429term/cpaouts/PastaB11.c_general_out",1.57,1.66,"../EvolveTerm/data/tpdb_known/c_term/PastaB11.c"
"PastaB15.c",YES,"","None","Results/CPA_Outputs/tpdb_known429term/cpaouts/PastaB15.c_lasso_out",YES,"","None","Results/CPA_Outputs/tpdb_known429term/cpaouts/PastaB15.c_general_out",1.66,2.01,"../EvolveTerm/data/tpdb_known/c_term/PastaB15.c"
"aaron2_true-termination.c",YES,"","None","Results/CPA_Outputs/tpdb_known429term/cpaouts/aaron2_true-termination.c_lasso_out",YES,"","None","Results/CPA_Outputs/tpdb_known429term/cpaouts/aaron2_true-termination.c_general_out",1.42,1.24,"../EvolveTerm/data/tpdb_known/c_term/aaron2_true-termination.c"
"svcomp_NoriSharma-2013FSE-Fig8_true-alloca.c",MAYBE,"","None","Results/CPA_Outputs/tpdb_known429term/cpaouts/svcomp_NoriSharma-2013FSE-Fig8_true-alloca.c_lasso_out",MAYBE,"","None","Results/CPA_Outputs/tpdb_known429term/cpaouts/svcomp_NoriSharma-2013FSE-Fig8_true-alloca.c_general_out",28.79,257.79,"../EvolveTerm/data/tpdb_known/c_term/svcomp_NoriSharma-2013FSE-Fig8_true-alloca.c"
"DivMinus.c",MAYBE,"","None","Results/CPA_Outputs/tpdb_known429term/cpaouts/DivMinus.c_lasso_out",MAYBE,"","None","Results/CPA_Outputs/tpdb_known429term/cpaouts/DivMinus.c_general_out",1.34,264.61,"../EvolveTerm/data/tpdb_known/c_term/DivMinus.c"
"Nested.c",YES,"","None","Results/CPA_Outputs/tpdb_known429term/cpaouts/Nested.c_lasso_out",YES,"","None","Results/CPA_Outputs/tpdb_known429term/cpaouts/Nested.c_general_out",2.09,1.30,"../EvolveTerm/data/tpdb_known/c_term/Nested.c"
"AliasDarteFeautrierGonnord-SAS2010-wise_true-termination.c",YES,"","None","Results/CPA_Outputs/tpdb_known429term/cpaouts/AliasDarteFeautrierGonnord-SAS2010-wise_true-termination.c_lasso_out",YES,"","None","Results/CPA_Outputs/tpdb_known429term/cpaouts/AliasDarteFeautrierGonnord-SAS2010-wise_true-termination.c_general_out",1.56,1.66,"../EvolveTerm/data/tpdb_known/c_term/AliasDarteFeautrierGonnord-SAS2010-wise_true-termination.c"
"HarrisLalNoriRajamani-SAS2010-Fig3_true-termination.c",YES,"","None","Results/CPA_Outputs/tpdb_known429term/cpaouts/HarrisLalNoriRajamani-SAS2010-Fig3_true-termination.c_lasso_out",YES,"","None","Results/CPA_Outputs/tpdb_known429term/cpaouts/HarrisLalNoriRajamani-SAS2010-Fig3_true-termination.c_general_out",1.40,1.47,"../EvolveTerm/data/tpdb_known/c_term/HarrisLalNoriRajamani-SAS2010-Fig3_true-termination.c"
"fibo_2calls_2_false-unreach-call.c",MAYBE,"","None","Results/CPA_Outputs/tpdb_known429term/cpaouts/fibo_2calls_2_false-unreach-call.c_lasso_out",MAYBE,"","None","Results/CPA_Outputs/tpdb_known429term/cpaouts/fibo_2calls_2_false-unreach-call.c_general_out",1.08,3.90,"../EvolveTerm/data/tpdb_known/c_term/fibo_2calls_2_false-unreach-call.c"
"AliasDarteFeautrierGonnord-SAS2010-wcet2_true-termination.c",YES,"","None","Results/CPA_Outputs/tpdb_known429term/cpaouts/AliasDarteFeautrierGonnord-SAS2010-wcet2_true-termination.c_lasso_out",YES,"","None","Results/CPA_Outputs/tpdb_known429term/cpaouts/AliasDarteFeautrierGonnord-SAS2010-wcet2_true-termination.c_general_out",2.89,3.40,"../EvolveTerm/data/tpdb_known/c_term/AliasDarteFeautrierGonnord-SAS2010-wcet2_true-termination.c"
"svcomp_selectionsort_alloca.c",MAYBE,"","None","Results/CPA_Outputs/tpdb_known429term/cpaouts/svcomp_selectionsort_alloca.c_lasso_out",MAYBE,"","None","Results/CPA_Outputs/tpdb_known429term/cpaouts/svcomp_selectionsort_alloca.c_general_out",1.56,270.25,"../EvolveTerm/data/tpdb_known/c_term/svcomp_selectionsort_alloca.c"
"svcomp_BrockschmidtCookFuhs-2013CAV-Introduction_true-alloca.c",MAYBE,"","None","Results/CPA_Outputs/tpdb_known429term/cpaouts/svcomp_BrockschmidtCookFuhs-2013CAV-Introduction_true-alloca.c_lasso_out",NO,"","None","Results/CPA_Outputs/tpdb_known429term/cpaouts/svcomp_BrockschmidtCookFuhs-2013CAV-Introduction_true-alloca.c_general_out",1.48,1.39,"../EvolveTerm/data/tpdb_known/c_term/svcomp_BrockschmidtCookFuhs-2013CAV-Introduction_true-alloca.c"
"Toulouse-MultiBranchesToLoop_true-termination.c",YES,"","None","Results/CPA_Outputs/tpdb_known429term/cpaouts/Toulouse-MultiBranchesToLoop_true-termination.c_lasso_out",YES,"","None","Results/CPA_Outputs/tpdb_known429term/cpaouts/Toulouse-MultiBranchesToLoop_true-termination.c_general_out",2.31,2.57,"../EvolveTerm/data/tpdb_known/c_term/Toulouse-MultiBranchesToLoop_true-termination.c"
"svcomp_strchr_true-termination.c",MAYBE,"","None","Results/CPA_Outputs/tpdb_known429term/cpaouts/svcomp_strchr_true-termination.c_lasso_out",MAYBE,"","None","Results/CPA_Outputs/tpdb_known429term/cpaouts/svcomp_strchr_true-termination.c_general_out",1.47,256.95,"../EvolveTerm/data/tpdb_known/c_term/svcomp_strchr_true-termination.c"
"ChenFlurMukhopadhyay-SAS2012-Ex2.10_true-termination.c",MAYBE,"","None","Results/CPA_Outputs/tpdb_known429term/cpaouts/ChenFlurMukhopadhyay-SAS2012-Ex2.10_true-termination.c_lasso_out",MAYBE,"","None","Results/CPA_Outputs/tpdb_known429term/cpaouts/ChenFlurMukhopadhyay-SAS2012-Ex2.10_true-termination.c_general_out",1.75,265.73,"../EvolveTerm/data/tpdb_known/c_term/ChenFlurMukhopadhyay-SAS2012-Ex2.10_true-termination.c"
"svcomp_a.01.c",YES,"","None","Results/CPA_Outputs/tpdb_known429term/cpaouts/svcomp_a.01.c_lasso_out",YES,"","None","Results/CPA_Outputs/tpdb_known429term/cpaouts/svcomp_a.01.c_general_out",1.70,2.04,"../EvolveTerm/data/tpdb_known/c_term/svcomp_a.01.c"
"MutualRecursion_1b_true-termination.c",MAYBE,"","None","Results/CPA_Outputs/tpdb_known429term/cpaouts/MutualRecursion_1b_true-termination.c_lasso_out",MAYBE,"","None","Results/CPA_Outputs/tpdb_known429term/cpaouts/MutualRecursion_1b_true-termination.c_general_out",1.12,1.61,"../EvolveTerm/data/tpdb_known/c_term/MutualRecursion_1b_true-termination.c"
"svcomp_a.07.c",YES,"","None","Results/CPA_Outputs/tpdb_known429term/cpaouts/svcomp_a.07.c_lasso_out",YES,"","None","Results/CPA_Outputs/tpdb_known429term/cpaouts/svcomp_a.07.c_general_out",1.46,1.61,"../EvolveTerm/data/tpdb_known/c_term/svcomp_a.07.c"
"desc_ll_search-ptrdiff_existing.c",MAYBE,"","None","Results/CPA_Outputs/tpdb_known429term/cpaouts/desc_ll_search-ptrdiff_existing.c_lasso_out",MAYBE,"","None","Results/CPA_Outputs/tpdb_known429term/cpaouts/desc_ll_search-ptrdiff_existing.c_general_out",5.57,274.57,"../EvolveTerm/data/tpdb_known/c_term/desc_ll_search-ptrdiff_existing.c"
"svcomp_b.18.c",YES,"","None","Results/CPA_Outputs/tpdb_known429term/cpaouts/svcomp_b.18.c_lasso_out",YES,"","None","Results/CPA_Outputs/tpdb_known429term/cpaouts/svcomp_b.18.c_general_out",2.01,2.32,"../EvolveTerm/data/tpdb_known/c_term/svcomp_b.18.c"
"PastaA8.c",YES,"","None","Results/CPA_Outputs/tpdb_known429term/cpaouts/PastaA8.c_lasso_out",YES,"","None","Results/CPA_Outputs/tpdb_known429term/cpaouts/PastaA8.c_general_out",1.39,1.49,"../EvolveTerm/data/tpdb_known/c_term/PastaA8.c"
"MinusUserDefined.c",YES,"","None","Results/CPA_Outputs/tpdb_known429term/cpaouts/MinusUserDefined.c_lasso_out",YES,"","None","Results/CPA_Outputs/tpdb_known429term/cpaouts/MinusUserDefined.c_general_out",2.02,2.32,"../EvolveTerm/data/tpdb_known/c_term/MinusUserDefined.c"
"ColonSipma-TACAS2001-Fig1_true-termination.c",YES,"","None","Results/CPA_Outputs/tpdb_known429term/cpaouts/ColonSipma-TACAS2001-Fig1_true-termination.c_lasso_out",YES,"","None","Results/CPA_Outputs/tpdb_known429term/cpaouts/ColonSipma-TACAS2001-Fig1_true-termination.c_general_out",1.45,1.55,"../EvolveTerm/data/tpdb_known/c_term/ColonSipma-TACAS2001-Fig1_true-termination.c"
"KroeningSharyginaTsitovichWintersteiger-CAV2010-Ex_true-termination.c",YES,"","None","Results/CPA_Outputs/tpdb_known429term/cpaouts/KroeningSharyginaTsitovichWintersteiger-CAV2010-Ex_true-termination.c_lasso_out",YES,"","None","Results/CPA_Outputs/tpdb_known429term/cpaouts/KroeningSharyginaTsitovichWintersteiger-CAV2010-Ex_true-termination.c_general_out",1.36,1.52,"../EvolveTerm/data/tpdb_known/c_term/KroeningSharyginaTsitovichWintersteiger-CAV2010-Ex_true-termination.c"
"ChenFlurMukhopadhyay-SAS2012-Ex4.01_true-termination.c",YES,"","None","Results/CPA_Outputs/tpdb_known429term/cpaouts/ChenFlurMukhopadhyay-SAS2012-Ex4.01_true-termination.c_lasso_out",YES,"","None","Results/CPA_Outputs/tpdb_known429term/cpaouts/ChenFlurMukhopadhyay-SAS2012-Ex4.01_true-termination.c_general_out",1.76,1.92,"../EvolveTerm/data/tpdb_known/c_term/ChenFlurMukhopadhyay-SAS2012-Ex4.01_true-termination.c"
"svcomp_count_down_alloca.c",MAYBE,"","None","Results/CPA_Outputs/tpdb_known429term/cpaouts/svcomp_count_down_alloca.c_lasso_out",MAYBE,"","None","Results/CPA_Outputs/tpdb_known429term/cpaouts/svcomp_count_down_alloca.c_general_out",1.71,267.39,"../EvolveTerm/data/tpdb_known/c_term/svcomp_count_down_alloca.c"
"PastaB16.c",YES,"","None","Results/CPA_Outputs/tpdb_known429term/cpaouts/PastaB16.c_lasso_out",YES,"","None","Results/CPA_Outputs/tpdb_known429term/cpaouts/PastaB16.c_general_out",1.59,1.66,"../EvolveTerm/data/tpdb_known/c_term/PastaB16.c"
"PastaB2.c",YES,"","None","Results/CPA_Outputs/tpdb_known429term/cpaouts/PastaB2.c_lasso_out",YES,"","None","Results/CPA_Outputs/tpdb_known429term/cpaouts/PastaB2.c_general_out",1.42,1.57,"../EvolveTerm/data/tpdb_known/c_term/PastaB2.c"
"svcomp_c.01_assume.c",YES,"","None","Results/CPA_Outputs/tpdb_known429term/cpaouts/svcomp_c.01_assume.c_lasso_out",YES,"","None","Results/CPA_Outputs/tpdb_known429term/cpaouts/svcomp_c.01_assume.c_general_out",1.44,1.57,"../EvolveTerm/data/tpdb_known/c_term/svcomp_c.01_assume.c"
"svcomp_java_Break-alloca.c",MAYBE,"","None","Results/CPA_Outputs/tpdb_known429term/cpaouts/svcomp_java_Break-alloca.c_lasso_out",MAYBE,"","None","Results/CPA_Outputs/tpdb_known429term/cpaouts/svcomp_java_Break-alloca.c_general_out",1.55,294.55,"../EvolveTerm/data/tpdb_known/c_term/svcomp_java_Break-alloca.c"
"min_rf_true-termination.c",YES,"","None","Results/CPA_Outputs/tpdb_known429term/cpaouts/min_rf_true-termination.c_lasso_out",YES,"","None","Results/CPA_Outputs/tpdb_known429term/cpaouts/min_rf_true-termination.c_general_out",1.81,1.86,"../EvolveTerm/data/tpdb_known/c_term/min_rf_true-termination.c"
"ChenFlurMukhopadhyay-SAS2012-Ex1.02_true-termination.c",YES,"","None","Results/CPA_Outputs/tpdb_known429term/cpaouts/ChenFlurMukhopadhyay-SAS2012-Ex1.02_true-termination.c_lasso_out",YES,"","None","Results/CPA_Outputs/tpdb_known429term/cpaouts/ChenFlurMukhopadhyay-SAS2012-Ex1.02_true-termination.c_general_out",1.46,1.53,"../EvolveTerm/data/tpdb_known/c_term/ChenFlurMukhopadhyay-SAS2012-Ex1.02_true-termination.c"
"UrbanMine-ESOP2014-Fig3_true-termination.c",YES,"","None","Results/CPA_Outputs/tpdb_known429term/cpaouts/UrbanMine-ESOP2014-Fig3_true-termination.c_lasso_out",YES,"","None","Results/CPA_Outputs/tpdb_known429term/cpaouts/UrbanMine-ESOP2014-Fig3_true-termination.c_general_out",1.99,2.09,"../EvolveTerm/data/tpdb_known/c_term/UrbanMine-ESOP2014-Fig3_true-termination.c"
"email_spec0_product05_true-unreach-call.cil.c",TIMEOUT,"Analysis timed out after 300 seconds","None","Results/CPA_Outputs/tpdb_known429term/cpaouts/email_spec0_product05_true-unreach-call.cil.c_lasso_out",MAYBE,"","None","Results/CPA_Outputs/tpdb_known429term/cpaouts/email_spec0_product05_true-unreach-call.cil.c_general_out",310.14,153.55,"../EvolveTerm/data/tpdb_known/c_term/email_spec0_product05_true-unreach-call.cil.c"
"Mysore_true-termination.c",YES,"","None","Results/CPA_Outputs/tpdb_known429term/cpaouts/Mysore_true-termination.c_lasso_out",YES,"","None","Results/CPA_Outputs/tpdb_known429term/cpaouts/Mysore_true-termination.c_general_out",1.41,1.57,"../EvolveTerm/data/tpdb_known/c_term/Mysore_true-termination.c"
"svcomp_java_Sequence-alloca.c",MAYBE,"","None","Results/CPA_Outputs/tpdb_known429term/cpaouts/svcomp_java_Sequence-alloca.c_lasso_out",MAYBE,"","None","Results/CPA_Outputs/tpdb_known429term/cpaouts/svcomp_java_Sequence-alloca.c_general_out",1.97,289.54,"../EvolveTerm/data/tpdb_known/c_term/svcomp_java_Sequence-alloca.c"
"svcomp_c.01-no-inv-alloca.c",MAYBE,"","None","Results/CPA_Outputs/tpdb_known429term/cpaouts/svcomp_c.01-no-inv-alloca.c_lasso_out",NO,"","None","Results/CPA_Outputs/tpdb_known429term/cpaouts/svcomp_c.01-no-inv-alloca.c_general_out",2.21,1.43,"../EvolveTerm/data/tpdb_known/c_term/svcomp_c.01-no-inv-alloca.c"
"HarrisLalNoriRajamani-SAS2010-Fig1_true-termination.c",YES,"","None","Results/CPA_Outputs/tpdb_known429term/cpaouts/HarrisLalNoriRajamani-SAS2010-Fig1_true-termination.c_lasso_out",YES,"","None","Results/CPA_Outputs/tpdb_known429term/cpaouts/HarrisLalNoriRajamani-SAS2010-Fig1_true-termination.c_general_out",2.76,3.13,"../EvolveTerm/data/tpdb_known/c_term/HarrisLalNoriRajamani-SAS2010-Fig1_true-termination.c"
"NoriSharma-FSE2013-Fig7_true-termination.c",YES,"","None","Results/CPA_Outputs/tpdb_known429term/cpaouts/NoriSharma-FSE2013-Fig7_true-termination.c_lasso_out",YES,"","None","Results/CPA_Outputs/tpdb_known429term/cpaouts/NoriSharma-FSE2013-Fig7_true-termination.c_general_out",1.69,1.77,"../EvolveTerm/data/tpdb_known/c_term/NoriSharma-FSE2013-Fig7_true-termination.c"
"ChawdharyCookGulwaniSagivYang-ESOP2008-random2d_true-termination.c",YES,"","None","Results/CPA_Outputs/tpdb_known429term/cpaouts/ChawdharyCookGulwaniSagivYang-ESOP2008-random2d_true-termination.c_lasso_out",YES,"","None","Results/CPA_Outputs/tpdb_known429term/cpaouts/ChawdharyCookGulwaniSagivYang-ESOP2008-random2d_true-termination.c_general_out",1.68,1.68,"../EvolveTerm/data/tpdb_known/c_term/ChawdharyCookGulwaniSagivYang-ESOP2008-random2d_true-termination.c"
"svcomp_min_rf_true-alloca.c",MAYBE,"","None","Results/CPA_Outputs/tpdb_known429term/cpaouts/svcomp_min_rf_true-alloca.c_lasso_out",NO,"","None","Results/CPA_Outputs/tpdb_known429term/cpaouts/svcomp_min_rf_true-alloca.c_general_out",1.83,1.62,"../EvolveTerm/data/tpdb_known/c_term/svcomp_min_rf_true-alloca.c"
"TerminatorRec02_true.c",MAYBE,"","None","Results/CPA_Outputs/tpdb_known429term/cpaouts/TerminatorRec02_true.c_lasso_out",MAYBE,"","None","Results/CPA_Outputs/tpdb_known429term/cpaouts/TerminatorRec02_true.c_general_out",1.12,283.17,"../EvolveTerm/data/tpdb_known/c_term/TerminatorRec02_true.c"
"AliasDarteFeautrierGonnord-SAS2010-rsd_true-termination.c",YES,"","None","Results/CPA_Outputs/tpdb_known429term/cpaouts/AliasDarteFeautrierGonnord-SAS2010-rsd_true-termination.c_lasso_out",YES,"","None","Results/CPA_Outputs/tpdb_known429term/cpaouts/AliasDarteFeautrierGonnord-SAS2010-rsd_true-termination.c_general_out",12.99,13.04,"../EvolveTerm/data/tpdb_known/c_term/AliasDarteFeautrierGonnord-SAS2010-rsd_true-termination.c"
"svcomp_b.13.c",YES,"","None","Results/CPA_Outputs/tpdb_known429term/cpaouts/svcomp_b.13.c_lasso_out",YES,"","None","Results/CPA_Outputs/tpdb_known429term/cpaouts/svcomp_b.13.c_general_out",1.66,1.74,"../EvolveTerm/data/tpdb_known/c_term/svcomp_b.13.c"
"svcomp_Avery-2006FLOPS-Tabel1_true-alloca.c",MAYBE,"","None","Results/CPA_Outputs/tpdb_known429term/cpaouts/svcomp_Avery-2006FLOPS-Tabel1_true-alloca.c_lasso_out",MAYBE,"","None","Results/CPA_Outputs/tpdb_known429term/cpaouts/svcomp_Avery-2006FLOPS-Tabel1_true-alloca.c_general_out",3.20,282.36,"../EvolveTerm/data/tpdb_known/c_term/svcomp_Avery-2006FLOPS-Tabel1_true-alloca.c"
"svcomp_c.03.c",YES,"","None","Results/CPA_Outputs/tpdb_known429term/cpaouts/svcomp_c.03.c_lasso_out",YES,"","None","Results/CPA_Outputs/tpdb_known429term/cpaouts/svcomp_c.03.c_general_out",1.68,1.82,"../EvolveTerm/data/tpdb_known/c_term/svcomp_c.03.c"
"PodelskiRybalchenko-TACAS2011-Fig1_true-termination.c",YES,"","None","Results/CPA_Outputs/tpdb_known429term/cpaouts/PodelskiRybalchenko-TACAS2011-Fig1_true-termination.c_lasso_out",YES,"","None","Results/CPA_Outputs/tpdb_known429term/cpaouts/PodelskiRybalchenko-TACAS2011-Fig1_true-termination.c_general_out",1.40,1.45,"../EvolveTerm/data/tpdb_known/c_term/PodelskiRybalchenko-TACAS2011-Fig1_true-termination.c"
"Pure2Phase_true-termination.c",YES,"","None","Results/CPA_Outputs/tpdb_known429term/cpaouts/Pure2Phase_true-termination.c_lasso_out",YES,"","None","Results/CPA_Outputs/tpdb_known429term/cpaouts/Pure2Phase_true-termination.c_general_out",1.51,1.66,"../EvolveTerm/data/tpdb_known/c_term/Pure2Phase_true-termination.c"
"Cairo_true-termination.c",YES,"","None","Results/CPA_Outputs/tpdb_known429term/cpaouts/Cairo_true-termination.c_lasso_out",YES,"","None","Results/CPA_Outputs/tpdb_known429term/cpaouts/Cairo_true-termination.c_general_out",1.47,1.49,"../EvolveTerm/data/tpdb_known/c_term/Cairo_true-termination.c"
"nondet_ll_search_zero.c",MAYBE,"","None","Results/CPA_Outputs/tpdb_known429term/cpaouts/nondet_ll_search_zero.c_lasso_out",MAYBE,"","None","Results/CPA_Outputs/tpdb_known429term/cpaouts/nondet_ll_search_zero.c_general_out",1.82,289.73,"../EvolveTerm/data/tpdb_known/c_term/nondet_ll_search_zero.c"
"svcomp_cstrchr_true_alloca.c",MAYBE,"","None","Results/CPA_Outputs/tpdb_known429term/cpaouts/svcomp_cstrchr_true_alloca.c_lasso_out",MAYBE,"","None","Results/CPA_Outputs/tpdb_known429term/cpaouts/svcomp_cstrchr_true_alloca.c_general_out",1.49,258.11,"../EvolveTerm/data/tpdb_known/c_term/svcomp_cstrchr_true_alloca.c"
"MinusMin.c",YES,"","None","Results/CPA_Outputs/tpdb_known429term/cpaouts/MinusMin.c_lasso_out",YES,"","None","Results/CPA_Outputs/tpdb_known429term/cpaouts/MinusMin.c_general_out",1.52,1.60,"../EvolveTerm/data/tpdb_known/c_term/MinusMin.c"
"Urban-WST2013-Fig2_true-termination.c",YES,"","None","Results/CPA_Outputs/tpdb_known429term/cpaouts/Urban-WST2013-Fig2_true-termination.c_lasso_out",YES,"","None","Results/CPA_Outputs/tpdb_known429term/cpaouts/Urban-WST2013-Fig2_true-termination.c_general_out",1.85,2.21,"../EvolveTerm/data/tpdb_known/c_term/Urban-WST2013-Fig2_true-termination.c"
"ChenFlurMukhopadhyay-SAS2012-Ex3.09_true-termination.c",MAYBE,"","None","Results/CPA_Outputs/tpdb_known429term/cpaouts/ChenFlurMukhopadhyay-SAS2012-Ex3.09_true-termination.c_lasso_out",NO,"","None","Results/CPA_Outputs/tpdb_known429term/cpaouts/ChenFlurMukhopadhyay-SAS2012-Ex3.09_true-termination.c_general_out",1.47,1.27,"../EvolveTerm/data/tpdb_known/c_term/ChenFlurMukhopadhyay-SAS2012-Ex3.09_true-termination.c"
"svcomp_a.07-alloca.c",MAYBE,"","None","Results/CPA_Outputs/tpdb_known429term/cpaouts/svcomp_a.07-alloca.c_lasso_out",MAYBE,"","None","Results/CPA_Outputs/tpdb_known429term/cpaouts/svcomp_a.07-alloca.c_general_out",2.37,289.28,"../EvolveTerm/data/tpdb_known/c_term/svcomp_a.07-alloca.c"
"Nyala-2lex_true-termination.c",YES,"","None","Results/CPA_Outputs/tpdb_known429term/cpaouts/Nyala-2lex_true-termination.c_lasso_out",NO,"","None","Results/CPA_Outputs/tpdb_known429term/cpaouts/Nyala-2lex_true-termination.c_general_out",1.49,1.23,"../EvolveTerm/data/tpdb_known/c_term/Nyala-2lex_true-termination.c"
"960521-1_1_true-valid-memsafety.c",MAYBE,"","None","Results/CPA_Outputs/tpdb_known429term/cpaouts/960521-1_1_true-valid-memsafety.c_lasso_out",YES,"","None","Results/CPA_Outputs/tpdb_known429term/cpaouts/960521-1_1_true-valid-memsafety.c_general_out",2.61,12.33,"../EvolveTerm/data/tpdb_known/c_term/960521-1_1_true-valid-memsafety.c"
"ChenFlurMukhopadhyay-SAS2012-Ex3.10_true-termination.c",YES,"","None","Results/CPA_Outputs/tpdb_known429term/cpaouts/ChenFlurMukhopadhyay-SAS2012-Ex3.10_true-termination.c_lasso_out",YES,"","None","Results/CPA_Outputs/tpdb_known429term/cpaouts/ChenFlurMukhopadhyay-SAS2012-Ex3.10_true-termination.c_general_out",1.46,1.49,"../EvolveTerm/data/tpdb_known/c_term/ChenFlurMukhopadhyay-SAS2012-Ex3.10_true-termination.c"
"svcomp_ex1-alloca.c",MAYBE,"","None","Results/CPA_Outputs/tpdb_known429term/cpaouts/svcomp_ex1-alloca.c_lasso_out",NO,"","None","Results/CPA_Outputs/tpdb_known429term/cpaouts/svcomp_ex1-alloca.c_general_out",1.84,1.43,"../EvolveTerm/data/tpdb_known/c_term/svcomp_ex1-alloca.c"
"AliasDarteFeautrierGonnord-SAS2010-complex_true-termination.c",FAILED,"","None","Results/CPA_Outputs/tpdb_known429term/cpaouts/AliasDarteFeautrierGonnord-SAS2010-complex_true-termination.c_lasso_out",MAYBE,"","None","Results/CPA_Outputs/tpdb_known429term/cpaouts/AliasDarteFeautrierGonnord-SAS2010-complex_true-termination.c_general_out",307.34,150.43,"../EvolveTerm/data/tpdb_known/c_term/AliasDarteFeautrierGonnord-SAS2010-complex_true-termination.c"
"BallRajamani-SPIN2000-Fig1_false-unreach-call.c",FAILED,"","None","Results/CPA_Outputs/tpdb_known429term/cpaouts/BallRajamani-SPIN2000-Fig1_false-unreach-call.c_lasso_out",FAILED,"","None","Results/CPA_Outputs/tpdb_known429term/cpaouts/BallRajamani-SPIN2000-Fig1_false-unreach-call.c_general_out",0.40,0.43,"../EvolveTerm/data/tpdb_known/c_term/BallRajamani-SPIN2000-Fig1_false-unreach-call.c"
"kbfiltr_simpl1_true-unreach-call_true-termination.cil.c",YES,"","None","Results/CPA_Outputs/tpdb_known429term/cpaouts/kbfiltr_simpl1_true-unreach-call_true-termination.cil.c_lasso_out",YES,"","None","Results/CPA_Outputs/tpdb_known429term/cpaouts/kbfiltr_simpl1_true-unreach-call_true-termination.cil.c_general_out",1.29,1.40,"../EvolveTerm/data/tpdb_known/c_term/kbfiltr_simpl1_true-unreach-call_true-termination.cil.c"
"ChenFlurMukhopadhyay-SAS2012-Ex3.05_true-termination.c",MAYBE,"","None","Results/CPA_Outputs/tpdb_known429term/cpaouts/ChenFlurMukhopadhyay-SAS2012-Ex3.05_true-termination.c_lasso_out",MAYBE,"","None","Results/CPA_Outputs/tpdb_known429term/cpaouts/ChenFlurMukhopadhyay-SAS2012-Ex3.05_true-termination.c_general_out",2.08,263.75,"../EvolveTerm/data/tpdb_known/c_term/ChenFlurMukhopadhyay-SAS2012-Ex3.05_true-termination.c"
"PastaA9.c",MAYBE,"","None","Results/CPA_Outputs/tpdb_known429term/cpaouts/PastaA9.c_lasso_out",NO,"","None","Results/CPA_Outputs/tpdb_known429term/cpaouts/PastaA9.c_general_out",1.39,1.28,"../EvolveTerm/data/tpdb_known/c_term/PastaA9.c"
"rec_counter1.c",FAILED,"","None","Results/CPA_Outputs/tpdb_known429term/cpaouts/rec_counter1.c_lasso_out",FAILED,"","None","Results/CPA_Outputs/tpdb_known429term/cpaouts/rec_counter1.c_general_out",0.40,0.41,"../EvolveTerm/data/tpdb_known/c_term/rec_counter1.c"
"svcomp_c.02-alloca.c",MAYBE,"","None","Results/CPA_Outputs/tpdb_known429term/cpaouts/svcomp_c.02-alloca.c_lasso_out",MAYBE,"","None","Results/CPA_Outputs/tpdb_known429term/cpaouts/svcomp_c.02-alloca.c_general_out",2.17,287.70,"../EvolveTerm/data/tpdb_known/c_term/svcomp_c.02-alloca.c"
"svcomp_Ackermann01_true-unreach-call_modified_modified.c",FAILED,"","None","Results/CPA_Outputs/tpdb_known429term/cpaouts/svcomp_Ackermann01_true-unreach-call_modified_modified.c_lasso_out",FAILED,"","None","Results/CPA_Outputs/tpdb_known429term/cpaouts/svcomp_Ackermann01_true-unreach-call_modified_modified.c_general_out",0.40,0.42,"../EvolveTerm/data/tpdb_known/c_term/svcomp_Ackermann01_true-unreach-call_modified_modified.c"
"svcomp_b.09-no-inv_assume-alloca.c",MAYBE,"","None","Results/CPA_Outputs/tpdb_known429term/cpaouts/svcomp_b.09-no-inv_assume-alloca.c_lasso_out",MAYBE,"","None","Results/CPA_Outputs/tpdb_known429term/cpaouts/svcomp_b.09-no-inv_assume-alloca.c_general_out",1.98,291.57,"../EvolveTerm/data/tpdb_known/c_term/svcomp_b.09-no-inv_assume-alloca.c"
"ChenFlurMukhopadhyay-SAS2012-Ex2.20_true-termination.c",YES,"","None","Results/CPA_Outputs/tpdb_known429term/cpaouts/ChenFlurMukhopadhyay-SAS2012-Ex2.20_true-termination.c_lasso_out",YES,"","None","Results/CPA_Outputs/tpdb_known429term/cpaouts/ChenFlurMukhopadhyay-SAS2012-Ex2.20_true-termination.c_general_out",1.44,1.50,"../EvolveTerm/data/tpdb_known/c_term/ChenFlurMukhopadhyay-SAS2012-Ex2.20_true-termination.c"
"diskperf_simpl1_true-unreach-call_true-termination.cil.c",YES,"","None","Results/CPA_Outputs/tpdb_known429term/cpaouts/diskperf_simpl1_true-unreach-call_true-termination.cil.c_lasso_out",YES,"","None","Results/CPA_Outputs/tpdb_known429term/cpaouts/diskperf_simpl1_true-unreach-call_true-termination.cil.c_general_out",4.62,5.04,"../EvolveTerm/data/tpdb_known/c_term/diskperf_simpl1_true-unreach-call_true-termination.cil.c"
"svcomp_diff_alloca.c",MAYBE,"","None","Results/CPA_Outputs/tpdb_known429term/cpaouts/svcomp_diff_alloca.c_lasso_out",MAYBE,"","None","Results/CPA_Outputs/tpdb_known429term/cpaouts/svcomp_diff_alloca.c_general_out",2.20,267.19,"../EvolveTerm/data/tpdb_known/c_term/svcomp_diff_alloca.c"
"svcomp_strreplace_alloca.c",MAYBE,"","None","Results/CPA_Outputs/tpdb_known429term/cpaouts/svcomp_strreplace_alloca.c_lasso_out",MAYBE,"","None","Results/CPA_Outputs/tpdb_known429term/cpaouts/svcomp_strreplace_alloca.c_general_out",1.44,262.55,"../EvolveTerm/data/tpdb_known/c_term/svcomp_strreplace_alloca.c"
"svcomp_a.10-alloca.c",MAYBE,"","None","Results/CPA_Outputs/tpdb_known429term/cpaouts/svcomp_a.10-alloca.c_lasso_out",MAYBE,"","None","Results/CPA_Outputs/tpdb_known429term/cpaouts/svcomp_a.10-alloca.c_general_out",1.80,292.58,"../EvolveTerm/data/tpdb_known/c_term/svcomp_a.10-alloca.c"
"Gothenburg_v2_true-termination.c",YES,"","None","Results/CPA_Outputs/tpdb_known429term/cpaouts/Gothenburg_v2_true-termination.c_lasso_out",YES,"","None","Results/CPA_Outputs/tpdb_known429term/cpaouts/Gothenburg_v2_true-termination.c_general_out",1.54,1.55,"../EvolveTerm/data/tpdb_known/c_term/Gothenburg_v2_true-termination.c"
"PodelskiRybalchenko-VMCAI2004-Ex1_true-termination.c",YES,"","None","Results/CPA_Outputs/tpdb_known429term/cpaouts/PodelskiRybalchenko-VMCAI2004-Ex1_true-termination.c_lasso_out",NO,"","None","Results/CPA_Outputs/tpdb_known429term/cpaouts/PodelskiRybalchenko-VMCAI2004-Ex1_true-termination.c_general_out",1.54,1.28,"../EvolveTerm/data/tpdb_known/c_term/PodelskiRybalchenko-VMCAI2004-Ex1_true-termination.c"
"svcomp_b.09-no-inv_assume.c",YES,"","None","Results/CPA_Outputs/tpdb_known429term/cpaouts/svcomp_b.09-no-inv_assume.c_lasso_out",YES,"","None","Results/CPA_Outputs/tpdb_known429term/cpaouts/svcomp_b.09-no-inv_assume.c_general_out",1.52,1.55,"../EvolveTerm/data/tpdb_known/c_term/svcomp_b.09-no-inv_assume.c"
"svcomp_array03_alloca.c",MAYBE,"","None","Results/CPA_Outputs/tpdb_known429term/cpaouts/svcomp_array03_alloca.c_lasso_out",MAYBE,"","None","Results/CPA_Outputs/tpdb_known429term/cpaouts/svcomp_array03_alloca.c_general_out",1.46,273.99,"../EvolveTerm/data/tpdb_known/c_term/svcomp_array03_alloca.c"
"svcomp_java_Nested-alloca.c",MAYBE,"","None","Results/CPA_Outputs/tpdb_known429term/cpaouts/svcomp_java_Nested-alloca.c_lasso_out",MAYBE,"","None","Results/CPA_Outputs/tpdb_known429term/cpaouts/svcomp_java_Nested-alloca.c_general_out",2.40,284.02,"../EvolveTerm/data/tpdb_known/c_term/svcomp_java_Nested-alloca.c"
"svcomp_bubblesort_alloca.c",MAYBE,"","None","Results/CPA_Outputs/tpdb_known429term/cpaouts/svcomp_bubblesort_alloca.c_lasso_out",MAYBE,"","None","Results/CPA_Outputs/tpdb_known429term/cpaouts/svcomp_bubblesort_alloca.c_general_out",1.97,265.57,"../EvolveTerm/data/tpdb_known/c_term/svcomp_bubblesort_alloca.c"
"Et3_true.c",FAILED,"","None","Results/CPA_Outputs/tpdb_known429term/cpaouts/Et3_true.c_lasso_out",FAILED,"","None","Results/CPA_Outputs/tpdb_known429term/cpaouts/Et3_true.c_general_out",0.39,0.41,"../EvolveTerm/data/tpdb_known/c_term/Et3_true.c"
"PastaB6.c",YES,"","None","Results/CPA_Outputs/tpdb_known429term/cpaouts/PastaB6.c_lasso_out",YES,"","None","Results/CPA_Outputs/tpdb_known429term/cpaouts/PastaB6.c_general_out",1.41,1.47,"../EvolveTerm/data/tpdb_known/c_term/PastaB6.c"
"svcomp_cstrncmp_true-termination.c",MAYBE,"","None","Results/CPA_Outputs/tpdb_known429term/cpaouts/svcomp_cstrncmp_true-termination.c_lasso_out",MAYBE,"","None","Results/CPA_Outputs/tpdb_known429term/cpaouts/svcomp_cstrncmp_true-termination.c_general_out",1.73,256.11,"../EvolveTerm/data/tpdb_known/c_term/svcomp_cstrncmp_true-termination.c"
"LeeJonesBen-Amram-POPL2001-Ex2_true-termination.c",FAILED,"","None","Results/CPA_Outputs/tpdb_known429term/cpaouts/LeeJonesBen-Amram-POPL2001-Ex2_true-termination.c_lasso_out",FAILED,"","None","Results/CPA_Outputs/tpdb_known429term/cpaouts/LeeJonesBen-Amram-POPL2001-Ex2_true-termination.c_general_out",0.39,0.41,"../EvolveTerm/data/tpdb_known/c_term/LeeJonesBen-Amram-POPL2001-Ex2_true-termination.c"
"svcomp_a.06.c",YES,"","None","Results/CPA_Outputs/tpdb_known429term/cpaouts/svcomp_a.06.c_lasso_out",YES,"","None","Results/CPA_Outputs/tpdb_known429term/cpaouts/svcomp_a.06.c_general_out",1.47,1.51,"../EvolveTerm/data/tpdb_known/c_term/svcomp_a.06.c"
"Pure3Phase_true-termination.c",FAILED,"","None","Results/CPA_Outputs/tpdb_known429term/cpaouts/Pure3Phase_true-termination.c_lasso_out",MAYBE,"","None","Results/CPA_Outputs/tpdb_known429term/cpaouts/Pure3Phase_true-termination.c_general_out",306.37,152.58,"../EvolveTerm/data/tpdb_known/c_term/Pure3Phase_true-termination.c"
"LeeJonesBen-Amram-POPL2001-Ex3_true-termination.c",FAILED,"","None","Results/CPA_Outputs/tpdb_known429term/cpaouts/LeeJonesBen-Amram-POPL2001-Ex3_true-termination.c_lasso_out",FAILED,"","None","Results/CPA_Outputs/tpdb_known429term/cpaouts/LeeJonesBen-Amram-POPL2001-Ex3_true-termination.c_general_out",0.39,0.41,"../EvolveTerm/data/tpdb_known/c_term/LeeJonesBen-Amram-POPL2001-Ex3_true-termination.c"
"ChenFlurMukhopadhyay-SAS2012-Ex2.16_true-termination.c",MAYBE,"","None","Results/CPA_Outputs/tpdb_known429term/cpaouts/ChenFlurMukhopadhyay-SAS2012-Ex2.16_true-termination.c_lasso_out",MAYBE,"","None","Results/CPA_Outputs/tpdb_known429term/cpaouts/ChenFlurMukhopadhyay-SAS2012-Ex2.16_true-termination.c_general_out",2.07,267.86,"../EvolveTerm/data/tpdb_known/c_term/ChenFlurMukhopadhyay-SAS2012-Ex2.16_true-termination.c"
"svcomp_cstrcspn_true_alloca.c",MAYBE,"","None","Results/CPA_Outputs/tpdb_known429term/cpaouts/svcomp_cstrcspn_true_alloca.c_lasso_out",MAYBE,"","None","Results/CPA_Outputs/tpdb_known429term/cpaouts/svcomp_cstrcspn_true_alloca.c_general_out",1.91,264.22,"../EvolveTerm/data/tpdb_known/c_term/svcomp_cstrcspn_true_alloca.c"
"svcomp_KroeningSharyginaTsitovichWintersteiger-2010CAV-Fig1_true-alloca.c",MAYBE,"","None","Results/CPA_Outputs/tpdb_known429term/cpaouts/svcomp_KroeningSharyginaTsitovichWintersteiger-2010CAV-Fig1_true-alloca.c_lasso_out",MAYBE,"","None","Results/CPA_Outputs/tpdb_known429term/cpaouts/svcomp_KroeningSharyginaTsitovichWintersteiger-2010CAV-Fig1_true-alloca.c_general_out",1.52,293.51,"../EvolveTerm/data/tpdb_known/c_term/svcomp_KroeningSharyginaTsitovichWintersteiger-2010CAV-Fig1_true-alloca.c"
"AliasDarteFeautrierGonnord-SAS2010-Fig2a_true-termination.c",YES,"","None","Results/CPA_Outputs/tpdb_known429term/cpaouts/AliasDarteFeautrierGonnord-SAS2010-Fig2a_true-termination.c_lasso_out",YES,"","None","Results/CPA_Outputs/tpdb_known429term/cpaouts/AliasDarteFeautrierGonnord-SAS2010-Fig2a_true-termination.c_general_out",1.78,2.10,"../EvolveTerm/data/tpdb_known/c_term/AliasDarteFeautrierGonnord-SAS2010-Fig2a_true-termination.c"
"svcomp_cstrcpy_alloca.c",MAYBE,"","None","Results/CPA_Outputs/tpdb_known429term/cpaouts/svcomp_cstrcpy_alloca.c_lasso_out",MAYBE,"","None","Results/CPA_Outputs/tpdb_known429term/cpaouts/svcomp_cstrcpy_alloca.c_general_out",1.53,270.23,"../EvolveTerm/data/tpdb_known/c_term/svcomp_cstrcpy_alloca.c"
"PastaA5.c",YES,"","None","Results/CPA_Outputs/tpdb_known429term/cpaouts/PastaA5.c_lasso_out",YES,"","None","Results/CPA_Outputs/tpdb_known429term/cpaouts/PastaA5.c_general_out",1.35,1.44,"../EvolveTerm/data/tpdb_known/c_term/PastaA5.c"
"svcomp_ChenFlurMukhopadhyay-2012SAS-Fig1_true-alloca.c",MAYBE,"","None","Results/CPA_Outputs/tpdb_known429term/cpaouts/svcomp_ChenFlurMukhopadhyay-2012SAS-Fig1_true-alloca.c_lasso_out",NO,"","None","Results/CPA_Outputs/tpdb_known429term/cpaouts/svcomp_ChenFlurMukhopadhyay-2012SAS-Fig1_true-alloca.c_general_out",1.68,1.39,"../EvolveTerm/data/tpdb_known/c_term/svcomp_ChenFlurMukhopadhyay-2012SAS-Fig1_true-alloca.c"
"BrockschmidtCookFuhs-CAV2013-Fig9a_true-termination.c",YES,"","None","Results/CPA_Outputs/tpdb_known429term/cpaouts/BrockschmidtCookFuhs-CAV2013-Fig9a_true-termination.c_lasso_out",YES,"","None","Results/CPA_Outputs/tpdb_known429term/cpaouts/BrockschmidtCookFuhs-CAV2013-Fig9a_true-termination.c_general_out",4.22,4.14,"../EvolveTerm/data/tpdb_known/c_term/BrockschmidtCookFuhs-CAV2013-Fig9a_true-termination.c"
"svcomp_cstrpbrk_true-termination.c",MAYBE,"","None","Results/CPA_Outputs/tpdb_known429term/cpaouts/svcomp_cstrpbrk_true-termination.c_lasso_out",MAYBE,"","None","Results/CPA_Outputs/tpdb_known429term/cpaouts/svcomp_cstrpbrk_true-termination.c_general_out",1.87,265.02,"../EvolveTerm/data/tpdb_known/c_term/svcomp_cstrpbrk_true-termination.c"
"svcomp_b.03-no-inv_assume.c",MAYBE,"","None","Results/CPA_Outputs/tpdb_known429term/cpaouts/svcomp_b.03-no-inv_assume.c_lasso_out",MAYBE,"","None","Results/CPA_Outputs/tpdb_known429term/cpaouts/svcomp_b.03-no-inv_assume.c_general_out",1.33,297.30,"../EvolveTerm/data/tpdb_known/c_term/svcomp_b.03-no-inv_assume.c"
"ex3.c",FAILED,"","None","Results/CPA_Outputs/tpdb_known429term/cpaouts/ex3.c_lasso_out",FAILED,"","None","Results/CPA_Outputs/tpdb_known429term/cpaouts/ex3.c_general_out",0.42,0.42,"../EvolveTerm/data/tpdb_known/c_term/ex3.c"
"PastaB1.c",YES,"","None","Results/CPA_Outputs/tpdb_known429term/cpaouts/PastaB1.c_lasso_out",YES,"","None","Results/CPA_Outputs/tpdb_known429term/cpaouts/PastaB1.c_general_out",1.35,1.45,"../EvolveTerm/data/tpdb_known/c_term/PastaB1.c"
"svcomp_GulwaniJainKoskinen-2009PLDI-Fig1_true-alloca.c",MAYBE,"","None","Results/CPA_Outputs/tpdb_known429term/cpaouts/svcomp_GulwaniJainKoskinen-2009PLDI-Fig1_true-alloca.c_lasso_out",MAYBE,"","None","Results/CPA_Outputs/tpdb_known429term/cpaouts/svcomp_GulwaniJainKoskinen-2009PLDI-Fig1_true-alloca.c_general_out",1.73,280.05,"../EvolveTerm/data/tpdb_known/c_term/svcomp_GulwaniJainKoskinen-2009PLDI-Fig1_true-alloca.c"
"svcomp_a.10.c",YES,"","None","Results/CPA_Outputs/tpdb_known429term/cpaouts/svcomp_a.10.c_lasso_out",YES,"","None","Results/CPA_Outputs/tpdb_known429term/cpaouts/svcomp_a.10.c_general_out",1.61,1.66,"../EvolveTerm/data/tpdb_known/c_term/svcomp_a.10.c"
"PastaB14.c",YES,"","None","Results/CPA_Outputs/tpdb_known429term/cpaouts/PastaB14.c_lasso_out",YES,"","None","Results/CPA_Outputs/tpdb_known429term/cpaouts/PastaB14.c_general_out",1.58,1.99,"../EvolveTerm/data/tpdb_known/c_term/PastaB14.c"
"LeeJonesBen-Amram-POPL2001-Ex5_true-termination.c",FAILED,"","None","Results/CPA_Outputs/tpdb_known429term/cpaouts/LeeJonesBen-Amram-POPL2001-Ex5_true-termination.c_lasso_out",FAILED,"","None","Results/CPA_Outputs/tpdb_known429term/cpaouts/LeeJonesBen-Amram-POPL2001-Ex5_true-termination.c_general_out",0.43,0.40,"../EvolveTerm/data/tpdb_known/c_term/LeeJonesBen-Amram-POPL2001-Ex5_true-termination.c"
"NoriSharma-FSE2013-Fig8_true-termination.c",YES,"","None","Results/CPA_Outputs/tpdb_known429term/cpaouts/NoriSharma-FSE2013-Fig8_true-termination.c_lasso_out",YES,"","None","Results/CPA_Outputs/tpdb_known429term/cpaouts/NoriSharma-FSE2013-Fig8_true-termination.c_general_out",2.25,2.68,"../EvolveTerm/data/tpdb_known/c_term/NoriSharma-FSE2013-Fig8_true-termination.c"
"AliasDarteFeautrierGonnord-SAS2010-terminate_true-termination.c",YES,"","None","Results/CPA_Outputs/tpdb_known429term/cpaouts/AliasDarteFeautrierGonnord-SAS2010-terminate_true-termination.c_lasso_out",YES,"","None","Results/CPA_Outputs/tpdb_known429term/cpaouts/AliasDarteFeautrierGonnord-SAS2010-terminate_true-termination.c_general_out",1.57,1.65,"../EvolveTerm/data/tpdb_known/c_term/AliasDarteFeautrierGonnord-SAS2010-terminate_true-termination.c"
"svcomp_cstrncmp_true_alloca.c",MAYBE,"","None","Results/CPA_Outputs/tpdb_known429term/cpaouts/svcomp_cstrncmp_true_alloca.c_lasso_out",MAYBE,"","None","Results/CPA_Outputs/tpdb_known429term/cpaouts/svcomp_cstrncmp_true_alloca.c_general_out",1.67,257.49,"../EvolveTerm/data/tpdb_known/c_term/svcomp_cstrncmp_true_alloca.c"
"svcomp_LarrazOliverasRodriguez-CarbonellRubio-2013FMCAD-Fig1_true-alloca.c",MAYBE,"","None","Results/CPA_Outputs/tpdb_known429term/cpaouts/svcomp_LarrazOliverasRodriguez-CarbonellRubio-2013FMCAD-Fig1_true-alloca.c_lasso_out",NO,"","None","Results/CPA_Outputs/tpdb_known429term/cpaouts/svcomp_LarrazOliverasRodriguez-CarbonellRubio-2013FMCAD-Fig1_true-alloca.c_general_out",2.02,1.39,"../EvolveTerm/data/tpdb_known/c_term/svcomp_LarrazOliverasRodriguez-CarbonellRubio-2013FMCAD-Fig1_true-alloca.c"
"AliasDarteFeautrierGonnord-SAS2010-speedpldi2_true-termination.c",MAYBE,"","None","Results/CPA_Outputs/tpdb_known429term/cpaouts/AliasDarteFeautrierGonnord-SAS2010-speedpldi2_true-termination.c_lasso_out",MAYBE,"","None","Results/CPA_Outputs/tpdb_known429term/cpaouts/AliasDarteFeautrierGonnord-SAS2010-speedpldi2_true-termination.c_general_out",2.10,256.48,"../EvolveTerm/data/tpdb_known/c_term/AliasDarteFeautrierGonnord-SAS2010-speedpldi2_true-termination.c"
"svcomp_Urban-2013WST-Fig2_true-alloca.c",MAYBE,"","None","Results/CPA_Outputs/tpdb_known429term/cpaouts/svcomp_Urban-2013WST-Fig2_true-alloca.c_lasso_out",MAYBE,"","None","Results/CPA_Outputs/tpdb_known429term/cpaouts/svcomp_Urban-2013WST-Fig2_true-alloca.c_general_out",1.88,289.37,"../EvolveTerm/data/tpdb_known/c_term/svcomp_Urban-2013WST-Fig2_true-alloca.c"
"KroeningSharyginaTsitovichWintersteiger-CAV2010-Fig1_true-termination.c",MAYBE,"","None","Results/CPA_Outputs/tpdb_known429term/cpaouts/KroeningSharyginaTsitovichWintersteiger-CAV2010-Fig1_true-termination.c_lasso_out",MAYBE,"","None","Results/CPA_Outputs/tpdb_known429term/cpaouts/KroeningSharyginaTsitovichWintersteiger-CAV2010-Fig1_true-termination.c_general_out",4.01,260.76,"../EvolveTerm/data/tpdb_known/c_term/KroeningSharyginaTsitovichWintersteiger-CAV2010-Fig1_true-termination.c"
"svcomp_HarrisLalNoriRajamani-2010SAS-Fig1_true-alloca.c",MAYBE,"","None","Results/CPA_Outputs/tpdb_known429term/cpaouts/svcomp_HarrisLalNoriRajamani-2010SAS-Fig1_true-alloca.c_lasso_out",NO,"","None","Results/CPA_Outputs/tpdb_known429term/cpaouts/svcomp_HarrisLalNoriRajamani-2010SAS-Fig1_true-alloca.c_general_out",1.26,1.43,"../EvolveTerm/data/tpdb_known/c_term/svcomp_HarrisLalNoriRajamani-2010SAS-Fig1_true-alloca.c"
"svcomp_b.11.c",YES,"","None","Results/CPA_Outputs/tpdb_known429term/cpaouts/svcomp_b.11.c_lasso_out",YES,"","None","Results/CPA_Outputs/tpdb_known429term/cpaouts/svcomp_b.11.c_general_out",1.58,1.72,"../EvolveTerm/data/tpdb_known/c_term/svcomp_b.11.c"
"nondet_ll_traverse-ptrdiff.c",MAYBE,"","None","Results/CPA_Outputs/tpdb_known429term/cpaouts/nondet_ll_traverse-ptrdiff.c_lasso_out",MAYBE,"","None","Results/CPA_Outputs/tpdb_known429term/cpaouts/nondet_ll_traverse-ptrdiff.c_general_out",1.93,277.59,"../EvolveTerm/data/tpdb_known/c_term/nondet_ll_traverse-ptrdiff.c"
"desc_ll_search_mod.c",MAYBE,"","None","Results/CPA_Outputs/tpdb_known429term/cpaouts/desc_ll_search_mod.c_lasso_out",MAYBE,"","None","Results/CPA_Outputs/tpdb_known429term/cpaouts/desc_ll_search_mod.c_general_out",1.81,290.51,"../EvolveTerm/data/tpdb_known/c_term/desc_ll_search_mod.c"
"svcomp_ex3b.c",NO,"","None","Results/CPA_Outputs/tpdb_known429term/cpaouts/svcomp_ex3b.c_lasso_out",MAYBE,"","None","Results/CPA_Outputs/tpdb_known429term/cpaouts/svcomp_ex3b.c_general_out",1.30,266.06,"../EvolveTerm/data/tpdb_known/c_term/svcomp_ex3b.c"
"NestedRecursion_2c_true-termination.c",FAILED,"","None","Results/CPA_Outputs/tpdb_known429term/cpaouts/NestedRecursion_2c_true-termination.c_lasso_out",FAILED,"","None","Results/CPA_Outputs/tpdb_known429term/cpaouts/NestedRecursion_2c_true-termination.c_general_out",0.40,0.39,"../EvolveTerm/data/tpdb_known/c_term/NestedRecursion_2c_true-termination.c"
"svcomp_ex3b-alloca.c",MAYBE,"","None","Results/CPA_Outputs/tpdb_known429term/cpaouts/svcomp_ex3b-alloca.c_lasso_out",MAYBE,"","None","Results/CPA_Outputs/tpdb_known429term/cpaouts/svcomp_ex3b-alloca.c_general_out",1.87,291.38,"../EvolveTerm/data/tpdb_known/c_term/svcomp_ex3b-alloca.c"
"PastaB17.c",YES,"","None","Results/CPA_Outputs/tpdb_known429term/cpaouts/PastaB17.c_lasso_out",YES,"","None","Results/CPA_Outputs/tpdb_known429term/cpaouts/PastaB17.c_general_out",1.52,1.62,"../EvolveTerm/data/tpdb_known/c_term/PastaB17.c"
"svcomp_easySum-alloca.c",MAYBE,"","None","Results/CPA_Outputs/tpdb_known429term/cpaouts/svcomp_easySum-alloca.c_lasso_out",MAYBE,"","None","Results/CPA_Outputs/tpdb_known429term/cpaouts/svcomp_easySum-alloca.c_general_out",1.75,292.84,"../EvolveTerm/data/tpdb_known/c_term/svcomp_easySum-alloca.c"
"svcomp_a.09_assume.c",MAYBE,"","None","Results/CPA_Outputs/tpdb_known429term/cpaouts/svcomp_a.09_assume.c_lasso_out",NO,"","None","Results/CPA_Outputs/tpdb_known429term/cpaouts/svcomp_a.09_assume.c_general_out",1.38,1.27,"../EvolveTerm/data/tpdb_known/c_term/svcomp_a.09_assume.c"
"NestedRecursion_1c_true-termination.c",FAILED,"","None","Results/CPA_Outputs/tpdb_known429term/cpaouts/NestedRecursion_1c_true-termination.c_lasso_out",FAILED,"","None","Results/CPA_Outputs/tpdb_known429term/cpaouts/NestedRecursion_1c_true-termination.c_general_out",0.39,0.39,"../EvolveTerm/data/tpdb_known/c_term/NestedRecursion_1c_true-termination.c"
"gcd01_true-unreach-call_true-termination.c",FAILED,"","None","Results/CPA_Outputs/tpdb_known429term/cpaouts/gcd01_true-unreach-call_true-termination.c_lasso_out",FAILED,"","None","Results/CPA_Outputs/tpdb_known429term/cpaouts/gcd01_true-unreach-call_true-termination.c_general_out",0.39,0.41,"../EvolveTerm/data/tpdb_known/c_term/gcd01_true-unreach-call_true-termination.c"
"EvenOdd01_true-unreach-call_true-termination.c",FAILED,"","None","Results/CPA_Outputs/tpdb_known429term/cpaouts/EvenOdd01_true-unreach-call_true-termination.c_lasso_out",FAILED,"","None","Results/CPA_Outputs/tpdb_known429term/cpaouts/EvenOdd01_true-unreach-call_true-termination.c_general_out",0.41,0.43,"../EvolveTerm/data/tpdb_known/c_term/EvenOdd01_true-unreach-call_true-termination.c"
"ChenFlurMukhopadhyay-SAS2012-Ex2.21_true-termination.c",YES,"","None","Results/CPA_Outputs/tpdb_known429term/cpaouts/ChenFlurMukhopadhyay-SAS2012-Ex2.21_true-termination.c_lasso_out",YES,"","None","Results/CPA_Outputs/tpdb_known429term/cpaouts/ChenFlurMukhopadhyay-SAS2012-Ex2.21_true-termination.c_general_out",1.48,1.52,"../EvolveTerm/data/tpdb_known/c_term/ChenFlurMukhopadhyay-SAS2012-Ex2.21_true-termination.c"
"Parallel_true-termination.c",YES,"","None","Results/CPA_Outputs/tpdb_known429term/cpaouts/Parallel_true-termination.c_lasso_out",YES,"","None","Results/CPA_Outputs/tpdb_known429term/cpaouts/Parallel_true-termination.c_general_out",1.50,1.56,"../EvolveTerm/data/tpdb_known/c_term/Parallel_true-termination.c"
"PastaA6.c",YES,"","None","Results/CPA_Outputs/tpdb_known429term/cpaouts/PastaA6.c_lasso_out",YES,"","None","Results/CPA_Outputs/tpdb_known429term/cpaouts/PastaA6.c_general_out",1.37,1.49,"../EvolveTerm/data/tpdb_known/c_term/PastaA6.c"
"ChenFlurMukhopadhyay-SAS2012-Ex3.08_true-termination.c",YES,"","None","Results/CPA_Outputs/tpdb_known429term/cpaouts/ChenFlurMukhopadhyay-SAS2012-Ex3.08_true-termination.c_lasso_out",YES,"","None","Results/CPA_Outputs/tpdb_known429term/cpaouts/ChenFlurMukhopadhyay-SAS2012-Ex3.08_true-termination.c_general_out",1.44,1.56,"../EvolveTerm/data/tpdb_known/c_term/ChenFlurMukhopadhyay-SAS2012-Ex3.08_true-termination.c"
"Fibonacci01_true-unreach-call.c",FAILED,"","None","Results/CPA_Outputs/tpdb_known429term/cpaouts/Fibonacci01_true-unreach-call.c_lasso_out",FAILED,"","None","Results/CPA_Outputs/tpdb_known429term/cpaouts/Fibonacci01_true-unreach-call.c_general_out",0.43,0.38,"../EvolveTerm/data/tpdb_known/c_term/Fibonacci01_true-unreach-call.c"
"svcomp_cstrcspn_true-termination.c",MAYBE,"","None","Results/CPA_Outputs/tpdb_known429term/cpaouts/svcomp_cstrcspn_true-termination.c_lasso_out",MAYBE,"","None","Results/CPA_Outputs/tpdb_known429term/cpaouts/svcomp_cstrcspn_true-termination.c_general_out",1.85,264.24,"../EvolveTerm/data/tpdb_known/c_term/svcomp_cstrcspn_true-termination.c"
"Toulouse-BranchesToLoop_true-termination.c",YES,"","None","Results/CPA_Outputs/tpdb_known429term/cpaouts/Toulouse-BranchesToLoop_true-termination.c_lasso_out",YES,"","None","Results/CPA_Outputs/tpdb_known429term/cpaouts/Toulouse-BranchesToLoop_true-termination.c_general_out",1.72,1.76,"../EvolveTerm/data/tpdb_known/c_term/Toulouse-BranchesToLoop_true-termination.c"
"PastaC1.c",YES,"","None","Results/CPA_Outputs/tpdb_known429term/cpaouts/PastaC1.c_lasso_out",YES,"","None","Results/CPA_Outputs/tpdb_known429term/cpaouts/PastaC1.c_general_out",1.55,1.63,"../EvolveTerm/data/tpdb_known/c_term/PastaC1.c"
"Lobnya-Boolean-Reordered_true-termination.c",MAYBE,"","None","Results/CPA_Outputs/tpdb_known429term/cpaouts/Lobnya-Boolean-Reordered_true-termination.c_lasso_out",MAYBE,"","None","Results/CPA_Outputs/tpdb_known429term/cpaouts/Lobnya-Boolean-Reordered_true-termination.c_general_out",3.26,281.84,"../EvolveTerm/data/tpdb_known/c_term/Lobnya-Boolean-Reordered_true-termination.c"
"ChawdharyCookGulwaniSagivYang-ESOP2008-aaron12_true-termination.c",NO,"","None","Results/CPA_Outputs/tpdb_known429term/cpaouts/ChawdharyCookGulwaniSagivYang-ESOP2008-aaron12_true-termination.c_lasso_out",MAYBE,"","None","Results/CPA_Outputs/tpdb_known429term/cpaouts/ChawdharyCookGulwaniSagivYang-ESOP2008-aaron12_true-termination.c_general_out",1.73,279.97,"../EvolveTerm/data/tpdb_known/c_term/ChawdharyCookGulwaniSagivYang-ESOP2008-aaron12_true-termination.c"
"svcomp_c.01_assume-alloca.c",MAYBE,"","None","Results/CPA_Outputs/tpdb_known429term/cpaouts/svcomp_c.01_assume-alloca.c_lasso_out",NO,"","None","Results/CPA_Outputs/tpdb_known429term/cpaouts/svcomp_c.01_assume-alloca.c_general_out",1.54,1.40,"../EvolveTerm/data/tpdb_known/c_term/svcomp_c.01_assume-alloca.c"
"data_structures_set_multi_proc_false-unreach-call_ground.c",FAILED,"","None","Results/CPA_Outputs/tpdb_known429term/cpaouts/data_structures_set_multi_proc_false-unreach-call_ground.c_lasso_out",FAILED,"","None","Results/CPA_Outputs/tpdb_known429term/cpaouts/data_structures_set_multi_proc_false-unreach-call_ground.c_general_out",2.06,2.17,"../EvolveTerm/data/tpdb_known/c_term/data_structures_set_multi_proc_false-unreach-call_ground.c"
"svcomp_b.16.c",YES,"","None","Results/CPA_Outputs/tpdb_known429term/cpaouts/svcomp_b.16.c_lasso_out",YES,"","None","Results/CPA_Outputs/tpdb_known429term/cpaouts/svcomp_b.16.c_general_out",1.54,1.97,"../EvolveTerm/data/tpdb_known/c_term/svcomp_b.16.c"
"svcomp_c.03-alloca.c",MAYBE,"","None","Results/CPA_Outputs/tpdb_known429term/cpaouts/svcomp_c.03-alloca.c_lasso_out",MAYBE,"","None","Results/CPA_Outputs/tpdb_known429term/cpaouts/svcomp_c.03-alloca.c_general_out",2.28,289.61,"../EvolveTerm/data/tpdb_known/c_term/svcomp_c.03-alloca.c"
"svcomp_twisted.c",MAYBE,"","None","Results/CPA_Outputs/tpdb_known429term/cpaouts/svcomp_twisted.c_lasso_out",MAYBE,"","None","Results/CPA_Outputs/tpdb_known429term/cpaouts/svcomp_twisted.c_general_out",1.73,267.93,"../EvolveTerm/data/tpdb_known/c_term/svcomp_twisted.c"
"genady_true-termination.c",YES,"","None","Results/CPA_Outputs/tpdb_known429term/cpaouts/genady_true-termination.c_lasso_out",YES,"","None","Results/CPA_Outputs/tpdb_known429term/cpaouts/genady_true-termination.c_general_out",2.05,2.16,"../EvolveTerm/data/tpdb_known/c_term/genady_true-termination.c"
"NestedRecursion_1b_true-termination.c",FAILED,"","None","Results/CPA_Outputs/tpdb_known429term/cpaouts/NestedRecursion_1b_true-termination.c_lasso_out",FAILED,"","None","Results/CPA_Outputs/tpdb_known429term/cpaouts/NestedRecursion_1b_true-termination.c_general_out",0.42,0.40,"../EvolveTerm/data/tpdb_known/c_term/NestedRecursion_1b_true-termination.c"
"svcomp_CookSeeZuleger-2013TACAS-Fig7b_true-alloca.c",MAYBE,"","None","Results/CPA_Outputs/tpdb_known429term/cpaouts/svcomp_CookSeeZuleger-2013TACAS-Fig7b_true-alloca.c_lasso_out",NO,"","None","Results/CPA_Outputs/tpdb_known429term/cpaouts/svcomp_CookSeeZuleger-2013TACAS-Fig7b_true-alloca.c_general_out",1.74,1.50,"../EvolveTerm/data/tpdb_known/c_term/svcomp_CookSeeZuleger-2013TACAS-Fig7b_true-alloca.c"
"ChenFlurMukhopadhyay-SAS2012-Ex2.19_true-termination.c",YES,"","None","Results/CPA_Outputs/tpdb_known429term/cpaouts/ChenFlurMukhopadhyay-SAS2012-Ex2.19_true-termination.c_lasso_out",YES,"","None","Results/CPA_Outputs/tpdb_known429term/cpaouts/ChenFlurMukhopadhyay-SAS2012-Ex2.19_true-termination.c_general_out",1.53,1.65,"../EvolveTerm/data/tpdb_known/c_term/ChenFlurMukhopadhyay-SAS2012-Ex2.19_true-termination.c"
"svcomp_b.10.c",YES,"","None","Results/CPA_Outputs/tpdb_known429term/cpaouts/svcomp_b.10.c_lasso_out",YES,"","None","Results/CPA_Outputs/tpdb_known429term/cpaouts/svcomp_b.10.c_general_out",1.66,1.70,"../EvolveTerm/data/tpdb_known/c_term/svcomp_b.10.c"
"svcomp_c.08-alloca.c",MAYBE,"","None","Results/CPA_Outputs/tpdb_known429term/cpaouts/svcomp_c.08-alloca.c_lasso_out",MAYBE,"","None","Results/CPA_Outputs/tpdb_known429term/cpaouts/svcomp_c.08-alloca.c_general_out",2.13,288.08,"../EvolveTerm/data/tpdb_known/c_term/svcomp_c.08-alloca.c"
"PodelskiRybalchenko-TACAS2011-Fig4_true-termination.c",YES,"","None","Results/CPA_Outputs/tpdb_known429term/cpaouts/PodelskiRybalchenko-TACAS2011-Fig4_true-termination.c_lasso_out",YES,"","None","Results/CPA_Outputs/tpdb_known429term/cpaouts/PodelskiRybalchenko-TACAS2011-Fig4_true-termination.c_general_out",1.68,1.72,"../EvolveTerm/data/tpdb_known/c_term/PodelskiRybalchenko-TACAS2011-Fig4_true-termination.c"
"svcomp_Ben-Amram-2010LMCS-Ex2.3_true-alloca.c",MAYBE,"","None","Results/CPA_Outputs/tpdb_known429term/cpaouts/svcomp_Ben-Amram-2010LMCS-Ex2.3_true-alloca.c_lasso_out",NO,"","None","Results/CPA_Outputs/tpdb_known429term/cpaouts/svcomp_Ben-Amram-2010LMCS-Ex2.3_true-alloca.c_general_out",1.72,1.39,"../EvolveTerm/data/tpdb_known/c_term/svcomp_Ben-Amram-2010LMCS-Ex2.3_true-alloca.c"
"ChenFlurMukhopadhyay-SAS2012-Ex1.01_true-termination.c",MAYBE,"","None","Results/CPA_Outputs/tpdb_known429term/cpaouts/ChenFlurMukhopadhyay-SAS2012-Ex1.01_true-termination.c_lasso_out",MAYBE,"","None","Results/CPA_Outputs/tpdb_known429term/cpaouts/ChenFlurMukhopadhyay-SAS2012-Ex1.01_true-termination.c_general_out",1.30,291.57,"../EvolveTerm/data/tpdb_known/c_term/ChenFlurMukhopadhyay-SAS2012-Ex1.01_true-termination.c"
"svcomp_array01_alloca.c",MAYBE,"","None","Results/CPA_Outputs/tpdb_known429term/cpaouts/svcomp_array01_alloca.c_lasso_out",MAYBE,"","None","Results/CPA_Outputs/tpdb_known429term/cpaouts/svcomp_array01_alloca.c_general_out",1.52,267.76,"../EvolveTerm/data/tpdb_known/c_term/svcomp_array01_alloca.c"
"svcomp_a.08.c",YES,"","None","Results/CPA_Outputs/tpdb_known429term/cpaouts/svcomp_a.08.c_lasso_out",YES,"","None","Results/CPA_Outputs/tpdb_known429term/cpaouts/svcomp_a.08.c_general_out",1.42,1.52,"../EvolveTerm/data/tpdb_known/c_term/svcomp_a.08.c"
"svcomp_lis_alloca.c",MAYBE,"","None","Results/CPA_Outputs/tpdb_known429term/cpaouts/svcomp_lis_alloca.c_lasso_out",MAYBE,"","None","Results/CPA_Outputs/tpdb_known429term/cpaouts/svcomp_lis_alloca.c_general_out",6.80,245.34,"../EvolveTerm/data/tpdb_known/c_term/svcomp_lis_alloca.c"
"svcomp_cstrlen_true_alloca.c",MAYBE,"","None","Results/CPA_Outputs/tpdb_known429term/cpaouts/svcomp_cstrlen_true_alloca.c_lasso_out",MAYBE,"","None","Results/CPA_Outputs/tpdb_known429term/cpaouts/svcomp_cstrlen_true_alloca.c_general_out",1.35,269.78,"../EvolveTerm/data/tpdb_known/c_term/svcomp_cstrlen_true_alloca.c"
"WhileFalse_true-termination.c",YES,"","None","Results/CPA_Outputs/tpdb_known429term/cpaouts/WhileFalse_true-termination.c_lasso_out",YES,"","None","Results/CPA_Outputs/tpdb_known429term/cpaouts/WhileFalse_true-termination.c_general_out",1.06,1.16,"../EvolveTerm/data/tpdb_known/c_term/WhileFalse_true-termination.c"
"svcomp_java_Continue1.c",YES,"","None","Results/CPA_Outputs/tpdb_known429term/cpaouts/svcomp_java_Continue1.c_lasso_out",YES,"","None","Results/CPA_Outputs/tpdb_known429term/cpaouts/svcomp_java_Continue1.c_general_out",3.38,1.31,"../EvolveTerm/data/tpdb_known/c_term/svcomp_java_Continue1.c"
"aviad_true-termination.c",YES,"","None","Results/CPA_Outputs/tpdb_known429term/cpaouts/aviad_true-termination.c_lasso_out",YES,"","None","Results/CPA_Outputs/tpdb_known429term/cpaouts/aviad_true-termination.c_general_out",2.46,2.87,"../EvolveTerm/data/tpdb_known/c_term/aviad_true-termination.c"
"svcomp_openbsd_cmemchr_alloca.c",MAYBE,"","None","Results/CPA_Outputs/tpdb_known429term/cpaouts/svcomp_openbsd_cmemchr_alloca.c_lasso_out",MAYBE,"","None","Results/CPA_Outputs/tpdb_known429term/cpaouts/svcomp_openbsd_cmemchr_alloca.c_general_out",1.39,265.08,"../EvolveTerm/data/tpdb_known/c_term/svcomp_openbsd_cmemchr_alloca.c"
"2Nested_true-termination.c",YES,"","None","Results/CPA_Outputs/tpdb_known429term/cpaouts/2Nested_true-termination.c_lasso_out",YES,"","None","Results/CPA_Outputs/tpdb_known429term/cpaouts/2Nested_true-termination.c_general_out",1.59,1.79,"../EvolveTerm/data/tpdb_known/c_term/2Nested_true-termination.c"
"asc_ll_search_last.c",MAYBE,"","None","Results/CPA_Outputs/tpdb_known429term/cpaouts/asc_ll_search_last.c_lasso_out",MAYBE,"","None","Results/CPA_Outputs/tpdb_known429term/cpaouts/asc_ll_search_last.c_general_out",2.26,264.33,"../EvolveTerm/data/tpdb_known/c_term/asc_ll_search_last.c"
"AliasDarteFeautrierGonnord-SAS2010-random2d_true-termination.c",YES,"","None","Results/CPA_Outputs/tpdb_known429term/cpaouts/AliasDarteFeautrierGonnord-SAS2010-random2d_true-termination.c_lasso_out",YES,"","None","Results/CPA_Outputs/tpdb_known429term/cpaouts/AliasDarteFeautrierGonnord-SAS2010-random2d_true-termination.c_general_out",1.66,1.68,"../EvolveTerm/data/tpdb_known/c_term/AliasDarteFeautrierGonnord-SAS2010-random2d_true-termination.c"
"PodelskiRybalchenko-TACAS2011-Fig2_true-termination.c",YES,"","None","Results/CPA_Outputs/tpdb_known429term/cpaouts/PodelskiRybalchenko-TACAS2011-Fig2_true-termination.c_lasso_out",YES,"","None","Results/CPA_Outputs/tpdb_known429term/cpaouts/PodelskiRybalchenko-TACAS2011-Fig2_true-termination.c_general_out",1.50,1.63,"../EvolveTerm/data/tpdb_known/c_term/PodelskiRybalchenko-TACAS2011-Fig2_true-termination.c"
"CookSeeZuleger-TACAS2013-Fig8b_true-termination.c",MAYBE,"","None","Results/CPA_Outputs/tpdb_known429term/cpaouts/CookSeeZuleger-TACAS2013-Fig8b_true-termination.c_lasso_out",MAYBE,"","None","Results/CPA_Outputs/tpdb_known429term/cpaouts/CookSeeZuleger-TACAS2013-Fig8b_true-termination.c_general_out",1.36,262.36,"../EvolveTerm/data/tpdb_known/c_term/CookSeeZuleger-TACAS2013-Fig8b_true-termination.c"
"cdaudio_simpl1_false-unreach-call_true-termination.cil.c",YES,"","None","Results/CPA_Outputs/tpdb_known429term/cpaouts/cdaudio_simpl1_false-unreach-call_true-termination.cil.c_lasso_out",YES,"","None","Results/CPA_Outputs/tpdb_known429term/cpaouts/cdaudio_simpl1_false-unreach-call_true-termination.cil.c_general_out",1.83,2.13,"../EvolveTerm/data/tpdb_known/c_term/cdaudio_simpl1_false-unreach-call_true-termination.cil.c"
"svcomp_fermat-alloca.c",MAYBE,"","None","Results/CPA_Outputs/tpdb_known429term/cpaouts/svcomp_fermat-alloca.c_lasso_out",MAYBE,"","None","Results/CPA_Outputs/tpdb_known429term/cpaouts/svcomp_fermat-alloca.c_general_out",21.99,261.40,"../EvolveTerm/data/tpdb_known/c_term/svcomp_fermat-alloca.c"
"LeikeHeizmann-TACAS2014-Ex1_true-termination.c",YES,"","None","Results/CPA_Outputs/tpdb_known429term/cpaouts/LeikeHeizmann-TACAS2014-Ex1_true-termination.c_lasso_out",YES,"","None","Results/CPA_Outputs/tpdb_known429term/cpaouts/LeikeHeizmann-TACAS2014-Ex1_true-termination.c_general_out",1.37,1.45,"../EvolveTerm/data/tpdb_known/c_term/LeikeHeizmann-TACAS2014-Ex1_true-termination.c"
"LeikeHeizmann-TACAS2014-Ex9_true-termination.c",YES,"","None","Results/CPA_Outputs/tpdb_known429term/cpaouts/LeikeHeizmann-TACAS2014-Ex9_true-termination.c_lasso_out",YES,"","None","Results/CPA_Outputs/tpdb_known429term/cpaouts/LeikeHeizmann-TACAS2014-Ex9_true-termination.c_general_out",1.56,1.59,"../EvolveTerm/data/tpdb_known/c_term/LeikeHeizmann-TACAS2014-Ex9_true-termination.c"
"svcomp_b.15.c",YES,"","None","Results/CPA_Outputs/tpdb_known429term/cpaouts/svcomp_b.15.c_lasso_out",YES,"","None","Results/CPA_Outputs/tpdb_known429term/cpaouts/svcomp_b.15.c_general_out",1.68,2.02,"../EvolveTerm/data/tpdb_known/c_term/svcomp_b.15.c"
"HeizmannHoenickeLeikePodelski-ATVA2013-Fig5_true-termination.c",MAYBE,"","None","Results/CPA_Outputs/tpdb_known429term/cpaouts/HeizmannHoenickeLeikePodelski-ATVA2013-Fig5_true-termination.c_lasso_out",MAYBE,"","None","Results/CPA_Outputs/tpdb_known429term/cpaouts/HeizmannHoenickeLeikePodelski-ATVA2013-Fig5_true-termination.c_general_out",2.38,262.96,"../EvolveTerm/data/tpdb_known/c_term/HeizmannHoenickeLeikePodelski-ATVA2013-Fig5_true-termination.c"
"BradleyMannaSipma-ICALP2005-Fig1_true-termination.c",YES,"","None","Results/CPA_Outputs/tpdb_known429term/cpaouts/BradleyMannaSipma-ICALP2005-Fig1_true-termination.c_lasso_out",YES,"","None","Results/CPA_Outputs/tpdb_known429term/cpaouts/BradleyMannaSipma-ICALP2005-Fig1_true-termination.c_general_out",2.59,3.07,"../EvolveTerm/data/tpdb_known/c_term/BradleyMannaSipma-ICALP2005-Fig1_true-termination.c"
"svcomp_b.01.c",YES,"","None","Results/CPA_Outputs/tpdb_known429term/cpaouts/svcomp_b.01.c_lasso_out",YES,"","None","Results/CPA_Outputs/tpdb_known429term/cpaouts/svcomp_b.01.c_general_out",1.39,1.50,"../EvolveTerm/data/tpdb_known/c_term/svcomp_b.01.c"
"svcomp_b.09_assume.c",YES,"","None","Results/CPA_Outputs/tpdb_known429term/cpaouts/svcomp_b.09_assume.c_lasso_out",YES,"","None","Results/CPA_Outputs/tpdb_known429term/cpaouts/svcomp_b.09_assume.c_general_out",1.52,1.61,"../EvolveTerm/data/tpdb_known/c_term/svcomp_b.09_assume.c"
"PodelskiRybalchenko-LICS2004-Fig1_true-termination.c",YES,"","None","Results/CPA_Outputs/tpdb_known429term/cpaouts/PodelskiRybalchenko-LICS2004-Fig1_true-termination.c_lasso_out",YES,"","None","Results/CPA_Outputs/tpdb_known429term/cpaouts/PodelskiRybalchenko-LICS2004-Fig1_true-termination.c_general_out",1.57,1.62,"../EvolveTerm/data/tpdb_known/c_term/PodelskiRybalchenko-LICS2004-Fig1_true-termination.c"
"AliasDarteFeautrierGonnord-SAS2010-speedpldi4_true-termination.c",MAYBE,"","None","Results/CPA_Outputs/tpdb_known429term/cpaouts/AliasDarteFeautrierGonnord-SAS2010-speedpldi4_true-termination.c_lasso_out",MAYBE,"","None","Results/CPA_Outputs/tpdb_known429term/cpaouts/AliasDarteFeautrierGonnord-SAS2010-speedpldi4_true-termination.c_general_out",1.40,297.17,"../EvolveTerm/data/tpdb_known/c_term/AliasDarteFeautrierGonnord-SAS2010-speedpldi4_true-termination.c"
"LeikeHeizmann-WST2014-Ex9_true-termination.c",MAYBE,"","None","Results/CPA_Outputs/tpdb_known429term/cpaouts/LeikeHeizmann-WST2014-Ex9_true-termination.c_lasso_out",MAYBE,"","None","Results/CPA_Outputs/tpdb_known429term/cpaouts/LeikeHeizmann-WST2014-Ex9_true-termination.c_general_out",3.01,289.87,"../EvolveTerm/data/tpdb_known/c_term/LeikeHeizmann-WST2014-Ex9_true-termination.c"
"LeikeHeizmann-TACAS2014-Ex8_true-termination.c",MAYBE,"","None","Results/CPA_Outputs/tpdb_known429term/cpaouts/LeikeHeizmann-TACAS2014-Ex8_true-termination.c_lasso_out",MAYBE,"","None","Results/CPA_Outputs/tpdb_known429term/cpaouts/LeikeHeizmann-TACAS2014-Ex8_true-termination.c_general_out",1.51,265.22,"../EvolveTerm/data/tpdb_known/c_term/LeikeHeizmann-TACAS2014-Ex8_true-termination.c"
"s3_clnt_1_false-unreach-call.cil.c",TIMEOUT,"Analysis timed out after 300 seconds","None","Results/CPA_Outputs/tpdb_known429term/cpaouts/s3_clnt_1_false-unreach-call.cil.c_lasso_out",TIMEOUT,"Analysis timed out after 300 seconds","None","Results/CPA_Outputs/tpdb_known429term/cpaouts/s3_clnt_1_false-unreach-call.cil.c_general_out",310.09,310.15,"../EvolveTerm/data/tpdb_known/c_term/s3_clnt_1_false-unreach-call.cil.c"
"ChawdharyCookGulwaniSagivYang-ESOP2008-aaron4_true-termination.c",MAYBE,"","None","Results/CPA_Outputs/tpdb_known429term/cpaouts/ChawdharyCookGulwaniSagivYang-ESOP2008-aaron4_true-termination.c_lasso_out",MAYBE,"","None","Results/CPA_Outputs/tpdb_known429term/cpaouts/ChawdharyCookGulwaniSagivYang-ESOP2008-aaron4_true-termination.c_general_out",295.46,132.85,"../EvolveTerm/data/tpdb_known/c_term/ChawdharyCookGulwaniSagivYang-ESOP2008-aaron4_true-termination.c"
"BradleyMannaSipma-CAV2005-Fig1_true-termination.c",MAYBE,"","None","Results/CPA_Outputs/tpdb_known429term/cpaouts/BradleyMannaSipma-CAV2005-Fig1_true-termination.c_lasso_out",MAYBE,"","None","Results/CPA_Outputs/tpdb_known429term/cpaouts/BradleyMannaSipma-CAV2005-Fig1_true-termination.c_general_out",1.38,297.16,"../EvolveTerm/data/tpdb_known/c_term/BradleyMannaSipma-CAV2005-Fig1_true-termination.c"
"GCD3.c",MAYBE,"","None","Results/CPA_Outputs/tpdb_known429term/cpaouts/GCD3.c_lasso_out",MAYBE,"","None","Results/CPA_Outputs/tpdb_known429term/cpaouts/GCD3.c_general_out",1.65,273.85,"../EvolveTerm/data/tpdb_known/c_term/GCD3.c"
"ChawdharyCookGulwaniSagivYang-ESOP2008-aaron1_true-termination.c",YES,"","None","Results/CPA_Outputs/tpdb_known429term/cpaouts/ChawdharyCookGulwaniSagivYang-ESOP2008-aaron1_true-termination.c_lasso_out",YES,"","None","Results/CPA_Outputs/tpdb_known429term/cpaouts/ChawdharyCookGulwaniSagivYang-ESOP2008-aaron1_true-termination.c_general_out",1.88,2.21,"../EvolveTerm/data/tpdb_known/c_term/ChawdharyCookGulwaniSagivYang-ESOP2008-aaron1_true-termination.c"
"svcomp_b.06-alloca.c",MAYBE,"","None","Results/CPA_Outputs/tpdb_known429term/cpaouts/svcomp_b.06-alloca.c_lasso_out",MAYBE,"","None","Results/CPA_Outputs/tpdb_known429term/cpaouts/svcomp_b.06-alloca.c_general_out",1.96,292.11,"../EvolveTerm/data/tpdb_known/c_term/svcomp_b.06-alloca.c"
"AliasDarteFeautrierGonnord-SAS2010-Fig1_true-termination.c",YES,"","None","Results/CPA_Outputs/tpdb_known429term/cpaouts/AliasDarteFeautrierGonnord-SAS2010-Fig1_true-termination.c_lasso_out",YES,"","None","Results/CPA_Outputs/tpdb_known429term/cpaouts/AliasDarteFeautrierGonnord-SAS2010-Fig1_true-termination.c_general_out",2.67,2.64,"../EvolveTerm/data/tpdb_known/c_term/AliasDarteFeautrierGonnord-SAS2010-Fig1_true-termination.c"
"svcomp_b.02.c",YES,"","None","Results/CPA_Outputs/tpdb_known429term/cpaouts/svcomp_b.02.c_lasso_out",YES,"","None","Results/CPA_Outputs/tpdb_known429term/cpaouts/svcomp_b.02.c_general_out",1.47,1.54,"../EvolveTerm/data/tpdb_known/c_term/svcomp_b.02.c"
"svcomp_b.13-alloca.c",MAYBE,"","None","Results/CPA_Outputs/tpdb_known429term/cpaouts/svcomp_b.13-alloca.c_lasso_out",MAYBE,"","None","Results/CPA_Outputs/tpdb_known429term/cpaouts/svcomp_b.13-alloca.c_general_out",2.47,282.37,"../EvolveTerm/data/tpdb_known/c_term/svcomp_b.13-alloca.c"
"Gothenburg_true-termination.c",YES,"","None","Results/CPA_Outputs/tpdb_known429term/cpaouts/Gothenburg_true-termination.c_lasso_out",YES,"","None","Results/CPA_Outputs/tpdb_known429term/cpaouts/Gothenburg_true-termination.c_general_out",1.76,1.78,"../EvolveTerm/data/tpdb_known/c_term/Gothenburg_true-termination.c"
"GulavaniGulwani-CAV2008-Fig1c_true-termination.c",YES,"","None","Results/CPA_Outputs/tpdb_known429term/cpaouts/GulavaniGulwani-CAV2008-Fig1c_true-termination.c_lasso_out",YES,"","None","Results/CPA_Outputs/tpdb_known429term/cpaouts/GulavaniGulwani-CAV2008-Fig1c_true-termination.c_general_out",1.55,1.58,"../EvolveTerm/data/tpdb_known/c_term/GulavaniGulwani-CAV2008-Fig1c_true-termination.c"
"svcomp_cstrspn_true-termination.c",MAYBE,"","None","Results/CPA_Outputs/tpdb_known429term/cpaouts/svcomp_cstrspn_true-termination.c_lasso_out",MAYBE,"","None","Results/CPA_Outputs/tpdb_known429term/cpaouts/svcomp_cstrspn_true-termination.c_general_out",1.98,263.45,"../EvolveTerm/data/tpdb_known/c_term/svcomp_cstrspn_true-termination.c"
"ChenFlurMukhopadhyay-SAS2012-Ex2.08_true-termination.c",MAYBE,"","None","Results/CPA_Outputs/tpdb_known429term/cpaouts/ChenFlurMukhopadhyay-SAS2012-Ex2.08_true-termination.c_lasso_out",MAYBE,"","None","Results/CPA_Outputs/tpdb_known429term/cpaouts/ChenFlurMukhopadhyay-SAS2012-Ex2.08_true-termination.c_general_out",1.82,269.36,"../EvolveTerm/data/tpdb_known/c_term/ChenFlurMukhopadhyay-SAS2012-Ex2.08_true-termination.c"
"desc_ll_search_existing.c",MAYBE,"","None","Results/CPA_Outputs/tpdb_known429term/cpaouts/desc_ll_search_existing.c_lasso_out",MAYBE,"","None","Results/CPA_Outputs/tpdb_known429term/cpaouts/desc_ll_search_existing.c_general_out",2.87,283.68,"../EvolveTerm/data/tpdb_known/c_term/desc_ll_search_existing.c"
"nondet_ll_insert.c",MAYBE,"","None","Results/CPA_Outputs/tpdb_known429term/cpaouts/nondet_ll_insert.c_lasso_out",MAYBE,"","None","Results/CPA_Outputs/tpdb_known429term/cpaouts/nondet_ll_insert.c_general_out",2.38,282.97,"../EvolveTerm/data/tpdb_known/c_term/nondet_ll_insert.c"
"PastaC7.c",YES,"","None","Results/CPA_Outputs/tpdb_known429term/cpaouts/PastaC7.c_lasso_out",YES,"","None","Results/CPA_Outputs/tpdb_known429term/cpaouts/PastaC7.c_general_out",1.52,1.60,"../EvolveTerm/data/tpdb_known/c_term/PastaC7.c"
"svcomp_java_Sequence.c",FAILED,"","None","Results/CPA_Outputs/tpdb_known429term/cpaouts/svcomp_java_Sequence.c_lasso_out",YES,"","None","Results/CPA_Outputs/tpdb_known429term/cpaouts/svcomp_java_Sequence.c_general_out",298.74,1.79,"../EvolveTerm/data/tpdb_known/c_term/svcomp_java_Sequence.c"
"ChenFlurMukhopadhyay-SAS2012-Fig1_true-termination.c",YES,"","None","Results/CPA_Outputs/tpdb_known429term/cpaouts/ChenFlurMukhopadhyay-SAS2012-Fig1_true-termination.c_lasso_out",YES,"","None","Results/CPA_Outputs/tpdb_known429term/cpaouts/ChenFlurMukhopadhyay-SAS2012-Fig1_true-termination.c_general_out",1.97,1.92,"../EvolveTerm/data/tpdb_known/c_term/ChenFlurMukhopadhyay-SAS2012-Fig1_true-termination.c"
"Avery-FLOPS2006-Table1_true-termination.c",YES,"","None","Results/CPA_Outputs/tpdb_known429term/cpaouts/Avery-FLOPS2006-Table1_true-termination.c_lasso_out",YES,"","None","Results/CPA_Outputs/tpdb_known429term/cpaouts/Avery-FLOPS2006-Table1_true-termination.c_general_out",2.76,2.50,"../EvolveTerm/data/tpdb_known/c_term/Avery-FLOPS2006-Table1_true-termination.c"
"svcomp_java_LogBuiltIn-alloca.c",MAYBE,"","None","Results/CPA_Outputs/tpdb_known429term/cpaouts/svcomp_java_LogBuiltIn-alloca.c_lasso_out",MAYBE,"","None","Results/CPA_Outputs/tpdb_known429term/cpaouts/svcomp_java_LogBuiltIn-alloca.c_general_out",2.47,288.88,"../EvolveTerm/data/tpdb_known/c_term/svcomp_java_LogBuiltIn-alloca.c"
"McCarthyIterative.c",YES,"","None","Results/CPA_Outputs/tpdb_known429term/cpaouts/McCarthyIterative.c_lasso_out",YES,"","None","Results/CPA_Outputs/tpdb_known429term/cpaouts/McCarthyIterative.c_general_out",5.44,5.28,"../EvolveTerm/data/tpdb_known/c_term/McCarthyIterative.c"
"svcomp_genady_true-alloca.c",MAYBE,"","None","Results/CPA_Outputs/tpdb_known429term/cpaouts/svcomp_genady_true-alloca.c_lasso_out",MAYBE,"","None","Results/CPA_Outputs/tpdb_known429term/cpaouts/svcomp_genady_true-alloca.c_general_out",1.45,295.50,"../EvolveTerm/data/tpdb_known/c_term/svcomp_genady_true-alloca.c"
"svcomp_b.02-alloca.c",MAYBE,"","None","Results/CPA_Outputs/tpdb_known429term/cpaouts/svcomp_b.02-alloca.c_lasso_out",MAYBE,"","None","Results/CPA_Outputs/tpdb_known429term/cpaouts/svcomp_b.02-alloca.c_general_out",1.77,291.82,"../EvolveTerm/data/tpdb_known/c_term/svcomp_b.02-alloca.c"
"svcomp_java_BubbleSort_alloca.c",MAYBE,"","None","Results/CPA_Outputs/tpdb_known429term/cpaouts/svcomp_java_BubbleSort_alloca.c_lasso_out",MAYBE,"","None","Results/CPA_Outputs/tpdb_known429term/cpaouts/svcomp_java_BubbleSort_alloca.c_general_out",1.57,266.18,"../EvolveTerm/data/tpdb_known/c_term/svcomp_java_BubbleSort_alloca.c"
"Thun_true-termination.c",YES,"","None","Results/CPA_Outputs/tpdb_known429term/cpaouts/Thun_true-termination.c_lasso_out",YES,"","None","Results/CPA_Outputs/tpdb_known429term/cpaouts/Thun_true-termination.c_general_out",1.47,1.50,"../EvolveTerm/data/tpdb_known/c_term/Thun_true-termination.c"
"DivMinus2.c",YES,"","None","Results/CPA_Outputs/tpdb_known429term/cpaouts/DivMinus2.c_lasso_out",YES,"","None","Results/CPA_Outputs/tpdb_known429term/cpaouts/DivMinus2.c_general_out",1.75,2.06,"../EvolveTerm/data/tpdb_known/c_term/DivMinus2.c"
"svcomp_openbsd_cstrlcpy_alloca.c",MAYBE,"","None","Results/CPA_Outputs/tpdb_known429term/cpaouts/svcomp_openbsd_cstrlcpy_alloca.c_lasso_out",MAYBE,"","None","Results/CPA_Outputs/tpdb_known429term/cpaouts/svcomp_openbsd_cstrlcpy_alloca.c_general_out",1.88,265.24,"../EvolveTerm/data/tpdb_known/c_term/svcomp_openbsd_cstrlcpy_alloca.c"
"recHanoi01_true-unreach-call_true-termination.c",FAILED,"","None","Results/CPA_Outputs/tpdb_known429term/cpaouts/recHanoi01_true-unreach-call_true-termination.c_lasso_out",FAILED,"","None","Results/CPA_Outputs/tpdb_known429term/cpaouts/recHanoi01_true-unreach-call_true-termination.c_general_out",0.40,0.40,"../EvolveTerm/data/tpdb_known/c_term/recHanoi01_true-unreach-call_true-termination.c"
"TelAviv-Amir-Minimum_true-termination.c",YES,"","None","Results/CPA_Outputs/tpdb_known429term/cpaouts/TelAviv-Amir-Minimum_true-termination.c_lasso_out",YES,"","None","Results/CPA_Outputs/tpdb_known429term/cpaouts/TelAviv-Amir-Minimum_true-termination.c_general_out",1.78,1.82,"../EvolveTerm/data/tpdb_known/c_term/TelAviv-Amir-Minimum_true-termination.c"
"svcomp_b.11-alloca.c",MAYBE,"","None","Results/CPA_Outputs/tpdb_known429term/cpaouts/svcomp_b.11-alloca.c_lasso_out",MAYBE,"","None","Results/CPA_Outputs/tpdb_known429term/cpaouts/svcomp_b.11-alloca.c_general_out",1.87,292.34,"../EvolveTerm/data/tpdb_known/c_term/svcomp_b.11-alloca.c"
"SyntaxSupportPointer01_true-termination.c",MAYBE,"","None","Results/CPA_Outputs/tpdb_known429term/cpaouts/SyntaxSupportPointer01_true-termination.c_lasso_out",NO,"","None","Results/CPA_Outputs/tpdb_known429term/cpaouts/SyntaxSupportPointer01_true-termination.c_general_out",1.32,1.39,"../EvolveTerm/data/tpdb_known/c_term/SyntaxSupportPointer01_true-termination.c"
"LeeJonesBen-Amram-POPL2001-Ex1_true-termination.c",FAILED,"","None","Results/CPA_Outputs/tpdb_known429term/cpaouts/LeeJonesBen-Amram-POPL2001-Ex1_true-termination.c_lasso_out",FAILED,"","None","Results/CPA_Outputs/tpdb_known429term/cpaouts/LeeJonesBen-Amram-POPL2001-Ex1_true-termination.c_general_out",0.43,0.43,"../EvolveTerm/data/tpdb_known/c_term/LeeJonesBen-Amram-POPL2001-Ex1_true-termination.c"
"PastaC9.c",YES,"","None","Results/CPA_Outputs/tpdb_known429term/cpaouts/PastaC9.c_lasso_out",YES,"","None","Results/CPA_Outputs/tpdb_known429term/cpaouts/PastaC9.c_general_out",1.62,1.65,"../EvolveTerm/data/tpdb_known/c_term/PastaC9.c"
"svcomp_aviad_true-alloca.c",MAYBE,"","None","Results/CPA_Outputs/tpdb_known429term/cpaouts/svcomp_aviad_true-alloca.c_lasso_out",MAYBE,"","None","Results/CPA_Outputs/tpdb_known429term/cpaouts/svcomp_aviad_true-alloca.c_general_out",2.26,288.79,"../EvolveTerm/data/tpdb_known/c_term/svcomp_aviad_true-alloca.c"
"ChenFlurMukhopadhyay-SAS2012-Ex2.18_true-termination.c",YES,"","None","Results/CPA_Outputs/tpdb_known429term/cpaouts/ChenFlurMukhopadhyay-SAS2012-Ex2.18_true-termination.c_lasso_out",YES,"","None","Results/CPA_Outputs/tpdb_known429term/cpaouts/ChenFlurMukhopadhyay-SAS2012-Ex2.18_true-termination.c_general_out",1.49,1.52,"../EvolveTerm/data/tpdb_known/c_term/ChenFlurMukhopadhyay-SAS2012-Ex2.18_true-termination.c"
"svcomp_c.08.c",YES,"","None","Results/CPA_Outputs/tpdb_known429term/cpaouts/svcomp_c.08.c_lasso_out",YES,"","None","Results/CPA_Outputs/tpdb_known429term/cpaouts/svcomp_c.08.c_general_out",1.63,2.00,"../EvolveTerm/data/tpdb_known/c_term/svcomp_c.08.c"
"RecursiveMultiplication_true-termination.c",FAILED,"","None","Results/CPA_Outputs/tpdb_known429term/cpaouts/RecursiveMultiplication_true-termination.c_lasso_out",FAILED,"","None","Results/CPA_Outputs/tpdb_known429term/cpaouts/RecursiveMultiplication_true-termination.c_general_out",0.41,0.42,"../EvolveTerm/data/tpdb_known/c_term/RecursiveMultiplication_true-termination.c"
"PastaC3.c",YES,"","None","Results/CPA_Outputs/tpdb_known429term/cpaouts/PastaC3.c_lasso_out",YES,"","None","Results/CPA_Outputs/tpdb_known429term/cpaouts/PastaC3.c_general_out",1.78,2.11,"../EvolveTerm/data/tpdb_known/c_term/PastaC3.c"
"svcomp_c.07-alloca.c",MAYBE,"","None","Results/CPA_Outputs/tpdb_known429term/cpaouts/svcomp_c.07-alloca.c_lasso_out",NO,"","None","Results/CPA_Outputs/tpdb_known429term/cpaouts/svcomp_c.07-alloca.c_general_out",3.83,1.49,"../EvolveTerm/data/tpdb_known/c_term/svcomp_c.07-alloca.c"
"svcomp_b.10-alloca.c",MAYBE,"","None","Results/CPA_Outputs/tpdb_known429term/cpaouts/svcomp_b.10-alloca.c_lasso_out",MAYBE,"","None","Results/CPA_Outputs/tpdb_known429term/cpaouts/svcomp_b.10-alloca.c_general_out",1.83,285.94,"../EvolveTerm/data/tpdb_known/c_term/svcomp_b.10-alloca.c"
"4NestedWith3Variables_true-termination.c",MAYBE,"","None","Results/CPA_Outputs/tpdb_known429term/cpaouts/4NestedWith3Variables_true-termination.c_lasso_out",MAYBE,"","None","Results/CPA_Outputs/tpdb_known429term/cpaouts/4NestedWith3Variables_true-termination.c_general_out",1.52,295.97,"../EvolveTerm/data/tpdb_known/c_term/4NestedWith3Variables_true-termination.c"
"svcomp_flag.c",MAYBE,"","None","Results/CPA_Outputs/tpdb_known429term/cpaouts/svcomp_flag.c_lasso_out",MAYBE,"","None","Results/CPA_Outputs/tpdb_known429term/cpaouts/svcomp_flag.c_general_out",4.68,267.20,"../EvolveTerm/data/tpdb_known/c_term/svcomp_flag.c"
"ChenFlurMukhopadhyay-SAS2012-Ex2.22_true-termination.c",MAYBE,"","None","Results/CPA_Outputs/tpdb_known429term/cpaouts/ChenFlurMukhopadhyay-SAS2012-Ex2.22_true-termination.c_lasso_out",MAYBE,"","None","Results/CPA_Outputs/tpdb_known429term/cpaouts/ChenFlurMukhopadhyay-SAS2012-Ex2.22_true-termination.c_general_out",1.39,288.93,"../EvolveTerm/data/tpdb_known/c_term/ChenFlurMukhopadhyay-SAS2012-Ex2.22_true-termination.c"
"AliasDarteFeautrierGonnord-SAS2010-while2_true-termination.c",YES,"","None","Results/CPA_Outputs/tpdb_known429term/cpaouts/AliasDarteFeautrierGonnord-SAS2010-while2_true-termination.c_lasso_out",YES,"","None","Results/CPA_Outputs/tpdb_known429term/cpaouts/AliasDarteFeautrierGonnord-SAS2010-while2_true-termination.c_general_out",1.64,2.02,"../EvolveTerm/data/tpdb_known/c_term/AliasDarteFeautrierGonnord-SAS2010-while2_true-termination.c"
"svcomp_Urban_true-alloca.c",MAYBE,"","None","Results/CPA_Outputs/tpdb_known429term/cpaouts/svcomp_Urban_true-alloca.c_lasso_out",NO,"","None","Results/CPA_Outputs/tpdb_known429term/cpaouts/svcomp_Urban_true-alloca.c_general_out",1.46,1.38,"../EvolveTerm/data/tpdb_known/c_term/svcomp_Urban_true-alloca.c"
"ChenFlurMukhopadhyay-SAS2012-Ex3.01_true-termination.c",MAYBE,"","None","Results/CPA_Outputs/tpdb_known429term/cpaouts/ChenFlurMukhopadhyay-SAS2012-Ex3.01_true-termination.c_lasso_out",MAYBE,"","None","Results/CPA_Outputs/tpdb_known429term/cpaouts/ChenFlurMukhopadhyay-SAS2012-Ex3.01_true-termination.c_general_out",1.64,269.98,"../EvolveTerm/data/tpdb_known/c_term/ChenFlurMukhopadhyay-SAS2012-Ex3.01_true-termination.c"
"svcomp_a.05.c",YES,"","None","Results/CPA_Outputs/tpdb_known429term/cpaouts/svcomp_a.05.c_lasso_out",YES,"","None","Results/CPA_Outputs/tpdb_known429term/cpaouts/svcomp_a.05.c_general_out",1.45,1.51,"../EvolveTerm/data/tpdb_known/c_term/svcomp_a.05.c"
"Arrays03-ValueRestictsIndex_true-termination.c",MAYBE,"","None","Results/CPA_Outputs/tpdb_known429term/cpaouts/Arrays03-ValueRestictsIndex_true-termination.c_lasso_out",MAYBE,"","None","Results/CPA_Outputs/tpdb_known429term/cpaouts/Arrays03-ValueRestictsIndex_true-termination.c_general_out",1.36,295.59,"../EvolveTerm/data/tpdb_known/c_term/Arrays03-ValueRestictsIndex_true-termination.c"
"svcomp_ex3a-alloca.c",MAYBE,"","None","Results/CPA_Outputs/tpdb_known429term/cpaouts/svcomp_ex3a-alloca.c_lasso_out",MAYBE,"","None","Results/CPA_Outputs/tpdb_known429term/cpaouts/svcomp_ex3a-alloca.c_general_out",1.49,294.57,"../EvolveTerm/data/tpdb_known/c_term/svcomp_ex3a-alloca.c"
"nondet_ll_search_last_n.c",MAYBE,"","None","Results/CPA_Outputs/tpdb_known429term/cpaouts/nondet_ll_search_last_n.c_lasso_out",MAYBE,"","None","Results/CPA_Outputs/tpdb_known429term/cpaouts/nondet_ll_search_last_n.c_general_out",1.73,281.77,"../EvolveTerm/data/tpdb_known/c_term/nondet_ll_search_last_n.c"
"svcomp_cstrpbrk_true_alloca.c",MAYBE,"","None","Results/CPA_Outputs/tpdb_known429term/cpaouts/svcomp_cstrpbrk_true_alloca.c_lasso_out",MAYBE,"","None","Results/CPA_Outputs/tpdb_known429term/cpaouts/svcomp_cstrpbrk_true_alloca.c_general_out",1.81,265.36,"../EvolveTerm/data/tpdb_known/c_term/svcomp_cstrpbrk_true_alloca.c"
"ChenFlurMukhopadhyay-SAS2012-Ex3.03_true-termination.c",MAYBE,"","None","Results/CPA_Outputs/tpdb_known429term/cpaouts/ChenFlurMukhopadhyay-SAS2012-Ex3.03_true-termination.c_lasso_out",MAYBE,"","None","Results/CPA_Outputs/tpdb_known429term/cpaouts/ChenFlurMukhopadhyay-SAS2012-Ex3.03_true-termination.c_general_out",1.83,274.79,"../EvolveTerm/data/tpdb_known/c_term/ChenFlurMukhopadhyay-SAS2012-Ex3.03_true-termination.c"
"Log.c",YES,"","None","Results/CPA_Outputs/tpdb_known429term/cpaouts/Log.c_lasso_out",YES,"","None","Results/CPA_Outputs/tpdb_known429term/cpaouts/Log.c_general_out",1.70,2.03,"../EvolveTerm/data/tpdb_known/c_term/Log.c"
"PastaA10.c",YES,"","None","Results/CPA_Outputs/tpdb_known429term/cpaouts/PastaA10.c_lasso_out",YES,"","None","Results/CPA_Outputs/tpdb_known429term/cpaouts/PastaA10.c_general_out",1.58,1.59,"../EvolveTerm/data/tpdb_known/c_term/PastaA10.c"
"ChenFlurMukhopadhyay-SAS2012-Ex2.01_true-termination.c",MAYBE,"","None","Results/CPA_Outputs/tpdb_known429term/cpaouts/ChenFlurMukhopadhyay-SAS2012-Ex2.01_true-termination.c_lasso_out",MAYBE,"","None","Results/CPA_Outputs/tpdb_known429term/cpaouts/ChenFlurMukhopadhyay-SAS2012-Ex2.01_true-termination.c_general_out",1.86,272.66,"../EvolveTerm/data/tpdb_known/c_term/ChenFlurMukhopadhyay-SAS2012-Ex2.01_true-termination.c"
"svcomp_b.17-alloca.c",MAYBE,"","None","Results/CPA_Outputs/tpdb_known429term/cpaouts/svcomp_b.17-alloca.c_lasso_out",NO,"","None","Results/CPA_Outputs/tpdb_known429term/cpaouts/svcomp_b.17-alloca.c_general_out",3.02,1.41,"../EvolveTerm/data/tpdb_known/c_term/svcomp_b.17-alloca.c"
"McCarthy91_Iteration_true-termination.c",YES,"","None","Results/CPA_Outputs/tpdb_known429term/cpaouts/McCarthy91_Iteration_true-termination.c_lasso_out",YES,"","None","Results/CPA_Outputs/tpdb_known429term/cpaouts/McCarthy91_Iteration_true-termination.c_general_out",5.16,5.11,"../EvolveTerm/data/tpdb_known/c_term/McCarthy91_Iteration_true-termination.c"
"ChenFlurMukhopadhyay-SAS2012-Ex3.04_true-termination.c",MAYBE,"","None","Results/CPA_Outputs/tpdb_known429term/cpaouts/ChenFlurMukhopadhyay-SAS2012-Ex3.04_true-termination.c_lasso_out",MAYBE,"","None","Results/CPA_Outputs/tpdb_known429term/cpaouts/ChenFlurMukhopadhyay-SAS2012-Ex3.04_true-termination.c_general_out",1.90,264.82,"../EvolveTerm/data/tpdb_known/c_term/ChenFlurMukhopadhyay-SAS2012-Ex3.04_true-termination.c"
"LogAG.c",YES,"","None","Results/CPA_Outputs/tpdb_known429term/cpaouts/LogAG.c_lasso_out",YES,"","None","Results/CPA_Outputs/tpdb_known429term/cpaouts/LogAG.c_general_out",1.61,1.99,"../EvolveTerm/data/tpdb_known/c_term/LogAG.c"
"svcomp_EvenOdd01_true-unreach-call_true-termination_modified.c",FAILED,"","None","Results/CPA_Outputs/tpdb_known429term/cpaouts/svcomp_EvenOdd01_true-unreach-call_true-termination_modified.c_lasso_out",FAILED,"","None","Results/CPA_Outputs/tpdb_known429term/cpaouts/svcomp_EvenOdd01_true-unreach-call_true-termination_modified.c_general_out",0.43,0.39,"../EvolveTerm/data/tpdb_known/c_term/svcomp_EvenOdd01_true-unreach-call_true-termination_modified.c"
"CookSeeZuleger-TACAS2013-Fig7a_true-termination.c",YES,"","None","Results/CPA_Outputs/tpdb_known429term/cpaouts/CookSeeZuleger-TACAS2013-Fig7a_true-termination.c_lasso_out",YES,"","None","Results/CPA_Outputs/tpdb_known429term/cpaouts/CookSeeZuleger-TACAS2013-Fig7a_true-termination.c_general_out",1.98,2.30,"../EvolveTerm/data/tpdb_known/c_term/CookSeeZuleger-TACAS2013-Fig7a_true-termination.c"
"IntPath.c",YES,"","None","Results/CPA_Outputs/tpdb_known429term/cpaouts/IntPath.c_lasso_out",YES,"","None","Results/CPA_Outputs/tpdb_known429term/cpaouts/IntPath.c_general_out",1.18,1.21,"../EvolveTerm/data/tpdb_known/c_term/IntPath.c"
"CookSeeZuleger-TACAS2013-Fig1_true-termination.c",YES,"","None","Results/CPA_Outputs/tpdb_known429term/cpaouts/CookSeeZuleger-TACAS2013-Fig1_true-termination.c_lasso_out",YES,"","None","Results/CPA_Outputs/tpdb_known429term/cpaouts/CookSeeZuleger-TACAS2013-Fig1_true-termination.c_general_out",1.68,1.78,"../EvolveTerm/data/tpdb_known/c_term/CookSeeZuleger-TACAS2013-Fig1_true-termination.c"
"PastaA1.c",YES,"","None","Results/CPA_Outputs/tpdb_known429term/cpaouts/PastaA1.c_lasso_out",YES,"","None","Results/CPA_Outputs/tpdb_known429term/cpaouts/PastaA1.c_general_out",1.56,1.63,"../EvolveTerm/data/tpdb_known/c_term/PastaA1.c"
"GulavaniGulwani-CAV2008-Fig1b_true-termination.c",YES,"","None","Results/CPA_Outputs/tpdb_known429term/cpaouts/GulavaniGulwani-CAV2008-Fig1b_true-termination.c_lasso_out",YES,"","None","Results/CPA_Outputs/tpdb_known429term/cpaouts/GulavaniGulwani-CAV2008-Fig1b_true-termination.c_general_out",1.55,1.62,"../EvolveTerm/data/tpdb_known/c_term/GulavaniGulwani-CAV2008-Fig1b_true-termination.c"
"standard_compare_true-unreach-call_ground.c",FAILED,"","None","Results/CPA_Outputs/tpdb_known429term/cpaouts/standard_compare_true-unreach-call_ground.c_lasso_out",MAYBE,"","None","Results/CPA_Outputs/tpdb_known429term/cpaouts/standard_compare_true-unreach-call_ground.c_general_out",307.16,149.62,"../EvolveTerm/data/tpdb_known/c_term/standard_compare_true-unreach-call_ground.c"
"svcomp_substring_alloca.c",MAYBE,"","None","Results/CPA_Outputs/tpdb_known429term/cpaouts/svcomp_substring_alloca.c_lasso_out",MAYBE,"","None","Results/CPA_Outputs/tpdb_known429term/cpaouts/svcomp_substring_alloca.c_general_out",1.76,266.08,"../EvolveTerm/data/tpdb_known/c_term/svcomp_substring_alloca.c"
"ChenFlurMukhopadhyay-SAS2012-Ex2.07_true-termination.c",MAYBE,"","None","Results/CPA_Outputs/tpdb_known429term/cpaouts/ChenFlurMukhopadhyay-SAS2012-Ex2.07_true-termination.c_lasso_out",MAYBE,"","None","Results/CPA_Outputs/tpdb_known429term/cpaouts/ChenFlurMukhopadhyay-SAS2012-Ex2.07_true-termination.c_general_out",2.40,262.53,"../EvolveTerm/data/tpdb_known/c_term/ChenFlurMukhopadhyay-SAS2012-Ex2.07_true-termination.c"
"nondet_ll_search_last_zero.c",MAYBE,"","None","Results/CPA_Outputs/tpdb_known429term/cpaouts/nondet_ll_search_last_zero.c_lasso_out",MAYBE,"","None","Results/CPA_Outputs/tpdb_known429term/cpaouts/nondet_ll_search_last_zero.c_general_out",1.72,281.85,"../EvolveTerm/data/tpdb_known/c_term/nondet_ll_search_last_zero.c"
"svcomp_a.01-alloca.c",MAYBE,"","None","Results/CPA_Outputs/tpdb_known429term/cpaouts/svcomp_a.01-alloca.c_lasso_out",MAYBE,"","None","Results/CPA_Outputs/tpdb_known429term/cpaouts/svcomp_a.01-alloca.c_general_out",2.11,288.34,"../EvolveTerm/data/tpdb_known/c_term/svcomp_a.01-alloca.c"
"Binomial_true.c",FAILED,"","None","Results/CPA_Outputs/tpdb_known429term/cpaouts/Binomial_true.c_lasso_out",FAILED,"","None","Results/CPA_Outputs/tpdb_known429term/cpaouts/Binomial_true.c_general_out",0.40,0.41,"../EvolveTerm/data/tpdb_known/c_term/Binomial_true.c"
"svcomp_c.01-no-inv.c",YES,"","None","Results/CPA_Outputs/tpdb_known429term/cpaouts/svcomp_c.01-no-inv.c_lasso_out",YES,"","None","Results/CPA_Outputs/tpdb_known429term/cpaouts/svcomp_c.01-no-inv.c_general_out",1.66,1.98,"../EvolveTerm/data/tpdb_known/c_term/svcomp_c.01-no-inv.c"
"svcomp_java_Break.c",YES,"","None","Results/CPA_Outputs/tpdb_known429term/cpaouts/svcomp_java_Break.c_lasso_out",YES,"","None","Results/CPA_Outputs/tpdb_known429term/cpaouts/svcomp_java_Break.c_general_out",3.92,1.27,"../EvolveTerm/data/tpdb_known/c_term/svcomp_java_Break.c"
"McCarthy91_Recursion_true-termination.c",FAILED,"","None","Results/CPA_Outputs/tpdb_known429term/cpaouts/McCarthy91_Recursion_true-termination.c_lasso_out",FAILED,"","None","Results/CPA_Outputs/tpdb_known429term/cpaouts/McCarthy91_Recursion_true-termination.c_general_out",0.42,0.41,"../EvolveTerm/data/tpdb_known/c_term/McCarthy91_Recursion_true-termination.c"
"PastaB4.c",MAYBE,"","None","Results/CPA_Outputs/tpdb_known429term/cpaouts/PastaB4.c_lasso_out",MAYBE,"","None","Results/CPA_Outputs/tpdb_known429term/cpaouts/PastaB4.c_general_out",1.38,276.80,"../EvolveTerm/data/tpdb_known/c_term/PastaB4.c"
"Piecewise_true-termination.c",YES,"","None","Results/CPA_Outputs/tpdb_known429term/cpaouts/Piecewise_true-termination.c_lasso_out",YES,"","None","Results/CPA_Outputs/tpdb_known429term/cpaouts/Piecewise_true-termination.c_general_out",1.64,1.62,"../EvolveTerm/data/tpdb_known/c_term/Piecewise_true-termination.c"
"HeizmannHoenickeLeikePodelski-ATVA2013-Fig6_true-termination.c",YES,"","None","Results/CPA_Outputs/tpdb_known429term/cpaouts/HeizmannHoenickeLeikePodelski-ATVA2013-Fig6_true-termination.c_lasso_out",YES,"","None","Results/CPA_Outputs/tpdb_known429term/cpaouts/HeizmannHoenickeLeikePodelski-ATVA2013-Fig6_true-termination.c_general_out",1.38,1.46,"../EvolveTerm/data/tpdb_known/c_term/HeizmannHoenickeLeikePodelski-ATVA2013-Fig6_true-termination.c"
"svcomp_b.03-no-inv_assume-alloca.c",MAYBE,"","None","Results/CPA_Outputs/tpdb_known429term/cpaouts/svcomp_b.03-no-inv_assume-alloca.c_lasso_out",MAYBE,"","None","Results/CPA_Outputs/tpdb_known429term/cpaouts/svcomp_b.03-no-inv_assume-alloca.c_general_out",1.53,294.96,"../EvolveTerm/data/tpdb_known/c_term/svcomp_b.03-no-inv_assume-alloca.c"
"svcomp_Addition01_true-unreach-call_true-termination_modified.c",FAILED,"","None","Results/CPA_Outputs/tpdb_known429term/cpaouts/svcomp_Addition01_true-unreach-call_true-termination_modified.c_lasso_out",FAILED,"","None","Results/CPA_Outputs/tpdb_known429term/cpaouts/svcomp_Addition01_true-unreach-call_true-termination_modified.c_general_out",0.40,0.42,"../EvolveTerm/data/tpdb_known/c_term/svcomp_Addition01_true-unreach-call_true-termination_modified.c"
"Singapore_true-termination.c",YES,"","None","Results/CPA_Outputs/tpdb_known429term/cpaouts/Singapore_true-termination.c_lasso_out",YES,"","None","Results/CPA_Outputs/tpdb_known429term/cpaouts/Singapore_true-termination.c_general_out",1.56,1.62,"../EvolveTerm/data/tpdb_known/c_term/Singapore_true-termination.c"
"svcomp_CookSeeZuleger-2013TACAS-Fig7a_true-alloca.c",MAYBE,"","None","Results/CPA_Outputs/tpdb_known429term/cpaouts/svcomp_CookSeeZuleger-2013TACAS-Fig7a_true-alloca.c_lasso_out",NO,"","None","Results/CPA_Outputs/tpdb_known429term/cpaouts/svcomp_CookSeeZuleger-2013TACAS-Fig7a_true-alloca.c_general_out",1.71,1.36,"../EvolveTerm/data/tpdb_known/c_term/svcomp_CookSeeZuleger-2013TACAS-Fig7a_true-alloca.c"
"svcomp_stroeder1_alloca.c",MAYBE,"","None","Results/CPA_Outputs/tpdb_known429term/cpaouts/svcomp_stroeder1_alloca.c_lasso_out",MAYBE,"","None","Results/CPA_Outputs/tpdb_known429term/cpaouts/svcomp_stroeder1_alloca.c_general_out",1.40,270.71,"../EvolveTerm/data/tpdb_known/c_term/svcomp_stroeder1_alloca.c"
"Et1.c",YES,"","None","Results/CPA_Outputs/tpdb_known429term/cpaouts/Et1.c_lasso_out",YES,"","None","Results/CPA_Outputs/tpdb_known429term/cpaouts/Et1.c_general_out",1.80,1.82,"../EvolveTerm/data/tpdb_known/c_term/Et1.c"
"svcomp_a.08-alloca.c",MAYBE,"","None","Results/CPA_Outputs/tpdb_known429term/cpaouts/svcomp_a.08-alloca.c_lasso_out",MAYBE,"","None","Results/CPA_Outputs/tpdb_known429term/cpaouts/svcomp_a.08-alloca.c_general_out",1.76,292.37,"../EvolveTerm/data/tpdb_known/c_term/svcomp_a.08-alloca.c"
"standard_copy7_true-unreach-call_ground.c",FAILED,"","None","Results/CPA_Outputs/tpdb_known429term/cpaouts/standard_copy7_true-unreach-call_ground.c_lasso_out",MAYBE,"","None","Results/CPA_Outputs/tpdb_known429term/cpaouts/standard_copy7_true-unreach-call_ground.c_general_out",306.74,153.14,"../EvolveTerm/data/tpdb_known/c_term/standard_copy7_true-unreach-call_ground.c"
"svcomp_ex1.c",YES,"","None","Results/CPA_Outputs/tpdb_known429term/cpaouts/svcomp_ex1.c_lasso_out",YES,"","None","Results/CPA_Outputs/tpdb_known429term/cpaouts/svcomp_ex1.c_general_out",1.42,1.51,"../EvolveTerm/data/tpdb_known/c_term/svcomp_ex1.c"
"LeeJonesBen-Amram-POPL2001-Ex4_true-termination.c",FAILED,"","None","Results/CPA_Outputs/tpdb_known429term/cpaouts/LeeJonesBen-Amram-POPL2001-Ex4_true-termination.c_lasso_out",FAILED,"","None","Results/CPA_Outputs/tpdb_known429term/cpaouts/LeeJonesBen-Amram-POPL2001-Ex4_true-termination.c_general_out",0.42,0.39,"../EvolveTerm/data/tpdb_known/c_term/LeeJonesBen-Amram-POPL2001-Ex4_true-termination.c"
"svcomp_b.05-alloca.c",MAYBE,"","None","Results/CPA_Outputs/tpdb_known429term/cpaouts/svcomp_b.05-alloca.c_lasso_out",NO,"","None","Results/CPA_Outputs/tpdb_known429term/cpaouts/svcomp_b.05-alloca.c_general_out",1.48,1.45,"../EvolveTerm/data/tpdb_known/c_term/svcomp_b.05-alloca.c"
"Et2_true.c",FAILED,"","None","Results/CPA_Outputs/tpdb_known429term/cpaouts/Et2_true.c_lasso_out",FAILED,"","None","Results/CPA_Outputs/tpdb_known429term/cpaouts/Et2_true.c_general_out",0.42,0.43,"../EvolveTerm/data/tpdb_known/c_term/Et2_true.c"
"AliasDarteFeautrierGonnord-SAS2010-speedFails4_true-termination.c",YES,"","None","Results/CPA_Outputs/tpdb_known429term/cpaouts/AliasDarteFeautrierGonnord-SAS2010-speedFails4_true-termination.c_lasso_out",YES,"","None","Results/CPA_Outputs/tpdb_known429term/cpaouts/AliasDarteFeautrierGonnord-SAS2010-speedFails4_true-termination.c_general_out",1.63,1.70,"../EvolveTerm/data/tpdb_known/c_term/AliasDarteFeautrierGonnord-SAS2010-speedFails4_true-termination.c"
"Copenhagen_disj_true-termination.c",YES,"","None","Results/CPA_Outputs/tpdb_known429term/cpaouts/Copenhagen_disj_true-termination.c_lasso_out",YES,"","None","Results/CPA_Outputs/tpdb_known429term/cpaouts/Copenhagen_disj_true-termination.c_general_out",1.66,1.71,"../EvolveTerm/data/tpdb_known/c_term/Copenhagen_disj_true-termination.c"
"svcomp_cstrcmp_true_alloca.c",MAYBE,"","None","Results/CPA_Outputs/tpdb_known429term/cpaouts/svcomp_cstrcmp_true_alloca.c_lasso_out",MAYBE,"","None","Results/CPA_Outputs/tpdb_known429term/cpaouts/svcomp_cstrcmp_true_alloca.c_general_out",1.64,261.95,"../EvolveTerm/data/tpdb_known/c_term/svcomp_cstrcmp_true_alloca.c"
"svcomp_MultCommutative_true-unreach-call_true-termination_modified.c",FAILED,"","None","Results/CPA_Outputs/tpdb_known429term/cpaouts/svcomp_MultCommutative_true-unreach-call_true-termination_modified.c_lasso_out",FAILED,"","None","Results/CPA_Outputs/tpdb_known429term/cpaouts/svcomp_MultCommutative_true-unreach-call_true-termination_modified.c_general_out",0.42,0.39,"../EvolveTerm/data/tpdb_known/c_term/svcomp_MultCommutative_true-unreach-call_true-termination_modified.c"
"svcomp_CookSeeZuleger-2013TACAS-Fig3_true-alloca.c",MAYBE,"","None","Results/CPA_Outputs/tpdb_known429term/cpaouts/svcomp_CookSeeZuleger-2013TACAS-Fig3_true-alloca.c_lasso_out",NO,"","None","Results/CPA_Outputs/tpdb_known429term/cpaouts/svcomp_CookSeeZuleger-2013TACAS-Fig3_true-alloca.c_general_out",1.49,1.43,"../EvolveTerm/data/tpdb_known/c_term/svcomp_CookSeeZuleger-2013TACAS-Fig3_true-alloca.c"
"svcomp_easySum.c",YES,"","None","Results/CPA_Outputs/tpdb_known429term/cpaouts/svcomp_easySum.c_lasso_out",YES,"","None","Results/CPA_Outputs/tpdb_known429term/cpaouts/svcomp_easySum.c_general_out",1.39,1.50,"../EvolveTerm/data/tpdb_known/c_term/svcomp_easySum.c"
"majority-noarray_true-termination.c",NO,"","None","Results/CPA_Outputs/tpdb_known429term/cpaouts/majority-noarray_true-termination.c_lasso_out",NO,"","None","Results/CPA_Outputs/tpdb_known429term/cpaouts/majority-noarray_true-termination.c_general_out",13.61,2.41,"../EvolveTerm/data/tpdb_known/c_term/majority-noarray_true-termination.c"
"PodelskiRybalchenko-LICS2004-Fig2_true-termination.c",YES,"","None","Results/CPA_Outputs/tpdb_known429term/cpaouts/PodelskiRybalchenko-LICS2004-Fig2_true-termination.c_lasso_out",YES,"","None","Results/CPA_Outputs/tpdb_known429term/cpaouts/PodelskiRybalchenko-LICS2004-Fig2_true-termination.c_general_out",2.19,2.49,"../EvolveTerm/data/tpdb_known/c_term/PodelskiRybalchenko-LICS2004-Fig2_true-termination.c"
"McCarthy91_false-unreach-call_false-termination.c",FAILED,"","None","Results/CPA_Outputs/tpdb_known429term/cpaouts/McCarthy91_false-unreach-call_false-termination.c_lasso_out",FAILED,"","None","Results/CPA_Outputs/tpdb_known429term/cpaouts/McCarthy91_false-unreach-call_false-termination.c_general_out",0.38,0.42,"../EvolveTerm/data/tpdb_known/c_term/McCarthy91_false-unreach-call_false-termination.c"
"ChenFlurMukhopadhyay-SAS2012-Ex2.09_true-termination.c",YES,"","None","Results/CPA_Outputs/tpdb_known429term/cpaouts/ChenFlurMukhopadhyay-SAS2012-Ex2.09_true-termination.c_lasso_out",NO,"","None","Results/CPA_Outputs/tpdb_known429term/cpaouts/ChenFlurMukhopadhyay-SAS2012-Ex2.09_true-termination.c_general_out",1.54,1.24,"../EvolveTerm/data/tpdb_known/c_term/ChenFlurMukhopadhyay-SAS2012-Ex2.09_true-termination.c"
"svcomp_b.04.c",MAYBE,"","None","Results/CPA_Outputs/tpdb_known429term/cpaouts/svcomp_b.04.c_lasso_out",MAYBE,"","None","Results/CPA_Outputs/tpdb_known429term/cpaouts/svcomp_b.04.c_general_out",1.35,276.69,"../EvolveTerm/data/tpdb_known/c_term/svcomp_b.04.c"
"GopanReps-CAV2006-Fig1a_true-termination.c.c",MAYBE,"","None","Results/CPA_Outputs/tpdb_known429term/cpaouts/GopanReps-CAV2006-Fig1a_true-termination.c.c_lasso_out",YES,"","None","Results/CPA_Outputs/tpdb_known429term/cpaouts/GopanReps-CAV2006-Fig1a_true-termination.c.c_general_out",290.60,2.39,"../EvolveTerm/data/tpdb_known/c_term/GopanReps-CAV2006-Fig1a_true-termination.c.c"
"svcomp_gcd01_true-unreach-call_true-termination_modified.c",FAILED,"","None","Results/CPA_Outputs/tpdb_known429term/cpaouts/svcomp_gcd01_true-unreach-call_true-termination_modified.c_lasso_out",FAILED,"","None","Results/CPA_Outputs/tpdb_known429term/cpaouts/svcomp_gcd01_true-unreach-call_true-termination_modified.c_general_out",0.40,0.44,"../EvolveTerm/data/tpdb_known/c_term/svcomp_gcd01_true-unreach-call_true-termination_modified.c"
"PastaC2.c",YES,"","None","Results/CPA_Outputs/tpdb_known429term/cpaouts/PastaC2.c_lasso_out",YES,"","None","Results/CPA_Outputs/tpdb_known429term/cpaouts/PastaC2.c_general_out",1.64,1.97,"../EvolveTerm/data/tpdb_known/c_term/PastaC2.c"
"svcomp_ex2.c",MAYBE,"","None","Results/CPA_Outputs/tpdb_known429term/cpaouts/svcomp_ex2.c_lasso_out",MAYBE,"","None","Results/CPA_Outputs/tpdb_known429term/cpaouts/svcomp_ex2.c_general_out",1.45,262.58,"../EvolveTerm/data/tpdb_known/c_term/svcomp_ex2.c"
"GulavaniGulwani-CAV2008-Fig1a_true-termination.c",YES,"","None","Results/CPA_Outputs/tpdb_known429term/cpaouts/GulavaniGulwani-CAV2008-Fig1a_true-termination.c_lasso_out",YES,"","None","Results/CPA_Outputs/tpdb_known429term/cpaouts/GulavaniGulwani-CAV2008-Fig1a_true-termination.c_general_out",1.61,1.63,"../EvolveTerm/data/tpdb_known/c_term/GulavaniGulwani-CAV2008-Fig1a_true-termination.c"
"svcomp_openbsd_cstrlen_alloca.c",MAYBE,"","None","Results/CPA_Outputs/tpdb_known429term/cpaouts/svcomp_openbsd_cstrlen_alloca.c_lasso_out",MAYBE,"","None","Results/CPA_Outputs/tpdb_known429term/cpaouts/svcomp_openbsd_cstrlen_alloca.c_general_out",1.38,269.15,"../EvolveTerm/data/tpdb_known/c_term/svcomp_openbsd_cstrlen_alloca.c"
"gcd1_true-termination.c",MAYBE,"","None","Results/CPA_Outputs/tpdb_known429term/cpaouts/gcd1_true-termination.c_lasso_out",MAYBE,"","None","Results/CPA_Outputs/tpdb_known429term/cpaouts/gcd1_true-termination.c_general_out",1.60,275.34,"../EvolveTerm/data/tpdb_known/c_term/gcd1_true-termination.c"
"svcomp_ex3a.c",NO,"","None","Results/CPA_Outputs/tpdb_known429term/cpaouts/svcomp_ex3a.c_lasso_out",MAYBE,"","None","Results/CPA_Outputs/tpdb_known429term/cpaouts/svcomp_ex3a.c_general_out",1.33,265.59,"../EvolveTerm/data/tpdb_known/c_term/svcomp_ex3a.c"
"HeizmannHoenickeLeikePodelski-ATVA2013-Fig9_true-termination.c",MAYBE,"","None","Results/CPA_Outputs/tpdb_known429term/cpaouts/HeizmannHoenickeLeikePodelski-ATVA2013-Fig9_true-termination.c_lasso_out",MAYBE,"","None","Results/CPA_Outputs/tpdb_known429term/cpaouts/HeizmannHoenickeLeikePodelski-ATVA2013-Fig9_true-termination.c_general_out",1.40,295.94,"../EvolveTerm/data/tpdb_known/c_term/HeizmannHoenickeLeikePodelski-ATVA2013-Fig9_true-termination.c"
"svcomp_Toulouse-MultiBranchesToLoop_true-alloca.c",MAYBE,"","None","Results/CPA_Outputs/tpdb_known429term/cpaouts/svcomp_Toulouse-MultiBranchesToLoop_true-alloca.c_lasso_out",MAYBE,"","None","Results/CPA_Outputs/tpdb_known429term/cpaouts/svcomp_Toulouse-MultiBranchesToLoop_true-alloca.c_general_out",6.81,279.34,"../EvolveTerm/data/tpdb_known/c_term/svcomp_Toulouse-MultiBranchesToLoop_true-alloca.c"
"PastaA7.c",YES,"","None","Results/CPA_Outputs/tpdb_known429term/cpaouts/PastaA7.c_lasso_out",YES,"","None","Results/CPA_Outputs/tpdb_known429term/cpaouts/PastaA7.c_general_out",1.39,1.47,"../EvolveTerm/data/tpdb_known/c_term/PastaA7.c"
"svcomp_b.15-alloca.c",MAYBE,"","None","Results/CPA_Outputs/tpdb_known429term/cpaouts/svcomp_b.15-alloca.c_lasso_out",MAYBE,"","None","Results/CPA_Outputs/tpdb_known429term/cpaouts/svcomp_b.15-alloca.c_general_out",3.05,262.61,"../EvolveTerm/data/tpdb_known/c_term/svcomp_b.15-alloca.c"
"svcomp_java_LogBuiltIn.c",YES,"","None","Results/CPA_Outputs/tpdb_known429term/cpaouts/svcomp_java_LogBuiltIn.c_lasso_out",YES,"","None","Results/CPA_Outputs/tpdb_known429term/cpaouts/svcomp_java_LogBuiltIn.c_general_out",10.46,10.02,"../EvolveTerm/data/tpdb_known/c_term/svcomp_java_LogBuiltIn.c"
"svcomp_b.03_assume-alloca.c",MAYBE,"","None","Results/CPA_Outputs/tpdb_known429term/cpaouts/svcomp_b.03_assume-alloca.c_lasso_out",MAYBE,"","None","Results/CPA_Outputs/tpdb_known429term/cpaouts/svcomp_b.03_assume-alloca.c_general_out",1.50,295.22,"../EvolveTerm/data/tpdb_known/c_term/svcomp_b.03_assume-alloca.c"
"Addition01_true-unreach-call_true-termination.c",FAILED,"","None","Results/CPA_Outputs/tpdb_known429term/cpaouts/Addition01_true-unreach-call_true-termination.c_lasso_out",FAILED,"","None","Results/CPA_Outputs/tpdb_known429term/cpaouts/Addition01_true-unreach-call_true-termination.c_general_out",0.40,0.37,"../EvolveTerm/data/tpdb_known/c_term/Addition01_true-unreach-call_true-termination.c"
"svcomp_NoriSharma-2013FSE-Fig7_true-alloca.c",MAYBE,"","None","Results/CPA_Outputs/tpdb_known429term/cpaouts/svcomp_NoriSharma-2013FSE-Fig7_true-alloca.c_lasso_out",MAYBE,"","None","Results/CPA_Outputs/tpdb_known429term/cpaouts/svcomp_NoriSharma-2013FSE-Fig7_true-alloca.c_general_out",27.72,260.10,"../EvolveTerm/data/tpdb_known/c_term/svcomp_NoriSharma-2013FSE-Fig7_true-alloca.c"
"nondet_ll_traverse.c",MAYBE,"","None","Results/CPA_Outputs/tpdb_known429term/cpaouts/nondet_ll_traverse.c_lasso_out",MAYBE,"","None","Results/CPA_Outputs/tpdb_known429term/cpaouts/nondet_ll_traverse.c_general_out",1.76,290.87,"../EvolveTerm/data/tpdb_known/c_term/nondet_ll_traverse.c"
"Benghazi_true-termination.c",YES,"","None","Results/CPA_Outputs/tpdb_known429term/cpaouts/Benghazi_true-termination.c_lasso_out",YES,"","None","Results/CPA_Outputs/tpdb_known429term/cpaouts/Benghazi_true-termination.c_general_out",1.58,1.71,"../EvolveTerm/data/tpdb_known/c_term/Benghazi_true-termination.c"
"AliasDarteFeautrierGonnord-SAS2010-counterex1a_true-termination.c",YES,"","None","Results/CPA_Outputs/tpdb_known429term/cpaouts/AliasDarteFeautrierGonnord-SAS2010-counterex1a_true-termination.c_lasso_out",YES,"","None","Results/CPA_Outputs/tpdb_known429term/cpaouts/AliasDarteFeautrierGonnord-SAS2010-counterex1a_true-termination.c_general_out",3.29,3.22,"../EvolveTerm/data/tpdb_known/c_term/AliasDarteFeautrierGonnord-SAS2010-counterex1a_true-termination.c"
"rec_strlen.c",FAILED,"","None","Results/CPA_Outputs/tpdb_known429term/cpaouts/rec_strlen.c_lasso_out",FAILED,"","None","Results/CPA_Outputs/tpdb_known429term/cpaouts/rec_strlen.c_general_out",0.40,0.38,"../EvolveTerm/data/tpdb_known/c_term/rec_strlen.c"
"svcomp_cstrcmp_true-termination.c",MAYBE,"","None","Results/CPA_Outputs/tpdb_known429term/cpaouts/svcomp_cstrcmp_true-termination.c_lasso_out",MAYBE,"","None","Results/CPA_Outputs/tpdb_known429term/cpaouts/svcomp_cstrcmp_true-termination.c_general_out",1.58,260.51,"../EvolveTerm/data/tpdb_known/c_term/svcomp_cstrcmp_true-termination.c"
"svcomp_stroeder2_alloca.c",MAYBE,"","None","Results/CPA_Outputs/tpdb_known429term/cpaouts/svcomp_stroeder2_alloca.c_lasso_out",MAYBE,"","None","Results/CPA_Outputs/tpdb_known429term/cpaouts/svcomp_stroeder2_alloca.c_general_out",1.60,267.23,"../EvolveTerm/data/tpdb_known/c_term/svcomp_stroeder2_alloca.c"
"svcomp_Urban-2013WST-Fig2-modified1000_true-alloca.c",MAYBE,"","None","Results/CPA_Outputs/tpdb_known429term/cpaouts/svcomp_Urban-2013WST-Fig2-modified1000_true-alloca.c_lasso_out",MAYBE,"","None","Results/CPA_Outputs/tpdb_known429term/cpaouts/svcomp_Urban-2013WST-Fig2-modified1000_true-alloca.c_general_out",291.49,145.56,"../EvolveTerm/data/tpdb_known/c_term/svcomp_Urban-2013WST-Fig2-modified1000_true-alloca.c"
"nondet_ll_delete.c",MAYBE,"","None","Results/CPA_Outputs/tpdb_known429term/cpaouts/nondet_ll_delete.c_lasso_out",MAYBE,"","None","Results/CPA_Outputs/tpdb_known429term/cpaouts/nondet_ll_delete.c_general_out",2.11,285.94,"../EvolveTerm/data/tpdb_known/c_term/nondet_ll_delete.c"
"Waldkirch_true-termination.c",YES,"","None","Results/CPA_Outputs/tpdb_known429term/cpaouts/Waldkirch_true-termination.c_lasso_out",YES,"","None","Results/CPA_Outputs/tpdb_known429term/cpaouts/Waldkirch_true-termination.c_general_out",1.36,1.22,"../EvolveTerm/data/tpdb_known/c_term/Waldkirch_true-termination.c"
"easy2_true-termination.c",YES,"","None","Results/CPA_Outputs/tpdb_known429term/cpaouts/easy2_true-termination.c_lasso_out",YES,"","None","Results/CPA_Outputs/tpdb_known429term/cpaouts/easy2_true-termination.c_general_out",1.41,1.53,"../EvolveTerm/data/tpdb_known/c_term/easy2_true-termination.c"
"svcomp_openbsd_cmemset_alloca.c",MAYBE,"","None","Results/CPA_Outputs/tpdb_known429term/cpaouts/svcomp_openbsd_cmemset_alloca.c_lasso_out",MAYBE,"","None","Results/CPA_Outputs/tpdb_known429term/cpaouts/svcomp_openbsd_cmemset_alloca.c_general_out",1.42,270.52,"../EvolveTerm/data/tpdb_known/c_term/svcomp_openbsd_cmemset_alloca.c"
"Sequence.c",YES,"","None","Results/CPA_Outputs/tpdb_known429term/cpaouts/Sequence.c_lasso_out",YES,"","None","Results/CPA_Outputs/tpdb_known429term/cpaouts/Sequence.c_general_out",134.36,1.60,"../EvolveTerm/data/tpdb_known/c_term/Sequence.c"
"HeizmannHoenickeLeikePodelski-ATVA2013-Fig4_true-termination.c",YES,"","None","Results/CPA_Outputs/tpdb_known429term/cpaouts/HeizmannHoenickeLeikePodelski-ATVA2013-Fig4_true-termination.c_lasso_out",YES,"","None","Results/CPA_Outputs/tpdb_known429term/cpaouts/HeizmannHoenickeLeikePodelski-ATVA2013-Fig4_true-termination.c_general_out",1.37,1.46,"../EvolveTerm/data/tpdb_known/c_term/HeizmannHoenickeLeikePodelski-ATVA2013-Fig4_true-termination.c"
"aaron3_true-termination.c",YES,"","None","Results/CPA_Outputs/tpdb_known429term/cpaouts/aaron3_true-termination.c_lasso_out",YES,"","None","Results/CPA_Outputs/tpdb_known429term/cpaouts/aaron3_true-termination.c_general_out",1.43,1.19,"../EvolveTerm/data/tpdb_known/c_term/aaron3_true-termination.c"
"AliasDarteFeautrierGonnord-SAS2010-Fig2b_true-termination.c",MAYBE,"","None","Results/CPA_Outputs/tpdb_known429term/cpaouts/AliasDarteFeautrierGonnord-SAS2010-Fig2b_true-termination.c_lasso_out",MAYBE,"","None","Results/CPA_Outputs/tpdb_known429term/cpaouts/AliasDarteFeautrierGonnord-SAS2010-Fig2b_true-termination.c_general_out",10.37,263.06,"../EvolveTerm/data/tpdb_known/c_term/AliasDarteFeautrierGonnord-SAS2010-Fig2b_true-termination.c"
"svcomp_openbsd_cstpncpy_alloca.c",MAYBE,"","None","Results/CPA_Outputs/tpdb_known429term/cpaouts/svcomp_openbsd_cstpncpy_alloca.c_lasso_out",MAYBE,"","None","Results/CPA_Outputs/tpdb_known429term/cpaouts/svcomp_openbsd_cstpncpy_alloca.c_general_out",2.00,261.44,"../EvolveTerm/data/tpdb_known/c_term/svcomp_openbsd_cstpncpy_alloca.c"
"svcomp_c.02.c",YES,"","None","Results/CPA_Outputs/tpdb_known429term/cpaouts/svcomp_c.02.c_lasso_out",YES,"","None","Results/CPA_Outputs/tpdb_known429term/cpaouts/svcomp_c.02.c_general_out",1.69,2.01,"../EvolveTerm/data/tpdb_known/c_term/svcomp_c.02.c"
"floppy_simpl3_false-unreach-call_true-termination.cil.c",YES,"","None","Results/CPA_Outputs/tpdb_known429term/cpaouts/floppy_simpl3_false-unreach-call_true-termination.cil.c_lasso_out",YES,"","None","Results/CPA_Outputs/tpdb_known429term/cpaouts/floppy_simpl3_false-unreach-call_true-termination.cil.c_general_out",1.61,1.83,"../EvolveTerm/data/tpdb_known/c_term/floppy_simpl3_false-unreach-call_true-termination.cil.c"
"LeUserDefRec_true.c",FAILED,"","None","Results/CPA_Outputs/tpdb_known429term/cpaouts/LeUserDefRec_true.c_lasso_out",FAILED,"","None","Results/CPA_Outputs/tpdb_known429term/cpaouts/LeUserDefRec_true.c_general_out",0.41,0.39,"../EvolveTerm/data/tpdb_known/c_term/LeUserDefRec_true.c"
"svcomp_b.12.c",YES,"","None","Results/CPA_Outputs/tpdb_known429term/cpaouts/svcomp_b.12.c_lasso_out",YES,"","None","Results/CPA_Outputs/tpdb_known429term/cpaouts/svcomp_b.12.c_general_out",1.60,1.63,"../EvolveTerm/data/tpdb_known/c_term/svcomp_b.12.c"
"Avg_true.c",FAILED,"","None","Results/CPA_Outputs/tpdb_known429term/cpaouts/Avg_true.c_lasso_out",FAILED,"","None","Results/CPA_Outputs/tpdb_known429term/cpaouts/Avg_true.c_general_out",0.39,0.38,"../EvolveTerm/data/tpdb_known/c_term/Avg_true.c"
"svcomp_java_AG313.c",MAYBE,"","None","Results/CPA_Outputs/tpdb_known429term/cpaouts/svcomp_java_AG313.c_lasso_out",MAYBE,"","None","Results/CPA_Outputs/tpdb_known429term/cpaouts/svcomp_java_AG313.c_general_out",1.43,265.89,"../EvolveTerm/data/tpdb_known/c_term/svcomp_java_AG313.c"
"MenloPark_true-termination.c",YES,"","None","Results/CPA_Outputs/tpdb_known429term/cpaouts/MenloPark_true-termination.c_lasso_out",YES,"","None","Results/CPA_Outputs/tpdb_known429term/cpaouts/MenloPark_true-termination.c_general_out",1.75,1.78,"../EvolveTerm/data/tpdb_known/c_term/MenloPark_true-termination.c"
"AliasDarteFeautrierGonnord-SAS2010-cousot9_true-termination.c",YES,"","None","Results/CPA_Outputs/tpdb_known429term/cpaouts/AliasDarteFeautrierGonnord-SAS2010-cousot9_true-termination.c_lasso_out",YES,"","None","Results/CPA_Outputs/tpdb_known429term/cpaouts/AliasDarteFeautrierGonnord-SAS2010-cousot9_true-termination.c_general_out",1.59,1.69,"../EvolveTerm/data/tpdb_known/c_term/AliasDarteFeautrierGonnord-SAS2010-cousot9_true-termination.c"
"svcomp_recHanoi02_true-unreach-call_true-termination_modified.c",FAILED,"","None","Results/CPA_Outputs/tpdb_known429term/cpaouts/svcomp_recHanoi02_true-unreach-call_true-termination_modified.c_lasso_out",FAILED,"","None","Results/CPA_Outputs/tpdb_known429term/cpaouts/svcomp_recHanoi02_true-unreach-call_true-termination_modified.c_general_out",0.43,0.42,"../EvolveTerm/data/tpdb_known/c_term/svcomp_recHanoi02_true-unreach-call_true-termination_modified.c"
"ex2.c",FAILED,"","None","Results/CPA_Outputs/tpdb_known429term/cpaouts/ex2.c_lasso_out",FAILED,"","None","Results/CPA_Outputs/tpdb_known429term/cpaouts/ex2.c_general_out",0.42,0.43,"../EvolveTerm/data/tpdb_known/c_term/ex2.c"
"nondet_ll_skip.c",MAYBE,"","None","Results/CPA_Outputs/tpdb_known429term/cpaouts/nondet_ll_skip.c_lasso_out",MAYBE,"","None","Results/CPA_Outputs/tpdb_known429term/cpaouts/nondet_ll_skip.c_general_out",2.02,286.85,"../EvolveTerm/data/tpdb_known/c_term/nondet_ll_skip.c"
"Bangalore_v4_true-termination.c",MAYBE,"","None","Results/CPA_Outputs/tpdb_known429term/cpaouts/Bangalore_v4_true-termination.c_lasso_out",MAYBE,"","None","Results/CPA_Outputs/tpdb_known429term/cpaouts/Bangalore_v4_true-termination.c_general_out",1.31,295.36,"../EvolveTerm/data/tpdb_known/c_term/Bangalore_v4_true-termination.c"
"nondet_ll_init.c",MAYBE,"","None","Results/CPA_Outputs/tpdb_known429term/cpaouts/nondet_ll_init.c_lasso_out",MAYBE,"","None","Results/CPA_Outputs/tpdb_known429term/cpaouts/nondet_ll_init.c_general_out",1.40,282.85,"../EvolveTerm/data/tpdb_known/c_term/nondet_ll_init.c"
"Ackermann_true-termination.c",FAILED,"","None","Results/CPA_Outputs/tpdb_known429term/cpaouts/Ackermann_true-termination.c_lasso_out",FAILED,"","None","Results/CPA_Outputs/tpdb_known429term/cpaouts/Ackermann_true-termination.c_general_out",0.42,0.41,"../EvolveTerm/data/tpdb_known/c_term/Ackermann_true-termination.c"
"svcomp_a.05-alloca.c",MAYBE,"","None","Results/CPA_Outputs/tpdb_known429term/cpaouts/svcomp_a.05-alloca.c_lasso_out",MAYBE,"","None","Results/CPA_Outputs/tpdb_known429term/cpaouts/svcomp_a.05-alloca.c_general_out",1.81,292.10,"../EvolveTerm/data/tpdb_known/c_term/svcomp_a.05-alloca.c"
"Stockholm_true-termination.c",YES,"","None","Results/CPA_Outputs/tpdb_known429term/cpaouts/Stockholm_true-termination.c_lasso_out",YES,"","None","Results/CPA_Outputs/tpdb_known429term/cpaouts/Stockholm_true-termination.c_general_out",1.42,1.45,"../EvolveTerm/data/tpdb_known/c_term/Stockholm_true-termination.c"
"WhileDecr.c",YES,"","None","Results/CPA_Outputs/tpdb_known429term/cpaouts/WhileDecr.c_lasso_out",YES,"","None","Results/CPA_Outputs/tpdb_known429term/cpaouts/WhileDecr.c_general_out",1.36,1.44,"../EvolveTerm/data/tpdb_known/c_term/WhileDecr.c"
"svcomp_b.12-alloca.c",MAYBE,"","None","Results/CPA_Outputs/tpdb_known429term/cpaouts/svcomp_b.12-alloca.c_lasso_out",MAYBE,"","None","Results/CPA_Outputs/tpdb_known429term/cpaouts/svcomp_b.12-alloca.c_general_out",1.80,278.51,"../EvolveTerm/data/tpdb_known/c_term/svcomp_b.12-alloca.c"
"HeizmannHoenickeLeikePodelski-ATVA2013-Fig1_true-termination.c",YES,"","None","Results/CPA_Outputs/tpdb_known429term/cpaouts/HeizmannHoenickeLeikePodelski-ATVA2013-Fig1_true-termination.c_lasso_out",YES,"","None","Results/CPA_Outputs/tpdb_known429term/cpaouts/HeizmannHoenickeLeikePodelski-ATVA2013-Fig1_true-termination.c_general_out",1.41,1.43,"../EvolveTerm/data/tpdb_known/c_term/HeizmannHoenickeLeikePodelski-ATVA2013-Fig1_true-termination.c"
"PodelskiRybalchenko-VMCAI2004-Ex2_true-termination.c",MAYBE,"","None","Results/CPA_Outputs/tpdb_known429term/cpaouts/PodelskiRybalchenko-VMCAI2004-Ex2_true-termination.c_lasso_out",MAYBE,"","None","Results/CPA_Outputs/tpdb_known429term/cpaouts/PodelskiRybalchenko-VMCAI2004-Ex2_true-termination.c_general_out",1.35,291.34,"../EvolveTerm/data/tpdb_known/c_term/PodelskiRybalchenko-VMCAI2004-Ex2_true-termination.c"
"CookSeeZuleger-TACAS2013-Fig8a-modified_true-termination.c",YES,"","None","Results/CPA_Outputs/tpdb_known429term/cpaouts/CookSeeZuleger-TACAS2013-Fig8a-modified_true-termination.c_lasso_out",YES,"","None","Results/CPA_Outputs/tpdb_known429term/cpaouts/CookSeeZuleger-TACAS2013-Fig8a-modified_true-termination.c_general_out",1.50,1.63,"../EvolveTerm/data/tpdb_known/c_term/CookSeeZuleger-TACAS2013-Fig8a-modified_true-termination.c"
"GCD4.c",MAYBE,"","None","Results/CPA_Outputs/tpdb_known429term/cpaouts/GCD4.c_lasso_out",MAYBE,"","None","Results/CPA_Outputs/tpdb_known429term/cpaouts/GCD4.c_general_out",1.56,278.96,"../EvolveTerm/data/tpdb_known/c_term/GCD4.c"
"svcomp_gcd1_true-alloca.c",MAYBE,"","None","Results/CPA_Outputs/tpdb_known429term/cpaouts/svcomp_gcd1_true-alloca.c_lasso_out",MAYBE,"","None","Results/CPA_Outputs/tpdb_known429term/cpaouts/svcomp_gcd1_true-alloca.c_general_out",2.10,289.46,"../EvolveTerm/data/tpdb_known/c_term/svcomp_gcd1_true-alloca.c"
"BrockschmidtCookFuhs-CAV2013-Fig1_true-termination.c",MAYBE,"","None","Results/CPA_Outputs/tpdb_known429term/cpaouts/BrockschmidtCookFuhs-CAV2013-Fig1_true-termination.c_lasso_out",MAYBE,"","None","Results/CPA_Outputs/tpdb_known429term/cpaouts/BrockschmidtCookFuhs-CAV2013-Fig1_true-termination.c_general_out",284.28,138.54,"../EvolveTerm/data/tpdb_known/c_term/BrockschmidtCookFuhs-CAV2013-Fig1_true-termination.c"
"PlusSwap.c",YES,"","None","Results/CPA_Outputs/tpdb_known429term/cpaouts/PlusSwap.c_lasso_out",YES,"","None","Results/CPA_Outputs/tpdb_known429term/cpaouts/PlusSwap.c_general_out",1.50,1.55,"../EvolveTerm/data/tpdb_known/c_term/PlusSwap.c"
"desc_ll_with_offset_search.c",MAYBE,"","None","Results/CPA_Outputs/tpdb_known429term/cpaouts/desc_ll_with_offset_search.c_lasso_out",NO,"","None","Results/CPA_Outputs/tpdb_known429term/cpaouts/desc_ll_with_offset_search.c_general_out",2.65,1.42,"../EvolveTerm/data/tpdb_known/c_term/desc_ll_with_offset_search.c"
"Copenhagen_true-termination.c",YES,"","None","Results/CPA_Outputs/tpdb_known429term/cpaouts/Copenhagen_true-termination.c_lasso_out",YES,"","None","Results/CPA_Outputs/tpdb_known429term/cpaouts/Copenhagen_true-termination.c_general_out",1.42,1.43,"../EvolveTerm/data/tpdb_known/c_term/Copenhagen_true-termination.c"
