c_path,result,error,status,execution_time,processed_time
TPDB_NO/pals_opt-floodmax.3_false-unreach-call.1.ufo.BOUNDED-6.pals.c,ERROR,Execution timed out,failed,300,2025-06-19 09:04:05
TPDB_NO/ChenFlurMukhopadhyay-SAS2012-Ex2.03_false-termination.c,NO,,success,2.0984346866607666,2025-06-19 09:04:07
TPDB_NO/NO_01.c,NO,,success,1.9450492858886719,2025-06-19 09:04:09
TPDB_NO/ComplInterv3.c,NO,,success,4.706828832626343,2025-06-19 09:04:14
TPDB_NO/NonTerminationSimple5_false-termination.c,NO,,success,4.72470498085022,2025-06-19 09:04:18
TPDB_NO/NO_00.c,NO,,success,0.7672605514526367,2025-06-19 09:04:19
TPDB_NO/DivWithoutMinus.c,MAYBE,,success,30.695405960083008,2025-06-19 09:04:50
TPDB_NO/NO_12.c,MAYBE,,success,7.671304702758789,2025-06-19 09:04:58
TPDB_NO/Flip2.c,MAYBE,,success,18.408079624176025,2025-06-19 09:05:16
TPDB_NO/svcomp_Velroyen_false-unreach-label-termination-alloca.c,ERROR,"[225765] Failed to execute script irankfinder
Traceback (most recent call last):
  File ""irankfinder.py"", line 190, in parse_file
  File ""genericparser/__init__.py"", line 109, in parse
  File ""genericparser/Parser_c.py"", line 25, in parse
  File ""genericparser/Parser_koat.py"", line 25, in parse_string
  File ""lark/lark.py"", line 197, in parse
  File ""lark/parser_frontends.py"", line 137, in parse
  File ""lark/parsers/xearley.py"", line 143, in parse
lark.common.ParseError: Unexpected end of input! Expecting a terminal of: ['__LPAR']

The above exception was the direct cause of the following exception:

Traceback (most recent call last):
  File ""irankfinder.py"", line 374, in <module>
  File ""irankfinder.py"", line 205, in launch
  File ""irankfinder.py"", line 197, in parse_file
Exception
",failed,0.48094892501831055,2025-06-19 09:05:16
TPDB_NO/Middle.c,NO,,success,2.563276767730713,2025-06-19 09:05:19
TPDB_NO/AlternKonv.c,NO,,success,11.15464973449707,2025-06-19 09:05:30
TPDB_NO/AlternDivWidening.c,MAYBE,,success,29.123443841934204,2025-06-19 09:05:59
TPDB_NO/Loop.c,NO,,success,1.1256930828094482,2025-06-19 09:06:00
TPDB_NO/NonTerminationSimple8_false-termination.c,NO,,success,111.82814335823059,2025-06-19 09:07:52
TPDB_NO/NestedRecursion_2b_false-termination.c,ERROR,"[226277] Failed to execute script irankfinder
Traceback (most recent call last):
  File ""irankfinder.py"", line 190, in parse_file
  File ""genericparser/__init__.py"", line 109, in parse
  File ""genericparser/Parser_c.py"", line 21, in parse
Exception: b'Cannot use ""-eager-inline"" with a cyclic call hierarchy!\n'

The above exception was the direct cause of the following exception:

Traceback (most recent call last):
  File ""irankfinder.py"", line 374, in <module>
  File ""irankfinder.py"", line 205, in launch
  File ""irankfinder.py"", line 197, in parse_file
Exception
",failed,0.4454648494720459,2025-06-19 09:07:53
TPDB_NO/Marbie1.c,NO,,success,1.4827158451080322,2025-06-19 09:07:54
TPDB_NO/NO_22.c,MAYBE,,success,4.923433303833008,2025-06-19 09:07:59
TPDB_NO/Ex03.c,NO,,success,2.8466086387634277,2025-06-19 09:08:02
TPDB_NO/ComplInterv2.c,NO,,success,6.861128568649292,2025-06-19 09:08:09
TPDB_NO/UpAndDown.c,MAYBE,,success,105.40437531471252,2025-06-19 09:09:54
TPDB_NO/ChenFlurMukhopadhyay-SAS2012-Ex2.17_false-termination.c,NO,,success,2.2610297203063965,2025-06-19 09:09:57
TPDB_NO/minepump_spec1_product01_true-unreach-call.cil.c,ERROR,Execution timed out,failed,300,2025-06-19 09:14:57
TPDB_NO/HenzingerJhalaMajumdarSutre-POPL2002-LockingExample_false-termination.c,NO,,success,169.82385563850403,2025-06-19 09:17:47
TPDB_NO/token_ring.05_false-unreach-call_false-termination.cil.c,ERROR,Execution timed out,failed,300,2025-06-19 09:22:47
TPDB_NO/NO_21.c,NO,,success,1.2427804470062256,2025-06-19 09:22:48
TPDB_NO/WhileIncr.c,NO,,success,1.5665512084960938,2025-06-19 09:22:50
TPDB_NO/NO_04.c,NO,,success,6.647938966751099,2025-06-19 09:22:56
TPDB_NO/Ex05.c,NO,,success,0.6505832672119141,2025-06-19 09:22:57
TPDB_NO/pals_STARTPALS_Triplicated_false-unreach-call.1.ufo.BOUNDED-10.pals.c,ERROR,Execution timed out,failed,300,2025-06-19 09:27:57
TPDB_NO/NonTerminationSimple4_false-termination.c,NO,,success,1.892730712890625,2025-06-19 09:27:59
TPDB_NO/Hanoi_2vars_false-termination.c,NO,,success,1.5597994327545166,2025-06-19 09:28:00
TPDB_NO/Flip.c,NO,,success,2.989671468734741,2025-06-19 09:28:04
TPDB_NO/NonTerminationSimple3_false-termination.c,NO,,success,1.7780256271362305,2025-06-19 09:28:05
TPDB_NO/NO_24.c,MAYBE,,success,3.3097102642059326,2025-06-19 09:28:09
TPDB_NO/NO_10.c,NO,,success,1.0420472621917725,2025-06-19 09:28:10
TPDB_NO/pals_lcr-var-start-time.3_false-unreach-call.1.ufo.BOUNDED-6.pals.c,ERROR,Execution timed out,failed,300,2025-06-19 09:33:10
TPDB_NO/Lcm.c,NO,,success,3.732455253601074,2025-06-19 09:33:14
TPDB_NO/sum_non_eq_false-unreach-call.c,ERROR,"[235604] Failed to execute script irankfinder
Traceback (most recent call last):
  File ""irankfinder.py"", line 190, in parse_file
  File ""genericparser/__init__.py"", line 109, in parse
  File ""genericparser/Parser_c.py"", line 21, in parse
Exception: b'Cannot use ""-eager-inline"" with a cyclic call hierarchy!\n'

The above exception was the direct cause of the following exception:

Traceback (most recent call last):
  File ""irankfinder.py"", line 374, in <module>
  File ""irankfinder.py"", line 205, in launch
  File ""irankfinder.py"", line 197, in parse_file
Exception
",failed,0.3302266597747803,2025-06-19 09:33:14
TPDB_NO/GCD.c,NO,,success,13.717516422271729,2025-06-19 09:33:28
TPDB_NO/NestedRecursion_2a_false-termination.c,ERROR,"[235677] Failed to execute script irankfinder
Traceback (most recent call last):
  File ""irankfinder.py"", line 190, in parse_file
  File ""genericparser/__init__.py"", line 109, in parse
  File ""genericparser/Parser_c.py"", line 21, in parse
Exception: b'Cannot use ""-eager-inline"" with a cyclic call hierarchy!\n'

The above exception was the direct cause of the following exception:

Traceback (most recent call last):
  File ""irankfinder.py"", line 374, in <module>
  File ""irankfinder.py"", line 205, in launch
  File ""irankfinder.py"", line 197, in parse_file
Exception
",failed,0.45556044578552246,2025-06-19 09:33:28
TPDB_NO/Ex04.c,NO,,success,1.0692346096038818,2025-06-19 09:33:29
TPDB_NO/NonTermination1_false-termination.c,NO,,success,1.0766243934631348,2025-06-19 09:33:30
TPDB_NO/Arrays02-EquivalentConstantIndices_false-termination.c,NO,,success,2.1595230102539062,2025-06-19 09:33:32
TPDB_NO/WhileTrue_false-termination.c,NO,,success,0.715296745300293,2025-06-19 09:33:33
TPDB_NO/Problem02_label00_true-unreach-call.c,ERROR,Execution timed out,failed,300,2025-06-19 09:38:33
TPDB_NO/NonTerminationSimple6_false-termination.c,NO,,success,1.7435834407806396,2025-06-19 09:38:35
TPDB_NO/UpAndDownIneq.c,MAYBE,,success,107.31731653213501,2025-06-19 09:40:22
TPDB_NO/Ex08.c,MAYBE,,success,122.07782220840454,2025-06-19 09:42:24
TPDB_NO/ChenFlurMukhopadhyay-SAS2012-Ex2.12_false-termination.c,NO,,success,2.2862861156463623,2025-06-19 09:42:27
TPDB_NO/Narrowing.c,MAYBE,,success,179.62485575675964,2025-06-19 09:45:26
TPDB_NO/Cairo_nondet_false-termination.c,NO,,success,2.0505385398864746,2025-06-19 09:45:28
TPDB_NO/ChenCookFuhsNimkarOHearn-TACAS2014-Introduction_false-termination.c,NO,,success,2.4176347255706787,2025-06-19 09:45:31
TPDB_NO/svcomp_Urban-2013WST-Fig1_false-unreach-label-termination-alloca.c,ERROR,"[237373] Failed to execute script irankfinder
Traceback (most recent call last):
  File ""irankfinder.py"", line 190, in parse_file
  File ""genericparser/__init__.py"", line 109, in parse
  File ""genericparser/Parser_c.py"", line 25, in parse
  File ""genericparser/Parser_koat.py"", line 25, in parse_string
  File ""lark/lark.py"", line 197, in parse
  File ""lark/parser_frontends.py"", line 137, in parse
  File ""lark/parsers/xearley.py"", line 143, in parse
lark.common.ParseError: Unexpected end of input! Expecting a terminal of: ['__LPAR']

The above exception was the direct cause of the following exception:

Traceback (most recent call last):
  File ""irankfinder.py"", line 374, in <module>
  File ""irankfinder.py"", line 205, in launch
  File ""irankfinder.py"", line 197, in parse_file
Exception
",failed,0.4770932197570801,2025-06-19 09:45:31
TPDB_NO/ChenFlurMukhopadhyay-SAS2012-Ex2.05_false-termination.c,NO,,success,3.5849971771240234,2025-06-19 09:45:35
TPDB_NO/NO_03.c,NO,,success,2.841787576675415,2025-06-19 09:45:38
TPDB_NO/LeikeHeizmann-WST2014-Ex6_false-termination.c,NO,,success,2.2013425827026367,2025-06-19 09:45:40
TPDB_NO/MirrorIntervSim.c,NO,,success,5.936627626419067,2025-06-19 09:45:46
TPDB_NO/Singapore_v2_false-termination.c,NO,,success,2.05255389213562,2025-06-19 09:45:48
TPDB_NO/token_ring.01_false-unreach-call_false-termination.cil.c,ERROR,Execution timed out,failed,300,2025-06-19 09:50:48
TPDB_NO/mem_slave_tlm.1_true-unreach-call_false-termination.cil.c,ERROR,Execution timed out,failed,300,2025-06-19 09:55:48
TPDB_NO/id2_b2_o3_true-unreach-call.c,ERROR,"[238546] Failed to execute script irankfinder
Traceback (most recent call last):
  File ""irankfinder.py"", line 190, in parse_file
  File ""genericparser/__init__.py"", line 109, in parse
  File ""genericparser/Parser_c.py"", line 21, in parse
Exception: b'Cannot use ""-eager-inline"" with a cyclic call hierarchy!\n'

The above exception was the direct cause of the following exception:

Traceback (most recent call last):
  File ""irankfinder.py"", line 374, in <module>
  File ""irankfinder.py"", line 205, in launch
  File ""irankfinder.py"", line 197, in parse_file
Exception
",failed,0.4370698928833008,2025-06-19 09:55:49
TPDB_NO/Singapore_v1_false-termination.c,NO,,success,2.630274534225464,2025-06-19 09:55:51
TPDB_NO/Primes_true-unreach-call.c,ERROR,"[238606] Failed to execute script irankfinder
Traceback (most recent call last):
  File ""irankfinder.py"", line 190, in parse_file
  File ""genericparser/__init__.py"", line 109, in parse
  File ""genericparser/Parser_c.py"", line 21, in parse
Exception: b'Cannot use ""-eager-inline"" with a cyclic call hierarchy!\n'

The above exception was the direct cause of the following exception:

Traceback (most recent call last):
  File ""irankfinder.py"", line 374, in <module>
  File ""irankfinder.py"", line 205, in launch
  File ""irankfinder.py"", line 197, in parse_file
Exception
",failed,0.4402134418487549,2025-06-19 09:55:52
TPDB_NO/Cousot.c,NO,,success,2.509458303451538,2025-06-19 09:55:54
TPDB_NO/svcomp_BradleyMannaSipma-2005CAV-Fig1-modified_false-termination.c,ERROR,"[238639] Failed to execute script irankfinder
Traceback (most recent call last):
  File ""irankfinder.py"", line 190, in parse_file
  File ""genericparser/__init__.py"", line 109, in parse
  File ""genericparser/Parser_c.py"", line 25, in parse
  File ""genericparser/Parser_koat.py"", line 25, in parse_string
  File ""lark/lark.py"", line 197, in parse
  File ""lark/parser_frontends.py"", line 137, in parse
  File ""lark/parsers/xearley.py"", line 143, in parse
lark.common.ParseError: Unexpected end of input! Expecting a terminal of: ['__LPAR']

The above exception was the direct cause of the following exception:

Traceback (most recent call last):
  File ""irankfinder.py"", line 374, in <module>
  File ""irankfinder.py"", line 205, in launch
  File ""irankfinder.py"", line 197, in parse_file
Exception
",failed,0.34354066848754883,2025-06-19 09:55:55
TPDB_NO/Rotation180_false-termination.c,NO,,success,0.8790650367736816,2025-06-19 09:55:56
TPDB_NO/GCD2.c,NO,,success,7.572946786880493,2025-06-19 09:56:03
TPDB_NO/ConvLower.c,NO,,success,2.4945054054260254,2025-06-19 09:56:06
TPDB_NO/ChenFlurMukhopadhyay-SAS2012-Ex2.15_false-termination.c,NO,,success,1.2274913787841797,2025-06-19 09:56:07
TPDB_NO/transmitter.06_false-unreach-call_false-termination.cil.c,ERROR,Execution timed out,failed,300,2025-06-19 10:01:07
TPDB_NO/AlternDivWide.c,NO,,success,8.98154616355896,2025-06-19 10:01:16
TPDB_NO/ChenFlurMukhopadhyay-SAS2012-Ex2.02_false-termination.c,NO,,success,2.0552666187286377,2025-06-19 10:01:18
TPDB_NO/Velroyen_false-termination.c,NO,,success,6.31567120552063,2025-06-19 10:01:25
TPDB_NO/Madrid_false-termination.c,NO,,success,0.5060415267944336,2025-06-19 10:01:25
TPDB_NO/pals_lcr.8_false-unreach-call.1.ufo.BOUNDED-16.pals.c,ERROR,Execution timed out,failed,300,2025-06-19 10:06:25
TPDB_NO/Hanoi_plus_false-termination.c,NO,,success,2.7759625911712646,2025-06-19 10:06:28
TPDB_NO/ChenFlurMukhopadhyay-SAS2012-Ex2.04_false-termination.c,NO,,success,2.175236225128174,2025-06-19 10:06:30
TPDB_NO/Marbie2.c,NO,,success,0.731020450592041,2025-06-19 10:06:31
TPDB_NO/NO_02.c,NO,,success,1.1009490489959717,2025-06-19 10:06:32
TPDB_NO/WhileSingle.c,NO,,success,1.9611022472381592,2025-06-19 10:06:34
TPDB_NO/Gauss.c,NO,,success,2.2235000133514404,2025-06-19 10:06:36
TPDB_NO/svcomp_HarrisLalNoriRajamani-2010SAS-Fig2_false-unreach-label-termination-alloca.c,ERROR,"[240068] Failed to execute script irankfinder
Traceback (most recent call last):
  File ""irankfinder.py"", line 190, in parse_file
  File ""genericparser/__init__.py"", line 109, in parse
  File ""genericparser/Parser_c.py"", line 25, in parse
  File ""genericparser/Parser_koat.py"", line 25, in parse_string
  File ""lark/lark.py"", line 197, in parse
  File ""lark/parser_frontends.py"", line 137, in parse
  File ""lark/parsers/xearley.py"", line 143, in parse
lark.common.ParseError: Unexpected end of input! Expecting a terminal of: ['__LPAR']

The above exception was the direct cause of the following exception:

Traceback (most recent call last):
  File ""irankfinder.py"", line 374, in <module>
  File ""irankfinder.py"", line 205, in launch
  File ""irankfinder.py"", line 197, in parse_file
Exception
",failed,0.347484827041626,2025-06-19 10:06:37
TPDB_NO/HarrisLalNoriRajamani-SAS2010-Fig2_false-termination.c,NO,,success,16.25193691253662,2025-06-19 10:06:53
TPDB_NO/WhilePart.c,NO,,success,2.135268211364746,2025-06-19 10:06:55
TPDB_NO/ChenFlurMukhopadhyay-SAS2012-Ex2.14_false-termination.c,NO,,success,1.575728416442871,2025-06-19 10:06:57
TPDB_NO/pals_lcr-var-start-time.6_false-unreach-call.1.ufo.BOUNDED-12.pals.c,ERROR,Execution timed out,failed,300,2025-06-19 10:11:57
TPDB_NO/TrueDiv.c,NO,,success,1.6427650451660156,2025-06-19 10:11:58
TPDB_NO/LeikeHeizmann-WST2014-Ex5_false-termination.c,MAYBE,,success,3.716425895690918,2025-06-19 10:12:02
TPDB_NO/stateful_check_false-unreach-call.c,ERROR,"[240798] Failed to execute script irankfinder
Traceback (most recent call last):
  File ""irankfinder.py"", line 190, in parse_file
  File ""genericparser/__init__.py"", line 109, in parse
  File ""genericparser/Parser_c.py"", line 25, in parse
  File ""genericparser/Parser_koat.py"", line 25, in parse_string
  File ""lark/lark.py"", line 197, in parse
  File ""lark/parser_frontends.py"", line 137, in parse
  File ""lark/parsers/xearley.py"", line 143, in parse
lark.common.ParseError: Unexpected end of input! Expecting a terminal of: ['__LPAR']

The above exception was the direct cause of the following exception:

Traceback (most recent call last):
  File ""irankfinder.py"", line 374, in <module>
  File ""irankfinder.py"", line 205, in launch
  File ""irankfinder.py"", line 197, in parse_file
Exception
",failed,0.346358060836792,2025-06-19 10:12:02
TPDB_NO/Cairo_step2_false-termination.c,NO,,success,1.4506850242614746,2025-06-19 10:12:04
TPDB_NO/Hanoi_3vars_false-termination.c,NO,,success,2.1444737911224365,2025-06-19 10:12:06
TPDB_NO/pals_lcr.3_false-unreach-call.1.ufo.BOUNDED-6.pals.c,ERROR,Execution timed out,failed,300,2025-06-19 10:17:06
TPDB_NO/Sunset.c,MAYBE,,success,17.34085440635681,2025-06-19 10:17:24
TPDB_NO/MirrorInterv.c,NO,,success,14.865490198135376,2025-06-19 10:17:38
TPDB_NO/Fibonacci.c,MAYBE,,success,4.6177051067352295,2025-06-19 10:17:43
TPDB_NO/Bangalore_false-termination.c,NO,,success,1.788226842880249,2025-06-19 10:17:45
TPDB_NO/pals_STARTPALS_ActiveStandby_false-unreach-call.1.ufo.BOUNDED-10.pals.c,ERROR,Execution timed out,failed,300,2025-06-19 10:22:45
TPDB_NO/NestedRecursion_1a_false-termination.c,ERROR,"[242129] Failed to execute script irankfinder
Traceback (most recent call last):
  File ""irankfinder.py"", line 190, in parse_file
  File ""genericparser/__init__.py"", line 109, in parse
  File ""genericparser/Parser_c.py"", line 21, in parse
Exception: b'Cannot use ""-eager-inline"" with a cyclic call hierarchy!\n'

The above exception was the direct cause of the following exception:

Traceback (most recent call last):
  File ""irankfinder.py"", line 374, in <module>
  File ""irankfinder.py"", line 205, in launch
  File ""irankfinder.py"", line 197, in parse_file
Exception
",failed,0.4418003559112549,2025-06-19 10:22:45
TPDB_NO/Ex02.c,NO,,success,2.437818765640259,2025-06-19 10:22:48
TPDB_NO/Ex01.c,NO,,success,1.0873925685882568,2025-06-19 10:22:49
TPDB_NO/joey_false-termination.c,ERROR,"[242201] Failed to execute script irankfinder
Traceback (most recent call last):
  File ""irankfinder.py"", line 190, in parse_file
  File ""genericparser/__init__.py"", line 109, in parse
  File ""genericparser/Parser_c.py"", line 21, in parse
Exception: b'Cannot use ""-eager-inline"" with a cyclic call hierarchy!\n'

The above exception was the direct cause of the following exception:

Traceback (most recent call last):
  File ""irankfinder.py"", line 374, in <module>
  File ""irankfinder.py"", line 205, in launch
  File ""irankfinder.py"", line 197, in parse_file
Exception
",failed,0.44259119033813477,2025-06-19 10:22:49
TPDB_NO/NonTermination4_false-termination.c,NO,,success,1.5446317195892334,2025-06-19 10:22:51
TPDB_NO/svcomp_PodelskiRybalchenko-2004VMCAI-Ex2_true-alloca.c,ERROR,"[242232] Failed to execute script irankfinder
Traceback (most recent call last):
  File ""irankfinder.py"", line 190, in parse_file
  File ""genericparser/__init__.py"", line 109, in parse
  File ""genericparser/Parser_c.py"", line 25, in parse
  File ""genericparser/Parser_koat.py"", line 25, in parse_string
  File ""lark/lark.py"", line 197, in parse
  File ""lark/parser_frontends.py"", line 137, in parse
  File ""lark/parsers/xearley.py"", line 143, in parse
lark.common.ParseError: Unexpected end of input! Expecting a terminal of: ['__LPAR']

The above exception was the direct cause of the following exception:

Traceback (most recent call last):
  File ""irankfinder.py"", line 374, in <module>
  File ""irankfinder.py"", line 205, in launch
  File ""irankfinder.py"", line 197, in parse_file
Exception
",failed,0.47887253761291504,2025-06-19 10:22:52
TPDB_NO/BradleyMannaSipma-CAV2005-Fig1-modified_false-termination.c,NO,,success,4.189503908157349,2025-06-19 10:22:56
TPDB_NO/ChenFlurMukhopadhyay-SAS2012-Ex3.02_false-termination.c,NO,,success,2.318225622177124,2025-06-19 10:22:58
TPDB_NO/NonTerminationSimple7_false-termination.c,NO,,success,2.0294880867004395,2025-06-19 10:23:00
TPDB_NO/transmitter.01_false-unreach-call_false-termination.cil.c,ERROR,Execution timed out,failed,300,2025-06-19 10:28:00
TPDB_NO/ComplxStruc.c,MAYBE,,success,74.34549188613892,2025-06-19 10:29:15
TPDB_NO/ChenFlurMukhopadhyay-SAS2012-Ex3.06_false-termination.c,NO,,success,2.7189741134643555,2025-06-19 10:29:17
TPDB_NO/Et4.c,MAYBE,,success,8.227506637573242,2025-06-19 10:29:26
TPDB_NO/Singapore_plus_false-termination.c,NO,,success,1.995680570602417,2025-06-19 10:29:28
TPDB_NO/Even.c,NO,,success,2.1494648456573486,2025-06-19 10:29:30
TPDB_NO/Bangalore_v2_false-termination.c,NO,,success,1.300175428390503,2025-06-19 10:29:31
TPDB_NO/s3_srvr_1_false-unreach-call.cil.c,ERROR,Execution timed out,failed,300,2025-06-19 10:34:31
TPDB_NO/WhileTrue.c,NO,,success,1.057265281677246,2025-06-19 10:34:32
TPDB_NO/WhileIncrPart.c,NO,,success,1.7153759002685547,2025-06-19 10:34:34
TPDB_NO/Division_false-termination.c,NO,,success,1.9725639820098877,2025-06-19 10:34:36
TPDB_NO/AlternDiv.c,NO,,success,4.9150354862213135,2025-06-19 10:34:41
TPDB_NO/s3_srvr_14_false-unreach-call.cil.c,ERROR,Execution timed out,failed,300,2025-06-19 10:39:41
TPDB_NO/Swingers.c,MAYBE,,success,2.935410976409912,2025-06-19 10:39:44
TPDB_NO/ChooseLife.c,MAYBE,,success,5.389232397079468,2025-06-19 10:39:49
TPDB_NO/RecursiveNonterminating_false-termination.c,ERROR,"[244488] Failed to execute script irankfinder
Traceback (most recent call last):
  File ""irankfinder.py"", line 190, in parse_file
  File ""genericparser/__init__.py"", line 109, in parse
  File ""genericparser/Parser_c.py"", line 21, in parse
Exception: b'Cannot use ""-eager-inline"" with a cyclic call hierarchy!\n'

The above exception was the direct cause of the following exception:

Traceback (most recent call last):
  File ""irankfinder.py"", line 374, in <module>
  File ""irankfinder.py"", line 205, in launch
  File ""irankfinder.py"", line 197, in parse_file
Exception
",failed,0.4517025947570801,2025-06-19 10:39:50
TPDB_NO/Choose.c,MAYBE,,success,4.763554096221924,2025-06-19 10:39:55
TPDB_NO/WhileNested.c,NO,,success,1.8015763759613037,2025-06-19 10:39:56
TPDB_NO/NonTerminationSimple9_false-termination.c,NO,,success,1.9480180740356445,2025-06-19 10:39:58
TPDB_NO/NonTermination2_false-termination.c,MAYBE,,success,3.8304381370544434,2025-06-19 10:40:02
TPDB_NO/TwoFloatInterv.c,NO,,success,8.83476972579956,2025-06-19 10:40:11
TPDB_NO/PastaC10.c,MAYBE,,success,11.643592834472656,2025-06-19 10:40:23
TPDB_NO/Bangalore_v3_false-termination.c,NO,,success,1.9666991233825684,2025-06-19 10:40:25
TPDB_NO/pc_sfifo_1_false-unreach-call_false-termination.cil.c,ERROR,Execution timed out,failed,300,2025-06-19 10:45:25
TPDB_NO/NarrowKonv.c,MAYBE,,success,5.748517036437988,2025-06-19 10:45:31
TPDB_NO/Binary_Search_true-termination.c,ERROR,"[245432] Failed to execute script irankfinder
Traceback (most recent call last):
  File ""irankfinder.py"", line 190, in parse_file
  File ""genericparser/__init__.py"", line 109, in parse
  File ""genericparser/Parser_c.py"", line 21, in parse
Exception: b'Cannot use ""-eager-inline"" with a cyclic call hierarchy!\n'

The above exception was the direct cause of the following exception:

Traceback (most recent call last):
  File ""irankfinder.py"", line 374, in <module>
  File ""irankfinder.py"", line 205, in launch
  File ""irankfinder.py"", line 197, in parse_file
Exception
",failed,0.44915151596069336,2025-06-19 10:45:31
TPDB_NO/NO_13.c,MAYBE,,success,10.064294338226318,2025-06-19 10:45:41
TPDB_NO/MutualRecursion_1a_false-termination.c,ERROR,"[245538] Failed to execute script irankfinder
Traceback (most recent call last):
  File ""irankfinder.py"", line 190, in parse_file
  File ""genericparser/__init__.py"", line 109, in parse
  File ""genericparser/Parser_c.py"", line 21, in parse
Exception: b'/root/term/irankfinder-exe/genericparser/bin/c2koat: line 14: 245548 Segmentation fault      (core dumped) LD_LIBRARY_PATH=""$BASE:$LD_LIBRARY_PATH"" $BASE/llvm2kittel --dump-ll --no-slicing --eager-inline $TMPDIR/$NAME.bc -uniform-complexity-tuples\n'

The above exception was the direct cause of the following exception:

Traceback (most recent call last):
  File ""irankfinder.py"", line 374, in <module>
  File ""irankfinder.py"", line 205, in launch
  File ""irankfinder.py"", line 197, in parse_file
Exception
",failed,19.084668159484863,2025-06-19 10:46:00
TPDB_NO/WhileNestedOffset.c,NO,,success,2.2618370056152344,2025-06-19 10:46:03
TPDB_NO/Ex06.c,NO,,success,3.367758274078369,2025-06-19 10:46:06
TPDB_NO/NO_23.c,MAYBE,,success,3.3714280128479004,2025-06-19 10:46:09
TPDB_NO/NonTerminationSimple2_false-termination.c,NO,,success,1.5681109428405762,2025-06-19 10:46:11
TPDB_NO/pals_floodmax.3_false-unreach-call.1.ufo.BOUNDED-6.pals.c,ERROR,Execution timed out,failed,300,2025-06-19 10:51:11
TPDB_NO/2Nested_false-termination.c,NO,,success,2.0089361667633057,2025-06-19 10:51:13
TPDB_NO/Urban-WST2013-Fig1_false-termination.c,NO,,success,1.5859017372131348,2025-06-19 10:51:15
TPDB_NO/Mysore_false-termination.c,NO,,success,1.8112189769744873,2025-06-19 10:51:16
TPDB_NO/test_locks_15_true-unreach-call_false-termination.c,ERROR,Execution timed out,failed,300,2025-06-19 10:56:17
TPDB_NO/Ex07.c,NO,,success,2.297607421875,2025-06-19 10:56:19
TPDB_NO/Et2.c,MAYBE,,success,6.955198049545288,2025-06-19 10:56:26
TPDB_NO/svcomp_BradleyMannaSipma-2005ICALP-Fig1_true-alloca.c,ERROR,"[246953] Failed to execute script irankfinder
Traceback (most recent call last):
  File ""irankfinder.py"", line 190, in parse_file
  File ""genericparser/__init__.py"", line 109, in parse
  File ""genericparser/Parser_c.py"", line 25, in parse
  File ""genericparser/Parser_koat.py"", line 25, in parse_string
  File ""lark/lark.py"", line 197, in parse
  File ""lark/parser_frontends.py"", line 137, in parse
  File ""lark/parsers/xearley.py"", line 143, in parse
lark.common.ParseError: Unexpected end of input! Expecting a terminal of: ['__LPAR']

The above exception was the direct cause of the following exception:

Traceback (most recent call last):
  File ""irankfinder.py"", line 374, in <module>
  File ""irankfinder.py"", line 205, in launch
  File ""irankfinder.py"", line 197, in parse_file
Exception
",failed,0.34526848793029785,2025-06-19 10:56:26
TPDB_NO/Ackermann_false-termination.c,ERROR,"[246966] Failed to execute script irankfinder
Traceback (most recent call last):
  File ""irankfinder.py"", line 190, in parse_file
  File ""genericparser/__init__.py"", line 109, in parse
  File ""genericparser/Parser_c.py"", line 21, in parse
Exception: b'Cannot use ""-eager-inline"" with a cyclic call hierarchy!\n'

The above exception was the direct cause of the following exception:

Traceback (most recent call last):
  File ""irankfinder.py"", line 374, in <module>
  File ""irankfinder.py"", line 205, in launch
  File ""irankfinder.py"", line 197, in parse_file
Exception
",failed,0.3294332027435303,2025-06-19 10:56:27
TPDB_NO/bist_cell_true-unreach-call_false-termination.cil.c,ERROR,Execution timed out,failed,300,2025-06-19 11:01:27
TPDB_YES/Benghazi_nondet_true-termination.c,YES,,success,2.0945277214050293,2025-06-19 11:01:29
TPDB_YES/svcomp_openbsd_cstrpbrk_alloca.c,ERROR,"[247501] Failed to execute script irankfinder
Traceback (most recent call last):
  File ""irankfinder.py"", line 190, in parse_file
  File ""genericparser/__init__.py"", line 109, in parse
  File ""genericparser/Parser_c.py"", line 25, in parse
  File ""genericparser/Parser_koat.py"", line 25, in parse_string
  File ""lark/lark.py"", line 197, in parse
  File ""lark/parser_frontends.py"", line 137, in parse
  File ""lark/parsers/xearley.py"", line 143, in parse
lark.common.ParseError: Unexpected end of input! Expecting a terminal of: ['__LPAR']

The above exception was the direct cause of the following exception:

Traceback (most recent call last):
  File ""irankfinder.py"", line 374, in <module>
  File ""irankfinder.py"", line 205, in launch
  File ""irankfinder.py"", line 197, in parse_file
Exception
",failed,0.34449076652526855,2025-06-19 11:01:29
TPDB_YES/svcomp_strreplace_alloca.c,ERROR,"[247514] Failed to execute script irankfinder
Traceback (most recent call last):
  File ""irankfinder.py"", line 190, in parse_file
  File ""genericparser/__init__.py"", line 109, in parse
  File ""genericparser/Parser_c.py"", line 25, in parse
  File ""genericparser/Parser_koat.py"", line 25, in parse_string
  File ""lark/lark.py"", line 197, in parse
  File ""lark/parser_frontends.py"", line 137, in parse
  File ""lark/parsers/xearley.py"", line 143, in parse
lark.common.ParseError: Unexpected end of input! Expecting a terminal of: ['__LPAR']

The above exception was the direct cause of the following exception:

Traceback (most recent call last):
  File ""irankfinder.py"", line 374, in <module>
  File ""irankfinder.py"", line 205, in launch
  File ""irankfinder.py"", line 197, in parse_file
Exception
",failed,0.47092723846435547,2025-06-19 11:01:30
TPDB_YES/ChenFlurMukhopadhyay-SAS2012-Ex4.01_true-termination.c,YES,,success,2.8265976905822754,2025-06-19 11:01:32
TPDB_YES/ChenFlurMukhopadhyay-SAS2012-Ex2.10_true-termination.c,YES,,success,1.1340346336364746,2025-06-19 11:01:34
TPDB_YES/AliasDarteFeautrierGonnord-SAS2010-speedpldi4_true-termination.c,YES,,success,1.8357832431793213,2025-06-19 11:01:35
TPDB_YES/ex3.c,ERROR,"[247602] Failed to execute script irankfinder
Traceback (most recent call last):
  File ""irankfinder.py"", line 190, in parse_file
  File ""genericparser/__init__.py"", line 109, in parse
  File ""genericparser/Parser_c.py"", line 21, in parse
Exception: b'Cannot use ""-eager-inline"" with a cyclic call hierarchy!\n'

The above exception was the direct cause of the following exception:

Traceback (most recent call last):
  File ""irankfinder.py"", line 374, in <module>
  File ""irankfinder.py"", line 205, in launch
  File ""irankfinder.py"", line 197, in parse_file
Exception
",failed,0.3204176425933838,2025-06-19 11:01:36
TPDB_YES/CookSeeZuleger-TACAS2013-Fig8b_true-termination.c,YES,,success,4.403447151184082,2025-06-19 11:01:40
TPDB_YES/svcomp_c.08.c,YES,,success,1.88863205909729,2025-06-19 11:01:42
TPDB_YES/AliasDarteFeautrierGonnord-SAS2010-counterex1b_true-termination.c,YES,,success,31.931158542633057,2025-06-19 11:02:14
TPDB_YES/nondet_ll_traverse_rec.c,ERROR,"[247815] Failed to execute script irankfinder
Traceback (most recent call last):
  File ""irankfinder.py"", line 190, in parse_file
  File ""genericparser/__init__.py"", line 109, in parse
  File ""genericparser/Parser_c.py"", line 25, in parse
  File ""genericparser/Parser_koat.py"", line 25, in parse_string
  File ""lark/lark.py"", line 197, in parse
  File ""lark/parser_frontends.py"", line 137, in parse
  File ""lark/parsers/xearley.py"", line 143, in parse
lark.common.ParseError: Unexpected end of input! Expecting a terminal of: ['__LPAR']

The above exception was the direct cause of the following exception:

Traceback (most recent call last):
  File ""irankfinder.py"", line 374, in <module>
  File ""irankfinder.py"", line 205, in launch
  File ""irankfinder.py"", line 197, in parse_file
Exception
",failed,0.4776942729949951,2025-06-19 11:02:15
TPDB_YES/NestedRecursion_1d_true-termination.c,ERROR,"[247831] Failed to execute script irankfinder
Traceback (most recent call last):
  File ""irankfinder.py"", line 190, in parse_file
  File ""genericparser/__init__.py"", line 109, in parse
  File ""genericparser/Parser_c.py"", line 21, in parse
Exception: b'Cannot use ""-eager-inline"" with a cyclic call hierarchy!\n'

The above exception was the direct cause of the following exception:

Traceback (most recent call last):
  File ""irankfinder.py"", line 374, in <module>
  File ""irankfinder.py"", line 205, in launch
  File ""irankfinder.py"", line 197, in parse_file
Exception
",failed,0.43976807594299316,2025-06-19 11:02:15
TPDB_YES/Fibonacci01_true-unreach-call.c,ERROR,"[247845] Failed to execute script irankfinder
Traceback (most recent call last):
  File ""irankfinder.py"", line 190, in parse_file
  File ""genericparser/__init__.py"", line 109, in parse
  File ""genericparser/Parser_c.py"", line 21, in parse
Exception: b'Cannot use ""-eager-inline"" with a cyclic call hierarchy!\n'

The above exception was the direct cause of the following exception:

Traceback (most recent call last):
  File ""irankfinder.py"", line 374, in <module>
  File ""irankfinder.py"", line 205, in launch
  File ""irankfinder.py"", line 197, in parse_file
Exception
",failed,0.4446895122528076,2025-06-19 11:02:16
TPDB_YES/WhileDecr.c,YES,,success,1.174720287322998,2025-06-19 11:02:17
TPDB_YES/PodelskiRybalchenko-LICS2004-Fig2_true-termination.c,YES,,success,19.313992023468018,2025-06-19 11:02:36
TPDB_YES/svcomp_cstrlen_true-termination.c,ERROR,"[248017] Failed to execute script irankfinder
Traceback (most recent call last):
  File ""irankfinder.py"", line 190, in parse_file
  File ""genericparser/__init__.py"", line 109, in parse
  File ""genericparser/Parser_c.py"", line 25, in parse
  File ""genericparser/Parser_koat.py"", line 25, in parse_string
  File ""lark/lark.py"", line 197, in parse
  File ""lark/parser_frontends.py"", line 137, in parse
  File ""lark/parsers/xearley.py"", line 143, in parse
lark.common.ParseError: Unexpected end of input! Expecting a terminal of: ['__LPAR']

The above exception was the direct cause of the following exception:

Traceback (most recent call last):
  File ""irankfinder.py"", line 374, in <module>
  File ""irankfinder.py"", line 205, in launch
  File ""irankfinder.py"", line 197, in parse_file
Exception
",failed,0.4771265983581543,2025-06-19 11:02:37
TPDB_YES/AliasDarteFeautrierGonnord-SAS2010-rsd_true-termination.c,YES,,success,6.976073265075684,2025-06-19 11:02:44
TPDB_YES/GCD3.c,YES,,success,3.0408647060394287,2025-06-19 11:02:47
TPDB_YES/ChawdharyCookGulwaniSagivYang-ESOP2008-aaron6_true-termination.c,YES,,success,8.77592134475708,2025-06-19 11:02:55
TPDB_YES/ChenFlurMukhopadhyay-SAS2012-Ex2.22_true-termination.c,YES,,success,1.9662599563598633,2025-06-19 11:02:57
TPDB_YES/rec_strlen.c,ERROR,"[248212] Failed to execute script irankfinder
Traceback (most recent call last):
  File ""irankfinder.py"", line 190, in parse_file
  File ""genericparser/__init__.py"", line 109, in parse
  File ""genericparser/Parser_c.py"", line 25, in parse
  File ""genericparser/Parser_koat.py"", line 25, in parse_string
  File ""lark/lark.py"", line 197, in parse
  File ""lark/parser_frontends.py"", line 137, in parse
  File ""lark/parsers/xearley.py"", line 143, in parse
lark.common.ParseError: Unexpected end of input! Expecting a terminal of: ['__LPAR']

The above exception was the direct cause of the following exception:

Traceback (most recent call last):
  File ""irankfinder.py"", line 374, in <module>
  File ""irankfinder.py"", line 205, in launch
  File ""irankfinder.py"", line 197, in parse_file
Exception
",failed,0.3437318801879883,2025-06-19 11:02:58
TPDB_YES/Avery-FLOPS2006-Table1_true-termination.c,YES,,success,2.445770263671875,2025-06-19 11:03:00
TPDB_YES/svcomp_LarrazOliverasRodriguez-CarbonellRubio-2013FMCAD-Fig1_true-alloca.c,ERROR,"[248245] Failed to execute script irankfinder
Traceback (most recent call last):
  File ""irankfinder.py"", line 190, in parse_file
  File ""genericparser/__init__.py"", line 109, in parse
  File ""genericparser/Parser_c.py"", line 25, in parse
  File ""genericparser/Parser_koat.py"", line 25, in parse_string
  File ""lark/lark.py"", line 197, in parse
  File ""lark/parser_frontends.py"", line 137, in parse
  File ""lark/parsers/xearley.py"", line 143, in parse
lark.common.ParseError: Unexpected end of input! Expecting a terminal of: ['__LPAR']

The above exception was the direct cause of the following exception:

Traceback (most recent call last):
  File ""irankfinder.py"", line 374, in <module>
  File ""irankfinder.py"", line 205, in launch
  File ""irankfinder.py"", line 197, in parse_file
Exception
",failed,0.46665120124816895,2025-06-19 11:03:01
TPDB_YES/EvenOdd01_true-unreach-call_true-termination.c,ERROR,"[248258] Failed to execute script irankfinder
Traceback (most recent call last):
  File ""irankfinder.py"", line 190, in parse_file
  File ""genericparser/__init__.py"", line 109, in parse
  File ""genericparser/Parser_c.py"", line 21, in parse
Exception: b'Cannot use ""-eager-inline"" with a cyclic call hierarchy!\n'

The above exception was the direct cause of the following exception:

Traceback (most recent call last):
  File ""irankfinder.py"", line 374, in <module>
  File ""irankfinder.py"", line 205, in launch
  File ""irankfinder.py"", line 197, in parse_file
Exception
",failed,0.43520450592041016,2025-06-19 11:03:01
TPDB_YES/rec_counter1.c,ERROR,"[248272] Failed to execute script irankfinder
Traceback (most recent call last):
  File ""irankfinder.py"", line 190, in parse_file
  File ""genericparser/__init__.py"", line 109, in parse
  File ""genericparser/Parser_c.py"", line 21, in parse
Exception: b'Cannot use ""-eager-inline"" with a cyclic call hierarchy!\n'

The above exception was the direct cause of the following exception:

Traceback (most recent call last):
  File ""irankfinder.py"", line 374, in <module>
  File ""irankfinder.py"", line 205, in launch
  File ""irankfinder.py"", line 197, in parse_file
Exception
",failed,0.32473301887512207,2025-06-19 11:03:01
TPDB_YES/svcomp_Ackermann01_true-unreach-call_modified_modified.c,ERROR,"[248286] Failed to execute script irankfinder
Traceback (most recent call last):
  File ""irankfinder.py"", line 190, in parse_file
  File ""genericparser/__init__.py"", line 109, in parse
  File ""genericparser/Parser_c.py"", line 21, in parse
Exception: b'Cannot use ""-eager-inline"" with a cyclic call hierarchy!\n'

The above exception was the direct cause of the following exception:

Traceback (most recent call last):
  File ""irankfinder.py"", line 374, in <module>
  File ""irankfinder.py"", line 205, in launch
  File ""irankfinder.py"", line 197, in parse_file
Exception
",failed,0.4456331729888916,2025-06-19 11:03:02
TPDB_YES/svcomp_Urban_true-alloca.c,ERROR,"[248327] Failed to execute script irankfinder
Traceback (most recent call last):
  File ""irankfinder.py"", line 190, in parse_file
  File ""genericparser/__init__.py"", line 109, in parse
  File ""genericparser/Parser_c.py"", line 25, in parse
  File ""genericparser/Parser_koat.py"", line 25, in parse_string
  File ""lark/lark.py"", line 197, in parse
  File ""lark/parser_frontends.py"", line 137, in parse
  File ""lark/parsers/xearley.py"", line 143, in parse
lark.common.ParseError: Unexpected end of input! Expecting a terminal of: ['__LPAR']

The above exception was the direct cause of the following exception:

Traceback (most recent call last):
  File ""irankfinder.py"", line 374, in <module>
  File ""irankfinder.py"", line 205, in launch
  File ""irankfinder.py"", line 197, in parse_file
Exception
",failed,0.3478851318359375,2025-06-19 11:03:02
TPDB_YES/desc_ll_search_existing.c,ERROR,"[248340] Failed to execute script irankfinder
Traceback (most recent call last):
  File ""irankfinder.py"", line 190, in parse_file
  File ""genericparser/__init__.py"", line 109, in parse
  File ""genericparser/Parser_c.py"", line 25, in parse
  File ""genericparser/Parser_koat.py"", line 25, in parse_string
  File ""lark/lark.py"", line 197, in parse
  File ""lark/parser_frontends.py"", line 137, in parse
  File ""lark/parsers/xearley.py"", line 143, in parse
lark.common.ParseError: Unexpected end of input! Expecting a terminal of: ['__LPAR']

The above exception was the direct cause of the following exception:

Traceback (most recent call last):
  File ""irankfinder.py"", line 374, in <module>
  File ""irankfinder.py"", line 205, in launch
  File ""irankfinder.py"", line 197, in parse_file
Exception
",failed,0.4773697853088379,2025-06-19 11:03:03
TPDB_YES/AliasDarteFeautrierGonnord-SAS2010-cousot9_true-termination.c,YES,,success,2.2432878017425537,2025-06-19 11:03:05
TPDB_YES/nondet_ll_traverse.c,ERROR,"[248370] Failed to execute script irankfinder
Traceback (most recent call last):
  File ""irankfinder.py"", line 190, in parse_file
  File ""genericparser/__init__.py"", line 109, in parse
  File ""genericparser/Parser_c.py"", line 25, in parse
  File ""genericparser/Parser_koat.py"", line 25, in parse_string
  File ""lark/lark.py"", line 197, in parse
  File ""lark/parser_frontends.py"", line 137, in parse
  File ""lark/parsers/xearley.py"", line 143, in parse
lark.common.ParseError: Unexpected end of input! Expecting a terminal of: ['__LPAR']

The above exception was the direct cause of the following exception:

Traceback (most recent call last):
  File ""irankfinder.py"", line 374, in <module>
  File ""irankfinder.py"", line 205, in launch
  File ""irankfinder.py"", line 197, in parse_file
Exception
",failed,0.4665193557739258,2025-06-19 11:03:05
TPDB_YES/svcomp_openbsd_cstrncpy_alloca.c,ERROR,"[248383] Failed to execute script irankfinder
Traceback (most recent call last):
  File ""irankfinder.py"", line 190, in parse_file
  File ""genericparser/__init__.py"", line 109, in parse
  File ""genericparser/Parser_c.py"", line 25, in parse
  File ""genericparser/Parser_koat.py"", line 25, in parse_string
  File ""lark/lark.py"", line 197, in parse
  File ""lark/parser_frontends.py"", line 137, in parse
  File ""lark/parsers/xearley.py"", line 143, in parse
lark.common.ParseError: Unexpected end of input! Expecting a terminal of: ['__LPAR']

The above exception was the direct cause of the following exception:

Traceback (most recent call last):
  File ""irankfinder.py"", line 374, in <module>
  File ""irankfinder.py"", line 205, in launch
  File ""irankfinder.py"", line 197, in parse_file
Exception
",failed,0.47356367111206055,2025-06-19 11:03:06
TPDB_YES/nondet_ll_search_zero.c,ERROR,"[248399] Failed to execute script irankfinder
Traceback (most recent call last):
  File ""irankfinder.py"", line 190, in parse_file
  File ""genericparser/__init__.py"", line 109, in parse
  File ""genericparser/Parser_c.py"", line 25, in parse
  File ""genericparser/Parser_koat.py"", line 25, in parse_string
  File ""lark/lark.py"", line 197, in parse
  File ""lark/parser_frontends.py"", line 137, in parse
  File ""lark/parsers/xearley.py"", line 143, in parse
lark.common.ParseError: Unexpected end of input! Expecting a terminal of: ['__LPAR']

The above exception was the direct cause of the following exception:

Traceback (most recent call last):
  File ""irankfinder.py"", line 374, in <module>
  File ""irankfinder.py"", line 205, in launch
  File ""irankfinder.py"", line 197, in parse_file
Exception
",failed,0.4646339416503906,2025-06-19 11:03:06
TPDB_YES/PastaB4.c,YES,,success,1.2666964530944824,2025-06-19 11:03:08
TPDB_YES/PastaB11.c,YES,,success,3.080270290374756,2025-06-19 11:03:11
TPDB_YES/LarrazOliverasRodriguez-CarbonellRubio-FMCAD2013-Fig1_true-termination.c,YES,,success,8.930219650268555,2025-06-19 11:03:20
TPDB_YES/HeizmannHoenickeLeikePodelski-ATVA2013-Fig5_true-termination.c,MAYBE,,success,8.708780527114868,2025-06-19 11:03:28
TPDB_YES/ChenFlurMukhopadhyay-SAS2012-Ex1.04_true-termination.c,YES,,success,1.589332103729248,2025-06-19 11:03:30
TPDB_YES/svcomp_mult_array_alloca.c,ERROR,"[248674] Failed to execute script irankfinder
Traceback (most recent call last):
  File ""irankfinder.py"", line 190, in parse_file
  File ""genericparser/__init__.py"", line 109, in parse
  File ""genericparser/Parser_c.py"", line 25, in parse
  File ""genericparser/Parser_koat.py"", line 25, in parse_string
  File ""lark/lark.py"", line 197, in parse
  File ""lark/parser_frontends.py"", line 137, in parse
  File ""lark/parsers/xearley.py"", line 143, in parse
lark.common.ParseError: Unexpected end of input! Expecting a terminal of: ['__LPAR']

The above exception was the direct cause of the following exception:

Traceback (most recent call last):
  File ""irankfinder.py"", line 374, in <module>
  File ""irankfinder.py"", line 205, in launch
  File ""irankfinder.py"", line 197, in parse_file
Exception
",failed,0.46764492988586426,2025-06-19 11:03:31
TPDB_YES/svcomp_ex3a.c,MAYBE,,success,2.78076434135437,2025-06-19 11:03:33
TPDB_YES/BrockschmidtCookFuhs-CAV2013-Fig9a_true-termination.c,MAYBE,,success,5.377459526062012,2025-06-19 11:03:39
TPDB_YES/svcomp_c.07-alloca.c,ERROR,"[248806] Failed to execute script irankfinder
Traceback (most recent call last):
  File ""irankfinder.py"", line 190, in parse_file
  File ""genericparser/__init__.py"", line 109, in parse
  File ""genericparser/Parser_c.py"", line 25, in parse
  File ""genericparser/Parser_koat.py"", line 25, in parse_string
  File ""lark/lark.py"", line 197, in parse
  File ""lark/parser_frontends.py"", line 137, in parse
  File ""lark/parsers/xearley.py"", line 143, in parse
lark.common.ParseError: Unexpected end of input! Expecting a terminal of: ['__LPAR']

The above exception was the direct cause of the following exception:

Traceback (most recent call last):
  File ""irankfinder.py"", line 374, in <module>
  File ""irankfinder.py"", line 205, in launch
  File ""irankfinder.py"", line 197, in parse_file
Exception
",failed,0.46556615829467773,2025-06-19 11:03:39
TPDB_YES/svcomp_java_Nested-alloca.c,ERROR,"[248819] Failed to execute script irankfinder
Traceback (most recent call last):
  File ""irankfinder.py"", line 190, in parse_file
  File ""genericparser/__init__.py"", line 109, in parse
  File ""genericparser/Parser_c.py"", line 25, in parse
  File ""genericparser/Parser_koat.py"", line 25, in parse_string
  File ""lark/lark.py"", line 197, in parse
  File ""lark/parser_frontends.py"", line 137, in parse
  File ""lark/parsers/xearley.py"", line 143, in parse
lark.common.ParseError: Unexpected end of input! Expecting a terminal of: ['__LPAR']

The above exception was the direct cause of the following exception:

Traceback (most recent call last):
  File ""irankfinder.py"", line 374, in <module>
  File ""irankfinder.py"", line 205, in launch
  File ""irankfinder.py"", line 197, in parse_file
Exception
",failed,0.4635322093963623,2025-06-19 11:03:40
TPDB_YES/svcomp_b.06.c,YES,,success,1.271632432937622,2025-06-19 11:03:41
TPDB_YES/Benghazi_true-termination.c,YES,,success,1.97035551071167,2025-06-19 11:03:43
TPDB_YES/svcomp_aviad_true-alloca.c,ERROR,"[248890] Failed to execute script irankfinder
Traceback (most recent call last):
  File ""irankfinder.py"", line 190, in parse_file
  File ""genericparser/__init__.py"", line 109, in parse
  File ""genericparser/Parser_c.py"", line 25, in parse
  File ""genericparser/Parser_koat.py"", line 25, in parse_string
  File ""lark/lark.py"", line 197, in parse
  File ""lark/parser_frontends.py"", line 137, in parse
  File ""lark/parsers/xearley.py"", line 143, in parse
lark.common.ParseError: Unexpected end of input! Expecting a terminal of: ['__LPAR']

The above exception was the direct cause of the following exception:

Traceback (most recent call last):
  File ""irankfinder.py"", line 374, in <module>
  File ""irankfinder.py"", line 205, in launch
  File ""irankfinder.py"", line 197, in parse_file
Exception
",failed,0.4739706516265869,2025-06-19 11:03:43
TPDB_YES/svcomp_cstrncpy_alloca.c,ERROR,"[248903] Failed to execute script irankfinder
Traceback (most recent call last):
  File ""irankfinder.py"", line 190, in parse_file
  File ""genericparser/__init__.py"", line 109, in parse
  File ""genericparser/Parser_c.py"", line 25, in parse
  File ""genericparser/Parser_koat.py"", line 25, in parse_string
  File ""lark/lark.py"", line 197, in parse
  File ""lark/parser_frontends.py"", line 137, in parse
  File ""lark/parsers/xearley.py"", line 143, in parse
lark.common.ParseError: Unexpected end of input! Expecting a terminal of: ['__LPAR']

The above exception was the direct cause of the following exception:

Traceback (most recent call last):
  File ""irankfinder.py"", line 374, in <module>
  File ""irankfinder.py"", line 205, in launch
  File ""irankfinder.py"", line 197, in parse_file
Exception
",failed,0.34488868713378906,2025-06-19 11:03:44
TPDB_YES/LeeJonesBen-Amram-POPL2001-Ex6_true-termination.c,ERROR,"[248916] Failed to execute script irankfinder
Traceback (most recent call last):
  File ""irankfinder.py"", line 190, in parse_file
  File ""genericparser/__init__.py"", line 109, in parse
  File ""genericparser/Parser_c.py"", line 21, in parse
Exception: b'Cannot use ""-eager-inline"" with a cyclic call hierarchy!\n'

The above exception was the direct cause of the following exception:

Traceback (most recent call last):
  File ""irankfinder.py"", line 374, in <module>
  File ""irankfinder.py"", line 205, in launch
  File ""irankfinder.py"", line 197, in parse_file
Exception
",failed,0.44543957710266113,2025-06-19 11:03:44
TPDB_YES/PastaB16.c,YES,,success,2.364196538925171,2025-06-19 11:03:47
TPDB_YES/Cairo_true-termination.c,MAYBE,,success,3.6221935749053955,2025-06-19 11:03:50
TPDB_YES/svcomp_java_Break.c,YES,,success,1.0334794521331787,2025-06-19 11:03:51
TPDB_YES/svcomp_b.09_assume.c,YES,,success,4.537672281265259,2025-06-19 11:03:56
TPDB_YES/MinusUserDefined.c,YES,,success,14.132147789001465,2025-06-19 11:04:10
TPDB_YES/HeizmannHoenickeLeikePodelski-ATVA2013-Fig6_true-termination.c,YES,,success,1.9325196743011475,2025-06-19 11:04:12
TPDB_YES/svcomp_a.07-alloca.c,ERROR,"[249202] Failed to execute script irankfinder
Traceback (most recent call last):
  File ""irankfinder.py"", line 190, in parse_file
  File ""genericparser/__init__.py"", line 109, in parse
  File ""genericparser/Parser_c.py"", line 25, in parse
  File ""genericparser/Parser_koat.py"", line 25, in parse_string
  File ""lark/lark.py"", line 197, in parse
  File ""lark/parser_frontends.py"", line 137, in parse
  File ""lark/parsers/xearley.py"", line 143, in parse
lark.common.ParseError: Unexpected end of input! Expecting a terminal of: ['__LPAR']

The above exception was the direct cause of the following exception:

Traceback (most recent call last):
  File ""irankfinder.py"", line 374, in <module>
  File ""irankfinder.py"", line 205, in launch
  File ""irankfinder.py"", line 197, in parse_file
Exception
",failed,0.48657894134521484,2025-06-19 11:04:12
TPDB_YES/svcomp_recHanoi02_true-unreach-call_true-termination_modified.c,ERROR,"[249215] Failed to execute script irankfinder
Traceback (most recent call last):
  File ""irankfinder.py"", line 190, in parse_file
  File ""genericparser/__init__.py"", line 109, in parse
  File ""genericparser/Parser_c.py"", line 21, in parse
Exception: b'Cannot use ""-eager-inline"" with a cyclic call hierarchy!\n'

The above exception was the direct cause of the following exception:

Traceback (most recent call last):
  File ""irankfinder.py"", line 374, in <module>
  File ""irankfinder.py"", line 205, in launch
  File ""irankfinder.py"", line 197, in parse_file
Exception
",failed,0.4414653778076172,2025-06-19 11:04:13
TPDB_YES/PastaA6.c,YES,,success,1.9049468040466309,2025-06-19 11:04:15
TPDB_YES/Avg_true.c,ERROR,"[249246] Failed to execute script irankfinder
Traceback (most recent call last):
  File ""irankfinder.py"", line 190, in parse_file
  File ""genericparser/__init__.py"", line 109, in parse
  File ""genericparser/Parser_c.py"", line 21, in parse
Exception: b'Cannot use ""-eager-inline"" with a cyclic call hierarchy!\n'

The above exception was the direct cause of the following exception:

Traceback (most recent call last):
  File ""irankfinder.py"", line 374, in <module>
  File ""irankfinder.py"", line 205, in launch
  File ""irankfinder.py"", line 197, in parse_file
Exception
",failed,0.4464099407196045,2025-06-19 11:04:15
TPDB_YES/Et1.c,YES,,success,1.9331340789794922,2025-06-19 11:04:17
TPDB_YES/desc_ll_search-ptrdiff_existing.c,ERROR,"[249301] Failed to execute script irankfinder
Traceback (most recent call last):
  File ""irankfinder.py"", line 190, in parse_file
  File ""genericparser/__init__.py"", line 109, in parse
  File ""genericparser/Parser_c.py"", line 25, in parse
  File ""genericparser/Parser_koat.py"", line 25, in parse_string
  File ""lark/lark.py"", line 197, in parse
  File ""lark/parser_frontends.py"", line 137, in parse
  File ""lark/parsers/xearley.py"", line 143, in parse
lark.common.ParseError: Unexpected end of input! Expecting a terminal of: ['__LPAR']

The above exception was the direct cause of the following exception:

Traceback (most recent call last):
  File ""irankfinder.py"", line 374, in <module>
  File ""irankfinder.py"", line 205, in launch
  File ""irankfinder.py"", line 197, in parse_file
Exception
",failed,0.4713268280029297,2025-06-19 11:04:18
TPDB_YES/svcomp_strchr_true-termination.c,ERROR,"[249317] Failed to execute script irankfinder
Traceback (most recent call last):
  File ""irankfinder.py"", line 190, in parse_file
  File ""genericparser/__init__.py"", line 109, in parse
  File ""genericparser/Parser_c.py"", line 25, in parse
  File ""genericparser/Parser_koat.py"", line 25, in parse_string
  File ""lark/lark.py"", line 197, in parse
  File ""lark/parser_frontends.py"", line 137, in parse
  File ""lark/parsers/xearley.py"", line 143, in parse
lark.common.ParseError: Unexpected end of input! Expecting a terminal of: ['__LPAR']

The above exception was the direct cause of the following exception:

Traceback (most recent call last):
  File ""irankfinder.py"", line 374, in <module>
  File ""irankfinder.py"", line 205, in launch
  File ""irankfinder.py"", line 197, in parse_file
Exception
",failed,0.3482797145843506,2025-06-19 11:04:18
TPDB_YES/rec_counter3.c,ERROR,"[249330] Failed to execute script irankfinder
Traceback (most recent call last):
  File ""irankfinder.py"", line 190, in parse_file
  File ""genericparser/__init__.py"", line 109, in parse
  File ""genericparser/Parser_c.py"", line 21, in parse
Exception: b'Cannot use ""-eager-inline"" with a cyclic call hierarchy!\n'

The above exception was the direct cause of the following exception:

Traceback (most recent call last):
  File ""irankfinder.py"", line 374, in <module>
  File ""irankfinder.py"", line 205, in launch
  File ""irankfinder.py"", line 197, in parse_file
Exception
",failed,0.4418008327484131,2025-06-19 11:04:19
TPDB_YES/ChenFlurMukhopadhyay-SAS2012-Ex2.18_true-termination.c,YES,,success,1.7330245971679688,2025-06-19 11:04:20
TPDB_YES/svcomp_a.07.c,YES,,success,2.0452165603637695,2025-06-19 11:04:22
TPDB_YES/min_rf_true-termination.c,YES,,success,21.68191647529602,2025-06-19 11:04:44
TPDB_YES/CookSeeZuleger-TACAS2013-Fig1_true-termination.c,YES,,success,8.679799556732178,2025-06-19 11:04:53
TPDB_YES/svcomp_java_AG313-alloca.c,ERROR,"[249553] Failed to execute script irankfinder
Traceback (most recent call last):
  File ""irankfinder.py"", line 190, in parse_file
  File ""genericparser/__init__.py"", line 109, in parse
  File ""genericparser/Parser_c.py"", line 25, in parse
  File ""genericparser/Parser_koat.py"", line 25, in parse_string
  File ""lark/lark.py"", line 197, in parse
  File ""lark/parser_frontends.py"", line 137, in parse
  File ""lark/parsers/xearley.py"", line 143, in parse
lark.common.ParseError: Unexpected end of input! Expecting a terminal of: ['__LPAR']

The above exception was the direct cause of the following exception:

Traceback (most recent call last):
  File ""irankfinder.py"", line 374, in <module>
  File ""irankfinder.py"", line 205, in launch
  File ""irankfinder.py"", line 197, in parse_file
Exception
",failed,0.34554076194763184,2025-06-19 11:04:53
TPDB_YES/PodelskiRybalchenko-TACAS2011-Fig4_true-termination.c,YES,,success,8.927428722381592,2025-06-19 11:05:02
TPDB_YES/svcomp_b.01.c,YES,,success,1.5058646202087402,2025-06-19 11:05:04
TPDB_YES/AliasDarteFeautrierGonnord-SAS2010-wcet2_true-termination.c,YES,,success,1.8690814971923828,2025-06-19 11:05:06
TPDB_YES/ChenFlurMukhopadhyay-SAS2012-Ex2.19_true-termination.c,YES,,success,1.7307147979736328,2025-06-19 11:05:07
TPDB_YES/svcomp_twisted.c,YES,,success,9.00814938545227,2025-06-19 11:05:16
TPDB_YES/Bangalore_v4_true-termination.c,YES,,success,0.9713678359985352,2025-06-19 11:05:17
TPDB_YES/PodelskiRybalchenko-VMCAI2004-Ex2_true-termination.c,MAYBE,,success,2.6385443210601807,2025-06-19 11:05:20
TPDB_YES/ChenFlurMukhopadhyay-SAS2012-Ex3.04_true-termination.c,YES,,success,2.2712595462799072,2025-06-19 11:05:22
TPDB_YES/PodelskiRybalchenko-VMCAI2004-Ex1_true-termination.c,YES,,success,3.3212904930114746,2025-06-19 11:05:26
TPDB_YES/svcomp_b.02.c,YES,,success,1.1833233833312988,2025-06-19 11:05:27
TPDB_YES/svcomp_openbsd_cstpncpy_alloca.c,ERROR,"[249924] Failed to execute script irankfinder
Traceback (most recent call last):
  File ""irankfinder.py"", line 190, in parse_file
  File ""genericparser/__init__.py"", line 109, in parse
  File ""genericparser/Parser_c.py"", line 25, in parse
  File ""genericparser/Parser_koat.py"", line 25, in parse_string
  File ""lark/lark.py"", line 197, in parse
  File ""lark/parser_frontends.py"", line 137, in parse
  File ""lark/parsers/xearley.py"", line 143, in parse
lark.common.ParseError: Unexpected end of input! Expecting a terminal of: ['__LPAR']

The above exception was the direct cause of the following exception:

Traceback (most recent call last):
  File ""irankfinder.py"", line 374, in <module>
  File ""irankfinder.py"", line 205, in launch
  File ""irankfinder.py"", line 197, in parse_file
Exception
",failed,0.356109619140625,2025-06-19 11:05:27
TPDB_YES/AliasDarteFeautrierGonnord-SAS2010-complex_true-termination.c,YES,,success,3.205206871032715,2025-06-19 11:05:30
TPDB_YES/AliasDarteFeautrierGonnord-SAS2010-loops_true-termination.c,YES,,success,2.4131200313568115,2025-06-19 11:05:33
TPDB_YES/KroeningSharyginaTsitovichWintersteiger-CAV2010-Ex_true-termination.c,YES,,success,1.6696534156799316,2025-06-19 11:05:34
TPDB_YES/kbfiltr_simpl1_true-unreach-call_true-termination.cil.c,YES,,success,0.4844796657562256,2025-06-19 11:05:35
TPDB_YES/Singapore_true-termination.c,MAYBE,,success,4.931873083114624,2025-06-19 11:05:40
TPDB_YES/CookSeeZuleger-TACAS2013-Fig8a_true-termination.c,YES,,success,4.528115749359131,2025-06-19 11:05:44
TPDB_YES/ChawdharyCookGulwaniSagivYang-ESOP2008-random1d_true-termination.c,YES,,success,2.803284168243408,2025-06-19 11:05:47
TPDB_YES/ChenFlurMukhopadhyay-SAS2012-Ex2.01_true-termination.c,YES,,success,1.6182332038879395,2025-06-19 11:05:49
TPDB_YES/PastaB1.c,YES,,success,1.380345106124878,2025-06-19 11:05:50
TPDB_YES/svcomp_CookSeeZuleger-2013TACAS-Fig7a_true-alloca.c,ERROR,"[250286] Failed to execute script irankfinder
Traceback (most recent call last):
  File ""irankfinder.py"", line 190, in parse_file
  File ""genericparser/__init__.py"", line 109, in parse
  File ""genericparser/Parser_c.py"", line 25, in parse
  File ""genericparser/Parser_koat.py"", line 25, in parse_string
  File ""lark/lark.py"", line 197, in parse
  File ""lark/parser_frontends.py"", line 137, in parse
  File ""lark/parsers/xearley.py"", line 143, in parse
lark.common.ParseError: Unexpected end of input! Expecting a terminal of: ['__LPAR']

The above exception was the direct cause of the following exception:

Traceback (most recent call last):
  File ""irankfinder.py"", line 374, in <module>
  File ""irankfinder.py"", line 205, in launch
  File ""irankfinder.py"", line 197, in parse_file
Exception
",failed,0.470653772354126,2025-06-19 11:05:51
TPDB_YES/svcomp_BrockschmidtCookFuhs-2013CAV-Fig1_true-alloca.c,ERROR,"[250299] Failed to execute script irankfinder
Traceback (most recent call last):
  File ""irankfinder.py"", line 190, in parse_file
  File ""genericparser/__init__.py"", line 109, in parse
  File ""genericparser/Parser_c.py"", line 25, in parse
  File ""genericparser/Parser_koat.py"", line 25, in parse_string
  File ""lark/lark.py"", line 197, in parse
  File ""lark/parser_frontends.py"", line 137, in parse
  File ""lark/parsers/xearley.py"", line 143, in parse
lark.common.ParseError: Unexpected end of input! Expecting a terminal of: ['__LPAR']

The above exception was the direct cause of the following exception:

Traceback (most recent call last):
  File ""irankfinder.py"", line 374, in <module>
  File ""irankfinder.py"", line 205, in launch
  File ""irankfinder.py"", line 197, in parse_file
Exception
",failed,0.4571068286895752,2025-06-19 11:05:51
TPDB_YES/svcomp_a.09_assume.c,YES,,success,1.265568733215332,2025-06-19 11:05:53
TPDB_YES/svcomp_subseq_alloca.c,ERROR,"[250329] Failed to execute script irankfinder
Traceback (most recent call last):
  File ""irankfinder.py"", line 190, in parse_file
  File ""genericparser/__init__.py"", line 109, in parse
  File ""genericparser/Parser_c.py"", line 25, in parse
  File ""genericparser/Parser_koat.py"", line 25, in parse_string
  File ""lark/lark.py"", line 197, in parse
  File ""lark/parser_frontends.py"", line 137, in parse
  File ""lark/parsers/xearley.py"", line 143, in parse
lark.common.ParseError: Unexpected end of input! Expecting a terminal of: ['__LPAR']

The above exception was the direct cause of the following exception:

Traceback (most recent call last):
  File ""irankfinder.py"", line 374, in <module>
  File ""irankfinder.py"", line 205, in launch
  File ""irankfinder.py"", line 197, in parse_file
Exception
",failed,0.3434126377105713,2025-06-19 11:05:53
TPDB_YES/svcomp_b.16-alloca.c,ERROR,"[250342] Failed to execute script irankfinder
Traceback (most recent call last):
  File ""irankfinder.py"", line 190, in parse_file
  File ""genericparser/__init__.py"", line 109, in parse
  File ""genericparser/Parser_c.py"", line 25, in parse
  File ""genericparser/Parser_koat.py"", line 25, in parse_string
  File ""lark/lark.py"", line 197, in parse
  File ""lark/parser_frontends.py"", line 137, in parse
  File ""lark/parsers/xearley.py"", line 143, in parse
lark.common.ParseError: Unexpected end of input! Expecting a terminal of: ['__LPAR']

The above exception was the direct cause of the following exception:

Traceback (most recent call last):
  File ""irankfinder.py"", line 374, in <module>
  File ""irankfinder.py"", line 205, in launch
  File ""irankfinder.py"", line 197, in parse_file
Exception
",failed,0.3445765972137451,2025-06-19 11:05:53
TPDB_YES/svcomp_b.06-alloca.c,ERROR,"[250355] Failed to execute script irankfinder
Traceback (most recent call last):
  File ""irankfinder.py"", line 190, in parse_file
  File ""genericparser/__init__.py"", line 109, in parse
  File ""genericparser/Parser_c.py"", line 25, in parse
  File ""genericparser/Parser_koat.py"", line 25, in parse_string
  File ""lark/lark.py"", line 197, in parse
  File ""lark/parser_frontends.py"", line 137, in parse
  File ""lark/parsers/xearley.py"", line 143, in parse
lark.common.ParseError: Unexpected end of input! Expecting a terminal of: ['__LPAR']

The above exception was the direct cause of the following exception:

Traceback (most recent call last):
  File ""irankfinder.py"", line 374, in <module>
  File ""irankfinder.py"", line 205, in launch
  File ""irankfinder.py"", line 197, in parse_file
Exception
",failed,0.34537291526794434,2025-06-19 11:05:54
TPDB_YES/HeizmannHoenickeLeikePodelski-ATVA2013-Fig7_true-termination.c,MAYBE,,success,6.3313093185424805,2025-06-19 11:06:00
TPDB_YES/svcomp_genady_true-alloca.c,ERROR,"[250468] Failed to execute script irankfinder
Traceback (most recent call last):
  File ""irankfinder.py"", line 190, in parse_file
  File ""genericparser/__init__.py"", line 109, in parse
  File ""genericparser/Parser_c.py"", line 25, in parse
  File ""genericparser/Parser_koat.py"", line 25, in parse_string
  File ""lark/lark.py"", line 197, in parse
  File ""lark/parser_frontends.py"", line 137, in parse
  File ""lark/parsers/xearley.py"", line 143, in parse
lark.common.ParseError: Unexpected end of input! Expecting a terminal of: ['__LPAR']

The above exception was the direct cause of the following exception:

Traceback (most recent call last):
  File ""irankfinder.py"", line 374, in <module>
  File ""irankfinder.py"", line 205, in launch
  File ""irankfinder.py"", line 197, in parse_file
Exception
",failed,0.3473513126373291,2025-06-19 11:06:00
TPDB_YES/svcomp_KroeningSharyginaTsitovichWintersteiger-2010CAV-Fig1_true-alloca.c,ERROR,"[250481] Failed to execute script irankfinder
Traceback (most recent call last):
  File ""irankfinder.py"", line 190, in parse_file
  File ""genericparser/__init__.py"", line 109, in parse
  File ""genericparser/Parser_c.py"", line 25, in parse
  File ""genericparser/Parser_koat.py"", line 25, in parse_string
  File ""lark/lark.py"", line 197, in parse
  File ""lark/parser_frontends.py"", line 137, in parse
  File ""lark/parsers/xearley.py"", line 143, in parse
lark.common.ParseError: Unexpected end of input! Expecting a terminal of: ['__LPAR']

The above exception was the direct cause of the following exception:

Traceback (most recent call last):
  File ""irankfinder.py"", line 374, in <module>
  File ""irankfinder.py"", line 205, in launch
  File ""irankfinder.py"", line 197, in parse_file
Exception
",failed,0.4859805107116699,2025-06-19 11:06:01
TPDB_YES/PastaA8.c,YES,,success,1.065699577331543,2025-06-19 11:06:02
TPDB_YES/LeikeHeizmann-TACAS2014-Fig1_true-termination.c,YES,,success,1.627246379852295,2025-06-19 11:06:04
TPDB_YES/PastaC1.c,YES,,success,1.4531381130218506,2025-06-19 11:06:05
TPDB_YES/fibo_5_false-unreach-call.c,ERROR,"[250566] Failed to execute script irankfinder
Traceback (most recent call last):
  File ""irankfinder.py"", line 190, in parse_file
  File ""genericparser/__init__.py"", line 109, in parse
  File ""genericparser/Parser_c.py"", line 21, in parse
Exception: b'Cannot use ""-eager-inline"" with a cyclic call hierarchy!\n'

The above exception was the direct cause of the following exception:

Traceback (most recent call last):
  File ""irankfinder.py"", line 374, in <module>
  File ""irankfinder.py"", line 205, in launch
  File ""irankfinder.py"", line 197, in parse_file
Exception
",failed,0.33374500274658203,2025-06-19 11:06:05
TPDB_YES/Urban-WST2013-Fig2_true-termination.c,YES,,success,2.0920395851135254,2025-06-19 11:06:07
TPDB_YES/svcomp_NoriSharma-2013FSE-Fig7_true-alloca.c,ERROR,"[250597] Failed to execute script irankfinder
Traceback (most recent call last):
  File ""irankfinder.py"", line 190, in parse_file
  File ""genericparser/__init__.py"", line 109, in parse
  File ""genericparser/Parser_c.py"", line 25, in parse
  File ""genericparser/Parser_koat.py"", line 25, in parse_string
  File ""lark/lark.py"", line 197, in parse
  File ""lark/parser_frontends.py"", line 137, in parse
  File ""lark/parsers/xearley.py"", line 143, in parse
lark.common.ParseError: Unexpected end of input! Expecting a terminal of: ['__LPAR']

The above exception was the direct cause of the following exception:

Traceback (most recent call last):
  File ""irankfinder.py"", line 374, in <module>
  File ""irankfinder.py"", line 205, in launch
  File ""irankfinder.py"", line 197, in parse_file
Exception
",failed,0.47429776191711426,2025-06-19 11:06:08
TPDB_YES/PastaA1.c,YES,,success,1.2812297344207764,2025-06-19 11:06:09
TPDB_YES/svcomp_array02_alloca.c,ERROR,"[250651] Failed to execute script irankfinder
Traceback (most recent call last):
  File ""irankfinder.py"", line 190, in parse_file
  File ""genericparser/__init__.py"", line 109, in parse
  File ""genericparser/Parser_c.py"", line 25, in parse
  File ""genericparser/Parser_koat.py"", line 25, in parse_string
  File ""lark/lark.py"", line 197, in parse
  File ""lark/parser_frontends.py"", line 137, in parse
  File ""lark/parsers/xearley.py"", line 143, in parse
lark.common.ParseError: Unexpected end of input! Expecting a terminal of: ['__LPAR']

The above exception was the direct cause of the following exception:

Traceback (most recent call last):
  File ""irankfinder.py"", line 374, in <module>
  File ""irankfinder.py"", line 205, in launch
  File ""irankfinder.py"", line 197, in parse_file
Exception
",failed,0.47786808013916016,2025-06-19 11:06:10
TPDB_YES/easy1_true-termination.c,YES,,success,1.0580410957336426,2025-06-19 11:06:11
TPDB_YES/AliasDarteFeautrierGonnord-SAS2010-random2d_true-termination.c,YES,,success,41.80069422721863,2025-06-19 11:06:53
TPDB_YES/Nested.c,YES,,success,1.724766731262207,2025-06-19 11:06:54
TPDB_YES/svcomp_a.04-alloca.c,ERROR,"[250820] Failed to execute script irankfinder
Traceback (most recent call last):
  File ""irankfinder.py"", line 190, in parse_file
  File ""genericparser/__init__.py"", line 109, in parse
  File ""genericparser/Parser_c.py"", line 25, in parse
  File ""genericparser/Parser_koat.py"", line 25, in parse_string
  File ""lark/lark.py"", line 197, in parse
  File ""lark/parser_frontends.py"", line 137, in parse
  File ""lark/parsers/xearley.py"", line 143, in parse
lark.common.ParseError: Unexpected end of input! Expecting a terminal of: ['__LPAR']

The above exception was the direct cause of the following exception:

Traceback (most recent call last):
  File ""irankfinder.py"", line 374, in <module>
  File ""irankfinder.py"", line 205, in launch
  File ""irankfinder.py"", line 197, in parse_file
Exception
",failed,0.4755697250366211,2025-06-19 11:06:55
TPDB_YES/svcomp_java_Continue1-alloca.c,ERROR,"[250833] Failed to execute script irankfinder
Traceback (most recent call last):
  File ""irankfinder.py"", line 190, in parse_file
  File ""genericparser/__init__.py"", line 109, in parse
  File ""genericparser/Parser_c.py"", line 25, in parse
  File ""genericparser/Parser_koat.py"", line 25, in parse_string
  File ""lark/lark.py"", line 197, in parse
  File ""lark/parser_frontends.py"", line 137, in parse
  File ""lark/parsers/xearley.py"", line 143, in parse
lark.common.ParseError: Unexpected end of input! Expecting a terminal of: ['__LPAR']

The above exception was the direct cause of the following exception:

Traceback (most recent call last):
  File ""irankfinder.py"", line 374, in <module>
  File ""irankfinder.py"", line 205, in launch
  File ""irankfinder.py"", line 197, in parse_file
Exception
",failed,0.34892702102661133,2025-06-19 11:06:55
TPDB_YES/McCarthy91_false-unreach-call_false-termination.c,ERROR,"[250849] Failed to execute script irankfinder
Traceback (most recent call last):
  File ""irankfinder.py"", line 190, in parse_file
  File ""genericparser/__init__.py"", line 109, in parse
  File ""genericparser/Parser_c.py"", line 21, in parse
Exception: b'Cannot use ""-eager-inline"" with a cyclic call hierarchy!\n'

The above exception was the direct cause of the following exception:

Traceback (most recent call last):
  File ""irankfinder.py"", line 374, in <module>
  File ""irankfinder.py"", line 205, in launch
  File ""irankfinder.py"", line 197, in parse_file
Exception
",failed,0.32691097259521484,2025-06-19 11:06:56
TPDB_YES/svcomp_b.18.c,YES,,success,2.9714577198028564,2025-06-19 11:06:59
TPDB_YES/svcomp_java_LogBuiltIn.c,YES,,success,1.5657455921173096,2025-06-19 11:07:00
TPDB_YES/svcomp_c.08-alloca.c,ERROR,"[250921] Failed to execute script irankfinder
Traceback (most recent call last):
  File ""irankfinder.py"", line 190, in parse_file
  File ""genericparser/__init__.py"", line 109, in parse
  File ""genericparser/Parser_c.py"", line 25, in parse
  File ""genericparser/Parser_koat.py"", line 25, in parse_string
  File ""lark/lark.py"", line 197, in parse
  File ""lark/parser_frontends.py"", line 137, in parse
  File ""lark/parsers/xearley.py"", line 143, in parse
lark.common.ParseError: Unexpected end of input! Expecting a terminal of: ['__LPAR']

The above exception was the direct cause of the following exception:

Traceback (most recent call last):
  File ""irankfinder.py"", line 374, in <module>
  File ""irankfinder.py"", line 205, in launch
  File ""irankfinder.py"", line 197, in parse_file
Exception
",failed,0.34739184379577637,2025-06-19 11:07:00
TPDB_YES/email_spec0_product05_true-unreach-call.cil.c,ERROR,Execution timed out,failed,300,2025-06-19 11:12:01
TPDB_YES/svcomp_NoriSharma-2013FSE-Fig8_true-alloca.c,ERROR,"[251414] Failed to execute script irankfinder
Traceback (most recent call last):
  File ""irankfinder.py"", line 190, in parse_file
  File ""genericparser/__init__.py"", line 109, in parse
  File ""genericparser/Parser_c.py"", line 25, in parse
  File ""genericparser/Parser_koat.py"", line 25, in parse_string
  File ""lark/lark.py"", line 197, in parse
  File ""lark/parser_frontends.py"", line 137, in parse
  File ""lark/parsers/xearley.py"", line 143, in parse
lark.common.ParseError: Unexpected end of input! Expecting a terminal of: ['__LPAR']

The above exception was the direct cause of the following exception:

Traceback (most recent call last):
  File ""irankfinder.py"", line 374, in <module>
  File ""irankfinder.py"", line 205, in launch
  File ""irankfinder.py"", line 197, in parse_file
Exception
",failed,0.4821205139160156,2025-06-19 11:12:01
TPDB_YES/svcomp_b.18-alloca.c,ERROR,"[251427] Failed to execute script irankfinder
Traceback (most recent call last):
  File ""irankfinder.py"", line 190, in parse_file
  File ""genericparser/__init__.py"", line 109, in parse
  File ""genericparser/Parser_c.py"", line 25, in parse
  File ""genericparser/Parser_koat.py"", line 25, in parse_string
  File ""lark/lark.py"", line 197, in parse
  File ""lark/parser_frontends.py"", line 137, in parse
  File ""lark/parsers/xearley.py"", line 143, in parse
lark.common.ParseError: Unexpected end of input! Expecting a terminal of: ['__LPAR']

The above exception was the direct cause of the following exception:

Traceback (most recent call last):
  File ""irankfinder.py"", line 374, in <module>
  File ""irankfinder.py"", line 205, in launch
  File ""irankfinder.py"", line 197, in parse_file
Exception
",failed,0.4708378314971924,2025-06-19 11:12:02
TPDB_YES/CookSeeZuleger-TACAS2013-Fig7b_true-termination.c,YES,,success,102.23055696487427,2025-06-19 11:13:44
TPDB_YES/svcomp_b.13-alloca.c,ERROR,"[251628] Failed to execute script irankfinder
Traceback (most recent call last):
  File ""irankfinder.py"", line 190, in parse_file
  File ""genericparser/__init__.py"", line 109, in parse
  File ""genericparser/Parser_c.py"", line 25, in parse
  File ""genericparser/Parser_koat.py"", line 25, in parse_string
  File ""lark/lark.py"", line 197, in parse
  File ""lark/parser_frontends.py"", line 137, in parse
  File ""lark/parsers/xearley.py"", line 143, in parse
lark.common.ParseError: Unexpected end of input! Expecting a terminal of: ['__LPAR']

The above exception was the direct cause of the following exception:

Traceback (most recent call last):
  File ""irankfinder.py"", line 374, in <module>
  File ""irankfinder.py"", line 205, in launch
  File ""irankfinder.py"", line 197, in parse_file
Exception
",failed,0.4721717834472656,2025-06-19 11:13:44
TPDB_YES/svcomp_cstrchr_true_alloca.c,ERROR,"[251644] Failed to execute script irankfinder
Traceback (most recent call last):
  File ""irankfinder.py"", line 190, in parse_file
  File ""genericparser/__init__.py"", line 109, in parse
  File ""genericparser/Parser_c.py"", line 25, in parse
  File ""genericparser/Parser_koat.py"", line 25, in parse_string
  File ""lark/lark.py"", line 197, in parse
  File ""lark/parser_frontends.py"", line 137, in parse
  File ""lark/parsers/xearley.py"", line 143, in parse
lark.common.ParseError: Unexpected end of input! Expecting a terminal of: ['__LPAR']

The above exception was the direct cause of the following exception:

Traceback (most recent call last):
  File ""irankfinder.py"", line 374, in <module>
  File ""irankfinder.py"", line 205, in launch
  File ""irankfinder.py"", line 197, in parse_file
Exception
",failed,0.47081923484802246,2025-06-19 11:13:45
TPDB_YES/HeizmannHoenickeLeikePodelski-ATVA2013-Fig1_true-termination.c,YES,,success,1.6322331428527832,2025-06-19 11:13:46
TPDB_YES/svcomp_cstrncmp_true_alloca.c,ERROR,"[251698] Failed to execute script irankfinder
Traceback (most recent call last):
  File ""irankfinder.py"", line 190, in parse_file
  File ""genericparser/__init__.py"", line 109, in parse
  File ""genericparser/Parser_c.py"", line 25, in parse
  File ""genericparser/Parser_koat.py"", line 25, in parse_string
  File ""lark/lark.py"", line 197, in parse
  File ""lark/parser_frontends.py"", line 137, in parse
  File ""lark/parsers/xearley.py"", line 143, in parse
lark.common.ParseError: Unexpected end of input! Expecting a terminal of: ['__LPAR']

The above exception was the direct cause of the following exception:

Traceback (most recent call last):
  File ""irankfinder.py"", line 374, in <module>
  File ""irankfinder.py"", line 205, in launch
  File ""irankfinder.py"", line 197, in parse_file
Exception
",failed,0.356217622756958,2025-06-19 11:13:47
TPDB_YES/standard_compare_true-unreach-call_ground.c,YES,,success,2.983177423477173,2025-06-19 11:13:50
TPDB_YES/svcomp_b.05-alloca.c,ERROR,"[251728] Failed to execute script irankfinder
Traceback (most recent call last):
  File ""irankfinder.py"", line 190, in parse_file
  File ""genericparser/__init__.py"", line 109, in parse
  File ""genericparser/Parser_c.py"", line 25, in parse
  File ""genericparser/Parser_koat.py"", line 25, in parse_string
  File ""lark/lark.py"", line 197, in parse
  File ""lark/parser_frontends.py"", line 137, in parse
  File ""lark/parsers/xearley.py"", line 143, in parse
lark.common.ParseError: Unexpected end of input! Expecting a terminal of: ['__LPAR']

The above exception was the direct cause of the following exception:

Traceback (most recent call last):
  File ""irankfinder.py"", line 374, in <module>
  File ""irankfinder.py"", line 205, in launch
  File ""irankfinder.py"", line 197, in parse_file
Exception
",failed,0.3488433361053467,2025-06-19 11:13:50
TPDB_YES/svcomp_cstrcmp_true-termination.c,ERROR,"[251741] Failed to execute script irankfinder
Traceback (most recent call last):
  File ""irankfinder.py"", line 190, in parse_file
  File ""genericparser/__init__.py"", line 109, in parse
  File ""genericparser/Parser_c.py"", line 25, in parse
  File ""genericparser/Parser_koat.py"", line 25, in parse_string
  File ""lark/lark.py"", line 197, in parse
  File ""lark/parser_frontends.py"", line 137, in parse
  File ""lark/parsers/xearley.py"", line 143, in parse
lark.common.ParseError: Unexpected end of input! Expecting a terminal of: ['__LPAR']

The above exception was the direct cause of the following exception:

Traceback (most recent call last):
  File ""irankfinder.py"", line 374, in <module>
  File ""irankfinder.py"", line 205, in launch
  File ""irankfinder.py"", line 197, in parse_file
Exception
",failed,0.34746789932250977,2025-06-19 11:13:51
TPDB_YES/svcomp_cstrpbrk_true_alloca.c,ERROR,"[251757] Failed to execute script irankfinder
Traceback (most recent call last):
  File ""irankfinder.py"", line 190, in parse_file
  File ""genericparser/__init__.py"", line 109, in parse
  File ""genericparser/Parser_c.py"", line 25, in parse
  File ""genericparser/Parser_koat.py"", line 25, in parse_string
  File ""lark/lark.py"", line 197, in parse
  File ""lark/parser_frontends.py"", line 137, in parse
  File ""lark/parsers/xearley.py"", line 143, in parse
lark.common.ParseError: Unexpected end of input! Expecting a terminal of: ['__LPAR']

The above exception was the direct cause of the following exception:

Traceback (most recent call last):
  File ""irankfinder.py"", line 374, in <module>
  File ""irankfinder.py"", line 205, in launch
  File ""irankfinder.py"", line 197, in parse_file
Exception
",failed,0.34536242485046387,2025-06-19 11:13:51
TPDB_YES/Toulouse-MultiBranchesToLoop_true-termination.c,MAYBE,,success,29.251723766326904,2025-06-19 11:14:20
TPDB_YES/Pure3Phase_true-termination.c,MAYBE,,success,85.11010146141052,2025-06-19 11:15:45
TPDB_YES/AliasDarteFeautrierGonnord-SAS2010-speedpldi3_true-termination.c,YES,,success,9.72158932685852,2025-06-19 11:15:55
TPDB_YES/svcomp_openbsd_cstrlcpy_alloca.c,ERROR,"[252187] Failed to execute script irankfinder
Traceback (most recent call last):
  File ""irankfinder.py"", line 190, in parse_file
  File ""genericparser/__init__.py"", line 109, in parse
  File ""genericparser/Parser_c.py"", line 25, in parse
  File ""genericparser/Parser_koat.py"", line 25, in parse_string
  File ""lark/lark.py"", line 197, in parse
  File ""lark/parser_frontends.py"", line 137, in parse
  File ""lark/parsers/xearley.py"", line 143, in parse
lark.common.ParseError: Unexpected end of input! Expecting a terminal of: ['__LPAR']

The above exception was the direct cause of the following exception:

Traceback (most recent call last):
  File ""irankfinder.py"", line 374, in <module>
  File ""irankfinder.py"", line 205, in launch
  File ""irankfinder.py"", line 197, in parse_file
Exception
",failed,0.34465718269348145,2025-06-19 11:15:55
TPDB_YES/Pure2Phase_true-termination.c,YES,,success,2.713484048843384,2025-06-19 11:15:58
TPDB_YES/McCarthy91_Recursion_true-termination.c,ERROR,"[252244] Failed to execute script irankfinder
Traceback (most recent call last):
  File ""irankfinder.py"", line 190, in parse_file
  File ""genericparser/__init__.py"", line 109, in parse
  File ""genericparser/Parser_c.py"", line 21, in parse
Exception: b'Cannot use ""-eager-inline"" with a cyclic call hierarchy!\n'

The above exception was the direct cause of the following exception:

Traceback (most recent call last):
  File ""irankfinder.py"", line 374, in <module>
  File ""irankfinder.py"", line 205, in launch
  File ""irankfinder.py"", line 197, in parse_file
Exception
",failed,0.4427659511566162,2025-06-19 11:15:59
TPDB_YES/svcomp_ex2.c,MAYBE,,success,50.98942494392395,2025-06-19 11:16:50
TPDB_YES/ChawdharyCookGulwaniSagivYang-ESOP2008-aaron12_true-termination.c,MAYBE,,success,100.01091527938843,2025-06-19 11:18:30
TPDB_YES/svcomp_cstrcpy_alloca.c,ERROR,"[252621] Failed to execute script irankfinder
Traceback (most recent call last):
  File ""irankfinder.py"", line 190, in parse_file
  File ""genericparser/__init__.py"", line 109, in parse
  File ""genericparser/Parser_c.py"", line 25, in parse
  File ""genericparser/Parser_koat.py"", line 25, in parse_string
  File ""lark/lark.py"", line 197, in parse
  File ""lark/parser_frontends.py"", line 137, in parse
  File ""lark/parsers/xearley.py"", line 143, in parse
lark.common.ParseError: Unexpected end of input! Expecting a terminal of: ['__LPAR']

The above exception was the direct cause of the following exception:

Traceback (most recent call last):
  File ""irankfinder.py"", line 374, in <module>
  File ""irankfinder.py"", line 205, in launch
  File ""irankfinder.py"", line 197, in parse_file
Exception
",failed,0.4644434452056885,2025-06-19 11:18:30
TPDB_YES/PastaB7.c,YES,,success,1.312035322189331,2025-06-19 11:18:31
TPDB_YES/svcomp_array03_alloca.c,ERROR,"[252675] Failed to execute script irankfinder
Traceback (most recent call last):
  File ""irankfinder.py"", line 190, in parse_file
  File ""genericparser/__init__.py"", line 109, in parse
  File ""genericparser/Parser_c.py"", line 25, in parse
  File ""genericparser/Parser_koat.py"", line 25, in parse_string
  File ""lark/lark.py"", line 197, in parse
  File ""lark/parser_frontends.py"", line 137, in parse
  File ""lark/parsers/xearley.py"", line 143, in parse
lark.common.ParseError: Unexpected end of input! Expecting a terminal of: ['__LPAR']

The above exception was the direct cause of the following exception:

Traceback (most recent call last):
  File ""irankfinder.py"", line 374, in <module>
  File ""irankfinder.py"", line 205, in launch
  File ""irankfinder.py"", line 197, in parse_file
Exception
",failed,0.46504902839660645,2025-06-19 11:18:32
TPDB_YES/svcomp_a.05.c,YES,,success,1.1098065376281738,2025-06-19 11:18:33
TPDB_YES/svcomp_java_LogBuiltIn-alloca.c,ERROR,"[252705] Failed to execute script irankfinder
Traceback (most recent call last):
  File ""irankfinder.py"", line 190, in parse_file
  File ""genericparser/__init__.py"", line 109, in parse
  File ""genericparser/Parser_c.py"", line 25, in parse
  File ""genericparser/Parser_koat.py"", line 25, in parse_string
  File ""lark/lark.py"", line 197, in parse
  File ""lark/parser_frontends.py"", line 137, in parse
  File ""lark/parsers/xearley.py"", line 143, in parse
lark.common.ParseError: Unexpected end of input! Expecting a terminal of: ['__LPAR']

The above exception was the direct cause of the following exception:

Traceback (most recent call last):
  File ""irankfinder.py"", line 374, in <module>
  File ""irankfinder.py"", line 205, in launch
  File ""irankfinder.py"", line 197, in parse_file
Exception
",failed,0.46613359451293945,2025-06-19 11:18:33
TPDB_YES/desc_ll_search_mod.c,ERROR,"[252718] Failed to execute script irankfinder
Traceback (most recent call last):
  File ""irankfinder.py"", line 190, in parse_file
  File ""genericparser/__init__.py"", line 109, in parse
  File ""genericparser/Parser_c.py"", line 25, in parse
  File ""genericparser/Parser_koat.py"", line 25, in parse_string
  File ""lark/lark.py"", line 197, in parse
  File ""lark/parser_frontends.py"", line 137, in parse
  File ""lark/parsers/xearley.py"", line 143, in parse
lark.common.ParseError: Unexpected end of input! Expecting a terminal of: ['__LPAR']

The above exception was the direct cause of the following exception:

Traceback (most recent call last):
  File ""irankfinder.py"", line 374, in <module>
  File ""irankfinder.py"", line 205, in launch
  File ""irankfinder.py"", line 197, in parse_file
Exception
",failed,0.3458988666534424,2025-06-19 11:18:34
TPDB_YES/svcomp_b.10.c,YES,,success,3.192674398422241,2025-06-19 11:18:37
TPDB_YES/svcomp_Toulouse-MultiBranchesToLoop_true-alloca.c,ERROR,"[252775] Failed to execute script irankfinder
Traceback (most recent call last):
  File ""irankfinder.py"", line 190, in parse_file
  File ""genericparser/__init__.py"", line 109, in parse
  File ""genericparser/Parser_c.py"", line 25, in parse
  File ""genericparser/Parser_koat.py"", line 25, in parse_string
  File ""lark/lark.py"", line 197, in parse
  File ""lark/parser_frontends.py"", line 137, in parse
  File ""lark/parsers/xearley.py"", line 143, in parse
lark.common.ParseError: Unexpected end of input! Expecting a terminal of: ['__LPAR']

The above exception was the direct cause of the following exception:

Traceback (most recent call last):
  File ""irankfinder.py"", line 374, in <module>
  File ""irankfinder.py"", line 205, in launch
  File ""irankfinder.py"", line 197, in parse_file
Exception
",failed,0.4738352298736572,2025-06-19 11:18:38
TPDB_YES/AliasDarteFeautrierGonnord-SAS2010-while2_true-termination.c,YES,,success,1.8464939594268799,2025-06-19 11:18:39
TPDB_YES/AliasDarteFeautrierGonnord-SAS2010-Fig1_true-termination.c,YES,,success,12.767942905426025,2025-06-19 11:18:52
TPDB_YES/ChenFlurMukhopadhyay-SAS2012-Ex2.20_true-termination.c,YES,,success,1.9500150680541992,2025-06-19 11:18:54
TPDB_YES/svcomp_b.11.c,YES,,success,3.3546736240386963,2025-06-19 11:18:58
TPDB_YES/desc_ll_with_offset_search.c,ERROR,"[252922] Failed to execute script irankfinder
Traceback (most recent call last):
  File ""irankfinder.py"", line 190, in parse_file
  File ""genericparser/__init__.py"", line 109, in parse
  File ""genericparser/Parser_c.py"", line 25, in parse
  File ""genericparser/Parser_koat.py"", line 25, in parse_string
  File ""lark/lark.py"", line 197, in parse
  File ""lark/parser_frontends.py"", line 137, in parse
  File ""lark/parsers/xearley.py"", line 143, in parse
lark.common.ParseError: Unexpected end of input! Expecting a terminal of: ['__LPAR']

The above exception was the direct cause of the following exception:

Traceback (most recent call last):
  File ""irankfinder.py"", line 374, in <module>
  File ""irankfinder.py"", line 205, in launch
  File ""irankfinder.py"", line 197, in parse_file
Exception
",failed,0.46834540367126465,2025-06-19 11:18:58
TPDB_YES/svcomp_ex1-alloca.c,ERROR,"[252935] Failed to execute script irankfinder
Traceback (most recent call last):
  File ""irankfinder.py"", line 190, in parse_file
  File ""genericparser/__init__.py"", line 109, in parse
  File ""genericparser/Parser_c.py"", line 25, in parse
  File ""genericparser/Parser_koat.py"", line 25, in parse_string
  File ""lark/lark.py"", line 197, in parse
  File ""lark/parser_frontends.py"", line 137, in parse
  File ""lark/parsers/xearley.py"", line 143, in parse
lark.common.ParseError: Unexpected end of input! Expecting a terminal of: ['__LPAR']

The above exception was the direct cause of the following exception:

Traceback (most recent call last):
  File ""irankfinder.py"", line 374, in <module>
  File ""irankfinder.py"", line 205, in launch
  File ""irankfinder.py"", line 197, in parse_file
Exception
",failed,0.43419981002807617,2025-06-19 11:18:58
TPDB_YES/Ackermann_true-termination.c,ERROR,"[252972] Failed to execute script irankfinder
Traceback (most recent call last):
  File ""irankfinder.py"", line 190, in parse_file
  File ""genericparser/__init__.py"", line 109, in parse
  File ""genericparser/Parser_c.py"", line 21, in parse
Exception: b'Cannot use ""-eager-inline"" with a cyclic call hierarchy!\n'

The above exception was the direct cause of the following exception:

Traceback (most recent call last):
  File ""irankfinder.py"", line 374, in <module>
  File ""irankfinder.py"", line 205, in launch
  File ""irankfinder.py"", line 197, in parse_file
Exception
",failed,0.44499921798706055,2025-06-19 11:18:59
TPDB_YES/HeizmannHoenickeLeikePodelski-ATVA2013-Fig4_true-termination.c,YES,,success,1.1868085861206055,2025-06-19 11:19:00
TPDB_YES/Lobnya-Boolean-Reordered_true-termination.c,YES,,success,7.937224388122559,2025-06-19 11:19:08
TPDB_YES/AliasDarteFeautrierGonnord-SAS2010-Fig2b_true-termination.c,YES,,success,10.761070489883423,2025-06-19 11:19:19
TPDB_YES/svcomp_GulwaniJainKoskinen-2009PLDI-Fig1_true-alloca.c,ERROR,"[253119] Failed to execute script irankfinder
Traceback (most recent call last):
  File ""irankfinder.py"", line 190, in parse_file
  File ""genericparser/__init__.py"", line 109, in parse
  File ""genericparser/Parser_c.py"", line 25, in parse
  File ""genericparser/Parser_koat.py"", line 25, in parse_string
  File ""lark/lark.py"", line 197, in parse
  File ""lark/parser_frontends.py"", line 137, in parse
  File ""lark/parsers/xearley.py"", line 143, in parse
lark.common.ParseError: Unexpected end of input! Expecting a terminal of: ['__LPAR']

The above exception was the direct cause of the following exception:

Traceback (most recent call last):
  File ""irankfinder.py"", line 374, in <module>
  File ""irankfinder.py"", line 205, in launch
  File ""irankfinder.py"", line 197, in parse_file
Exception
",failed,0.482250452041626,2025-06-19 11:19:19
TPDB_YES/NestedRecursion_1b_true-termination.c,ERROR,"[253132] Failed to execute script irankfinder
Traceback (most recent call last):
  File ""irankfinder.py"", line 190, in parse_file
  File ""genericparser/__init__.py"", line 109, in parse
  File ""genericparser/Parser_c.py"", line 21, in parse
Exception: b'Cannot use ""-eager-inline"" with a cyclic call hierarchy!\n'

The above exception was the direct cause of the following exception:

Traceback (most recent call last):
  File ""irankfinder.py"", line 374, in <module>
  File ""irankfinder.py"", line 205, in launch
  File ""irankfinder.py"", line 197, in parse_file
Exception
",failed,0.44272637367248535,2025-06-19 11:19:20
TPDB_YES/svcomp_cstrncmp_true-termination.c,ERROR,"[253149] Failed to execute script irankfinder
Traceback (most recent call last):
  File ""irankfinder.py"", line 190, in parse_file
  File ""genericparser/__init__.py"", line 109, in parse
  File ""genericparser/Parser_c.py"", line 25, in parse
  File ""genericparser/Parser_koat.py"", line 25, in parse_string
  File ""lark/lark.py"", line 197, in parse
  File ""lark/parser_frontends.py"", line 137, in parse
  File ""lark/parsers/xearley.py"", line 143, in parse
lark.common.ParseError: Unexpected end of input! Expecting a terminal of: ['__LPAR']

The above exception was the direct cause of the following exception:

Traceback (most recent call last):
  File ""irankfinder.py"", line 374, in <module>
  File ""irankfinder.py"", line 205, in launch
  File ""irankfinder.py"", line 197, in parse_file
Exception
",failed,0.466961145401001,2025-06-19 11:19:20
TPDB_YES/svcomp_ex3b-alloca.c,ERROR,"[253162] Failed to execute script irankfinder
Traceback (most recent call last):
  File ""irankfinder.py"", line 190, in parse_file
  File ""genericparser/__init__.py"", line 109, in parse
  File ""genericparser/Parser_c.py"", line 25, in parse
  File ""genericparser/Parser_koat.py"", line 25, in parse_string
  File ""lark/lark.py"", line 197, in parse
  File ""lark/parser_frontends.py"", line 137, in parse
  File ""lark/parsers/xearley.py"", line 143, in parse
lark.common.ParseError: Unexpected end of input! Expecting a terminal of: ['__LPAR']

The above exception was the direct cause of the following exception:

Traceback (most recent call last):
  File ""irankfinder.py"", line 374, in <module>
  File ""irankfinder.py"", line 205, in launch
  File ""irankfinder.py"", line 197, in parse_file
Exception
",failed,0.3466353416442871,2025-06-19 11:19:21
TPDB_YES/svcomp_java_Sequence-alloca.c,ERROR,"[253175] Failed to execute script irankfinder
Traceback (most recent call last):
  File ""irankfinder.py"", line 190, in parse_file
  File ""genericparser/__init__.py"", line 109, in parse
  File ""genericparser/Parser_c.py"", line 25, in parse
  File ""genericparser/Parser_koat.py"", line 25, in parse_string
  File ""lark/lark.py"", line 197, in parse
  File ""lark/parser_frontends.py"", line 137, in parse
  File ""lark/parsers/xearley.py"", line 143, in parse
lark.common.ParseError: Unexpected end of input! Expecting a terminal of: ['__LPAR']

The above exception was the direct cause of the following exception:

Traceback (most recent call last):
  File ""irankfinder.py"", line 374, in <module>
  File ""irankfinder.py"", line 205, in launch
  File ""irankfinder.py"", line 197, in parse_file
Exception
",failed,0.468076229095459,2025-06-19 11:19:21
TPDB_YES/ChenFlurMukhopadhyay-SAS2012-Ex1.01_true-termination.c,MAYBE,,success,2.685703992843628,2025-06-19 11:19:24
TPDB_YES/ChenFlurMukhopadhyay-SAS2012-Ex3.07_true-termination.c,YES,,success,2.187636613845825,2025-06-19 11:19:26
TPDB_YES/svcomp_openbsd_cstrcpy_alloca.c,ERROR,"[253275] Failed to execute script irankfinder
Traceback (most recent call last):
  File ""irankfinder.py"", line 190, in parse_file
  File ""genericparser/__init__.py"", line 109, in parse
  File ""genericparser/Parser_c.py"", line 25, in parse
  File ""genericparser/Parser_koat.py"", line 25, in parse_string
  File ""lark/lark.py"", line 197, in parse
  File ""lark/parser_frontends.py"", line 137, in parse
  File ""lark/parsers/xearley.py"", line 143, in parse
lark.common.ParseError: Unexpected end of input! Expecting a terminal of: ['__LPAR']

The above exception was the direct cause of the following exception:

Traceback (most recent call last):
  File ""irankfinder.py"", line 374, in <module>
  File ""irankfinder.py"", line 205, in launch
  File ""irankfinder.py"", line 197, in parse_file
Exception
",failed,0.4723012447357178,2025-06-19 11:19:27
TPDB_YES/svcomp_substring_alloca.c,ERROR,"[253288] Failed to execute script irankfinder
Traceback (most recent call last):
  File ""irankfinder.py"", line 190, in parse_file
  File ""genericparser/__init__.py"", line 109, in parse
  File ""genericparser/Parser_c.py"", line 25, in parse
  File ""genericparser/Parser_koat.py"", line 25, in parse_string
  File ""lark/lark.py"", line 197, in parse
  File ""lark/parser_frontends.py"", line 137, in parse
  File ""lark/parsers/xearley.py"", line 143, in parse
lark.common.ParseError: Unexpected end of input! Expecting a terminal of: ['__LPAR']

The above exception was the direct cause of the following exception:

Traceback (most recent call last):
  File ""irankfinder.py"", line 374, in <module>
  File ""irankfinder.py"", line 205, in launch
  File ""irankfinder.py"", line 197, in parse_file
Exception
",failed,0.35355114936828613,2025-06-19 11:19:27
TPDB_YES/GulavaniGulwani-CAV2008-Fig1a_true-termination.c,YES,,success,3.35227632522583,2025-06-19 11:19:30
TPDB_YES/ChenFlurMukhopadhyay-SAS2012-Fig1_true-termination.c,YES,,success,1.6469829082489014,2025-06-19 11:19:32
TPDB_YES/svcomp_a.08-alloca.c,ERROR,"[253359] Failed to execute script irankfinder
Traceback (most recent call last):
  File ""irankfinder.py"", line 190, in parse_file
  File ""genericparser/__init__.py"", line 109, in parse
  File ""genericparser/Parser_c.py"", line 25, in parse
  File ""genericparser/Parser_koat.py"", line 25, in parse_string
  File ""lark/lark.py"", line 197, in parse
  File ""lark/parser_frontends.py"", line 137, in parse
  File ""lark/parsers/xearley.py"", line 143, in parse
lark.common.ParseError: Unexpected end of input! Expecting a terminal of: ['__LPAR']

The above exception was the direct cause of the following exception:

Traceback (most recent call last):
  File ""irankfinder.py"", line 374, in <module>
  File ""irankfinder.py"", line 205, in launch
  File ""irankfinder.py"", line 197, in parse_file
Exception
",failed,0.47321105003356934,2025-06-19 11:19:32
TPDB_YES/Et1_true.c,ERROR,"[253377] Failed to execute script irankfinder
Traceback (most recent call last):
  File ""irankfinder.py"", line 190, in parse_file
  File ""genericparser/__init__.py"", line 109, in parse
  File ""genericparser/Parser_c.py"", line 21, in parse
Exception: b'Cannot use ""-eager-inline"" with a cyclic call hierarchy!\n'

The above exception was the direct cause of the following exception:

Traceback (most recent call last):
  File ""irankfinder.py"", line 374, in <module>
  File ""irankfinder.py"", line 205, in launch
  File ""irankfinder.py"", line 197, in parse_file
Exception
",failed,0.3320174217224121,2025-06-19 11:19:33
TPDB_YES/Waldkirch_true-termination.c,YES,,success,0.9017212390899658,2025-06-19 11:19:34
TPDB_YES/AliasDarteFeautrierGonnord-SAS2010-speedpldi2_true-termination.c,YES,,success,1.5462327003479004,2025-06-19 11:19:35
TPDB_YES/TerminatorRec02_true.c,ERROR,"[253444] Failed to execute script irankfinder
Traceback (most recent call last):
  File ""irankfinder.py"", line 190, in parse_file
  File ""genericparser/__init__.py"", line 109, in parse
  File ""genericparser/Parser_c.py"", line 21, in parse
Exception: b'Cannot use ""-eager-inline"" with a cyclic call hierarchy!\n'

The above exception was the direct cause of the following exception:

Traceback (most recent call last):
  File ""irankfinder.py"", line 374, in <module>
  File ""irankfinder.py"", line 205, in launch
  File ""irankfinder.py"", line 197, in parse_file
Exception
",failed,0.3235194683074951,2025-06-19 11:19:36
TPDB_YES/LeikeHeizmann-TACAS2014-Ex9_true-termination.c,YES,,success,2.643092632293701,2025-06-19 11:19:38
TPDB_YES/nondet_ll_traverse-ptrdiff.c,ERROR,"[253502] Failed to execute script irankfinder
Traceback (most recent call last):
  File ""irankfinder.py"", line 190, in parse_file
  File ""genericparser/__init__.py"", line 109, in parse
  File ""genericparser/Parser_c.py"", line 25, in parse
  File ""genericparser/Parser_koat.py"", line 25, in parse_string
  File ""lark/lark.py"", line 197, in parse
  File ""lark/parser_frontends.py"", line 137, in parse
  File ""lark/parsers/xearley.py"", line 143, in parse
lark.common.ParseError: Unexpected end of input! Expecting a terminal of: ['__LPAR']

The above exception was the direct cause of the following exception:

Traceback (most recent call last):
  File ""irankfinder.py"", line 374, in <module>
  File ""irankfinder.py"", line 205, in launch
  File ""irankfinder.py"", line 197, in parse_file
Exception
",failed,0.34306883811950684,2025-06-19 11:19:39
TPDB_YES/svcomp_CookSeeZuleger-2013TACAS-Fig3_true-alloca.c,ERROR,"[253515] Failed to execute script irankfinder
Traceback (most recent call last):
  File ""irankfinder.py"", line 190, in parse_file
  File ""genericparser/__init__.py"", line 109, in parse
  File ""genericparser/Parser_c.py"", line 25, in parse
  File ""genericparser/Parser_koat.py"", line 25, in parse_string
  File ""lark/lark.py"", line 197, in parse
  File ""lark/parser_frontends.py"", line 137, in parse
  File ""lark/parsers/xearley.py"", line 143, in parse
lark.common.ParseError: Unexpected end of input! Expecting a terminal of: ['__LPAR']

The above exception was the direct cause of the following exception:

Traceback (most recent call last):
  File ""irankfinder.py"", line 374, in <module>
  File ""irankfinder.py"", line 205, in launch
  File ""irankfinder.py"", line 197, in parse_file
Exception
",failed,0.3421356678009033,2025-06-19 11:19:39
TPDB_YES/AliasDarteFeautrierGonnord-SAS2010-Fig2a_true-termination.c,YES,,success,3.328688144683838,2025-06-19 11:19:42
TPDB_YES/svcomp_b.07-alloca.c,ERROR,"[253548] Failed to execute script irankfinder
Traceback (most recent call last):
  File ""irankfinder.py"", line 190, in parse_file
  File ""genericparser/__init__.py"", line 109, in parse
  File ""genericparser/Parser_c.py"", line 25, in parse
  File ""genericparser/Parser_koat.py"", line 25, in parse_string
  File ""lark/lark.py"", line 197, in parse
  File ""lark/parser_frontends.py"", line 137, in parse
  File ""lark/parsers/xearley.py"", line 143, in parse
lark.common.ParseError: Unexpected end of input! Expecting a terminal of: ['__LPAR']

The above exception was the direct cause of the following exception:

Traceback (most recent call last):
  File ""irankfinder.py"", line 374, in <module>
  File ""irankfinder.py"", line 205, in launch
  File ""irankfinder.py"", line 197, in parse_file
Exception
",failed,0.4710109233856201,2025-06-19 11:19:43
TPDB_YES/PastaB6.c,YES,,success,1.6659536361694336,2025-06-19 11:19:44
TPDB_YES/svcomp_insertionsort_alloca.c,ERROR,"[253602] Failed to execute script irankfinder
Traceback (most recent call last):
  File ""irankfinder.py"", line 190, in parse_file
  File ""genericparser/__init__.py"", line 109, in parse
  File ""genericparser/Parser_c.py"", line 25, in parse
  File ""genericparser/Parser_koat.py"", line 25, in parse_string
  File ""lark/lark.py"", line 197, in parse
  File ""lark/parser_frontends.py"", line 137, in parse
  File ""lark/parsers/xearley.py"", line 143, in parse
lark.common.ParseError: Unexpected end of input! Expecting a terminal of: ['__LPAR']

The above exception was the direct cause of the following exception:

Traceback (most recent call last):
  File ""irankfinder.py"", line 374, in <module>
  File ""irankfinder.py"", line 205, in launch
  File ""irankfinder.py"", line 197, in parse_file
Exception
",failed,0.46921372413635254,2025-06-19 11:19:45
TPDB_YES/Addition01_true-unreach-call_true-termination.c,ERROR,"[253615] Failed to execute script irankfinder
Traceback (most recent call last):
  File ""irankfinder.py"", line 190, in parse_file
  File ""genericparser/__init__.py"", line 109, in parse
  File ""genericparser/Parser_c.py"", line 21, in parse
Exception: b'Cannot use ""-eager-inline"" with a cyclic call hierarchy!\n'

The above exception was the direct cause of the following exception:

Traceback (most recent call last):
  File ""irankfinder.py"", line 374, in <module>
  File ""irankfinder.py"", line 205, in launch
  File ""irankfinder.py"", line 197, in parse_file
Exception
",failed,0.32468152046203613,2025-06-19 11:19:45
TPDB_YES/DivMinus2.c,YES,,success,19.731660842895508,2025-06-19 11:20:05
TPDB_YES/LeikeHeizmann-WST2014-Ex9_true-termination.c,YES,,success,1.3140969276428223,2025-06-19 11:20:06
TPDB_YES/PastaB2.c,YES,,success,1.0561609268188477,2025-06-19 11:20:07
TPDB_YES/PastaB3.c,YES,,success,1.4628121852874756,2025-06-19 11:20:09
TPDB_YES/HeizmannHoenickeLeikePodelski-ATVA2013-Fig8_true-termination.c,MAYBE,,success,4.329362630844116,2025-06-19 11:20:13
TPDB_YES/PastaA4.c,YES,,success,0.9389958381652832,2025-06-19 11:20:14
TPDB_YES/svcomp_BrockschmidtCookFuhs-2013CAV-Introduction_true-alloca.c,ERROR,"[253896] Failed to execute script irankfinder
Traceback (most recent call last):
  File ""irankfinder.py"", line 190, in parse_file
  File ""genericparser/__init__.py"", line 109, in parse
  File ""genericparser/Parser_c.py"", line 25, in parse
  File ""genericparser/Parser_koat.py"", line 25, in parse_string
  File ""lark/lark.py"", line 197, in parse
  File ""lark/parser_frontends.py"", line 137, in parse
  File ""lark/parsers/xearley.py"", line 143, in parse
lark.common.ParseError: Unexpected end of input! Expecting a terminal of: ['__LPAR']

The above exception was the direct cause of the following exception:

Traceback (most recent call last):
  File ""irankfinder.py"", line 374, in <module>
  File ""irankfinder.py"", line 205, in launch
  File ""irankfinder.py"", line 197, in parse_file
Exception
",failed,0.4723799228668213,2025-06-19 11:20:15
TPDB_YES/svcomp_stroeder2_alloca.c,ERROR,"[253909] Failed to execute script irankfinder
Traceback (most recent call last):
  File ""irankfinder.py"", line 190, in parse_file
  File ""genericparser/__init__.py"", line 109, in parse
  File ""genericparser/Parser_c.py"", line 25, in parse
  File ""genericparser/Parser_koat.py"", line 25, in parse_string
  File ""lark/lark.py"", line 197, in parse
  File ""lark/parser_frontends.py"", line 137, in parse
  File ""lark/parsers/xearley.py"", line 143, in parse
lark.common.ParseError: Unexpected end of input! Expecting a terminal of: ['__LPAR']

The above exception was the direct cause of the following exception:

Traceback (most recent call last):
  File ""irankfinder.py"", line 374, in <module>
  File ""irankfinder.py"", line 205, in launch
  File ""irankfinder.py"", line 197, in parse_file
Exception
",failed,0.35058069229125977,2025-06-19 11:20:15
TPDB_YES/genady_true-termination.c,YES,,success,0.7627532482147217,2025-06-19 11:20:16
TPDB_YES/Thun_true-termination.c,YES,,success,1.2167620658874512,2025-06-19 11:20:17
TPDB_YES/svcomp_cstrcspn_true_alloca.c,ERROR,"[253980] Failed to execute script irankfinder
Traceback (most recent call last):
  File ""irankfinder.py"", line 190, in parse_file
  File ""genericparser/__init__.py"", line 109, in parse
  File ""genericparser/Parser_c.py"", line 25, in parse
  File ""genericparser/Parser_koat.py"", line 25, in parse_string
  File ""lark/lark.py"", line 197, in parse
  File ""lark/parser_frontends.py"", line 137, in parse
  File ""lark/parsers/xearley.py"", line 143, in parse
lark.common.ParseError: Unexpected end of input! Expecting a terminal of: ['__LPAR']

The above exception was the direct cause of the following exception:

Traceback (most recent call last):
  File ""irankfinder.py"", line 374, in <module>
  File ""irankfinder.py"", line 205, in launch
  File ""irankfinder.py"", line 197, in parse_file
Exception
",failed,0.47652602195739746,2025-06-19 11:20:18
TPDB_YES/svcomp_openbsd_cbzero_alloca.c,ERROR,"[253993] Failed to execute script irankfinder
Traceback (most recent call last):
  File ""irankfinder.py"", line 190, in parse_file
  File ""genericparser/__init__.py"", line 109, in parse
  File ""genericparser/Parser_c.py"", line 25, in parse
  File ""genericparser/Parser_koat.py"", line 25, in parse_string
  File ""lark/lark.py"", line 197, in parse
  File ""lark/parser_frontends.py"", line 137, in parse
  File ""lark/parsers/xearley.py"", line 143, in parse
lark.common.ParseError: Unexpected end of input! Expecting a terminal of: ['__LPAR']

The above exception was the direct cause of the following exception:

Traceback (most recent call last):
  File ""irankfinder.py"", line 374, in <module>
  File ""irankfinder.py"", line 205, in launch
  File ""irankfinder.py"", line 197, in parse_file
Exception
",failed,0.34423375129699707,2025-06-19 11:20:18
TPDB_YES/svcomp_Urban-2013WST-Fig2_true-alloca.c,ERROR,"[254006] Failed to execute script irankfinder
Traceback (most recent call last):
  File ""irankfinder.py"", line 190, in parse_file
  File ""genericparser/__init__.py"", line 109, in parse
  File ""genericparser/Parser_c.py"", line 25, in parse
  File ""genericparser/Parser_koat.py"", line 25, in parse_string
  File ""lark/lark.py"", line 197, in parse
  File ""lark/parser_frontends.py"", line 137, in parse
  File ""lark/parsers/xearley.py"", line 143, in parse
lark.common.ParseError: Unexpected end of input! Expecting a terminal of: ['__LPAR']

The above exception was the direct cause of the following exception:

Traceback (most recent call last):
  File ""irankfinder.py"", line 374, in <module>
  File ""irankfinder.py"", line 205, in launch
  File ""irankfinder.py"", line 197, in parse_file
Exception
",failed,0.47193312644958496,2025-06-19 11:20:18
TPDB_YES/SyntaxSupportPointer01_true-termination.c,ERROR,"[254019] Failed to execute script irankfinder
Traceback (most recent call last):
  File ""irankfinder.py"", line 190, in parse_file
  File ""genericparser/__init__.py"", line 109, in parse
  File ""genericparser/Parser_c.py"", line 25, in parse
  File ""genericparser/Parser_koat.py"", line 25, in parse_string
  File ""lark/lark.py"", line 197, in parse
  File ""lark/parser_frontends.py"", line 137, in parse
  File ""lark/parsers/xearley.py"", line 143, in parse
lark.common.ParseError: Unexpected end of input! Expecting a terminal of: ['__LPAR']

The above exception was the direct cause of the following exception:

Traceback (most recent call last):
  File ""irankfinder.py"", line 374, in <module>
  File ""irankfinder.py"", line 205, in launch
  File ""irankfinder.py"", line 197, in parse_file
Exception
",failed,0.345550537109375,2025-06-19 11:20:19
TPDB_YES/ChenFlurMukhopadhyay-SAS2012-Ex2.16_true-termination.c,YES,,success,1.5419955253601074,2025-06-19 11:20:20
TPDB_YES/RecursiveMultiplication_true-termination.c,ERROR,"[254049] Failed to execute script irankfinder
Traceback (most recent call last):
  File ""irankfinder.py"", line 190, in parse_file
  File ""genericparser/__init__.py"", line 109, in parse
  File ""genericparser/Parser_c.py"", line 21, in parse
Exception: b'Cannot use ""-eager-inline"" with a cyclic call hierarchy!\n'

The above exception was the direct cause of the following exception:

Traceback (most recent call last):
  File ""irankfinder.py"", line 374, in <module>
  File ""irankfinder.py"", line 205, in launch
  File ""irankfinder.py"", line 197, in parse_file
Exception
",failed,0.32977771759033203,2025-06-19 11:20:21
TPDB_YES/svcomp_Avery-2006FLOPS-Tabel1_true-alloca.c,ERROR,"[254063] Failed to execute script irankfinder
Traceback (most recent call last):
  File ""irankfinder.py"", line 190, in parse_file
  File ""genericparser/__init__.py"", line 109, in parse
  File ""genericparser/Parser_c.py"", line 25, in parse
  File ""genericparser/Parser_koat.py"", line 25, in parse_string
  File ""lark/lark.py"", line 197, in parse
  File ""lark/parser_frontends.py"", line 137, in parse
  File ""lark/parsers/xearley.py"", line 143, in parse
lark.common.ParseError: Unexpected end of input! Expecting a terminal of: ['__LPAR']

The above exception was the direct cause of the following exception:

Traceback (most recent call last):
  File ""irankfinder.py"", line 374, in <module>
  File ""irankfinder.py"", line 205, in launch
  File ""irankfinder.py"", line 197, in parse_file
Exception
",failed,0.4644291400909424,2025-06-19 11:20:21
TPDB_YES/PastaC2.c,YES,,success,2.747471570968628,2025-06-19 11:20:24
TPDB_YES/svcomp_b.04-alloca.c,ERROR,"[254120] Failed to execute script irankfinder
Traceback (most recent call last):
  File ""irankfinder.py"", line 190, in parse_file
  File ""genericparser/__init__.py"", line 109, in parse
  File ""genericparser/Parser_c.py"", line 25, in parse
  File ""genericparser/Parser_koat.py"", line 25, in parse_string
  File ""lark/lark.py"", line 197, in parse
  File ""lark/parser_frontends.py"", line 137, in parse
  File ""lark/parsers/xearley.py"", line 143, in parse
lark.common.ParseError: Unexpected end of input! Expecting a terminal of: ['__LPAR']

The above exception was the direct cause of the following exception:

Traceback (most recent call last):
  File ""irankfinder.py"", line 374, in <module>
  File ""irankfinder.py"", line 205, in launch
  File ""irankfinder.py"", line 197, in parse_file
Exception
",failed,0.4744601249694824,2025-06-19 11:20:24
TPDB_YES/svcomp_c.07.c,YES,,success,1.7410483360290527,2025-06-19 11:20:26
TPDB_YES/UrbanMine-ESOP2014-Fig3_true-termination.c,YES,,success,154.23213481903076,2025-06-19 11:23:00
TPDB_YES/LeeJonesBen-Amram-POPL2001-Ex4_true-termination.c,ERROR,"[254606] Failed to execute script irankfinder
Traceback (most recent call last):
  File ""irankfinder.py"", line 190, in parse_file
  File ""genericparser/__init__.py"", line 109, in parse
  File ""genericparser/Parser_c.py"", line 21, in parse
Exception: b'Cannot use ""-eager-inline"" with a cyclic call hierarchy!\n'

The above exception was the direct cause of the following exception:

Traceback (most recent call last):
  File ""irankfinder.py"", line 374, in <module>
  File ""irankfinder.py"", line 205, in launch
  File ""irankfinder.py"", line 197, in parse_file
Exception
",failed,0.44289255142211914,2025-06-19 11:23:01
TPDB_YES/svcomp_a.04.c,YES,,success,1.510835886001587,2025-06-19 11:23:02
TPDB_YES/svcomp_easySum.c,YES,,success,1.5511951446533203,2025-06-19 11:23:04
TPDB_YES/ChenFlurMukhopadhyay-SAS2012-Ex3.01_true-termination.c,YES,,success,1.2139079570770264,2025-06-19 11:23:05
TPDB_YES/svcomp_b.04.c,YES,,success,1.0643956661224365,2025-06-19 11:23:06
TPDB_YES/GulavaniGulwani-CAV2008-Fig1c_true-termination.c,YES,,success,1.2112317085266113,2025-06-19 11:23:07
TPDB_YES/gcd1_true-termination.c,YES,,success,2.7630653381347656,2025-06-19 11:23:10
TPDB_YES/sum_2x3_false-unreach-call.c,ERROR,"[254719] Failed to execute script irankfinder
Traceback (most recent call last):
  File ""irankfinder.py"", line 190, in parse_file
  File ""genericparser/__init__.py"", line 109, in parse
  File ""genericparser/Parser_c.py"", line 21, in parse
Exception: b'Cannot use ""-eager-inline"" with a cyclic call hierarchy!\n'

The above exception was the direct cause of the following exception:

Traceback (most recent call last):
  File ""irankfinder.py"", line 374, in <module>
  File ""irankfinder.py"", line 205, in launch
  File ""irankfinder.py"", line 197, in parse_file
Exception
",failed,0.3195950984954834,2025-06-19 11:23:11
TPDB_YES/svcomp_b.09-no-inv_assume-alloca.c,ERROR,"[254733] Failed to execute script irankfinder
Traceback (most recent call last):
  File ""irankfinder.py"", line 190, in parse_file
  File ""genericparser/__init__.py"", line 109, in parse
  File ""genericparser/Parser_c.py"", line 25, in parse
  File ""genericparser/Parser_koat.py"", line 25, in parse_string
  File ""lark/lark.py"", line 197, in parse
  File ""lark/parser_frontends.py"", line 137, in parse
  File ""lark/parsers/xearley.py"", line 143, in parse
lark.common.ParseError: Unexpected end of input! Expecting a terminal of: ['__LPAR']

The above exception was the direct cause of the following exception:

Traceback (most recent call last):
  File ""irankfinder.py"", line 374, in <module>
  File ""irankfinder.py"", line 205, in launch
  File ""irankfinder.py"", line 197, in parse_file
Exception
",failed,0.47456860542297363,2025-06-19 11:23:11
TPDB_YES/standard_copy7_true-unreach-call_ground.c,YES,,success,16.153934478759766,2025-06-19 11:23:27
TPDB_YES/svcomp_a.06-alloca.c,ERROR,"[254784] Failed to execute script irankfinder
Traceback (most recent call last):
  File ""irankfinder.py"", line 190, in parse_file
  File ""genericparser/__init__.py"", line 109, in parse
  File ""genericparser/Parser_c.py"", line 25, in parse
  File ""genericparser/Parser_koat.py"", line 25, in parse_string
  File ""lark/lark.py"", line 197, in parse
  File ""lark/parser_frontends.py"", line 137, in parse
  File ""lark/parsers/xearley.py"", line 143, in parse
lark.common.ParseError: Unexpected end of input! Expecting a terminal of: ['__LPAR']

The above exception was the direct cause of the following exception:

Traceback (most recent call last):
  File ""irankfinder.py"", line 374, in <module>
  File ""irankfinder.py"", line 205, in launch
  File ""irankfinder.py"", line 197, in parse_file
Exception
",failed,0.48391246795654297,2025-06-19 11:23:28
TPDB_YES/LeeJonesBen-Amram-POPL2001-Ex1_true-termination.c,ERROR,"[254800] Failed to execute script irankfinder
Traceback (most recent call last):
  File ""irankfinder.py"", line 190, in parse_file
  File ""genericparser/__init__.py"", line 109, in parse
  File ""genericparser/Parser_c.py"", line 21, in parse
Exception: b'Cannot use ""-eager-inline"" with a cyclic call hierarchy!\n'

The above exception was the direct cause of the following exception:

Traceback (most recent call last):
  File ""irankfinder.py"", line 374, in <module>
  File ""irankfinder.py"", line 205, in launch
  File ""irankfinder.py"", line 197, in parse_file
Exception
",failed,0.4442300796508789,2025-06-19 11:23:28
TPDB_YES/NoriSharma-FSE2013-Fig7_true-termination.c,YES,,success,2.5380496978759766,2025-06-19 11:23:31
TPDB_YES/svcomp_b.03-no-inv_assume-alloca.c,ERROR,"[254831] Failed to execute script irankfinder
Traceback (most recent call last):
  File ""irankfinder.py"", line 190, in parse_file
  File ""genericparser/__init__.py"", line 109, in parse
  File ""genericparser/Parser_c.py"", line 25, in parse
  File ""genericparser/Parser_koat.py"", line 25, in parse_string
  File ""lark/lark.py"", line 197, in parse
  File ""lark/parser_frontends.py"", line 137, in parse
  File ""lark/parsers/xearley.py"", line 143, in parse
lark.common.ParseError: Unexpected end of input! Expecting a terminal of: ['__LPAR']

The above exception was the direct cause of the following exception:

Traceback (most recent call last):
  File ""irankfinder.py"", line 374, in <module>
  File ""irankfinder.py"", line 205, in launch
  File ""irankfinder.py"", line 197, in parse_file
Exception
",failed,0.4706766605377197,2025-06-19 11:23:31
TPDB_YES/svcomp_cstrlen_true_alloca.c,ERROR,"[254844] Failed to execute script irankfinder
Traceback (most recent call last):
  File ""irankfinder.py"", line 190, in parse_file
  File ""genericparser/__init__.py"", line 109, in parse
  File ""genericparser/Parser_c.py"", line 25, in parse
  File ""genericparser/Parser_koat.py"", line 25, in parse_string
  File ""lark/lark.py"", line 197, in parse
  File ""lark/parser_frontends.py"", line 137, in parse
  File ""lark/parsers/xearley.py"", line 143, in parse
lark.common.ParseError: Unexpected end of input! Expecting a terminal of: ['__LPAR']

The above exception was the direct cause of the following exception:

Traceback (most recent call last):
  File ""irankfinder.py"", line 374, in <module>
  File ""irankfinder.py"", line 205, in launch
  File ""irankfinder.py"", line 197, in parse_file
Exception
",failed,0.3441474437713623,2025-06-19 11:23:32
TPDB_YES/ChenFlurMukhopadhyay-SAS2012-Ex3.05_true-termination.c,YES,,success,2.0658485889434814,2025-06-19 11:23:34
TPDB_YES/ColonSipma-TACAS2001-Fig1_true-termination.c,YES,,success,1.9315271377563477,2025-06-19 11:23:36
TPDB_YES/svcomp_openbsd_cstrlen_alloca.c,ERROR,"[254894] Failed to execute script irankfinder
Traceback (most recent call last):
  File ""irankfinder.py"", line 190, in parse_file
  File ""genericparser/__init__.py"", line 109, in parse
  File ""genericparser/Parser_c.py"", line 25, in parse
  File ""genericparser/Parser_koat.py"", line 25, in parse_string
  File ""lark/lark.py"", line 197, in parse
  File ""lark/parser_frontends.py"", line 137, in parse
  File ""lark/parsers/xearley.py"", line 143, in parse
lark.common.ParseError: Unexpected end of input! Expecting a terminal of: ['__LPAR']

The above exception was the direct cause of the following exception:

Traceback (most recent call last):
  File ""irankfinder.py"", line 374, in <module>
  File ""irankfinder.py"", line 205, in launch
  File ""irankfinder.py"", line 197, in parse_file
Exception
",failed,0.3441038131713867,2025-06-19 11:23:36
TPDB_YES/GulwaniJainKoskinen-PLDI2009-Fig1_true-termination.c,YES,,success,17.41599130630493,2025-06-19 11:23:53
TPDB_YES/svcomp_b.14-alloca.c,ERROR,"[254984] Failed to execute script irankfinder
Traceback (most recent call last):
  File ""irankfinder.py"", line 190, in parse_file
  File ""genericparser/__init__.py"", line 109, in parse
  File ""genericparser/Parser_c.py"", line 25, in parse
  File ""genericparser/Parser_koat.py"", line 25, in parse_string
  File ""lark/lark.py"", line 197, in parse
  File ""lark/parser_frontends.py"", line 137, in parse
  File ""lark/parsers/xearley.py"", line 143, in parse
lark.common.ParseError: Unexpected end of input! Expecting a terminal of: ['__LPAR']

The above exception was the direct cause of the following exception:

Traceback (most recent call last):
  File ""irankfinder.py"", line 374, in <module>
  File ""irankfinder.py"", line 205, in launch
  File ""irankfinder.py"", line 197, in parse_file
Exception
",failed,0.33849310874938965,2025-06-19 11:23:54
TPDB_YES/ChenFlurMukhopadhyay-SAS2012-Ex1.05_true-termination.c,YES,,success,1.5577507019042969,2025-06-19 11:23:55
TPDB_YES/HarrisLalNoriRajamani-SAS2010-Fig1_true-termination.c,YES,,success,99.72304582595825,2025-06-19 11:25:35
TPDB_YES/960521-1_1_true-valid-memsafety.c,NO,,success,69.01438474655151,2025-06-19 11:26:44
TPDB_YES/svcomp_openbsd_cstrstr_alloca.c,ERROR,"[255291] Failed to execute script irankfinder
Traceback (most recent call last):
  File ""irankfinder.py"", line 190, in parse_file
  File ""genericparser/__init__.py"", line 109, in parse
  File ""genericparser/Parser_c.py"", line 25, in parse
  File ""genericparser/Parser_koat.py"", line 25, in parse_string
  File ""lark/lark.py"", line 197, in parse
  File ""lark/parser_frontends.py"", line 137, in parse
  File ""lark/parsers/xearley.py"", line 143, in parse
lark.common.ParseError: Unexpected end of input! Expecting a terminal of: ['__LPAR']

The above exception was the direct cause of the following exception:

Traceback (most recent call last):
  File ""irankfinder.py"", line 374, in <module>
  File ""irankfinder.py"", line 205, in launch
  File ""irankfinder.py"", line 197, in parse_file
Exception
",failed,0.47376155853271484,2025-06-19 11:26:45
TPDB_YES/Masse-VMCAI2014-Ex6_true-termination.c,YES,,success,2.071326494216919,2025-06-19 11:26:47
TPDB_YES/BrockschmidtCookFuhs-CAV2013-Introduction_true-termination.c,YES,,success,1.605215311050415,2025-06-19 11:26:48
TPDB_YES/svcomp_b.14.c,YES,,success,2.049182176589966,2025-06-19 11:26:50
TPDB_YES/svcomp_b.02-alloca.c,ERROR,"[255355] Failed to execute script irankfinder
Traceback (most recent call last):
  File ""irankfinder.py"", line 190, in parse_file
  File ""genericparser/__init__.py"", line 109, in parse
  File ""genericparser/Parser_c.py"", line 25, in parse
  File ""genericparser/Parser_koat.py"", line 25, in parse_string
  File ""lark/lark.py"", line 197, in parse
  File ""lark/parser_frontends.py"", line 137, in parse
  File ""lark/parsers/xearley.py"", line 143, in parse
lark.common.ParseError: Unexpected end of input! Expecting a terminal of: ['__LPAR']

The above exception was the direct cause of the following exception:

Traceback (most recent call last):
  File ""irankfinder.py"", line 374, in <module>
  File ""irankfinder.py"", line 205, in launch
  File ""irankfinder.py"", line 197, in parse_file
Exception
",failed,0.33687639236450195,2025-06-19 11:26:51
TPDB_YES/svcomp_b.09-no-inv_assume.c,MAYBE,,success,8.018001556396484,2025-06-19 11:26:59
TPDB_YES/MutualRecursion_1b_true-termination.c,ERROR,"[255420] Failed to execute script irankfinder
Traceback (most recent call last):
  File ""irankfinder.py"", line 190, in parse_file
  File ""genericparser/__init__.py"", line 109, in parse
  File ""genericparser/Parser_c.py"", line 21, in parse
Exception: b'/root/term/irankfinder-exe/genericparser/bin/c2koat: line 14: 255430 Segmentation fault      (core dumped) LD_LIBRARY_PATH=""$BASE:$LD_LIBRARY_PATH"" $BASE/llvm2kittel --dump-ll --no-slicing --eager-inline $TMPDIR/$NAME.bc -uniform-complexity-tuples\n'

The above exception was the direct cause of the following exception:

Traceback (most recent call last):
  File ""irankfinder.py"", line 374, in <module>
  File ""irankfinder.py"", line 205, in launch
  File ""irankfinder.py"", line 197, in parse_file
Exception
",failed,19.464755058288574,2025-06-19 11:27:18
TPDB_YES/nondet_ll_skip.c,ERROR,"[255461] Failed to execute script irankfinder
Traceback (most recent call last):
  File ""irankfinder.py"", line 190, in parse_file
  File ""genericparser/__init__.py"", line 109, in parse
  File ""genericparser/Parser_c.py"", line 25, in parse
  File ""genericparser/Parser_koat.py"", line 25, in parse_string
  File ""lark/lark.py"", line 197, in parse
  File ""lark/parser_frontends.py"", line 137, in parse
  File ""lark/parsers/xearley.py"", line 143, in parse
lark.common.ParseError: Unexpected end of input! Expecting a terminal of: ['__LPAR']

The above exception was the direct cause of the following exception:

Traceback (most recent call last):
  File ""irankfinder.py"", line 374, in <module>
  File ""irankfinder.py"", line 205, in launch
  File ""irankfinder.py"", line 197, in parse_file
Exception
",failed,0.474651575088501,2025-06-19 11:27:19
TPDB_YES/svcomp_ex3a-alloca.c,ERROR,"[255477] Failed to execute script irankfinder
Traceback (most recent call last):
  File ""irankfinder.py"", line 190, in parse_file
  File ""genericparser/__init__.py"", line 109, in parse
  File ""genericparser/Parser_c.py"", line 25, in parse
  File ""genericparser/Parser_koat.py"", line 25, in parse_string
  File ""lark/lark.py"", line 197, in parse
  File ""lark/parser_frontends.py"", line 137, in parse
  File ""lark/parsers/xearley.py"", line 143, in parse
lark.common.ParseError: Unexpected end of input! Expecting a terminal of: ['__LPAR']

The above exception was the direct cause of the following exception:

Traceback (most recent call last):
  File ""irankfinder.py"", line 374, in <module>
  File ""irankfinder.py"", line 205, in launch
  File ""irankfinder.py"", line 197, in parse_file
Exception
",failed,0.4655425548553467,2025-06-19 11:27:19
TPDB_YES/HarrisLalNoriRajamani-SAS2010-Fig3_true-termination.c,YES,,success,1.7309951782226562,2025-06-19 11:27:21
TPDB_YES/afterrec_2calls_false-unreach-call.c,ERROR,"[255507] Failed to execute script irankfinder
Traceback (most recent call last):
  File ""irankfinder.py"", line 190, in parse_file
  File ""genericparser/__init__.py"", line 109, in parse
  File ""genericparser/Parser_c.py"", line 21, in parse
Exception: b'Cannot use ""-eager-inline"" with a cyclic call hierarchy!\n'

The above exception was the direct cause of the following exception:

Traceback (most recent call last):
  File ""irankfinder.py"", line 374, in <module>
  File ""irankfinder.py"", line 205, in launch
  File ""irankfinder.py"", line 197, in parse_file
Exception
",failed,0.4348611831665039,2025-06-19 11:27:21
TPDB_YES/svcomp_gcd01_true-unreach-call_true-termination_modified.c,ERROR,"[255521] Failed to execute script irankfinder
Traceback (most recent call last):
  File ""irankfinder.py"", line 190, in parse_file
  File ""genericparser/__init__.py"", line 109, in parse
  File ""genericparser/Parser_c.py"", line 21, in parse
Exception: b'Cannot use ""-eager-inline"" with a cyclic call hierarchy!\n'

The above exception was the direct cause of the following exception:

Traceback (most recent call last):
  File ""irankfinder.py"", line 374, in <module>
  File ""irankfinder.py"", line 205, in launch
  File ""irankfinder.py"", line 197, in parse_file
Exception
",failed,0.44905614852905273,2025-06-19 11:27:22
TPDB_YES/TwoWay_true.c,ERROR,"[255535] Failed to execute script irankfinder
Traceback (most recent call last):
  File ""irankfinder.py"", line 190, in parse_file
  File ""genericparser/__init__.py"", line 109, in parse
  File ""genericparser/Parser_c.py"", line 21, in parse
Exception: b'Cannot use ""-eager-inline"" with a cyclic call hierarchy!\n'

The above exception was the direct cause of the following exception:

Traceback (most recent call last):
  File ""irankfinder.py"", line 374, in <module>
  File ""irankfinder.py"", line 205, in launch
  File ""irankfinder.py"", line 197, in parse_file
Exception
",failed,0.32883691787719727,2025-06-19 11:27:22
TPDB_YES/data_structures_set_multi_proc_false-unreach-call_ground.c,YES,,success,15.352762699127197,2025-06-19 11:27:38
TPDB_YES/ChawdharyCookGulwaniSagivYang-ESOP2008-aaron4_true-termination.c,ERROR,Execution timed out,failed,300,2025-06-19 11:32:38
TPDB_YES/svcomp_c.01-no-inv-alloca.c,ERROR,"[256043] Failed to execute script irankfinder
Traceback (most recent call last):
  File ""irankfinder.py"", line 190, in parse_file
  File ""genericparser/__init__.py"", line 109, in parse
  File ""genericparser/Parser_c.py"", line 25, in parse
  File ""genericparser/Parser_koat.py"", line 25, in parse_string
  File ""lark/lark.py"", line 197, in parse
  File ""lark/parser_frontends.py"", line 137, in parse
  File ""lark/parsers/xearley.py"", line 143, in parse
lark.common.ParseError: Unexpected end of input! Expecting a terminal of: ['__LPAR']

The above exception was the direct cause of the following exception:

Traceback (most recent call last):
  File ""irankfinder.py"", line 374, in <module>
  File ""irankfinder.py"", line 205, in launch
  File ""irankfinder.py"", line 197, in parse_file
Exception
",failed,0.47441554069519043,2025-06-19 11:32:38
TPDB_YES/Sequence.c,YES,,success,1.350039005279541,2025-06-19 11:32:39
TPDB_YES/asc_ll_search_last.c,ERROR,"[256070] Failed to execute script irankfinder
Traceback (most recent call last):
  File ""irankfinder.py"", line 190, in parse_file
  File ""genericparser/__init__.py"", line 109, in parse
  File ""genericparser/Parser_c.py"", line 25, in parse
  File ""genericparser/Parser_koat.py"", line 25, in parse_string
  File ""lark/lark.py"", line 197, in parse
  File ""lark/parser_frontends.py"", line 137, in parse
  File ""lark/parsers/xearley.py"", line 143, in parse
lark.common.ParseError: Unexpected end of input! Expecting a terminal of: ['__LPAR']

The above exception was the direct cause of the following exception:

Traceback (most recent call last):
  File ""irankfinder.py"", line 374, in <module>
  File ""irankfinder.py"", line 205, in launch
  File ""irankfinder.py"", line 197, in parse_file
Exception
",failed,0.3456120491027832,2025-06-19 11:32:40
TPDB_YES/svcomp_c.02.c,YES,,success,4.0602593421936035,2025-06-19 11:32:44
TPDB_YES/GCD4.c,YES,,success,2.1121575832366943,2025-06-19 11:32:46
TPDB_YES/KroeningSharyginaTsitovichWintersteiger-CAV2010-Fig1_true-termination.c,NO,,success,5.678646802902222,2025-06-19 11:32:52
TPDB_YES/svcomp_ex1.c,YES,,success,1.1619141101837158,2025-06-19 11:32:53
TPDB_YES/Copenhagen_disj_true-termination.c,YES,,success,6.587093114852905,2025-06-19 11:33:00
TPDB_YES/svcomp_java_AG313.c,YES,,success,1.4006407260894775,2025-06-19 11:33:01
TPDB_YES/AliasDarteFeautrierGonnord-SAS2010-wise_true-termination.c,YES,,success,8.686114311218262,2025-06-19 11:33:10
TPDB_YES/AliasDarteFeautrierGonnord-SAS2010-terminate_true-termination.c,YES,,success,1.36234712600708,2025-06-19 11:33:11
TPDB_YES/GulavaniGulwani-CAV2008-Fig1b_true-termination.c,YES,,success,2.7514092922210693,2025-06-19 11:33:14
TPDB_YES/ChenFlurMukhopadhyay-SAS2012-Ex3.09_true-termination.c,YES,,success,1.7587890625,2025-06-19 11:33:16
TPDB_YES/PastaC3.c,YES,,success,2.222445487976074,2025-06-19 11:33:18
TPDB_YES/BradleyMannaSipma-ICALP2005-Fig1_true-termination.c,YES,,success,17.7812442779541,2025-06-19 11:33:36
TPDB_YES/Gothenburg_v2_true-termination.c,YES,,success,2.4995200634002686,2025-06-19 11:33:38
TPDB_YES/svcomp_openbsd_cstpcpy_alloca.c,ERROR,"[256427] Failed to execute script irankfinder
Traceback (most recent call last):
  File ""irankfinder.py"", line 190, in parse_file
  File ""genericparser/__init__.py"", line 109, in parse
  File ""genericparser/Parser_c.py"", line 25, in parse
  File ""genericparser/Parser_koat.py"", line 25, in parse_string
  File ""lark/lark.py"", line 197, in parse
  File ""lark/parser_frontends.py"", line 137, in parse
  File ""lark/parsers/xearley.py"", line 143, in parse
lark.common.ParseError: Unexpected end of input! Expecting a terminal of: ['__LPAR']

The above exception was the direct cause of the following exception:

Traceback (most recent call last):
  File ""irankfinder.py"", line 374, in <module>
  File ""irankfinder.py"", line 205, in launch
  File ""irankfinder.py"", line 197, in parse_file
Exception
",failed,0.4808218479156494,2025-06-19 11:33:39
TPDB_YES/PodelskiRybalchenko-LICS2004-Fig2-TACAS2011-Fig3_true-termination.c,YES,,success,19.37530517578125,2025-06-19 11:33:58
TPDB_YES/PastaB14.c,YES,,success,2.3022165298461914,2025-06-19 11:34:00
TPDB_YES/svcomp_a.08.c,YES,,success,1.6979129314422607,2025-06-19 11:34:02
TPDB_YES/ChenFlurMukhopadhyay-SAS2012-Ex2.21_true-termination.c,YES,,success,1.6763036251068115,2025-06-19 11:34:04
TPDB_YES/McCarthyIterative.c,YES,,success,2.096891164779663,2025-06-19 11:34:06
TPDB_YES/svcomp_b.17-alloca.c,ERROR,"[256604] Failed to execute script irankfinder
Traceback (most recent call last):
  File ""irankfinder.py"", line 190, in parse_file
  File ""genericparser/__init__.py"", line 109, in parse
  File ""genericparser/Parser_c.py"", line 25, in parse
  File ""genericparser/Parser_koat.py"", line 25, in parse_string
  File ""lark/lark.py"", line 197, in parse
  File ""lark/parser_frontends.py"", line 137, in parse
  File ""lark/parsers/xearley.py"", line 143, in parse
lark.common.ParseError: Unexpected end of input! Expecting a terminal of: ['__LPAR']

The above exception was the direct cause of the following exception:

Traceback (most recent call last):
  File ""irankfinder.py"", line 374, in <module>
  File ""irankfinder.py"", line 205, in launch
  File ""irankfinder.py"", line 197, in parse_file
Exception
",failed,0.34140443801879883,2025-06-19 11:34:06
TPDB_YES/nondet_ll_search_last_n.c,ERROR,"[256617] Failed to execute script irankfinder
Traceback (most recent call last):
  File ""irankfinder.py"", line 190, in parse_file
  File ""genericparser/__init__.py"", line 109, in parse
  File ""genericparser/Parser_c.py"", line 25, in parse
  File ""genericparser/Parser_koat.py"", line 25, in parse_string
  File ""lark/lark.py"", line 197, in parse
  File ""lark/parser_frontends.py"", line 137, in parse
  File ""lark/parsers/xearley.py"", line 143, in parse
lark.common.ParseError: Unexpected end of input! Expecting a terminal of: ['__LPAR']

The above exception was the direct cause of the following exception:

Traceback (most recent call last):
  File ""irankfinder.py"", line 374, in <module>
  File ""irankfinder.py"", line 205, in launch
  File ""irankfinder.py"", line 197, in parse_file
Exception
",failed,0.47498607635498047,2025-06-19 11:34:07
TPDB_YES/svcomp_b.07.c,YES,,success,1.4250333309173584,2025-06-19 11:34:08
TPDB_YES/svcomp_MultCommutative_true-unreach-call_true-termination_modified.c,ERROR,"[256647] Failed to execute script irankfinder
Traceback (most recent call last):
  File ""irankfinder.py"", line 190, in parse_file
  File ""genericparser/__init__.py"", line 109, in parse
  File ""genericparser/Parser_c.py"", line 21, in parse
Exception: b'Cannot use ""-eager-inline"" with a cyclic call hierarchy!\n'

The above exception was the direct cause of the following exception:

Traceback (most recent call last):
  File ""irankfinder.py"", line 374, in <module>
  File ""irankfinder.py"", line 205, in launch
  File ""irankfinder.py"", line 197, in parse_file
Exception
",failed,0.4450407028198242,2025-06-19 11:34:09
TPDB_YES/AliasDarteFeautrierGonnord-SAS2010-nestedLoop_true-termination.c,YES,,success,4.6635520458221436,2025-06-19 11:34:13
TPDB_YES/PlusSwap.c,YES,,success,1.2140204906463623,2025-06-19 11:34:14
TPDB_YES/LeikeHeizmann-TACAS2014-Ex7_true-termination.c,YES,,success,1.7398481369018555,2025-06-19 11:34:16
TPDB_YES/svcomp_java_BubbleSort_alloca.c,ERROR,"[256715] Failed to execute script irankfinder
Traceback (most recent call last):
  File ""irankfinder.py"", line 190, in parse_file
  File ""genericparser/__init__.py"", line 109, in parse
  File ""genericparser/Parser_c.py"", line 25, in parse
  File ""genericparser/Parser_koat.py"", line 25, in parse_string
  File ""lark/lark.py"", line 197, in parse
  File ""lark/parser_frontends.py"", line 137, in parse
  File ""lark/parsers/xearley.py"", line 143, in parse
lark.common.ParseError: Unexpected end of input! Expecting a terminal of: ['__LPAR']

The above exception was the direct cause of the following exception:

Traceback (most recent call last):
  File ""irankfinder.py"", line 374, in <module>
  File ""irankfinder.py"", line 205, in launch
  File ""irankfinder.py"", line 197, in parse_file
Exception
",failed,0.3475034236907959,2025-06-19 11:34:17
TPDB_YES/ChenFlurMukhopadhyay-SAS2012-Ex3.10_true-termination.c,YES,,success,1.536236047744751,2025-06-19 11:34:18
TPDB_YES/svcomp_a.09_assume-alloca.c,ERROR,"[256745] Failed to execute script irankfinder
Traceback (most recent call last):
  File ""irankfinder.py"", line 190, in parse_file
  File ""genericparser/__init__.py"", line 109, in parse
  File ""genericparser/Parser_c.py"", line 25, in parse
  File ""genericparser/Parser_koat.py"", line 25, in parse_string
  File ""lark/lark.py"", line 197, in parse
  File ""lark/parser_frontends.py"", line 137, in parse
  File ""lark/parsers/xearley.py"", line 143, in parse
lark.common.ParseError: Unexpected end of input! Expecting a terminal of: ['__LPAR']

The above exception was the direct cause of the following exception:

Traceback (most recent call last):
  File ""irankfinder.py"", line 374, in <module>
  File ""irankfinder.py"", line 205, in launch
  File ""irankfinder.py"", line 197, in parse_file
Exception
",failed,0.4710395336151123,2025-06-19 11:34:19
TPDB_YES/svcomp_CookSeeZuleger-2013TACAS-Fig7b_true-alloca.c,ERROR,"[256758] Failed to execute script irankfinder
Traceback (most recent call last):
  File ""irankfinder.py"", line 190, in parse_file
  File ""genericparser/__init__.py"", line 109, in parse
  File ""genericparser/Parser_c.py"", line 25, in parse
  File ""genericparser/Parser_koat.py"", line 25, in parse_string
  File ""lark/lark.py"", line 197, in parse
  File ""lark/parser_frontends.py"", line 137, in parse
  File ""lark/parsers/xearley.py"", line 143, in parse
lark.common.ParseError: Unexpected end of input! Expecting a terminal of: ['__LPAR']

The above exception was the direct cause of the following exception:

Traceback (most recent call last):
  File ""irankfinder.py"", line 374, in <module>
  File ""irankfinder.py"", line 205, in launch
  File ""irankfinder.py"", line 197, in parse_file
Exception
",failed,0.34548234939575195,2025-06-19 11:34:19
TPDB_YES/PastaB15.c,YES,,success,2.651130437850952,2025-06-19 11:34:22
TPDB_YES/PodelskiRybalchenko-LICS2004-Fig1_true-termination.c,YES,,success,1.4211878776550293,2025-06-19 11:34:23
TPDB_YES/svcomp_selectionsort_alloca.c,ERROR,"[256805] Failed to execute script irankfinder
Traceback (most recent call last):
  File ""irankfinder.py"", line 190, in parse_file
  File ""genericparser/__init__.py"", line 109, in parse
  File ""genericparser/Parser_c.py"", line 25, in parse
  File ""genericparser/Parser_koat.py"", line 25, in parse_string
  File ""lark/lark.py"", line 197, in parse
  File ""lark/parser_frontends.py"", line 137, in parse
  File ""lark/parsers/xearley.py"", line 143, in parse
lark.common.ParseError: Unexpected end of input! Expecting a terminal of: ['__LPAR']

The above exception was the direct cause of the following exception:

Traceback (most recent call last):
  File ""irankfinder.py"", line 374, in <module>
  File ""irankfinder.py"", line 205, in launch
  File ""irankfinder.py"", line 197, in parse_file
Exception
",failed,0.3460085391998291,2025-06-19 11:34:23
TPDB_YES/svcomp_Addition01_true-unreach-call_true-termination_modified.c,ERROR,"[256818] Failed to execute script irankfinder
Traceback (most recent call last):
  File ""irankfinder.py"", line 190, in parse_file
  File ""genericparser/__init__.py"", line 109, in parse
  File ""genericparser/Parser_c.py"", line 21, in parse
Exception: b'Cannot use ""-eager-inline"" with a cyclic call hierarchy!\n'

The above exception was the direct cause of the following exception:

Traceback (most recent call last):
  File ""irankfinder.py"", line 374, in <module>
  File ""irankfinder.py"", line 205, in launch
  File ""irankfinder.py"", line 197, in parse_file
Exception
",failed,0.3195769786834717,2025-06-19 11:34:24
TPDB_YES/ChenFlurMukhopadhyay-SAS2012-Ex3.03_true-termination.c,YES,,success,2.2674171924591064,2025-06-19 11:34:26
TPDB_YES/svcomp_cstrspn_true-termination.c,ERROR,"[256852] Failed to execute script irankfinder
Traceback (most recent call last):
  File ""irankfinder.py"", line 190, in parse_file
  File ""genericparser/__init__.py"", line 109, in parse
  File ""genericparser/Parser_c.py"", line 25, in parse
  File ""genericparser/Parser_koat.py"", line 25, in parse_string
  File ""lark/lark.py"", line 197, in parse
  File ""lark/parser_frontends.py"", line 137, in parse
  File ""lark/parsers/xearley.py"", line 143, in parse
lark.common.ParseError: Unexpected end of input! Expecting a terminal of: ['__LPAR']

The above exception was the direct cause of the following exception:

Traceback (most recent call last):
  File ""irankfinder.py"", line 374, in <module>
  File ""irankfinder.py"", line 205, in launch
  File ""irankfinder.py"", line 197, in parse_file
Exception
",failed,0.4763915538787842,2025-06-19 11:34:27
TPDB_YES/LogAG.c,YES,,success,2.088848352432251,2025-06-19 11:34:29
TPDB_YES/svcomp_c.01_assume.c,YES,,success,2.692418336868286,2025-06-19 11:34:31
TPDB_YES/svcomp_array01_alloca.c,ERROR,"[256899] Failed to execute script irankfinder
Traceback (most recent call last):
  File ""irankfinder.py"", line 190, in parse_file
  File ""genericparser/__init__.py"", line 109, in parse
  File ""genericparser/Parser_c.py"", line 25, in parse
  File ""genericparser/Parser_koat.py"", line 25, in parse_string
  File ""lark/lark.py"", line 197, in parse
  File ""lark/parser_frontends.py"", line 137, in parse
  File ""lark/parsers/xearley.py"", line 143, in parse
lark.common.ParseError: Unexpected end of input! Expecting a terminal of: ['__LPAR']

The above exception was the direct cause of the following exception:

Traceback (most recent call last):
  File ""irankfinder.py"", line 374, in <module>
  File ""irankfinder.py"", line 205, in launch
  File ""irankfinder.py"", line 197, in parse_file
Exception
",failed,0.3395860195159912,2025-06-19 11:34:32
TPDB_YES/AliasDarteFeautrierGonnord-SAS2010-ndecr_true-termination.c,YES,,success,0.8825118541717529,2025-06-19 11:34:33
TPDB_YES/Mysore_true-termination.c,YES,,success,1.8782145977020264,2025-06-19 11:34:34
TPDB_YES/svcomp_ChenFlurMukhopadhyay-2012SAS-Fig1_true-alloca.c,ERROR,"[256946] Failed to execute script irankfinder
Traceback (most recent call last):
  File ""irankfinder.py"", line 190, in parse_file
  File ""genericparser/__init__.py"", line 109, in parse
  File ""genericparser/Parser_c.py"", line 25, in parse
  File ""genericparser/Parser_koat.py"", line 25, in parse_string
  File ""lark/lark.py"", line 197, in parse
  File ""lark/parser_frontends.py"", line 137, in parse
  File ""lark/parsers/xearley.py"", line 143, in parse
lark.common.ParseError: Unexpected end of input! Expecting a terminal of: ['__LPAR']

The above exception was the direct cause of the following exception:

Traceback (most recent call last):
  File ""irankfinder.py"", line 374, in <module>
  File ""irankfinder.py"", line 205, in launch
  File ""irankfinder.py"", line 197, in parse_file
Exception
",failed,0.3475303649902344,2025-06-19 11:34:35
TPDB_YES/svcomp_twisted-alloca.c,ERROR,"[256959] Failed to execute script irankfinder
Traceback (most recent call last):
  File ""irankfinder.py"", line 190, in parse_file
  File ""genericparser/__init__.py"", line 109, in parse
  File ""genericparser/Parser_c.py"", line 25, in parse
  File ""genericparser/Parser_koat.py"", line 25, in parse_string
  File ""lark/lark.py"", line 197, in parse
  File ""lark/parser_frontends.py"", line 137, in parse
  File ""lark/parsers/xearley.py"", line 143, in parse
lark.common.ParseError: Unexpected end of input! Expecting a terminal of: ['__LPAR']

The above exception was the direct cause of the following exception:

Traceback (most recent call last):
  File ""irankfinder.py"", line 374, in <module>
  File ""irankfinder.py"", line 205, in launch
  File ""irankfinder.py"", line 197, in parse_file
Exception
",failed,0.3512544631958008,2025-06-19 11:34:35
TPDB_YES/svcomp_cstrspn_true_alloca.c,ERROR,"[256972] Failed to execute script irankfinder
Traceback (most recent call last):
  File ""irankfinder.py"", line 190, in parse_file
  File ""genericparser/__init__.py"", line 109, in parse
  File ""genericparser/Parser_c.py"", line 25, in parse
  File ""genericparser/Parser_koat.py"", line 25, in parse_string
  File ""lark/lark.py"", line 197, in parse
  File ""lark/parser_frontends.py"", line 137, in parse
  File ""lark/parsers/xearley.py"", line 143, in parse
lark.common.ParseError: Unexpected end of input! Expecting a terminal of: ['__LPAR']

The above exception was the direct cause of the following exception:

Traceback (most recent call last):
  File ""irankfinder.py"", line 374, in <module>
  File ""irankfinder.py"", line 205, in launch
  File ""irankfinder.py"", line 197, in parse_file
Exception
",failed,0.3401610851287842,2025-06-19 11:34:36
TPDB_YES/NestedRecursion_1c_true-termination.c,ERROR,"[256985] Failed to execute script irankfinder
Traceback (most recent call last):
  File ""irankfinder.py"", line 190, in parse_file
  File ""genericparser/__init__.py"", line 109, in parse
  File ""genericparser/Parser_c.py"", line 21, in parse
Exception: b'Cannot use ""-eager-inline"" with a cyclic call hierarchy!\n'

The above exception was the direct cause of the following exception:

Traceback (most recent call last):
  File ""irankfinder.py"", line 374, in <module>
  File ""irankfinder.py"", line 205, in launch
  File ""irankfinder.py"", line 197, in parse_file
Exception
",failed,0.3184239864349365,2025-06-19 11:34:36
TPDB_YES/BrockschmidtCookFuhs-CAV2013-Fig1_true-termination.c,YES,,success,2.279437303543091,2025-06-19 11:34:38
TPDB_YES/ChenFlurMukhopadhyay-SAS2012-Ex1.02_true-termination.c,YES,,success,1.7688944339752197,2025-06-19 11:34:40
TPDB_YES/PodelskiRybalchenko-TACAS2011-Fig1_true-termination.c,YES,,success,0.820540189743042,2025-06-19 11:34:41
TPDB_YES/svcomp_Fibonacci01_true-unreach-call_modified.c,ERROR,"[257050] Failed to execute script irankfinder
Traceback (most recent call last):
  File ""irankfinder.py"", line 190, in parse_file
  File ""genericparser/__init__.py"", line 109, in parse
  File ""genericparser/Parser_c.py"", line 21, in parse
Exception: b'Cannot use ""-eager-inline"" with a cyclic call hierarchy!\n'

The above exception was the direct cause of the following exception:

Traceback (most recent call last):
  File ""irankfinder.py"", line 374, in <module>
  File ""irankfinder.py"", line 205, in launch
  File ""irankfinder.py"", line 197, in parse_file
Exception
",failed,0.4430887699127197,2025-06-19 11:34:41
TPDB_YES/svcomp_b.01-alloca.c,ERROR,"[257064] Failed to execute script irankfinder
Traceback (most recent call last):
  File ""irankfinder.py"", line 190, in parse_file
  File ""genericparser/__init__.py"", line 109, in parse
  File ""genericparser/Parser_c.py"", line 25, in parse
  File ""genericparser/Parser_koat.py"", line 25, in parse_string
  File ""lark/lark.py"", line 197, in parse
  File ""lark/parser_frontends.py"", line 137, in parse
  File ""lark/parsers/xearley.py"", line 143, in parse
lark.common.ParseError: Unexpected end of input! Expecting a terminal of: ['__LPAR']

The above exception was the direct cause of the following exception:

Traceback (most recent call last):
  File ""irankfinder.py"", line 374, in <module>
  File ""irankfinder.py"", line 205, in launch
  File ""irankfinder.py"", line 197, in parse_file
Exception
",failed,0.46938037872314453,2025-06-19 11:34:42
TPDB_YES/svcomp_cstrcmp_true_alloca.c,ERROR,"[257077] Failed to execute script irankfinder
Traceback (most recent call last):
  File ""irankfinder.py"", line 190, in parse_file
  File ""genericparser/__init__.py"", line 109, in parse
  File ""genericparser/Parser_c.py"", line 25, in parse
  File ""genericparser/Parser_koat.py"", line 25, in parse_string
  File ""lark/lark.py"", line 197, in parse
  File ""lark/parser_frontends.py"", line 137, in parse
  File ""lark/parsers/xearley.py"", line 143, in parse
lark.common.ParseError: Unexpected end of input! Expecting a terminal of: ['__LPAR']

The above exception was the direct cause of the following exception:

Traceback (most recent call last):
  File ""irankfinder.py"", line 374, in <module>
  File ""irankfinder.py"", line 205, in launch
  File ""irankfinder.py"", line 197, in parse_file
Exception
",failed,0.4728574752807617,2025-06-19 11:34:42
TPDB_YES/4BitCounterPointer_true-termination.c,ERROR,"[257090] Failed to execute script irankfinder
Traceback (most recent call last):
  File ""irankfinder.py"", line 190, in parse_file
  File ""genericparser/__init__.py"", line 109, in parse
  File ""genericparser/Parser_c.py"", line 25, in parse
  File ""genericparser/Parser_koat.py"", line 25, in parse_string
  File ""lark/lark.py"", line 197, in parse
  File ""lark/parser_frontends.py"", line 137, in parse
  File ""lark/parsers/xearley.py"", line 143, in parse
lark.common.ParseError: Unexpected end of input! Expecting a terminal of: ['__LPAR']

The above exception was the direct cause of the following exception:

Traceback (most recent call last):
  File ""irankfinder.py"", line 374, in <module>
  File ""irankfinder.py"", line 205, in launch
  File ""irankfinder.py"", line 197, in parse_file
Exception
",failed,0.33689069747924805,2025-06-19 11:34:43
TPDB_YES/svcomp_b.10-alloca.c,ERROR,"[257106] Failed to execute script irankfinder
Traceback (most recent call last):
  File ""irankfinder.py"", line 190, in parse_file
  File ""genericparser/__init__.py"", line 109, in parse
  File ""genericparser/Parser_c.py"", line 25, in parse
  File ""genericparser/Parser_koat.py"", line 25, in parse_string
  File ""lark/lark.py"", line 197, in parse
  File ""lark/parser_frontends.py"", line 137, in parse
  File ""lark/parsers/xearley.py"", line 143, in parse
lark.common.ParseError: Unexpected end of input! Expecting a terminal of: ['__LPAR']

The above exception was the direct cause of the following exception:

Traceback (most recent call last):
  File ""irankfinder.py"", line 374, in <module>
  File ""irankfinder.py"", line 205, in launch
  File ""irankfinder.py"", line 197, in parse_file
Exception
",failed,0.3435955047607422,2025-06-19 11:34:43
TPDB_YES/AliasDarteFeautrierGonnord-SAS2010-counterex1a_true-termination.c,YES,,success,196.66584396362305,2025-06-19 11:38:00
TPDB_YES/Bangalore_true-termination.c,YES,,success,0.9855012893676758,2025-06-19 11:38:01
TPDB_YES/Nyala-2lex_true-termination.c,YES,,success,4.26249098777771,2025-06-19 11:38:05
TPDB_YES/Binomial_true.c,ERROR,"[257510] Failed to execute script irankfinder
Traceback (most recent call last):
  File ""irankfinder.py"", line 190, in parse_file
  File ""genericparser/__init__.py"", line 109, in parse
  File ""genericparser/Parser_c.py"", line 21, in parse
Exception: b'Cannot use ""-eager-inline"" with a cyclic call hierarchy!\n'

The above exception was the direct cause of the following exception:

Traceback (most recent call last):
  File ""irankfinder.py"", line 374, in <module>
  File ""irankfinder.py"", line 205, in launch
  File ""irankfinder.py"", line 197, in parse_file
Exception
",failed,0.32399916648864746,2025-06-19 11:38:05
TPDB_YES/Et2_true.c,ERROR,"[257524] Failed to execute script irankfinder
Traceback (most recent call last):
  File ""irankfinder.py"", line 190, in parse_file
  File ""genericparser/__init__.py"", line 109, in parse
  File ""genericparser/Parser_c.py"", line 21, in parse
Exception: b'Cannot use ""-eager-inline"" with a cyclic call hierarchy!\n'

The above exception was the direct cause of the following exception:

Traceback (most recent call last):
  File ""irankfinder.py"", line 374, in <module>
  File ""irankfinder.py"", line 205, in launch
  File ""irankfinder.py"", line 197, in parse_file
Exception
",failed,0.4335594177246094,2025-06-19 11:38:06
TPDB_YES/MenloPark_true-termination.c,YES,,success,1.644768238067627,2025-06-19 11:38:07
TPDB_YES/desc_ll_search_last.c,ERROR,"[257555] Failed to execute script irankfinder
Traceback (most recent call last):
  File ""irankfinder.py"", line 190, in parse_file
  File ""genericparser/__init__.py"", line 109, in parse
  File ""genericparser/Parser_c.py"", line 25, in parse
  File ""genericparser/Parser_koat.py"", line 25, in parse_string
  File ""lark/lark.py"", line 197, in parse
  File ""lark/parser_frontends.py"", line 137, in parse
  File ""lark/parsers/xearley.py"", line 143, in parse
lark.common.ParseError: Unexpected end of input! Expecting a terminal of: ['__LPAR']

The above exception was the direct cause of the following exception:

Traceback (most recent call last):
  File ""irankfinder.py"", line 374, in <module>
  File ""irankfinder.py"", line 205, in launch
  File ""irankfinder.py"", line 197, in parse_file
Exception
",failed,0.4686298370361328,2025-06-19 11:38:08
TPDB_YES/Copenhagen_true-termination.c,YES,,success,1.1192905902862549,2025-06-19 11:38:09
TPDB_YES/2Nested_true-termination.c,YES,,success,1.542494773864746,2025-06-19 11:38:11
TPDB_YES/Log.c,YES,,success,2.2740747928619385,2025-06-19 11:38:13
TPDB_YES/svcomp_Ben-Amram-2010LMCS-Ex2.3_true-alloca.c,ERROR,"[257616] Failed to execute script irankfinder
Traceback (most recent call last):
  File ""irankfinder.py"", line 190, in parse_file
  File ""genericparser/__init__.py"", line 109, in parse
  File ""genericparser/Parser_c.py"", line 25, in parse
  File ""genericparser/Parser_koat.py"", line 25, in parse_string
  File ""lark/lark.py"", line 197, in parse
  File ""lark/parser_frontends.py"", line 137, in parse
  File ""lark/parsers/xearley.py"", line 143, in parse
lark.common.ParseError: Unexpected end of input! Expecting a terminal of: ['__LPAR']

The above exception was the direct cause of the following exception:

Traceback (most recent call last):
  File ""irankfinder.py"", line 374, in <module>
  File ""irankfinder.py"", line 205, in launch
  File ""irankfinder.py"", line 197, in parse_file
Exception
",failed,0.46389150619506836,2025-06-19 11:38:13
TPDB_YES/CookSeeZuleger-TACAS2013-Fig8a-modified_true-termination.c,YES,,success,5.021686553955078,2025-06-19 11:38:18
TPDB_YES/ChenFlurMukhopadhyay-SAS2012-Ex2.13_true-termination.c,YES,,success,1.787369728088379,2025-06-19 11:38:20
TPDB_YES/aaron2_true-termination.c,YES,,success,0.9311401844024658,2025-06-19 11:38:21
TPDB_YES/IntPath.c,MAYBE,,success,2.1763343811035156,2025-06-19 11:38:23
TPDB_YES/DivMinus.c,YES,,success,1.5673425197601318,2025-06-19 11:38:25
TPDB_YES/svcomp_openbsd_cmemchr_alloca.c,ERROR,"[257784] Failed to execute script irankfinder
Traceback (most recent call last):
  File ""irankfinder.py"", line 190, in parse_file
  File ""genericparser/__init__.py"", line 109, in parse
  File ""genericparser/Parser_c.py"", line 25, in parse
  File ""genericparser/Parser_koat.py"", line 25, in parse_string
  File ""lark/lark.py"", line 197, in parse
  File ""lark/parser_frontends.py"", line 137, in parse
  File ""lark/parsers/xearley.py"", line 143, in parse
lark.common.ParseError: Unexpected end of input! Expecting a terminal of: ['__LPAR']

The above exception was the direct cause of the following exception:

Traceback (most recent call last):
  File ""irankfinder.py"", line 374, in <module>
  File ""irankfinder.py"", line 205, in launch
  File ""irankfinder.py"", line 197, in parse_file
Exception
",failed,0.34850597381591797,2025-06-19 11:38:25
TPDB_YES/svcomp_openbsd_cstrncmp_alloca.c,ERROR,"[257797] Failed to execute script irankfinder
Traceback (most recent call last):
  File ""irankfinder.py"", line 190, in parse_file
  File ""genericparser/__init__.py"", line 109, in parse
  File ""genericparser/Parser_c.py"", line 25, in parse
  File ""genericparser/Parser_koat.py"", line 25, in parse_string
  File ""lark/lark.py"", line 197, in parse
  File ""lark/parser_frontends.py"", line 137, in parse
  File ""lark/parsers/xearley.py"", line 143, in parse
lark.common.ParseError: Unexpected end of input! Expecting a terminal of: ['__LPAR']

The above exception was the direct cause of the following exception:

Traceback (most recent call last):
  File ""irankfinder.py"", line 374, in <module>
  File ""irankfinder.py"", line 205, in launch
  File ""irankfinder.py"", line 197, in parse_file
Exception
",failed,0.34254026412963867,2025-06-19 11:38:26
TPDB_YES/svcomp_HarrisLalNoriRajamani-2010SAS-Fig3_true-alloca.c,ERROR,"[257813] Failed to execute script irankfinder
Traceback (most recent call last):
  File ""irankfinder.py"", line 190, in parse_file
  File ""genericparser/__init__.py"", line 109, in parse
  File ""genericparser/Parser_c.py"", line 25, in parse
  File ""genericparser/Parser_koat.py"", line 25, in parse_string
  File ""lark/lark.py"", line 197, in parse
  File ""lark/parser_frontends.py"", line 137, in parse
  File ""lark/parsers/xearley.py"", line 143, in parse
lark.common.ParseError: Unexpected end of input! Expecting a terminal of: ['__LPAR']

The above exception was the direct cause of the following exception:

Traceback (most recent call last):
  File ""irankfinder.py"", line 374, in <module>
  File ""irankfinder.py"", line 205, in launch
  File ""irankfinder.py"", line 197, in parse_file
Exception
",failed,0.47329092025756836,2025-06-19 11:38:26
TPDB_YES/svcomp_c.03-alloca.c,ERROR,"[257826] Failed to execute script irankfinder
Traceback (most recent call last):
  File ""irankfinder.py"", line 190, in parse_file
  File ""genericparser/__init__.py"", line 109, in parse
  File ""genericparser/Parser_c.py"", line 25, in parse
  File ""genericparser/Parser_koat.py"", line 25, in parse_string
  File ""lark/lark.py"", line 197, in parse
  File ""lark/parser_frontends.py"", line 137, in parse
  File ""lark/parsers/xearley.py"", line 143, in parse
lark.common.ParseError: Unexpected end of input! Expecting a terminal of: ['__LPAR']

The above exception was the direct cause of the following exception:

Traceback (most recent call last):
  File ""irankfinder.py"", line 374, in <module>
  File ""irankfinder.py"", line 205, in launch
  File ""irankfinder.py"", line 197, in parse_file
Exception
",failed,0.35594677925109863,2025-06-19 11:38:26
TPDB_YES/aaron3_true-termination.c,YES,,success,0.9608685970306396,2025-06-19 11:38:27
TPDB_YES/svcomp_fermat.c,YES,,success,20.469972848892212,2025-06-19 11:38:48
TPDB_YES/Arrays01-EquivalentConstantIndices_true-termination.c,NO,,success,1.3015973567962646,2025-06-19 11:38:49
TPDB_YES/Piecewise_true-termination.c,YES,,success,31.300219774246216,2025-06-19 11:39:21
TPDB_YES/svcomp_java_Nested.c,YES,,success,2.0286083221435547,2025-06-19 11:39:23
TPDB_YES/svcomp_a.10.c,YES,,success,9.78007984161377,2025-06-19 11:39:32
TPDB_YES/LeeJonesBen-Amram-POPL2001-Ex3_true-termination.c,ERROR,"[258120] Failed to execute script irankfinder
Traceback (most recent call last):
  File ""irankfinder.py"", line 190, in parse_file
  File ""genericparser/__init__.py"", line 109, in parse
  File ""genericparser/Parser_c.py"", line 21, in parse
Exception: b'Cannot use ""-eager-inline"" with a cyclic call hierarchy!\n'

The above exception was the direct cause of the following exception:

Traceback (most recent call last):
  File ""irankfinder.py"", line 374, in <module>
  File ""irankfinder.py"", line 205, in launch
  File ""irankfinder.py"", line 197, in parse_file
Exception
",failed,0.32026124000549316,2025-06-19 11:39:33
TPDB_YES/svcomp_java_Sequence.c,YES,,success,1.1598427295684814,2025-06-19 11:39:34
TPDB_YES/4NestedWith3Variables_true-termination.c,YES,,success,5.514134645462036,2025-06-19 11:39:39
TPDB_YES/svcomp_b.17.c,YES,,success,2.8470637798309326,2025-06-19 11:39:42
TPDB_YES/WhileFalse_true-termination.c,YES,,success,0.3852367401123047,2025-06-19 11:39:43
TPDB_YES/svcomp_a.01-alloca.c,ERROR,"[258218] Failed to execute script irankfinder
Traceback (most recent call last):
  File ""irankfinder.py"", line 190, in parse_file
  File ""genericparser/__init__.py"", line 109, in parse
  File ""genericparser/Parser_c.py"", line 25, in parse
  File ""genericparser/Parser_koat.py"", line 25, in parse_string
  File ""lark/lark.py"", line 197, in parse
  File ""lark/parser_frontends.py"", line 137, in parse
  File ""lark/parsers/xearley.py"", line 143, in parse
lark.common.ParseError: Unexpected end of input! Expecting a terminal of: ['__LPAR']

The above exception was the direct cause of the following exception:

Traceback (most recent call last):
  File ""irankfinder.py"", line 374, in <module>
  File ""irankfinder.py"", line 205, in launch
  File ""irankfinder.py"", line 197, in parse_file
Exception
",failed,0.47482752799987793,2025-06-19 11:39:43
TPDB_YES/nondet_ll_init.c,ERROR,"[258234] Failed to execute script irankfinder
Traceback (most recent call last):
  File ""irankfinder.py"", line 190, in parse_file
  File ""genericparser/__init__.py"", line 109, in parse
  File ""genericparser/Parser_c.py"", line 25, in parse
  File ""genericparser/Parser_koat.py"", line 25, in parse_string
  File ""lark/lark.py"", line 197, in parse
  File ""lark/parser_frontends.py"", line 137, in parse
  File ""lark/parsers/xearley.py"", line 143, in parse
lark.common.ParseError: Unexpected end of input! Expecting a terminal of: ['__LPAR']

The above exception was the direct cause of the following exception:

Traceback (most recent call last):
  File ""irankfinder.py"", line 374, in <module>
  File ""irankfinder.py"", line 205, in launch
  File ""irankfinder.py"", line 197, in parse_file
Exception
",failed,0.33947277069091797,2025-06-19 11:39:44
TPDB_YES/svcomp_a.06.c,YES,,success,1.4114322662353516,2025-06-19 11:39:45
TPDB_YES/PastaA7.c,YES,,success,1.9011313915252686,2025-06-19 11:39:47
TPDB_YES/svcomp_b.13.c,YES,,success,17.288421392440796,2025-06-19 11:40:04
TPDB_YES/svcomp_min_rf_true-alloca.c,ERROR,"[258332] Failed to execute script irankfinder
Traceback (most recent call last):
  File ""irankfinder.py"", line 190, in parse_file
  File ""genericparser/__init__.py"", line 109, in parse
  File ""genericparser/Parser_c.py"", line 25, in parse
  File ""genericparser/Parser_koat.py"", line 25, in parse_string
  File ""lark/lark.py"", line 197, in parse
  File ""lark/parser_frontends.py"", line 137, in parse
  File ""lark/parsers/xearley.py"", line 143, in parse
lark.common.ParseError: Unexpected end of input! Expecting a terminal of: ['__LPAR']

The above exception was the direct cause of the following exception:

Traceback (most recent call last):
  File ""irankfinder.py"", line 374, in <module>
  File ""irankfinder.py"", line 205, in launch
  File ""irankfinder.py"", line 197, in parse_file
Exception
",failed,0.47116899490356445,2025-06-19 11:40:05
TPDB_YES/ChenFlurMukhopadhyay-SAS2012-Ex2.08_true-termination.c,YES,,success,1.166841745376587,2025-06-19 11:40:06
TPDB_YES/svcomp_b.12-alloca.c,ERROR,"[258362] Failed to execute script irankfinder
Traceback (most recent call last):
  File ""irankfinder.py"", line 190, in parse_file
  File ""genericparser/__init__.py"", line 109, in parse
  File ""genericparser/Parser_c.py"", line 25, in parse
  File ""genericparser/Parser_koat.py"", line 25, in parse_string
  File ""lark/lark.py"", line 197, in parse
  File ""lark/parser_frontends.py"", line 137, in parse
  File ""lark/parsers/xearley.py"", line 143, in parse
lark.common.ParseError: Unexpected end of input! Expecting a terminal of: ['__LPAR']

The above exception was the direct cause of the following exception:

Traceback (most recent call last):
  File ""irankfinder.py"", line 374, in <module>
  File ""irankfinder.py"", line 205, in launch
  File ""irankfinder.py"", line 197, in parse_file
Exception
",failed,0.47622203826904297,2025-06-19 11:40:06
TPDB_YES/nondet_ll_init_rec.c,ERROR,"[258375] Failed to execute script irankfinder
Traceback (most recent call last):
  File ""irankfinder.py"", line 190, in parse_file
  File ""genericparser/__init__.py"", line 109, in parse
  File ""genericparser/Parser_c.py"", line 25, in parse
  File ""genericparser/Parser_koat.py"", line 25, in parse_string
  File ""lark/lark.py"", line 197, in parse
  File ""lark/parser_frontends.py"", line 137, in parse
  File ""lark/parsers/xearley.py"", line 143, in parse
lark.common.ParseError: Unexpected end of input! Expecting a terminal of: ['__LPAR']

The above exception was the direct cause of the following exception:

Traceback (most recent call last):
  File ""irankfinder.py"", line 374, in <module>
  File ""irankfinder.py"", line 205, in launch
  File ""irankfinder.py"", line 197, in parse_file
Exception
",failed,0.3459792137145996,2025-06-19 11:40:07
TPDB_YES/PastaB17.c,YES,,success,2.484492063522339,2025-06-19 11:40:09
TPDB_YES/Urban-WST2013-Fig2-modified1000_true-termination.c,YES,,success,2.079413414001465,2025-06-19 11:40:11
TPDB_YES/svcomp_count_down_alloca.c,ERROR,"[258422] Failed to execute script irankfinder
Traceback (most recent call last):
  File ""irankfinder.py"", line 190, in parse_file
  File ""genericparser/__init__.py"", line 109, in parse
  File ""genericparser/Parser_c.py"", line 25, in parse
  File ""genericparser/Parser_koat.py"", line 25, in parse_string
  File ""lark/lark.py"", line 197, in parse
  File ""lark/parser_frontends.py"", line 137, in parse
  File ""lark/parsers/xearley.py"", line 143, in parse
lark.common.ParseError: Unexpected end of input! Expecting a terminal of: ['__LPAR']

The above exception was the direct cause of the following exception:

Traceback (most recent call last):
  File ""irankfinder.py"", line 374, in <module>
  File ""irankfinder.py"", line 205, in launch
  File ""irankfinder.py"", line 197, in parse_file
Exception
",failed,0.3357861042022705,2025-06-19 11:40:12
TPDB_YES/svcomp_b.09_assume-alloca.c,ERROR,"[258435] Failed to execute script irankfinder
Traceback (most recent call last):
  File ""irankfinder.py"", line 190, in parse_file
  File ""genericparser/__init__.py"", line 109, in parse
  File ""genericparser/Parser_c.py"", line 25, in parse
  File ""genericparser/Parser_koat.py"", line 25, in parse_string
  File ""lark/lark.py"", line 197, in parse
  File ""lark/parser_frontends.py"", line 137, in parse
  File ""lark/parsers/xearley.py"", line 143, in parse
lark.common.ParseError: Unexpected end of input! Expecting a terminal of: ['__LPAR']

The above exception was the direct cause of the following exception:

Traceback (most recent call last):
  File ""irankfinder.py"", line 374, in <module>
  File ""irankfinder.py"", line 205, in launch
  File ""irankfinder.py"", line 197, in parse_file
Exception
",failed,0.34829068183898926,2025-06-19 11:40:12
TPDB_YES/svcomp_b.15.c,YES,,success,2.267091751098633,2025-06-19 11:40:14
TPDB_YES/ChawdharyCookGulwaniSagivYang-ESOP2008-aaron1_true-termination.c,YES,,success,237.49180150032043,2025-06-19 11:44:12
TPDB_YES/ChawdharyCookGulwaniSagivYang-ESOP2008-random2d_true-termination.c,YES,,success,41.74072980880737,2025-06-19 11:44:54
TPDB_YES/svcomp_b.03_assume.c,YES,,success,1.6043498516082764,2025-06-19 11:44:55
TPDB_YES/svcomp_b.11-alloca.c,ERROR,"[258934] Failed to execute script irankfinder
Traceback (most recent call last):
  File ""irankfinder.py"", line 190, in parse_file
  File ""genericparser/__init__.py"", line 109, in parse
  File ""genericparser/Parser_c.py"", line 25, in parse
  File ""genericparser/Parser_koat.py"", line 25, in parse_string
  File ""lark/lark.py"", line 197, in parse
  File ""lark/parser_frontends.py"", line 137, in parse
  File ""lark/parsers/xearley.py"", line 143, in parse
lark.common.ParseError: Unexpected end of input! Expecting a terminal of: ['__LPAR']

The above exception was the direct cause of the following exception:

Traceback (most recent call last):
  File ""irankfinder.py"", line 374, in <module>
  File ""irankfinder.py"", line 205, in launch
  File ""irankfinder.py"", line 197, in parse_file
Exception
",failed,0.4703097343444824,2025-06-19 11:44:56
TPDB_YES/Et4_true.c,ERROR,"[258947] Failed to execute script irankfinder
Traceback (most recent call last):
  File ""irankfinder.py"", line 190, in parse_file
  File ""genericparser/__init__.py"", line 109, in parse
  File ""genericparser/Parser_c.py"", line 21, in parse
Exception: b'Cannot use ""-eager-inline"" with a cyclic call hierarchy!\n'

The above exception was the direct cause of the following exception:

Traceback (most recent call last):
  File ""irankfinder.py"", line 374, in <module>
  File ""irankfinder.py"", line 205, in launch
  File ""irankfinder.py"", line 197, in parse_file
Exception
",failed,0.4342310428619385,2025-06-19 11:44:56
TPDB_YES/svcomp_openbsd_cstrspn_alloca.c,ERROR,"[258964] Failed to execute script irankfinder
Traceback (most recent call last):
  File ""irankfinder.py"", line 190, in parse_file
  File ""genericparser/__init__.py"", line 109, in parse
  File ""genericparser/Parser_c.py"", line 25, in parse
  File ""genericparser/Parser_koat.py"", line 25, in parse_string
  File ""lark/lark.py"", line 197, in parse
  File ""lark/parser_frontends.py"", line 137, in parse
  File ""lark/parsers/xearley.py"", line 143, in parse
lark.common.ParseError: Unexpected end of input! Expecting a terminal of: ['__LPAR']

The above exception was the direct cause of the following exception:

Traceback (most recent call last):
  File ""irankfinder.py"", line 374, in <module>
  File ""irankfinder.py"", line 205, in launch
  File ""irankfinder.py"", line 197, in parse_file
Exception
",failed,0.3490111827850342,2025-06-19 11:44:56
TPDB_YES/LeUserDefRec_true.c,ERROR,"[258977] Failed to execute script irankfinder
Traceback (most recent call last):
  File ""irankfinder.py"", line 190, in parse_file
  File ""genericparser/__init__.py"", line 109, in parse
  File ""genericparser/Parser_c.py"", line 21, in parse
Exception: b'Cannot use ""-eager-inline"" with a cyclic call hierarchy!\n'

The above exception was the direct cause of the following exception:

Traceback (most recent call last):
  File ""irankfinder.py"", line 374, in <module>
  File ""irankfinder.py"", line 205, in launch
  File ""irankfinder.py"", line 197, in parse_file
Exception
",failed,0.4477527141571045,2025-06-19 11:44:57
TPDB_YES/svcomp_a.10-alloca.c,ERROR,"[258991] Failed to execute script irankfinder
Traceback (most recent call last):
  File ""irankfinder.py"", line 190, in parse_file
  File ""genericparser/__init__.py"", line 109, in parse
  File ""genericparser/Parser_c.py"", line 25, in parse
  File ""genericparser/Parser_koat.py"", line 25, in parse_string
  File ""lark/lark.py"", line 197, in parse
  File ""lark/parser_frontends.py"", line 137, in parse
  File ""lark/parsers/xearley.py"", line 143, in parse
lark.common.ParseError: Unexpected end of input! Expecting a terminal of: ['__LPAR']

The above exception was the direct cause of the following exception:

Traceback (most recent call last):
  File ""irankfinder.py"", line 374, in <module>
  File ""irankfinder.py"", line 205, in launch
  File ""irankfinder.py"", line 197, in parse_file
Exception
",failed,0.47948384284973145,2025-06-19 11:44:57
TPDB_YES/recHanoi01_true-unreach-call_true-termination.c,ERROR,"[259004] Failed to execute script irankfinder
Traceback (most recent call last):
  File ""irankfinder.py"", line 190, in parse_file
  File ""genericparser/__init__.py"", line 109, in parse
  File ""genericparser/Parser_c.py"", line 21, in parse
Exception: b'Cannot use ""-eager-inline"" with a cyclic call hierarchy!\n'

The above exception was the direct cause of the following exception:

Traceback (most recent call last):
  File ""irankfinder.py"", line 374, in <module>
  File ""irankfinder.py"", line 205, in launch
  File ""irankfinder.py"", line 197, in parse_file
Exception
",failed,0.31983256340026855,2025-06-19 11:44:58
TPDB_YES/BallRajamani-SPIN2000-Fig1_false-unreach-call.c,ERROR,"[259018] Failed to execute script irankfinder
Traceback (most recent call last):
  File ""irankfinder.py"", line 190, in parse_file
  File ""genericparser/__init__.py"", line 109, in parse
  File ""genericparser/Parser_c.py"", line 21, in parse
Exception: b'Cannot use ""-eager-inline"" with a cyclic call hierarchy!\n'

The above exception was the direct cause of the following exception:

Traceback (most recent call last):
  File ""irankfinder.py"", line 374, in <module>
  File ""irankfinder.py"", line 205, in launch
  File ""irankfinder.py"", line 197, in parse_file
Exception
",failed,0.441753625869751,2025-06-19 11:44:58
TPDB_YES/PastaA10.c,YES,,success,6.618270397186279,2025-06-19 11:45:05
TPDB_YES/svcomp_EvenOdd01_true-unreach-call_true-termination_modified.c,ERROR,"[259101] Failed to execute script irankfinder
Traceback (most recent call last):
  File ""irankfinder.py"", line 190, in parse_file
  File ""genericparser/__init__.py"", line 109, in parse
  File ""genericparser/Parser_c.py"", line 21, in parse
Exception: b'Cannot use ""-eager-inline"" with a cyclic call hierarchy!\n'

The above exception was the direct cause of the following exception:

Traceback (most recent call last):
  File ""irankfinder.py"", line 374, in <module>
  File ""irankfinder.py"", line 205, in launch
  File ""irankfinder.py"", line 197, in parse_file
Exception
",failed,0.44077205657958984,2025-06-19 11:45:05
TPDB_YES/svcomp_ex3b.c,MAYBE,,success,3.126955032348633,2025-06-19 11:45:08
TPDB_YES/svcomp_easySum-alloca.c,ERROR,"[259161] Failed to execute script irankfinder
Traceback (most recent call last):
  File ""irankfinder.py"", line 190, in parse_file
  File ""genericparser/__init__.py"", line 109, in parse
  File ""genericparser/Parser_c.py"", line 25, in parse
  File ""genericparser/Parser_koat.py"", line 25, in parse_string
  File ""lark/lark.py"", line 197, in parse
  File ""lark/parser_frontends.py"", line 137, in parse
  File ""lark/parsers/xearley.py"", line 143, in parse
lark.common.ParseError: Unexpected end of input! Expecting a terminal of: ['__LPAR']

The above exception was the direct cause of the following exception:

Traceback (most recent call last):
  File ""irankfinder.py"", line 374, in <module>
  File ""irankfinder.py"", line 205, in launch
  File ""irankfinder.py"", line 197, in parse_file
Exception
",failed,0.47125840187072754,2025-06-19 11:45:09
TPDB_YES/svcomp_c.01-no-inv.c,MAYBE,,success,5.683444261550903,2025-06-19 11:45:15
TPDB_YES/PastaC9.c,YES,,success,5.351739406585693,2025-06-19 11:45:20
TPDB_YES/nondet_ll_insert.c,ERROR,"[259249] Failed to execute script irankfinder
Traceback (most recent call last):
  File ""irankfinder.py"", line 190, in parse_file
  File ""genericparser/__init__.py"", line 109, in parse
  File ""genericparser/Parser_c.py"", line 25, in parse
  File ""genericparser/Parser_koat.py"", line 25, in parse_string
  File ""lark/lark.py"", line 197, in parse
  File ""lark/parser_frontends.py"", line 137, in parse
  File ""lark/parsers/xearley.py"", line 143, in parse
lark.common.ParseError: Unexpected end of input! Expecting a terminal of: ['__LPAR']

The above exception was the direct cause of the following exception:

Traceback (most recent call last):
  File ""irankfinder.py"", line 374, in <module>
  File ""irankfinder.py"", line 205, in launch
  File ""irankfinder.py"", line 197, in parse_file
Exception
",failed,0.340956449508667,2025-06-19 11:45:20
TPDB_YES/fibo_2calls_2_false-unreach-call.c,ERROR,"[259262] Failed to execute script irankfinder
Traceback (most recent call last):
  File ""irankfinder.py"", line 190, in parse_file
  File ""genericparser/__init__.py"", line 109, in parse
  File ""genericparser/Parser_c.py"", line 21, in parse
Exception: b'Cannot use ""-eager-inline"" with a cyclic call hierarchy!\n'

The above exception was the direct cause of the following exception:

Traceback (most recent call last):
  File ""irankfinder.py"", line 374, in <module>
  File ""irankfinder.py"", line 205, in launch
  File ""irankfinder.py"", line 197, in parse_file
Exception
",failed,0.32039856910705566,2025-06-19 11:45:21
TPDB_YES/HeizmannHoenickeLeikePodelski-ATVA2013-Fig2_true-termination.c,NO,,success,4.009724140167236,2025-06-19 11:45:25
TPDB_YES/Masse-VMCAI2014-Fig1a_true-termination.c,YES,,success,2.275291919708252,2025-06-19 11:45:27
TPDB_YES/svcomp_a.01.c,YES,,success,1.7904729843139648,2025-06-19 11:45:29
TPDB_YES/aviad_true-termination.c,YES,,success,2.3235042095184326,2025-06-19 11:45:31
TPDB_YES/Et3_true.c,ERROR,"[259354] Failed to execute script irankfinder
Traceback (most recent call last):
  File ""irankfinder.py"", line 190, in parse_file
  File ""genericparser/__init__.py"", line 109, in parse
  File ""genericparser/Parser_c.py"", line 21, in parse
Exception: b'Cannot use ""-eager-inline"" with a cyclic call hierarchy!\n'

The above exception was the direct cause of the following exception:

Traceback (most recent call last):
  File ""irankfinder.py"", line 374, in <module>
  File ""irankfinder.py"", line 205, in launch
  File ""irankfinder.py"", line 197, in parse_file
Exception
",failed,0.4481937885284424,2025-06-19 11:45:32
TPDB_YES/BradleyMannaSipma-CAV2005-Fig1_true-termination.c,MAYBE,,success,9.30985426902771,2025-06-19 11:45:41
TPDB_YES/gcd01_true-unreach-call_true-termination.c,ERROR,"[259420] Failed to execute script irankfinder
Traceback (most recent call last):
  File ""irankfinder.py"", line 190, in parse_file
  File ""genericparser/__init__.py"", line 109, in parse
  File ""genericparser/Parser_c.py"", line 21, in parse
Exception: b'Cannot use ""-eager-inline"" with a cyclic call hierarchy!\n'

The above exception was the direct cause of the following exception:

Traceback (most recent call last):
  File ""irankfinder.py"", line 374, in <module>
  File ""irankfinder.py"", line 205, in launch
  File ""irankfinder.py"", line 197, in parse_file
Exception
",failed,0.44483304023742676,2025-06-19 11:45:41
TPDB_YES/TelAviv-Amir-Minimum_true-termination.c,ERROR,"[259437] Failed to execute script irankfinder
Traceback (most recent call last):
  File ""irankfinder.py"", line 374, in <module>
  File ""irankfinder.py"", line 223, in launch
  File ""irankfinder.py"", line 251, in analyse
  File ""termination/__init__.py"", line 81, in analyse
  File ""partialevaluation/__init__.py"", line 61, in control_flow_refinement
  File ""partialevaluation/__init__.py"", line 101, in partialevaluate
  File ""partialevaluation/__init__.py"", line 176, in set_props
  File ""partialevaluation/__init__.py"", line 294, in johns_props1
Exception: b'{ERROR: No handle found for thrown error ppl_invalid_argument(found(v_y_P1_P1),expected(linear_expression_or_constraint),where(ppl_new_NNC_Polyhedron_from_constraints/2))}\n'
",failed,22.414092540740967,2025-06-19 11:46:04
TPDB_YES/diskperf_simpl1_true-unreach-call_true-termination.cil.c,ERROR,Execution timed out,failed,300,2025-06-19 11:51:04
TPDB_YES/svcomp_Urban-2013WST-Fig2-modified1000_true-alloca.c,ERROR,"[260703] Failed to execute script irankfinder
Traceback (most recent call last):
  File ""irankfinder.py"", line 190, in parse_file
  File ""genericparser/__init__.py"", line 109, in parse
  File ""genericparser/Parser_c.py"", line 25, in parse
  File ""genericparser/Parser_koat.py"", line 25, in parse_string
  File ""lark/lark.py"", line 197, in parse
  File ""lark/parser_frontends.py"", line 137, in parse
  File ""lark/parsers/xearley.py"", line 143, in parse
lark.common.ParseError: Unexpected end of input! Expecting a terminal of: ['__LPAR']

The above exception was the direct cause of the following exception:

Traceback (most recent call last):
  File ""irankfinder.py"", line 374, in <module>
  File ""irankfinder.py"", line 205, in launch
  File ""irankfinder.py"", line 197, in parse_file
Exception
",failed,0.4750704765319824,2025-06-19 11:51:04
TPDB_YES/svcomp_HarrisLalNoriRajamani-2010SAS-Fig1_true-alloca.c,ERROR,"[260719] Failed to execute script irankfinder
Traceback (most recent call last):
  File ""irankfinder.py"", line 190, in parse_file
  File ""genericparser/__init__.py"", line 109, in parse
  File ""genericparser/Parser_c.py"", line 25, in parse
  File ""genericparser/Parser_koat.py"", line 25, in parse_string
  File ""lark/lark.py"", line 197, in parse
  File ""lark/parser_frontends.py"", line 137, in parse
  File ""lark/parsers/xearley.py"", line 143, in parse
lark.common.ParseError: Unexpected end of input! Expecting a terminal of: ['__LPAR']

The above exception was the direct cause of the following exception:

Traceback (most recent call last):
  File ""irankfinder.py"", line 374, in <module>
  File ""irankfinder.py"", line 205, in launch
  File ""irankfinder.py"", line 197, in parse_file
Exception
",failed,0.46998000144958496,2025-06-19 11:51:05
TPDB_YES/cdaudio_simpl1_false-unreach-call_true-termination.cil.c,YES,,success,0.7450845241546631,2025-06-19 11:51:06
TPDB_YES/PastaC7.c,YES,,success,1.987335443496704,2025-06-19 11:51:08
TPDB_YES/majority-noarray_true-termination.c,ERROR,Execution timed out,failed,300,2025-06-19 11:56:08
TPDB_YES/ChenFlurMukhopadhyay-SAS2012-Ex1.03_true-termination.c,YES,,success,1.5633556842803955,2025-06-19 11:56:09
TPDB_YES/LeeJonesBen-Amram-POPL2001-Ex5_true-termination.c,ERROR,"[261308] Failed to execute script irankfinder
Traceback (most recent call last):
  File ""irankfinder.py"", line 190, in parse_file
  File ""genericparser/__init__.py"", line 109, in parse
  File ""genericparser/Parser_c.py"", line 21, in parse
Exception: b'Cannot use ""-eager-inline"" with a cyclic call hierarchy!\n'

The above exception was the direct cause of the following exception:

Traceback (most recent call last):
  File ""irankfinder.py"", line 374, in <module>
  File ""irankfinder.py"", line 205, in launch
  File ""irankfinder.py"", line 197, in parse_file
Exception
",failed,0.4366490840911865,2025-06-19 11:56:10
TPDB_YES/svcomp_bubblesort_alloca.c,ERROR,"[261322] Failed to execute script irankfinder
Traceback (most recent call last):
  File ""irankfinder.py"", line 190, in parse_file
  File ""genericparser/__init__.py"", line 109, in parse
  File ""genericparser/Parser_c.py"", line 25, in parse
  File ""genericparser/Parser_koat.py"", line 25, in parse_string
  File ""lark/lark.py"", line 197, in parse
  File ""lark/parser_frontends.py"", line 137, in parse
  File ""lark/parsers/xearley.py"", line 143, in parse
lark.common.ParseError: Unexpected end of input! Expecting a terminal of: ['__LPAR']

The above exception was the direct cause of the following exception:

Traceback (most recent call last):
  File ""irankfinder.py"", line 374, in <module>
  File ""irankfinder.py"", line 205, in launch
  File ""irankfinder.py"", line 197, in parse_file
Exception
",failed,0.4702892303466797,2025-06-19 11:56:10
TPDB_YES/svcomp_flag.c,YES,,success,5.301789999008179,2025-06-19 11:56:16
TPDB_YES/svcomp_openbsd_cstrcmp_alloca.c,ERROR,"[261395] Failed to execute script irankfinder
Traceback (most recent call last):
  File ""irankfinder.py"", line 190, in parse_file
  File ""genericparser/__init__.py"", line 109, in parse
  File ""genericparser/Parser_c.py"", line 25, in parse
  File ""genericparser/Parser_koat.py"", line 25, in parse_string
  File ""lark/lark.py"", line 197, in parse
  File ""lark/parser_frontends.py"", line 137, in parse
  File ""lark/parsers/xearley.py"", line 143, in parse
lark.common.ParseError: Unexpected end of input! Expecting a terminal of: ['__LPAR']

The above exception was the direct cause of the following exception:

Traceback (most recent call last):
  File ""irankfinder.py"", line 374, in <module>
  File ""irankfinder.py"", line 205, in launch
  File ""irankfinder.py"", line 197, in parse_file
Exception
",failed,0.47432637214660645,2025-06-19 11:56:16
TPDB_YES/svcomp_b.15-alloca.c,ERROR,"[261408] Failed to execute script irankfinder
Traceback (most recent call last):
  File ""irankfinder.py"", line 190, in parse_file
  File ""genericparser/__init__.py"", line 109, in parse
  File ""genericparser/Parser_c.py"", line 25, in parse
  File ""genericparser/Parser_koat.py"", line 25, in parse_string
  File ""lark/lark.py"", line 197, in parse
  File ""lark/parser_frontends.py"", line 137, in parse
  File ""lark/parsers/xearley.py"", line 143, in parse
lark.common.ParseError: Unexpected end of input! Expecting a terminal of: ['__LPAR']

The above exception was the direct cause of the following exception:

Traceback (most recent call last):
  File ""irankfinder.py"", line 374, in <module>
  File ""irankfinder.py"", line 205, in launch
  File ""irankfinder.py"", line 197, in parse_file
Exception
",failed,0.46204686164855957,2025-06-19 11:56:17
TPDB_YES/svcomp_b.03-no-inv_assume.c,YES,,success,1.0513296127319336,2025-06-19 11:56:18
TPDB_YES/id_i10_o10_false-unreach-call.c,ERROR,"[261438] Failed to execute script irankfinder
Traceback (most recent call last):
  File ""irankfinder.py"", line 190, in parse_file
  File ""genericparser/__init__.py"", line 109, in parse
  File ""genericparser/Parser_c.py"", line 21, in parse
Exception: b'Cannot use ""-eager-inline"" with a cyclic call hierarchy!\n'

The above exception was the direct cause of the following exception:

Traceback (most recent call last):
  File ""irankfinder.py"", line 374, in <module>
  File ""irankfinder.py"", line 205, in launch
  File ""irankfinder.py"", line 197, in parse_file
Exception
",failed,0.44469666481018066,2025-06-19 11:56:18
TPDB_YES/svcomp_b.03_assume-alloca.c,ERROR,"[261452] Failed to execute script irankfinder
Traceback (most recent call last):
  File ""irankfinder.py"", line 190, in parse_file
  File ""genericparser/__init__.py"", line 109, in parse
  File ""genericparser/Parser_c.py"", line 25, in parse
  File ""genericparser/Parser_koat.py"", line 25, in parse_string
  File ""lark/lark.py"", line 197, in parse
  File ""lark/parser_frontends.py"", line 137, in parse
  File ""lark/parsers/xearley.py"", line 143, in parse
lark.common.ParseError: Unexpected end of input! Expecting a terminal of: ['__LPAR']

The above exception was the direct cause of the following exception:

Traceback (most recent call last):
  File ""irankfinder.py"", line 374, in <module>
  File ""irankfinder.py"", line 205, in launch
  File ""irankfinder.py"", line 197, in parse_file
Exception
",failed,0.342923641204834,2025-06-19 11:56:18
TPDB_YES/svcomp_Toulouse-BranchesToLoop_true-alloca.c,ERROR,"[261465] Failed to execute script irankfinder
Traceback (most recent call last):
  File ""irankfinder.py"", line 190, in parse_file
  File ""genericparser/__init__.py"", line 109, in parse
  File ""genericparser/Parser_c.py"", line 25, in parse
  File ""genericparser/Parser_koat.py"", line 25, in parse_string
  File ""lark/lark.py"", line 197, in parse
  File ""lark/parser_frontends.py"", line 137, in parse
  File ""lark/parsers/xearley.py"", line 143, in parse
lark.common.ParseError: Unexpected end of input! Expecting a terminal of: ['__LPAR']

The above exception was the direct cause of the following exception:

Traceback (most recent call last):
  File ""irankfinder.py"", line 374, in <module>
  File ""irankfinder.py"", line 205, in launch
  File ""irankfinder.py"", line 197, in parse_file
Exception
",failed,0.47049570083618164,2025-06-19 11:56:19
TPDB_YES/ChenFlurMukhopadhyay-SAS2012-Ex2.09_true-termination.c,YES,,success,1.5008947849273682,2025-06-19 11:56:20
TPDB_YES/Stockholm_true-termination.c,YES,,success,1.9028599262237549,2025-06-19 11:56:22
TPDB_YES/svcomp_java_Break-alloca.c,ERROR,"[261536] Failed to execute script irankfinder
Traceback (most recent call last):
  File ""irankfinder.py"", line 190, in parse_file
  File ""genericparser/__init__.py"", line 109, in parse
  File ""genericparser/Parser_c.py"", line 25, in parse
  File ""genericparser/Parser_koat.py"", line 25, in parse_string
  File ""lark/lark.py"", line 197, in parse
  File ""lark/parser_frontends.py"", line 137, in parse
  File ""lark/parsers/xearley.py"", line 143, in parse
lark.common.ParseError: Unexpected end of input! Expecting a terminal of: ['__LPAR']

The above exception was the direct cause of the following exception:

Traceback (most recent call last):
  File ""irankfinder.py"", line 374, in <module>
  File ""irankfinder.py"", line 205, in launch
  File ""irankfinder.py"", line 197, in parse_file
Exception
",failed,0.46781396865844727,2025-06-19 11:56:23
TPDB_YES/svcomp_a.05-alloca.c,ERROR,"[261549] Failed to execute script irankfinder
Traceback (most recent call last):
  File ""irankfinder.py"", line 190, in parse_file
  File ""genericparser/__init__.py"", line 109, in parse
  File ""genericparser/Parser_c.py"", line 25, in parse
  File ""genericparser/Parser_koat.py"", line 25, in parse_string
  File ""lark/lark.py"", line 197, in parse
  File ""lark/parser_frontends.py"", line 137, in parse
  File ""lark/parsers/xearley.py"", line 143, in parse
lark.common.ParseError: Unexpected end of input! Expecting a terminal of: ['__LPAR']

The above exception was the direct cause of the following exception:

Traceback (most recent call last):
  File ""irankfinder.py"", line 374, in <module>
  File ""irankfinder.py"", line 205, in launch
  File ""irankfinder.py"", line 197, in parse_file
Exception
",failed,0.3490605354309082,2025-06-19 11:56:23
TPDB_YES/svcomp_b.05.c,YES,,success,2.417295217514038,2025-06-19 11:56:26
TPDB_YES/floppy_simpl3_false-unreach-call_true-termination.cil.c,ERROR,Execution timed out,failed,300,2025-06-19 12:01:26
TPDB_YES/NestedRecursion_2c_true-termination.c,ERROR,"[262113] Failed to execute script irankfinder
Traceback (most recent call last):
  File ""irankfinder.py"", line 190, in parse_file
  File ""genericparser/__init__.py"", line 109, in parse
  File ""genericparser/Parser_c.py"", line 21, in parse
Exception: b'Cannot use ""-eager-inline"" with a cyclic call hierarchy!\n'

The above exception was the direct cause of the following exception:

Traceback (most recent call last):
  File ""irankfinder.py"", line 374, in <module>
  File ""irankfinder.py"", line 205, in launch
  File ""irankfinder.py"", line 197, in parse_file
Exception
",failed,0.4380662441253662,2025-06-19 12:01:26
TPDB_YES/standard_password_true-unreach-call_ground.c,YES,,success,3.6672637462615967,2025-06-19 12:01:30
TPDB_YES/MinusMin.c,YES,,success,1.6833443641662598,2025-06-19 12:01:32
TPDB_YES/ChenFlurMukhopadhyay-SAS2012-Ex3.08_true-termination.c,YES,,success,2.0703132152557373,2025-06-19 12:01:34
TPDB_YES/svcomp_c.01_assume-alloca.c,ERROR,"[262285] Failed to execute script irankfinder
Traceback (most recent call last):
  File ""irankfinder.py"", line 190, in parse_file
  File ""genericparser/__init__.py"", line 109, in parse
  File ""genericparser/Parser_c.py"", line 25, in parse
  File ""genericparser/Parser_koat.py"", line 25, in parse_string
  File ""lark/lark.py"", line 197, in parse
  File ""lark/parser_frontends.py"", line 137, in parse
  File ""lark/parsers/xearley.py"", line 143, in parse
lark.common.ParseError: Unexpected end of input! Expecting a terminal of: ['__LPAR']

The above exception was the direct cause of the following exception:

Traceback (most recent call last):
  File ""irankfinder.py"", line 374, in <module>
  File ""irankfinder.py"", line 205, in launch
  File ""irankfinder.py"", line 197, in parse_file
Exception
",failed,0.3441028594970703,2025-06-19 12:01:34
TPDB_YES/LeikeHeizmann-TACAS2014-Ex8_true-termination.c,YES,,success,2.6133084297180176,2025-06-19 12:01:37
TPDB_YES/svcomp_openbsd_cstrnlen_alloca.c,ERROR,"[262329] Failed to execute script irankfinder
Traceback (most recent call last):
  File ""irankfinder.py"", line 190, in parse_file
  File ""genericparser/__init__.py"", line 109, in parse
  File ""genericparser/Parser_c.py"", line 25, in parse
  File ""genericparser/Parser_koat.py"", line 25, in parse_string
  File ""lark/lark.py"", line 197, in parse
  File ""lark/parser_frontends.py"", line 137, in parse
  File ""lark/parsers/xearley.py"", line 143, in parse
lark.common.ParseError: Unexpected end of input! Expecting a terminal of: ['__LPAR']

The above exception was the direct cause of the following exception:

Traceback (most recent call last):
  File ""irankfinder.py"", line 374, in <module>
  File ""irankfinder.py"", line 205, in launch
  File ""irankfinder.py"", line 197, in parse_file
Exception
",failed,0.3369598388671875,2025-06-19 12:01:37
TPDB_YES/svcomp_b.12.c,YES,,success,12.48464584350586,2025-06-19 12:01:50
TPDB_YES/s3_clnt_1_false-unreach-call.cil.c,ERROR,Execution timed out,failed,300,2025-06-19 12:06:50
TPDB_YES/ex2.c,ERROR,"[263064] Failed to execute script irankfinder
Traceback (most recent call last):
  File ""irankfinder.py"", line 190, in parse_file
  File ""genericparser/__init__.py"", line 109, in parse
  File ""genericparser/Parser_c.py"", line 21, in parse
Exception: b'Cannot use ""-eager-inline"" with a cyclic call hierarchy!\n'

The above exception was the direct cause of the following exception:

Traceback (most recent call last):
  File ""irankfinder.py"", line 374, in <module>
  File ""irankfinder.py"", line 205, in launch
  File ""irankfinder.py"", line 197, in parse_file
Exception
",failed,0.4439246654510498,2025-06-19 12:06:50
TPDB_YES/svcomp_cstrcspn_true-termination.c,ERROR,"[263078] Failed to execute script irankfinder
Traceback (most recent call last):
  File ""irankfinder.py"", line 190, in parse_file
  File ""genericparser/__init__.py"", line 109, in parse
  File ""genericparser/Parser_c.py"", line 25, in parse
  File ""genericparser/Parser_koat.py"", line 25, in parse_string
  File ""lark/lark.py"", line 197, in parse
  File ""lark/parser_frontends.py"", line 137, in parse
  File ""lark/parsers/xearley.py"", line 143, in parse
lark.common.ParseError: Unexpected end of input! Expecting a terminal of: ['__LPAR']

The above exception was the direct cause of the following exception:

Traceback (most recent call last):
  File ""irankfinder.py"", line 374, in <module>
  File ""irankfinder.py"", line 205, in launch
  File ""irankfinder.py"", line 197, in parse_file
Exception
",failed,0.47283005714416504,2025-06-19 12:06:51
TPDB_YES/LeeJonesBen-Amram-POPL2001-Ex2_true-termination.c,ERROR,"[263091] Failed to execute script irankfinder
Traceback (most recent call last):
  File ""irankfinder.py"", line 190, in parse_file
  File ""genericparser/__init__.py"", line 109, in parse
  File ""genericparser/Parser_c.py"", line 21, in parse
Exception: b'Cannot use ""-eager-inline"" with a cyclic call hierarchy!\n'

The above exception was the direct cause of the following exception:

Traceback (most recent call last):
  File ""irankfinder.py"", line 374, in <module>
  File ""irankfinder.py"", line 205, in launch
  File ""irankfinder.py"", line 197, in parse_file
Exception
",failed,0.44643235206604004,2025-06-19 12:06:51
TPDB_YES/NoriSharma-FSE2013-Fig8_true-termination.c,YES,,success,2.9868736267089844,2025-06-19 12:06:54
TPDB_YES/GopanReps-CAV2006-Fig1a_true-termination.c.c,YES,,success,1.4779303073883057,2025-06-19 12:06:56
TPDB_YES/svcomp_c.03.c,YES,,success,1.885166883468628,2025-06-19 12:06:57
TPDB_YES/svcomp_gcd1_true-alloca.c,ERROR,"[263156] Failed to execute script irankfinder
Traceback (most recent call last):
  File ""irankfinder.py"", line 190, in parse_file
  File ""genericparser/__init__.py"", line 109, in parse
  File ""genericparser/Parser_c.py"", line 25, in parse
  File ""genericparser/Parser_koat.py"", line 25, in parse_string
  File ""lark/lark.py"", line 197, in parse
  File ""lark/parser_frontends.py"", line 137, in parse
  File ""lark/parsers/xearley.py"", line 143, in parse
lark.common.ParseError: Unexpected end of input! Expecting a terminal of: ['__LPAR']

The above exception was the direct cause of the following exception:

Traceback (most recent call last):
  File ""irankfinder.py"", line 374, in <module>
  File ""irankfinder.py"", line 205, in launch
  File ""irankfinder.py"", line 197, in parse_file
Exception
",failed,0.34395813941955566,2025-06-19 12:06:58
TPDB_YES/HeizmannHoenickeLeikePodelski-ATVA2013-Fig9_true-termination.c,MAYBE,,success,4.3813276290893555,2025-06-19 12:07:02
TPDB_YES/Arrays03-ValueRestictsIndex_true-termination.c,NO,,success,2.9393482208251953,2025-06-19 12:07:05
TPDB_YES/Parallel_true-termination.c,YES,,success,1.8881113529205322,2025-06-19 12:07:07
TPDB_YES/Overflow.c,YES,,success,0.8194193840026855,2025-06-19 12:07:08
TPDB_YES/MinusBuiltIn.c,YES,,success,1.513674020767212,2025-06-19 12:07:09
TPDB_YES/svcomp_lis_alloca.c,ERROR,"[263289] Failed to execute script irankfinder
Traceback (most recent call last):
  File ""irankfinder.py"", line 190, in parse_file
  File ""genericparser/__init__.py"", line 109, in parse
  File ""genericparser/Parser_c.py"", line 25, in parse
  File ""genericparser/Parser_koat.py"", line 25, in parse_string
  File ""lark/lark.py"", line 197, in parse
  File ""lark/parser_frontends.py"", line 137, in parse
  File ""lark/parsers/xearley.py"", line 143, in parse
lark.common.ParseError: Unexpected end of input! Expecting a terminal of: ['__LPAR']

The above exception was the direct cause of the following exception:

Traceback (most recent call last):
  File ""irankfinder.py"", line 374, in <module>
  File ""irankfinder.py"", line 205, in launch
  File ""irankfinder.py"", line 197, in parse_file
Exception
",failed,0.3431735038757324,2025-06-19 12:07:10
TPDB_YES/nondet_ll_search_last_zero.c,ERROR,"[263302] Failed to execute script irankfinder
Traceback (most recent call last):
  File ""irankfinder.py"", line 190, in parse_file
  File ""genericparser/__init__.py"", line 109, in parse
  File ""genericparser/Parser_c.py"", line 25, in parse
  File ""genericparser/Parser_koat.py"", line 25, in parse_string
  File ""lark/lark.py"", line 197, in parse
  File ""lark/parser_frontends.py"", line 137, in parse
  File ""lark/parsers/xearley.py"", line 143, in parse
lark.common.ParseError: Unexpected end of input! Expecting a terminal of: ['__LPAR']

The above exception was the direct cause of the following exception:

Traceback (most recent call last):
  File ""irankfinder.py"", line 374, in <module>
  File ""irankfinder.py"", line 205, in launch
  File ""irankfinder.py"", line 197, in parse_file
Exception
",failed,0.3376915454864502,2025-06-19 12:07:10
TPDB_YES/PastaA9.c,YES,,success,1.12083101272583,2025-06-19 12:07:11
TPDB_YES/Gothenburg_true-termination.c,YES,,success,2.7192776203155518,2025-06-19 12:07:14
TPDB_YES/PodelskiRybalchenko-TACAS2011-Fig2_true-termination.c,YES,,success,2.2067298889160156,2025-06-19 12:07:16
TPDB_YES/svcomp_flag-alloca.c,ERROR,"[263369] Failed to execute script irankfinder
Traceback (most recent call last):
  File ""irankfinder.py"", line 190, in parse_file
  File ""genericparser/__init__.py"", line 109, in parse
  File ""genericparser/Parser_c.py"", line 25, in parse
  File ""genericparser/Parser_koat.py"", line 25, in parse_string
  File ""lark/lark.py"", line 197, in parse
  File ""lark/parser_frontends.py"", line 137, in parse
  File ""lark/parsers/xearley.py"", line 143, in parse
lark.common.ParseError: Unexpected end of input! Expecting a terminal of: ['__LPAR']

The above exception was the direct cause of the following exception:

Traceback (most recent call last):
  File ""irankfinder.py"", line 374, in <module>
  File ""irankfinder.py"", line 205, in launch
  File ""irankfinder.py"", line 197, in parse_file
Exception
",failed,0.3481311798095703,2025-06-19 12:07:17
TPDB_YES/Toulouse-BranchesToLoop_true-termination.c,MAYBE,,success,5.201467037200928,2025-06-19 12:07:22
TPDB_YES/svcomp_cstrpbrk_true-termination.c,ERROR,"[263432] Failed to execute script irankfinder
Traceback (most recent call last):
  File ""irankfinder.py"", line 190, in parse_file
  File ""genericparser/__init__.py"", line 109, in parse
  File ""genericparser/Parser_c.py"", line 25, in parse
  File ""genericparser/Parser_koat.py"", line 25, in parse_string
  File ""lark/lark.py"", line 197, in parse
  File ""lark/parser_frontends.py"", line 137, in parse
  File ""lark/parsers/xearley.py"", line 143, in parse
lark.common.ParseError: Unexpected end of input! Expecting a terminal of: ['__LPAR']

The above exception was the direct cause of the following exception:

Traceback (most recent call last):
  File ""irankfinder.py"", line 374, in <module>
  File ""irankfinder.py"", line 205, in launch
  File ""irankfinder.py"", line 197, in parse_file
Exception
",failed,0.34467625617980957,2025-06-19 12:07:22
TPDB_YES/svcomp_c.02-alloca.c,ERROR,"[263445] Failed to execute script irankfinder
Traceback (most recent call last):
  File ""irankfinder.py"", line 190, in parse_file
  File ""genericparser/__init__.py"", line 109, in parse
  File ""genericparser/Parser_c.py"", line 25, in parse
  File ""genericparser/Parser_koat.py"", line 25, in parse_string
  File ""lark/lark.py"", line 197, in parse
  File ""lark/parser_frontends.py"", line 137, in parse
  File ""lark/parsers/xearley.py"", line 143, in parse
lark.common.ParseError: Unexpected end of input! Expecting a terminal of: ['__LPAR']

The above exception was the direct cause of the following exception:

Traceback (most recent call last):
  File ""irankfinder.py"", line 374, in <module>
  File ""irankfinder.py"", line 205, in launch
  File ""irankfinder.py"", line 197, in parse_file
Exception
",failed,0.34679508209228516,2025-06-19 12:07:23
TPDB_YES/AliasDarteFeautrierGonnord-SAS2010-random1d_true-termination.c,YES,,success,2.238676071166992,2025-06-19 12:07:25
TPDB_YES/svcomp_fermat-alloca.c,ERROR,"[263478] Failed to execute script irankfinder
Traceback (most recent call last):
  File ""irankfinder.py"", line 190, in parse_file
  File ""genericparser/__init__.py"", line 109, in parse
  File ""genericparser/Parser_c.py"", line 25, in parse
  File ""genericparser/Parser_koat.py"", line 25, in parse_string
  File ""lark/lark.py"", line 197, in parse
  File ""lark/parser_frontends.py"", line 137, in parse
  File ""lark/parsers/xearley.py"", line 143, in parse
lark.common.ParseError: Unexpected end of input! Expecting a terminal of: ['__LPAR']

The above exception was the direct cause of the following exception:

Traceback (most recent call last):
  File ""irankfinder.py"", line 374, in <module>
  File ""irankfinder.py"", line 205, in launch
  File ""irankfinder.py"", line 197, in parse_file
Exception
",failed,0.3381800651550293,2025-06-19 12:07:25
TPDB_YES/Ben-Amram-LMCS2010-Ex2.3_true-termination.c,YES,,success,23.114458799362183,2025-06-19 12:07:48
TPDB_YES/AliasDarteFeautrierGonnord-SAS2010-speedFails4_true-termination.c,MAYBE,,success,10.914548397064209,2025-06-19 12:07:59
TPDB_YES/svcomp_stroeder1_alloca.c,ERROR,"[263648] Failed to execute script irankfinder
Traceback (most recent call last):
  File ""irankfinder.py"", line 190, in parse_file
  File ""genericparser/__init__.py"", line 109, in parse
  File ""genericparser/Parser_c.py"", line 25, in parse
  File ""genericparser/Parser_koat.py"", line 25, in parse_string
  File ""lark/lark.py"", line 197, in parse
  File ""lark/parser_frontends.py"", line 137, in parse
  File ""lark/parsers/xearley.py"", line 143, in parse
lark.common.ParseError: Unexpected end of input! Expecting a terminal of: ['__LPAR']

The above exception was the direct cause of the following exception:

Traceback (most recent call last):
  File ""irankfinder.py"", line 374, in <module>
  File ""irankfinder.py"", line 205, in launch
  File ""irankfinder.py"", line 197, in parse_file
Exception
",failed,0.4755687713623047,2025-06-19 12:08:00
TPDB_YES/AliasDarteFeautrierGonnord-SAS2010-exmini_true-termination.c,YES,,success,1.5461235046386719,2025-06-19 12:08:01
TPDB_YES/svcomp_openbsd_cmemset_alloca.c,ERROR,"[263678] Failed to execute script irankfinder
Traceback (most recent call last):
  File ""irankfinder.py"", line 190, in parse_file
  File ""genericparser/__init__.py"", line 109, in parse
  File ""genericparser/Parser_c.py"", line 25, in parse
  File ""genericparser/Parser_koat.py"", line 25, in parse_string
  File ""lark/lark.py"", line 197, in parse
  File ""lark/parser_frontends.py"", line 137, in parse
  File ""lark/parsers/xearley.py"", line 143, in parse
lark.common.ParseError: Unexpected end of input! Expecting a terminal of: ['__LPAR']

The above exception was the direct cause of the following exception:

Traceback (most recent call last):
  File ""irankfinder.py"", line 374, in <module>
  File ""irankfinder.py"", line 205, in launch
  File ""irankfinder.py"", line 197, in parse_file
Exception
",failed,0.4700443744659424,2025-06-19 12:08:02
TPDB_YES/PastaA5.c,YES,,success,1.0010402202606201,2025-06-19 12:08:03
TPDB_YES/svcomp_java_Continue1.c,YES,,success,0.8876090049743652,2025-06-19 12:08:04
TPDB_YES/easy2_true-termination.c,YES,,success,1.1154801845550537,2025-06-19 12:08:05
TPDB_YES/svcomp_diff_alloca.c,ERROR,"[263736] Failed to execute script irankfinder
Traceback (most recent call last):
  File ""irankfinder.py"", line 190, in parse_file
  File ""genericparser/__init__.py"", line 109, in parse
  File ""genericparser/Parser_c.py"", line 25, in parse
  File ""genericparser/Parser_koat.py"", line 25, in parse_string
  File ""lark/lark.py"", line 197, in parse
  File ""lark/parser_frontends.py"", line 137, in parse
  File ""lark/parsers/xearley.py"", line 143, in parse
lark.common.ParseError: Unexpected end of input! Expecting a terminal of: ['__LPAR']

The above exception was the direct cause of the following exception:

Traceback (most recent call last):
  File ""irankfinder.py"", line 374, in <module>
  File ""irankfinder.py"", line 205, in launch
  File ""irankfinder.py"", line 197, in parse_file
Exception
",failed,0.3446989059448242,2025-06-19 12:08:05
TPDB_YES/ChenFlurMukhopadhyay-SAS2012-Ex2.07_true-termination.c,YES,,success,1.2362470626831055,2025-06-19 12:08:06
TPDB_YES/svcomp_b.16.c,YES,,success,2.7550580501556396,2025-06-19 12:08:09
TPDB_YES/McCarthy91_Iteration_true-termination.c,YES,,success,1.9332709312438965,2025-06-19 12:08:11
TPDB_YES/nondet_ll_delete.c,ERROR,"[263800] Failed to execute script irankfinder
Traceback (most recent call last):
  File ""irankfinder.py"", line 190, in parse_file
  File ""genericparser/__init__.py"", line 109, in parse
  File ""genericparser/Parser_c.py"", line 25, in parse
  File ""genericparser/Parser_koat.py"", line 25, in parse_string
  File ""lark/lark.py"", line 197, in parse
  File ""lark/parser_frontends.py"", line 137, in parse
  File ""lark/parsers/xearley.py"", line 143, in parse
lark.common.ParseError: Unexpected end of input! Expecting a terminal of: ['__LPAR']

The above exception was the direct cause of the following exception:

Traceback (most recent call last):
  File ""irankfinder.py"", line 374, in <module>
  File ""irankfinder.py"", line 205, in launch
  File ""irankfinder.py"", line 197, in parse_file
Exception
",failed,0.34203577041625977,2025-06-19 12:08:11
TPDB_YES/LeikeHeizmann-TACAS2014-Ex1_true-termination.c,YES,,success,1.4501922130584717,2025-06-19 12:08:13
TPDB_YES/CookSeeZuleger-TACAS2013-Fig7a_true-termination.c,YES,,success,15.828874111175537,2025-06-19 12:08:29
