file,result,result_2ls,2ls_time,irank_result,irank_time,CPA-lasso_result,CPA-lasso_time,CPA-general_result,CPA-general_time,path_in_repo
960521-1_1_true-valid-memsafety.c,YES,YES,2.43,NO,69.01438475,MAYBE,6,MAYBE,6.07,TPDB_Y2024_filtered_VBS\SV-COMP_Mixed_Categories
Addition01_true-unreach-call_true-termination.c,YES,YES,0.34,FAILED,0.32468152,MAYBE,2.14,FAILED,2.27,TPDB_Y2024_filtered_VBS\SV-COMP_Mixed_Categories
afterrec_2calls_false-unreach-call.c,YES,MAYBE,0.09,FAILED,0.434861183,MAYBE,2.09,FAILED,2.15,TPDB_Y2024_filtered_VBS\SV-COMP_Mixed_Categories
BallRajamani-SPIN2000-Fig1_false-unreach-call.c,YES,YES,0.19,FAILED,0.441753626,MAYBE,1.85,FAILED,1.9,TPDB_Y2024_filtered_VBS\SV-COMP_Mixed_Categories
bist_cell_true-unreach-call_false-termination.cil.c,NO,MAYBE,8.15,FAILED,300,NO,3.56,MAYBE,6.42,TPDB_Y2024_filtered_VBS\SV-COMP_Mixed_Categories
cdaudio_simpl1_false-unreach-call_true-termination.cil.c,YES,MAYBE,1.31,YES,0.745084524,YES,3.04,YES,3.21,TPDB_Y2024_filtered_VBS\SV-COMP_Mixed_Categories
data_structures_set_multi_proc_false-unreach-call_ground.c,YES,FAILED,300.68,YES,15.3527627,FAILED,4.62,FAILED,4.61,TPDB_Y2024_filtered_VBS\SV-COMP_Mixed_Categories
diskperf_simpl1_true-unreach-call_true-termination.cil.c,YES,MAYBE,0.85,FAILED,300,YES,9.89,YES,16.05,TPDB_Y2024_filtered_VBS\SV-COMP_Mixed_Categories
email_spec0_product05_true-unreach-call.cil.c,YES,FAILED,0.78,FAILED,300,FAILED,46.7,FAILED,31.7,TPDB_Y2024_filtered_VBS\SV-COMP_Mixed_Categories
EvenOdd01_true-unreach-call_true-termination.c,YES,FAILED,300.04,FAILED,0.435204506,MAYBE,2.17,FAILED,2.22,TPDB_Y2024_filtered_VBS\SV-COMP_Mixed_Categories
Fibonacci01_true-unreach-call.c,YES,YES,0.13,FAILED,0.444689512,MAYBE,2.15,FAILED,2.2,TPDB_Y2024_filtered_VBS\SV-COMP_Mixed_Categories
fibo_2calls_2_false-unreach-call.c,YES,MAYBE,0.18,FAILED,0.320398569,MAYBE,2.04,FAILED,1.78,TPDB_Y2024_filtered_VBS\SV-COMP_Mixed_Categories
fibo_5_false-unreach-call.c,YES,YES,0.16,FAILED,0.333745003,MAYBE,2.09,FAILED,2.19,TPDB_Y2024_filtered_VBS\SV-COMP_Mixed_Categories
floppy_simpl3_false-unreach-call_true-termination.cil.c,YES,MAYBE,0.76,FAILED,300,YES,2.6,YES,2.73,TPDB_Y2024_filtered_VBS\SV-COMP_Mixed_Categories
gcd01_true-unreach-call_true-termination.c,YES,YES,0.26,FAILED,0.44483304,MAYBE,1.75,FAILED,1.74,TPDB_Y2024_filtered_VBS\SV-COMP_Mixed_Categories
id2_b2_o3_true-unreach-call.c,NO,FAILED,300.02,FAILED,0.437069893,MAYBE,1.71,FAILED,1.82,TPDB_Y2024_filtered_VBS\SV-COMP_Mixed_Categories
id_i10_o10_false-unreach-call.c,YES,YES,0.18,FAILED,0.444696665,MAYBE,1.69,FAILED,1.75,TPDB_Y2024_filtered_VBS\SV-COMP_Mixed_Categories
kbfiltr_simpl1_true-unreach-call_true-termination.cil.c,YES,MAYBE,0.74,YES,0.484479666,YES,2.66,YES,2.43,TPDB_Y2024_filtered_VBS\SV-COMP_Mixed_Categories
McCarthy91_false-unreach-call_false-termination.c,YES,YES,0.17,FAILED,0.326910973,MAYBE,2.05,FAILED,2.12,TPDB_Y2024_filtered_VBS\SV-COMP_Mixed_Categories
mem_slave_tlm.1_true-unreach-call_false-termination.cil.c,NO,MAYBE,0.07,FAILED,300,NO,29.44,MAYBE,45.19,TPDB_Y2024_filtered_VBS\SV-COMP_Mixed_Categories
minepump_spec1_product01_true-unreach-call.cil.c,NO,MAYBE,1.27,FAILED,300,NO,5.27,MAYBE,5.58,TPDB_Y2024_filtered_VBS\SV-COMP_Mixed_Categories
pals_floodmax.3_false-unreach-call.1.ufo.BOUNDED-6.pals.c,NO,MAYBE,11.02,FAILED,300,MAYBE,6.02,MAYBE,6.65,TPDB_Y2024_filtered_VBS\SV-COMP_Mixed_Categories
pals_lcr-var-start-time.3_false-unreach-call.1.ufo.BOUNDED-6.pals.c,NO,MAYBE,5.15,FAILED,300,MAYBE,4.94,MAYBE,5.14,TPDB_Y2024_filtered_VBS\SV-COMP_Mixed_Categories
pals_lcr-var-start-time.6_false-unreach-call.1.ufo.BOUNDED-12.pals.c,NO,MAYBE,18.2,FAILED,300,MAYBE,133.85,MAYBE,135.93,TPDB_Y2024_filtered_VBS\SV-COMP_Mixed_Categories
pals_lcr.3_false-unreach-call.1.ufo.BOUNDED-6.pals.c,NO,MAYBE,4.77,FAILED,300,MAYBE,3.79,MAYBE,4.27,TPDB_Y2024_filtered_VBS\SV-COMP_Mixed_Categories
pals_lcr.8_false-unreach-call.1.ufo.BOUNDED-16.pals.c,NO,MAYBE,36.37,FAILED,300,MAYBE,228.84,MAYBE,223.93,TPDB_Y2024_filtered_VBS\SV-COMP_Mixed_Categories
pals_opt-floodmax.3_false-unreach-call.1.ufo.BOUNDED-6.pals.c,NO,MAYBE,11.08,FAILED,300,MAYBE,6.91,MAYBE,7.57,TPDB_Y2024_filtered_VBS\SV-COMP_Mixed_Categories
pals_STARTPALS_ActiveStandby_false-unreach-call.1.ufo.BOUNDED-10.pals.c,NO,MAYBE,13.58,FAILED,300,MAYBE,7.34,MAYBE,7.04,TPDB_Y2024_filtered_VBS\SV-COMP_Mixed_Categories
pals_STARTPALS_Triplicated_false-unreach-call.1.ufo.BOUNDED-10.pals.c,NO,MAYBE,11.91,FAILED,300,MAYBE,47.49,MAYBE,90.08,TPDB_Y2024_filtered_VBS\SV-COMP_Mixed_Categories
pc_sfifo_1_false-unreach-call_false-termination.cil.c,NO,MAYBE,0.06,FAILED,300,NO,15.11,MAYBE,17.39,TPDB_Y2024_filtered_VBS\SV-COMP_Mixed_Categories
Primes_true-unreach-call.c,NO,YES,1.15,FAILED,0.440213442,MAYBE,1.95,MAYBE,1.9,TPDB_Y2024_filtered_VBS\SV-COMP_Mixed_Categories
Problem02_label00_true-unreach-call.c,NO,MAYBE,12.47,FAILED,300,NO,9.7,FAILED,18.24,TPDB_Y2024_filtered_VBS\SV-COMP_Mixed_Categories
recHanoi01_true-unreach-call_true-termination.c,YES,YES,0.38,FAILED,0.319832563,MAYBE,1.82,MAYBE,2.01,TPDB_Y2024_filtered_VBS\SV-COMP_Mixed_Categories
s3_clnt_1_false-unreach-call.cil.c,YES,FAILED,300.14,FAILED,300,TIMEOUT,300.16,TIMEOUT,300.07,TPDB_Y2024_filtered_VBS\SV-COMP_Mixed_Categories
s3_srvr_14_false-unreach-call.cil.c,NO,MAYBE,10.39,FAILED,300,TIMEOUT,300.18,TIMEOUT,300.16,TPDB_Y2024_filtered_VBS\SV-COMP_Mixed_Categories
s3_srvr_1_false-unreach-call.cil.c,NO,FAILED,300.13,FAILED,300,MAYBE,273.89,FAILED,299.04,TPDB_Y2024_filtered_VBS\SV-COMP_Mixed_Categories
standard_compare_true-unreach-call_ground.c,YES,FAILED,0.21,YES,2.983177423,TIMEOUT,300.15,TIMEOUT,300.15,TPDB_Y2024_filtered_VBS\SV-COMP_Mixed_Categories
standard_copy7_true-unreach-call_ground.c,YES,FAILED,10.84,YES,16.15393448,TIMEOUT,300.18,TIMEOUT,300.17,TPDB_Y2024_filtered_VBS\SV-COMP_Mixed_Categories
standard_password_true-unreach-call_ground.c,YES,FAILED,0.21,YES,3.667263746,TIMEOUT,300.15,TIMEOUT,300.15,TPDB_Y2024_filtered_VBS\SV-COMP_Mixed_Categories
stateful_check_false-unreach-call.c,NO,MAYBE,1.37,FAILED,0.346358061,NO,2.78,FAILED,4.36,TPDB_Y2024_filtered_VBS\SV-COMP_Mixed_Categories
sum_2x3_false-unreach-call.c,YES,YES,0.19,FAILED,0.319595098,MAYBE,2.12,FAILED,2.12,TPDB_Y2024_filtered_VBS\SV-COMP_Mixed_Categories
sum_non_eq_false-unreach-call.c,NO,YES,0.17,FAILED,0.33022666,MAYBE,1.57,FAILED,1.49,TPDB_Y2024_filtered_VBS\SV-COMP_Mixed_Categories
test_locks_15_true-unreach-call_false-termination.c,NO,FAILED,300.12,FAILED,300,NO,59.95,FAILED,69.94,TPDB_Y2024_filtered_VBS\SV-COMP_Mixed_Categories
token_ring.01_false-unreach-call_false-termination.cil.c,NO,MAYBE,0.04,FAILED,300,NO,3.18,MAYBE,4.06,TPDB_Y2024_filtered_VBS\SV-COMP_Mixed_Categories
token_ring.05_false-unreach-call_false-termination.cil.c,NO,MAYBE,0.06,FAILED,300,NO,6.8,MAYBE,126.91,TPDB_Y2024_filtered_VBS\SV-COMP_Mixed_Categories
transmitter.01_false-unreach-call_false-termination.cil.c,NO,MAYBE,0.05,FAILED,300,NO,9.34,MAYBE,9.49,TPDB_Y2024_filtered_VBS\SV-COMP_Mixed_Categories
transmitter.06_false-unreach-call_false-termination.cil.c,NO,MAYBE,0.06,FAILED,300,MAYBE,227.64,MAYBE,224.24,TPDB_Y2024_filtered_VBS\SV-COMP_Mixed_Categories
2Nested_true-termination.c,YES,MAYBE,0.56,YES,1.542494774,YES,3.38,YES,4.19,TPDB_Y2024_filtered_VBS\Stroeder_15
4NestedWith3Variables_true-termination.c,YES,MAYBE,19.2,YES,5.514134645,MAYBE,2.88,TIMEOUT,300.13,TPDB_Y2024_filtered_VBS\Stroeder_15
aaron2_true-termination.c,YES,MAYBE,0.32,YES,0.931140184,YES,2.96,YES,3.44,TPDB_Y2024_filtered_VBS\Stroeder_15
aaron2_true-termination.c,YES,MAYBE,0.33,YES,0.931140184,YES,2.96,YES,3.44,TPDB_Y2024_filtered_VBS\Stroeder_15
aaron3_true-termination.c,YES,MAYBE,0.4,YES,0.960868597,YES,2.83,YES,3.49,TPDB_Y2024_filtered_VBS\Stroeder_15
aaron3_true-termination.c,YES,MAYBE,0.56,YES,0.960868597,YES,2.83,YES,3.49,TPDB_Y2024_filtered_VBS\Stroeder_15
AliasDarteFeautrierGonnord-SAS2010-complex_true-termination.c,YES,MAYBE,0.3,YES,3.205206871,TIMEOUT,300.04,MAYBE,274.98,TPDB_Y2024_filtered_VBS\Stroeder_15
AliasDarteFeautrierGonnord-SAS2010-counterex1a_true-termination.c,YES,MAYBE,0.49,YES,196.665844,YES,7.76,FAILED,298.41,TPDB_Y2024_filtered_VBS\Stroeder_15
AliasDarteFeautrierGonnord-SAS2010-counterex1a_true-termination.c,YES,MAYBE,0.54,YES,196.665844,YES,7.76,FAILED,298.41,TPDB_Y2024_filtered_VBS\Stroeder_15
AliasDarteFeautrierGonnord-SAS2010-counterex1b_true-termination.c,YES,MAYBE,0.6,YES,31.93115854,YES,4.37,YES,6.02,TPDB_Y2024_filtered_VBS\Stroeder_15
AliasDarteFeautrierGonnord-SAS2010-counterex1b_true-termination.c,YES,MAYBE,0.57,YES,31.93115854,YES,4.37,YES,6.02,TPDB_Y2024_filtered_VBS\Stroeder_15
AliasDarteFeautrierGonnord-SAS2010-cousot9_true-termination.c,YES,YES,0.2,YES,2.243287802,YES,3.55,YES,4.48,TPDB_Y2024_filtered_VBS\Stroeder_15
AliasDarteFeautrierGonnord-SAS2010-cousot9_true-termination.c,YES,YES,0.17,YES,2.243287802,YES,3.55,YES,4.48,TPDB_Y2024_filtered_VBS\Stroeder_15
AliasDarteFeautrierGonnord-SAS2010-exmini_true-termination.c,YES,YES,0.28,YES,1.546123505,YES,2.58,YES,3.21,TPDB_Y2024_filtered_VBS\Stroeder_15
AliasDarteFeautrierGonnord-SAS2010-Fig1_true-termination.c,YES,MAYBE,0.57,YES,12.76794291,YES,5.92,YES,7.64,TPDB_Y2024_filtered_VBS\Stroeder_15
AliasDarteFeautrierGonnord-SAS2010-Fig1_true-termination.c,YES,MAYBE,5.07,YES,12.76794291,YES,5.92,YES,7.64,TPDB_Y2024_filtered_VBS\Stroeder_15
AliasDarteFeautrierGonnord-SAS2010-Fig2a_true-termination.c,YES,YES,0.3,YES,3.328688145,YES,3.73,YES,4.74,TPDB_Y2024_filtered_VBS\Stroeder_15
AliasDarteFeautrierGonnord-SAS2010-Fig2a_true-termination.c,YES,YES,0.3,YES,3.328688145,YES,3.73,YES,4.74,TPDB_Y2024_filtered_VBS\Stroeder_15
AliasDarteFeautrierGonnord-SAS2010-Fig2b_true-termination.c,YES,FAILED,0.21,YES,10.76107049,MAYBE,23.05,FAILED,295.34,TPDB_Y2024_filtered_VBS\Stroeder_15
AliasDarteFeautrierGonnord-SAS2010-Fig2b_true-termination.c,YES,FAILED,0.51,YES,10.76107049,MAYBE,23.05,FAILED,295.34,TPDB_Y2024_filtered_VBS\Stroeder_15
AliasDarteFeautrierGonnord-SAS2010-loops_true-termination.c,YES,MAYBE,0.2,YES,2.413120031,YES,3.59,YES,4.37,TPDB_Y2024_filtered_VBS\Stroeder_15
AliasDarteFeautrierGonnord-SAS2010-ndecr_true-termination.c,YES,YES,0.11,YES,0.882511854,YES,2.83,YES,3.3,TPDB_Y2024_filtered_VBS\Stroeder_15
AliasDarteFeautrierGonnord-SAS2010-ndecr_true-termination.c,YES,YES,0.11,YES,0.882511854,YES,2.83,YES,3.3,TPDB_Y2024_filtered_VBS\Stroeder_15
AliasDarteFeautrierGonnord-SAS2010-nestedLoop_true-termination.c,YES,MAYBE,0.57,YES,4.663552046,YES,4.55,TIMEOUT,300.05,TPDB_Y2024_filtered_VBS\Stroeder_15
AliasDarteFeautrierGonnord-SAS2010-nestedLoop_true-termination.c,YES,MAYBE,0.81,YES,4.663552046,YES,4.55,TIMEOUT,300.05,TPDB_Y2024_filtered_VBS\Stroeder_15
AliasDarteFeautrierGonnord-SAS2010-random1d_true-termination.c,YES,MAYBE,6.62,YES,2.238676071,YES,2.65,YES,3.24,TPDB_Y2024_filtered_VBS\Stroeder_15
AliasDarteFeautrierGonnord-SAS2010-random1d_true-termination.c,YES,MAYBE,6.56,YES,2.238676071,YES,2.65,YES,3.24,TPDB_Y2024_filtered_VBS\Stroeder_15
AliasDarteFeautrierGonnord-SAS2010-random2d_true-termination.c,YES,YES,0.31,YES,41.80069423,YES,3.54,YES,3.62,TPDB_Y2024_filtered_VBS\Stroeder_15
AliasDarteFeautrierGonnord-SAS2010-rsd_true-termination.c,YES,MAYBE,1.25,YES,6.976073265,YES,24.69,YES,4.63,TPDB_Y2024_filtered_VBS\Stroeder_15
AliasDarteFeautrierGonnord-SAS2010-rsd_true-termination.c,YES,MAYBE,1.2,YES,6.976073265,YES,24.69,YES,4.63,TPDB_Y2024_filtered_VBS\Stroeder_15
AliasDarteFeautrierGonnord-SAS2010-speedFails4_true-termination.c,YES,MAYBE,0.15,MAYBE,10.9145484,YES,3.08,TIMEOUT,300.04,TPDB_Y2024_filtered_VBS\Stroeder_15
AliasDarteFeautrierGonnord-SAS2010-speedpldi2_true-termination.c,YES,YES,0.25,YES,1.5462327,MAYBE,4.71,MAYBE,6.13,TPDB_Y2024_filtered_VBS\Stroeder_15
AliasDarteFeautrierGonnord-SAS2010-speedpldi2_true-termination.c,YES,YES,0.24,YES,1.5462327,MAYBE,4.71,MAYBE,6.13,TPDB_Y2024_filtered_VBS\Stroeder_15
AliasDarteFeautrierGonnord-SAS2010-speedpldi3_true-termination.c,YES,YES,0.25,YES,9.721589327,YES,4.06,YES,5.62,TPDB_Y2024_filtered_VBS\Stroeder_15
AliasDarteFeautrierGonnord-SAS2010-speedpldi3_true-termination.c,YES,YES,0.24,YES,9.721589327,YES,4.06,YES,5.62,TPDB_Y2024_filtered_VBS\Stroeder_15
AliasDarteFeautrierGonnord-SAS2010-speedpldi4_true-termination.c,YES,YES,0.12,YES,1.835783243,MAYBE,2.94,MAYBE,3.1,TPDB_Y2024_filtered_VBS\Stroeder_15
AliasDarteFeautrierGonnord-SAS2010-speedpldi4_true-termination.c,YES,YES,0.16,YES,1.835783243,MAYBE,2.94,MAYBE,3.1,TPDB_Y2024_filtered_VBS\Stroeder_15
AliasDarteFeautrierGonnord-SAS2010-terminate_true-termination.c,YES,YES,0.42,YES,1.362347126,YES,3.41,YES,3.79,TPDB_Y2024_filtered_VBS\Stroeder_15
AliasDarteFeautrierGonnord-SAS2010-terminate_true-termination.c,YES,YES,0.42,YES,1.362347126,YES,3.41,YES,3.79,TPDB_Y2024_filtered_VBS\Stroeder_15
AliasDarteFeautrierGonnord-SAS2010-wcet2_true-termination.c,YES,YES,0.24,YES,1.869081497,YES,6.4,TIMEOUT,300.04,TPDB_Y2024_filtered_VBS\Stroeder_15
AliasDarteFeautrierGonnord-SAS2010-wcet2_true-termination.c,YES,YES,0.24,YES,1.869081497,YES,6.4,TIMEOUT,300.04,TPDB_Y2024_filtered_VBS\Stroeder_15
AliasDarteFeautrierGonnord-SAS2010-while2_true-termination.c,YES,YES,0.22,YES,1.846493959,YES,3.54,YES,4.02,TPDB_Y2024_filtered_VBS\Stroeder_15
AliasDarteFeautrierGonnord-SAS2010-while2_true-termination.c,YES,YES,0.32,YES,1.846493959,YES,3.54,YES,4.02,TPDB_Y2024_filtered_VBS\Stroeder_15
AliasDarteFeautrierGonnord-SAS2010-wise_true-termination.c,YES,YES,0.23,YES,8.686114311,YES,3.33,YES,4.21,TPDB_Y2024_filtered_VBS\Stroeder_15
AliasDarteFeautrierGonnord-SAS2010-wise_true-termination.c,YES,YES,0.23,YES,8.686114311,YES,3.33,YES,4.21,TPDB_Y2024_filtered_VBS\Stroeder_15
AlternDiv.c,NO,MAYBE,0.23,NO,4.915035486,NO,2.84,MAYBE,279.14,TPDB_Y2024_filtered_VBS\Stroeder_15
AlternDivWide.c,NO,MAYBE,0.26,NO,8.981546164,NO,2.66,MAYBE,277.49,TPDB_Y2024_filtered_VBS\Stroeder_15
AlternDivWidening.c,NO,MAYBE,0.61,MAYBE,29.12344384,NO,2.72,MAYBE,276.85,TPDB_Y2024_filtered_VBS\Stroeder_15
AlternKonv.c,NO,MAYBE,0.61,NO,11.15464973,NO,2.53,MAYBE,274.6,TPDB_Y2024_filtered_VBS\Stroeder_15
Avery-FLOPS2006-Table1_true-termination.c,YES,YES,0.43,YES,2.445770264,YES,5.83,TIMEOUT,300.04,TPDB_Y2024_filtered_VBS\Stroeder_15
Avery-FLOPS2006-Table1_true-termination.c,YES,YES,0.26,YES,2.445770264,YES,5.83,TIMEOUT,300.04,TPDB_Y2024_filtered_VBS\Stroeder_15
Bangalore_true-termination.c,YES,YES,0.14,YES,0.985501289,YES,2.67,YES,3.04,TPDB_Y2024_filtered_VBS\Stroeder_15
Bangalore_true-termination.c,YES,YES,0.15,YES,0.985501289,YES,2.67,YES,3.04,TPDB_Y2024_filtered_VBS\Stroeder_15
Ben-Amram-LMCS2010-Ex2.3_true-termination.c,YES,MAYBE,2.17,YES,23.1144588,YES,3.46,YES,4.76,TPDB_Y2024_filtered_VBS\Stroeder_15
Benghazi_true-termination.c,YES,FAILED,300.11,YES,1.970355511,YES,3.41,YES,3.6,TPDB_Y2024_filtered_VBS\Stroeder_15
BradleyMannaSipma-CAV2005-Fig1-modified_false-termination.c,NO,MAYBE,0.28,NO,4.189503908,NO,2.1,MAYBE,278.7,TPDB_Y2024_filtered_VBS\Stroeder_15
BradleyMannaSipma-CAV2005-Fig1-modified_false-termination.c,NO,MAYBE,0.48,NO,4.189503908,NO,2.1,MAYBE,278.7,TPDB_Y2024_filtered_VBS\Stroeder_15
BradleyMannaSipma-CAV2005-Fig1_true-termination.c,YES,YES,0.22,MAYBE,9.309854269,MAYBE,2.27,MAYBE,2.43,TPDB_Y2024_filtered_VBS\Stroeder_15
BradleyMannaSipma-CAV2005-Fig1_true-termination.c,YES,YES,0.24,MAYBE,9.309854269,MAYBE,2.27,MAYBE,2.43,TPDB_Y2024_filtered_VBS\Stroeder_15
BradleyMannaSipma-ICALP2005-Fig1_true-termination.c,YES,MAYBE,0.54,YES,17.78124428,YES,5.55,YES,17.4,TPDB_Y2024_filtered_VBS\Stroeder_15
BradleyMannaSipma-ICALP2005-Fig1_true-termination.c,YES,MAYBE,0.92,YES,17.78124428,YES,5.55,YES,17.4,TPDB_Y2024_filtered_VBS\Stroeder_15
BrockschmidtCookFuhs-CAV2013-Fig1_true-termination.c,YES,YES,0.22,YES,2.279437304,MAYBE,262.58,MAYBE,269.34,TPDB_Y2024_filtered_VBS\Stroeder_15
BrockschmidtCookFuhs-CAV2013-Fig9a_true-termination.c,YES,MAYBE,0.58,MAYBE,5.377459526,YES,8.34,YES,4.44,TPDB_Y2024_filtered_VBS\Stroeder_15
BrockschmidtCookFuhs-CAV2013-Introduction_true-termination.c,YES,MAYBE,0.83,YES,1.605215311,YES,2.81,YES,3.27,TPDB_Y2024_filtered_VBS\Stroeder_15
Cairo_true-termination.c,YES,MAYBE,0.35,MAYBE,3.622193575,YES,2.89,YES,3.33,TPDB_Y2024_filtered_VBS\Stroeder_15
Cairo_true-termination.c,YES,MAYBE,0.36,MAYBE,3.622193575,YES,2.89,YES,3.33,TPDB_Y2024_filtered_VBS\Stroeder_15
ChawdharyCookGulwaniSagivYang-ESOP2008-aaron12_true-termination.c,YES,MAYBE,0.76,MAYBE,100.0109153,NO,3.62,MAYBE,276.07,TPDB_Y2024_filtered_VBS\Stroeder_15
ChawdharyCookGulwaniSagivYang-ESOP2008-aaron12_true-termination.c,YES,MAYBE,0.76,MAYBE,100.0109153,NO,3.62,MAYBE,276.07,TPDB_Y2024_filtered_VBS\Stroeder_15
ChawdharyCookGulwaniSagivYang-ESOP2008-aaron1_true-termination.c,YES,MAYBE,0.45,YES,237.4918015,YES,3.58,YES,4.24,TPDB_Y2024_filtered_VBS\Stroeder_15
ChawdharyCookGulwaniSagivYang-ESOP2008-aaron1_true-termination.c,YES,MAYBE,0.44,YES,237.4918015,YES,3.58,YES,4.24,TPDB_Y2024_filtered_VBS\Stroeder_15
ChawdharyCookGulwaniSagivYang-ESOP2008-aaron4_true-termination.c,YES,MAYBE,0.49,FAILED,300,MAYBE,288.24,YES,6.73,TPDB_Y2024_filtered_VBS\Stroeder_15
ChawdharyCookGulwaniSagivYang-ESOP2008-aaron4_true-termination.c,YES,MAYBE,0.72,FAILED,300,MAYBE,288.24,YES,6.73,TPDB_Y2024_filtered_VBS\Stroeder_15
ChawdharyCookGulwaniSagivYang-ESOP2008-aaron6_true-termination.c,YES,MAYBE,2.26,YES,8.775921345,YES,2.72,YES,4.94,TPDB_Y2024_filtered_VBS\Stroeder_15
ChawdharyCookGulwaniSagivYang-ESOP2008-aaron6_true-termination.c,YES,MAYBE,2.41,YES,8.775921345,YES,2.72,YES,4.94,TPDB_Y2024_filtered_VBS\Stroeder_15
ChawdharyCookGulwaniSagivYang-ESOP2008-random1d_true-termination.c,YES,MAYBE,6.23,YES,2.803284168,YES,3.49,YES,4.12,TPDB_Y2024_filtered_VBS\Stroeder_15
ChawdharyCookGulwaniSagivYang-ESOP2008-random1d_true-termination.c,YES,MAYBE,6.21,YES,2.803284168,YES,3.49,YES,4.12,TPDB_Y2024_filtered_VBS\Stroeder_15
ChawdharyCookGulwaniSagivYang-ESOP2008-random2d_true-termination.c,YES,YES,0.31,YES,41.74072981,YES,2.84,YES,3.14,TPDB_Y2024_filtered_VBS\Stroeder_15
ChenCookFuhsNimkarOHearn-TACAS2014-Introduction_false-termination.c,NO,MAYBE,0.31,NO,2.417634726,NO,2.02,MAYBE,282.6,TPDB_Y2024_filtered_VBS\Stroeder_15
ChenFlurMukhopadhyay-SAS2012-Ex1.01_true-termination.c,YES,MAYBE,0.33,MAYBE,2.685703993,MAYBE,2.75,MAYBE,2.95,TPDB_Y2024_filtered_VBS\Stroeder_15
ChenFlurMukhopadhyay-SAS2012-Ex1.02_true-termination.c,YES,MAYBE,0.63,YES,1.768894434,YES,2.62,YES,3.4,TPDB_Y2024_filtered_VBS\Stroeder_15
ChenFlurMukhopadhyay-SAS2012-Ex1.02_true-termination.c,YES,MAYBE,0.14,YES,1.768894434,YES,2.62,YES,3.4,TPDB_Y2024_filtered_VBS\Stroeder_15
ChenFlurMukhopadhyay-SAS2012-Ex1.03_true-termination.c,YES,MAYBE,0.23,YES,1.563355684,YES,2.41,YES,2.89,TPDB_Y2024_filtered_VBS\Stroeder_15
ChenFlurMukhopadhyay-SAS2012-Ex1.03_true-termination.c,YES,MAYBE,0.28,YES,1.563355684,YES,2.41,YES,2.89,TPDB_Y2024_filtered_VBS\Stroeder_15
ChenFlurMukhopadhyay-SAS2012-Ex1.04_true-termination.c,YES,MAYBE,0.42,YES,1.589332104,YES,2.96,YES,3.51,TPDB_Y2024_filtered_VBS\Stroeder_15
ChenFlurMukhopadhyay-SAS2012-Ex1.04_true-termination.c,YES,MAYBE,0.23,YES,1.589332104,YES,2.96,YES,3.51,TPDB_Y2024_filtered_VBS\Stroeder_15
ChenFlurMukhopadhyay-SAS2012-Ex1.05_true-termination.c,YES,MAYBE,0.42,YES,1.557750702,MAYBE,2.93,MAYBE,3.22,TPDB_Y2024_filtered_VBS\Stroeder_15
ChenFlurMukhopadhyay-SAS2012-Ex1.05_true-termination.c,YES,MAYBE,0.32,YES,1.557750702,MAYBE,2.93,MAYBE,3.22,TPDB_Y2024_filtered_VBS\Stroeder_15
ChenFlurMukhopadhyay-SAS2012-Ex2.01_true-termination.c,YES,MAYBE,0.62,YES,1.618233204,MAYBE,4.28,MAYBE,5.52,TPDB_Y2024_filtered_VBS\Stroeder_15
ChenFlurMukhopadhyay-SAS2012-Ex2.01_true-termination.c,YES,MAYBE,0.62,YES,1.618233204,MAYBE,4.28,MAYBE,5.52,TPDB_Y2024_filtered_VBS\Stroeder_15
ChenFlurMukhopadhyay-SAS2012-Ex2.02_false-termination.c,NO,MAYBE,0.57,NO,2.055266619,MAYBE,3.4,MAYBE,4.11,TPDB_Y2024_filtered_VBS\Stroeder_15
ChenFlurMukhopadhyay-SAS2012-Ex2.02_false-termination.c,NO,MAYBE,0.56,NO,2.055266619,MAYBE,3.4,MAYBE,4.11,TPDB_Y2024_filtered_VBS\Stroeder_15
ChenFlurMukhopadhyay-SAS2012-Ex2.03_false-termination.c,NO,MAYBE,0.32,NO,2.098434687,NO,1.75,MAYBE,283.36,TPDB_Y2024_filtered_VBS\Stroeder_15
ChenFlurMukhopadhyay-SAS2012-Ex2.04_false-termination.c,NO,MAYBE,0.15,NO,2.175236225,NO,2.14,MAYBE,282.12,TPDB_Y2024_filtered_VBS\Stroeder_15
ChenFlurMukhopadhyay-SAS2012-Ex2.07_true-termination.c,YES,MAYBE,0.5,YES,1.236247063,MAYBE,4.68,MAYBE,4.41,TPDB_Y2024_filtered_VBS\Stroeder_15
ChenFlurMukhopadhyay-SAS2012-Ex2.07_true-termination.c,YES,MAYBE,0.7,YES,1.236247063,MAYBE,4.68,MAYBE,4.41,TPDB_Y2024_filtered_VBS\Stroeder_15
ChenFlurMukhopadhyay-SAS2012-Ex2.08_true-termination.c,YES,MAYBE,0.63,YES,1.166841745,MAYBE,2.82,MAYBE,3.97,TPDB_Y2024_filtered_VBS\Stroeder_15
ChenFlurMukhopadhyay-SAS2012-Ex2.08_true-termination.c,YES,MAYBE,0.63,YES,1.166841745,MAYBE,2.82,MAYBE,3.97,TPDB_Y2024_filtered_VBS\Stroeder_15
ChenFlurMukhopadhyay-SAS2012-Ex2.09_true-termination.c,YES,MAYBE,2.26,YES,1.500894785,YES,2.52,YES,6.33,TPDB_Y2024_filtered_VBS\Stroeder_15
ChenFlurMukhopadhyay-SAS2012-Ex2.10_true-termination.c,YES,YES,0.18,YES,1.134034634,MAYBE,3.92,MAYBE,4.71,TPDB_Y2024_filtered_VBS\Stroeder_15
ChenFlurMukhopadhyay-SAS2012-Ex2.10_true-termination.c,YES,YES,0.22,YES,1.134034634,MAYBE,3.92,MAYBE,4.71,TPDB_Y2024_filtered_VBS\Stroeder_15
ChenFlurMukhopadhyay-SAS2012-Ex2.12_false-termination.c,NO,MAYBE,0.84,NO,2.286286116,NO,2.04,MAYBE,281.63,TPDB_Y2024_filtered_VBS\Stroeder_15
ChenFlurMukhopadhyay-SAS2012-Ex2.13_true-termination.c,YES,MAYBE,0.69,YES,1.787369728,MAYBE,4.39,MAYBE,5.61,TPDB_Y2024_filtered_VBS\Stroeder_15
ChenFlurMukhopadhyay-SAS2012-Ex2.13_true-termination.c,YES,MAYBE,0.7,YES,1.787369728,MAYBE,4.39,MAYBE,5.61,TPDB_Y2024_filtered_VBS\Stroeder_15
ChenFlurMukhopadhyay-SAS2012-Ex2.14_false-termination.c,NO,MAYBE,0.32,NO,1.575728416,NO,2.03,MAYBE,283.04,TPDB_Y2024_filtered_VBS\Stroeder_15
ChenFlurMukhopadhyay-SAS2012-Ex2.15_false-termination.c,NO,MAYBE,0.16,NO,1.227491379,NO,1.92,MAYBE,282.84,TPDB_Y2024_filtered_VBS\Stroeder_15
ChenFlurMukhopadhyay-SAS2012-Ex2.16_true-termination.c,YES,MAYBE,0.54,YES,1.541995525,MAYBE,4.9,MAYBE,6.69,TPDB_Y2024_filtered_VBS\Stroeder_15
ChenFlurMukhopadhyay-SAS2012-Ex2.16_true-termination.c,YES,MAYBE,0.77,YES,1.541995525,MAYBE,4.9,MAYBE,6.69,TPDB_Y2024_filtered_VBS\Stroeder_15
ChenFlurMukhopadhyay-SAS2012-Ex2.17_false-termination.c,NO,MAYBE,0.59,NO,2.26102972,MAYBE,3.4,MAYBE,4.02,TPDB_Y2024_filtered_VBS\Stroeder_15
ChenFlurMukhopadhyay-SAS2012-Ex2.17_false-termination.c,NO,MAYBE,0.6,NO,2.26102972,MAYBE,3.4,MAYBE,4.02,TPDB_Y2024_filtered_VBS\Stroeder_15
ChenFlurMukhopadhyay-SAS2012-Ex2.18_true-termination.c,YES,MAYBE,2.09,YES,1.733024597,YES,2.77,YES,3.26,TPDB_Y2024_filtered_VBS\Stroeder_15
ChenFlurMukhopadhyay-SAS2012-Ex2.19_true-termination.c,YES,MAYBE,0.56,YES,1.730714798,YES,3.29,YES,3.5,TPDB_Y2024_filtered_VBS\Stroeder_15
ChenFlurMukhopadhyay-SAS2012-Ex2.20_true-termination.c,YES,YES,0.26,YES,1.950015068,YES,2.94,YES,3.4,TPDB_Y2024_filtered_VBS\Stroeder_15
ChenFlurMukhopadhyay-SAS2012-Ex2.20_true-termination.c,YES,YES,0.2,YES,1.950015068,YES,2.94,YES,3.4,TPDB_Y2024_filtered_VBS\Stroeder_15
ChenFlurMukhopadhyay-SAS2012-Ex2.21_true-termination.c,YES,YES,0.23,YES,1.676303625,YES,3.03,YES,3.54,TPDB_Y2024_filtered_VBS\Stroeder_15
ChenFlurMukhopadhyay-SAS2012-Ex2.22_true-termination.c,YES,YES,3.52,YES,1.966259956,MAYBE,2.88,MAYBE,3.13,TPDB_Y2024_filtered_VBS\Stroeder_15
ChenFlurMukhopadhyay-SAS2012-Ex2.22_true-termination.c,YES,YES,0.41,YES,1.966259956,MAYBE,2.88,MAYBE,3.13,TPDB_Y2024_filtered_VBS\Stroeder_15
ChenFlurMukhopadhyay-SAS2012-Ex3.01_true-termination.c,YES,YES,0.17,YES,1.213907957,MAYBE,3.48,MAYBE,5.57,TPDB_Y2024_filtered_VBS\Stroeder_15
ChenFlurMukhopadhyay-SAS2012-Ex3.01_true-termination.c,YES,YES,0.21,YES,1.213907957,MAYBE,3.48,MAYBE,5.57,TPDB_Y2024_filtered_VBS\Stroeder_15
ChenFlurMukhopadhyay-SAS2012-Ex3.02_false-termination.c,NO,MAYBE,0.21,NO,2.318225622,NO,2.08,MAYBE,282.91,TPDB_Y2024_filtered_VBS\Stroeder_15
ChenFlurMukhopadhyay-SAS2012-Ex3.03_true-termination.c,YES,MAYBE,1.49,YES,2.267417192,MAYBE,4.23,MAYBE,5.09,TPDB_Y2024_filtered_VBS\Stroeder_15
ChenFlurMukhopadhyay-SAS2012-Ex3.03_true-termination.c,YES,MAYBE,1.39,YES,2.267417192,MAYBE,4.23,MAYBE,5.09,TPDB_Y2024_filtered_VBS\Stroeder_15
ChenFlurMukhopadhyay-SAS2012-Ex3.04_true-termination.c,YES,MAYBE,0.51,YES,2.271259546,MAYBE,4.26,MAYBE,16.72,TPDB_Y2024_filtered_VBS\Stroeder_15
ChenFlurMukhopadhyay-SAS2012-Ex3.04_true-termination.c,YES,MAYBE,0.5,YES,2.271259546,MAYBE,4.26,MAYBE,16.72,TPDB_Y2024_filtered_VBS\Stroeder_15
ChenFlurMukhopadhyay-SAS2012-Ex3.05_true-termination.c,YES,MAYBE,0.68,YES,2.065848589,MAYBE,4.43,YES,6.37,TPDB_Y2024_filtered_VBS\Stroeder_15
ChenFlurMukhopadhyay-SAS2012-Ex3.05_true-termination.c,YES,MAYBE,0.67,YES,2.065848589,MAYBE,4.43,YES,6.37,TPDB_Y2024_filtered_VBS\Stroeder_15
ChenFlurMukhopadhyay-SAS2012-Ex3.06_false-termination.c,NO,MAYBE,2.25,NO,2.718974113,NO,1.98,MAYBE,282.57,TPDB_Y2024_filtered_VBS\Stroeder_15
ChenFlurMukhopadhyay-SAS2012-Ex3.07_true-termination.c,YES,YES,0.53,YES,2.187636614,YES,4.88,YES,3.42,TPDB_Y2024_filtered_VBS\Stroeder_15
ChenFlurMukhopadhyay-SAS2012-Ex3.08_true-termination.c,YES,MAYBE,1.9,YES,2.070313215,YES,2.33,YES,2.87,TPDB_Y2024_filtered_VBS\Stroeder_15
ChenFlurMukhopadhyay-SAS2012-Ex3.08_true-termination.c,YES,MAYBE,2.11,YES,2.070313215,YES,2.33,YES,2.87,TPDB_Y2024_filtered_VBS\Stroeder_15
ChenFlurMukhopadhyay-SAS2012-Ex3.09_true-termination.c,YES,MAYBE,9.23,YES,1.758789063,MAYBE,3.05,MAYBE,3.73,TPDB_Y2024_filtered_VBS\Stroeder_15
ChenFlurMukhopadhyay-SAS2012-Ex3.09_true-termination.c,YES,MAYBE,0.26,YES,1.758789063,MAYBE,3.05,MAYBE,3.73,TPDB_Y2024_filtered_VBS\Stroeder_15
ChenFlurMukhopadhyay-SAS2012-Ex3.10_true-termination.c,YES,YES,0.62,YES,1.536236048,YES,2.88,YES,3.46,TPDB_Y2024_filtered_VBS\Stroeder_15
ChenFlurMukhopadhyay-SAS2012-Ex4.01_true-termination.c,YES,MAYBE,3.37,YES,2.826597691,YES,3.76,YES,160.83,TPDB_Y2024_filtered_VBS\Stroeder_15
ChenFlurMukhopadhyay-SAS2012-Ex4.01_true-termination.c,YES,MAYBE,3.25,YES,2.826597691,YES,3.76,YES,160.83,TPDB_Y2024_filtered_VBS\Stroeder_15
ChenFlurMukhopadhyay-SAS2012-Fig1_true-termination.c,YES,YES,0.96,YES,1.646982908,YES,3.64,YES,4.43,TPDB_Y2024_filtered_VBS\Stroeder_15
Choose.c,NO,MAYBE,0.35,MAYBE,4.763554096,NO,3.18,MAYBE,275.43,TPDB_Y2024_filtered_VBS\Stroeder_15
ChooseLife.c,NO,MAYBE,0.51,MAYBE,5.389232397,MAYBE,2.77,MAYBE,2.89,TPDB_Y2024_filtered_VBS\Stroeder_15
ColonSipma-TACAS2001-Fig1_true-termination.c,YES,YES,0.34,YES,1.931527138,YES,3.05,YES,3.6,TPDB_Y2024_filtered_VBS\Stroeder_15
ComplInterv2.c,NO,MAYBE,0.11,NO,6.861128569,NO,2.06,MAYBE,280.71,TPDB_Y2024_filtered_VBS\Stroeder_15
ComplInterv3.c,NO,MAYBE,0.25,NO,4.706828833,NO,1.92,MAYBE,280.2,TPDB_Y2024_filtered_VBS\Stroeder_15
ComplxStruc.c,NO,MAYBE,0.56,MAYBE,74.34549189,NO,5.55,MAYBE,287.41,TPDB_Y2024_filtered_VBS\Stroeder_15
ConvLower.c,NO,MAYBE,0.1,NO,2.494505405,NO,1.96,MAYBE,282.55,TPDB_Y2024_filtered_VBS\Stroeder_15
CookSeeZuleger-TACAS2013-Fig1_true-termination.c,YES,YES,0.14,YES,8.679799557,YES,3.55,YES,4.48,TPDB_Y2024_filtered_VBS\Stroeder_15
CookSeeZuleger-TACAS2013-Fig1_true-termination.c,YES,YES,0.14,YES,8.679799557,YES,3.55,YES,4.48,TPDB_Y2024_filtered_VBS\Stroeder_15
CookSeeZuleger-TACAS2013-Fig7a_true-termination.c,YES,YES,0.26,YES,15.82887411,YES,3.42,YES,3.7,TPDB_Y2024_filtered_VBS\Stroeder_15
CookSeeZuleger-TACAS2013-Fig7a_true-termination.c,YES,YES,0.37,YES,15.82887411,YES,3.42,YES,3.7,TPDB_Y2024_filtered_VBS\Stroeder_15
CookSeeZuleger-TACAS2013-Fig7b_true-termination.c,YES,YES,0.36,YES,102.230557,YES,4.41,YES,6.1,TPDB_Y2024_filtered_VBS\Stroeder_15
CookSeeZuleger-TACAS2013-Fig7b_true-termination.c,YES,YES,0.27,YES,102.230557,YES,4.41,YES,6.1,TPDB_Y2024_filtered_VBS\Stroeder_15
CookSeeZuleger-TACAS2013-Fig8a-modified_true-termination.c,YES,MAYBE,0.15,YES,5.021686554,YES,3.21,YES,3.86,TPDB_Y2024_filtered_VBS\Stroeder_15
CookSeeZuleger-TACAS2013-Fig8a_true-termination.c,YES,MAYBE,0.13,YES,4.528115749,YES,3.08,YES,3.6,TPDB_Y2024_filtered_VBS\Stroeder_15
CookSeeZuleger-TACAS2013-Fig8b_true-termination.c,YES,MAYBE,0.21,YES,4.403447151,MAYBE,2.86,MAYBE,2.96,TPDB_Y2024_filtered_VBS\Stroeder_15
Copenhagen_true-termination.c,YES,YES,0.45,YES,1.11929059,YES,2.98,YES,3.43,TPDB_Y2024_filtered_VBS\Stroeder_15
Cousot.c,NO,MAYBE,0.09,NO,2.509458303,NO,2.2,MAYBE,2.82,TPDB_Y2024_filtered_VBS\Stroeder_15
DivMinus.c,YES,YES,0.29,YES,1.56734252,MAYBE,2.96,MAYBE,3.23,TPDB_Y2024_filtered_VBS\Stroeder_15
DivMinus2.c,YES,MAYBE,1.46,YES,19.73166084,YES,3.79,YES,4.53,TPDB_Y2024_filtered_VBS\Stroeder_15
DivWithoutMinus.c,NO,MAYBE,0.97,MAYBE,30.69540596,NO,2.45,MAYBE,276.27,TPDB_Y2024_filtered_VBS\Stroeder_15
easy1_true-termination.c,YES,YES,0.17,YES,1.058041096,YES,3.51,YES,3.88,TPDB_Y2024_filtered_VBS\Stroeder_15
easy2_true-termination.c,YES,YES,0.27,YES,1.115480185,YES,2.54,MAYBE,267.58,TPDB_Y2024_filtered_VBS\Stroeder_15
Et1.c,YES,MAYBE,0.86,YES,1.933134079,YES,3.71,YES,5.26,TPDB_Y2024_filtered_VBS\Stroeder_15
Et2.c,NO,MAYBE,2.36,MAYBE,6.95519805,NO,2.08,MAYBE,281.22,TPDB_Y2024_filtered_VBS\Stroeder_15
Et4.c,NO,FAILED,300.11,MAYBE,8.227506638,NO,2.01,MAYBE,280.13,TPDB_Y2024_filtered_VBS\Stroeder_15
Even.c,NO,MAYBE,0.25,NO,2.149464846,NO,2.04,MAYBE,282.08,TPDB_Y2024_filtered_VBS\Stroeder_15
Ex01.c,NO,MAYBE,0.33,NO,1.087392569,NO,2.06,MAYBE,282.03,TPDB_Y2024_filtered_VBS\Stroeder_15
Ex02.c,NO,MAYBE,0.11,NO,2.437818766,NO,2.04,MAYBE,281.31,TPDB_Y2024_filtered_VBS\Stroeder_15
Ex03.c,NO,MAYBE,0.15,NO,2.846608639,NO,2.02,MAYBE,279.94,TPDB_Y2024_filtered_VBS\Stroeder_15
Ex04.c,NO,MAYBE,0.1,NO,1.06923461,NO,1.97,MAYBE,2.28,TPDB_Y2024_filtered_VBS\Stroeder_15
Ex05.c,NO,MAYBE,0.07,NO,0.650583267,NO,1.91,MAYBE,2.06,TPDB_Y2024_filtered_VBS\Stroeder_15
Ex06.c,NO,MAYBE,0.15,NO,3.367758274,NO,2.72,MAYBE,280.12,TPDB_Y2024_filtered_VBS\Stroeder_15
Ex07.c,NO,MAYBE,0.1,NO,2.297607422,NO,2.1,MAYBE,2.9,TPDB_Y2024_filtered_VBS\Stroeder_15
Ex08.c,NO,MAYBE,0.3,MAYBE,122.0778222,NO,110.62,TIMEOUT,300.16,TPDB_Y2024_filtered_VBS\Stroeder_15
Fibonacci.c,NO,MAYBE,2.16,MAYBE,4.617705107,MAYBE,2.84,MAYBE,3.07,TPDB_Y2024_filtered_VBS\Stroeder_15
Flip.c,NO,MAYBE,111.62,NO,2.989671469,MAYBE,2.9,MAYBE,3.29,TPDB_Y2024_filtered_VBS\Stroeder_15
Flip2.c,NO,MAYBE,1.04,MAYBE,18.40807962,MAYBE,2.28,MAYBE,2.52,TPDB_Y2024_filtered_VBS\Stroeder_15
Gauss.c,NO,MAYBE,0.52,NO,2.223500013,NO,2.08,MAYBE,283.34,TPDB_Y2024_filtered_VBS\Stroeder_15
GCD.c,NO,MAYBE,36.84,NO,13.71751642,MAYBE,2.89,MAYBE,2.82,TPDB_Y2024_filtered_VBS\Stroeder_15
gcd1_true-termination.c,YES,YES,0.45,YES,2.763065338,MAYBE,3.45,MAYBE,3.63,TPDB_Y2024_filtered_VBS\Stroeder_15
gcd1_true-termination.c,YES,YES,0.34,YES,2.763065338,MAYBE,3.45,MAYBE,3.63,TPDB_Y2024_filtered_VBS\Stroeder_15
GCD2.c,NO,MAYBE,0.8,NO,7.572946787,MAYBE,2.67,MAYBE,3.35,TPDB_Y2024_filtered_VBS\Stroeder_15
GCD3.c,YES,YES,0.49,YES,3.040864706,MAYBE,3.37,MAYBE,3.13,TPDB_Y2024_filtered_VBS\Stroeder_15
GCD4.c,YES,YES,0.52,YES,2.112157583,MAYBE,3.5,MAYBE,3.8,TPDB_Y2024_filtered_VBS\Stroeder_15
genady_true-termination.c,YES,YES,0.29,YES,0.762753248,YES,4.46,YES,4.9,TPDB_Y2024_filtered_VBS\Stroeder_15
genady_true-termination.c,YES,YES,0.33,YES,0.762753248,YES,4.46,YES,4.9,TPDB_Y2024_filtered_VBS\Stroeder_15
GopanReps-CAV2006-Fig1a_true-termination.c.c,YES,MAYBE,0.5,YES,1.477930307,MAYBE,275.24,MAYBE,277.45,TPDB_Y2024_filtered_VBS\Stroeder_15
GopanReps-CAV2006-Fig1a_true-termination.c.c,YES,MAYBE,0.59,YES,1.477930307,MAYBE,275.24,MAYBE,277.45,TPDB_Y2024_filtered_VBS\Stroeder_15
Gothenburg_true-termination.c,YES,MAYBE,0.83,YES,2.71927762,YES,2.75,YES,3.41,TPDB_Y2024_filtered_VBS\Stroeder_15
Gothenburg_true-termination.c,YES,MAYBE,0.7,YES,2.71927762,YES,2.75,YES,3.41,TPDB_Y2024_filtered_VBS\Stroeder_15
GulavaniGulwani-CAV2008-Fig1a_true-termination.c,YES,YES,0.16,YES,3.352276325,YES,3.42,MAYBE,266.11,TPDB_Y2024_filtered_VBS\Stroeder_15
GulavaniGulwani-CAV2008-Fig1b_true-termination.c,YES,YES,0.32,YES,2.751409292,YES,3.41,MAYBE,267.34,TPDB_Y2024_filtered_VBS\Stroeder_15
GulavaniGulwani-CAV2008-Fig1c_true-termination.c,YES,YES,0.15,YES,1.211231709,YES,2.86,YES,3.53,TPDB_Y2024_filtered_VBS\Stroeder_15
GulwaniJainKoskinen-PLDI2009-Fig1_true-termination.c,YES,MAYBE,1,YES,17.41599131,YES,9.28,YES,9.65,TPDB_Y2024_filtered_VBS\Stroeder_15
GulwaniJainKoskinen-PLDI2009-Fig1_true-termination.c,YES,MAYBE,1.13,YES,17.41599131,YES,9.28,YES,9.65,TPDB_Y2024_filtered_VBS\Stroeder_15
HeizmannHoenickeLeikePodelski-ATVA2013-Fig1_true-termination.c,YES,MAYBE,0.62,YES,1.632233143,YES,2.82,YES,3.28,TPDB_Y2024_filtered_VBS\Stroeder_15
HeizmannHoenickeLeikePodelski-ATVA2013-Fig4_true-termination.c,YES,YES,0.11,YES,1.186808586,YES,2.83,YES,3.3,TPDB_Y2024_filtered_VBS\Stroeder_15
HeizmannHoenickeLeikePodelski-ATVA2013-Fig6_true-termination.c,YES,YES,0.18,YES,1.932519674,YES,2.49,YES,3.18,TPDB_Y2024_filtered_VBS\Stroeder_15
HeizmannHoenickeLeikePodelski-ATVA2013-Fig6_true-termination.c,YES,YES,0.21,YES,1.932519674,YES,2.49,YES,3.18,TPDB_Y2024_filtered_VBS\Stroeder_15
HeizmannHoenickeLeikePodelski-ATVA2013-Fig8_true-termination.c,YES,YES,0.12,MAYBE,4.329362631,MAYBE,2.83,MAYBE,3.12,TPDB_Y2024_filtered_VBS\Stroeder_15
HeizmannHoenickeLeikePodelski-ATVA2013-Fig8_true-termination.c,YES,YES,0.14,MAYBE,4.329362631,MAYBE,2.83,MAYBE,3.12,TPDB_Y2024_filtered_VBS\Stroeder_15
HeizmannHoenickeLeikePodelski-ATVA2013-Fig9_true-termination.c,YES,YES,0.14,MAYBE,4.381327629,MAYBE,2.27,MAYBE,2.87,TPDB_Y2024_filtered_VBS\Stroeder_15
HeizmannHoenickeLeikePodelski-ATVA2013-Fig9_true-termination.c,YES,YES,0.11,MAYBE,4.381327629,MAYBE,2.27,MAYBE,2.87,TPDB_Y2024_filtered_VBS\Stroeder_15
IntPath.c,YES,MAYBE,0.12,MAYBE,2.176334381,YES,2.31,YES,2.39,TPDB_Y2024_filtered_VBS\Stroeder_15
KroeningSharyginaTsitovichWintersteiger-CAV2010-Ex_true-termination.c,YES,YES,0.13,YES,1.669653416,YES,2.88,YES,3.45,TPDB_Y2024_filtered_VBS\Stroeder_15
KroeningSharyginaTsitovichWintersteiger-CAV2010-Ex_true-termination.c,YES,YES,0.15,YES,1.669653416,YES,2.88,YES,3.45,TPDB_Y2024_filtered_VBS\Stroeder_15
LarrazOliverasRodriguez-CarbonellRubio-FMCAD2013-Fig1_true-termination.c,YES,MAYBE,1.44,YES,8.93021965,MAYBE,8.13,MAYBE,5.44,TPDB_Y2024_filtered_VBS\Stroeder_15
LarrazOliverasRodriguez-CarbonellRubio-FMCAD2013-Fig1_true-termination.c,YES,MAYBE,0.4,YES,8.93021965,MAYBE,8.13,MAYBE,5.44,TPDB_Y2024_filtered_VBS\Stroeder_15
Lcm.c,NO,MAYBE,0.33,NO,3.732455254,NO,2.19,MAYBE,280.22,TPDB_Y2024_filtered_VBS\Stroeder_15
LeikeHeizmann-TACAS2014-Ex1_true-termination.c,YES,YES,0.12,YES,1.450192213,YES,2.49,YES,2.95,TPDB_Y2024_filtered_VBS\Stroeder_15
LeikeHeizmann-TACAS2014-Ex7_true-termination.c,YES,YES,0.3,YES,1.739848137,YES,2.67,YES,3.5,TPDB_Y2024_filtered_VBS\Stroeder_15
LeikeHeizmann-TACAS2014-Ex8_true-termination.c,YES,MAYBE,0.46,YES,2.61330843,MAYBE,2.54,MAYBE,3.03,TPDB_Y2024_filtered_VBS\Stroeder_15
LeikeHeizmann-TACAS2014-Ex9_true-termination.c,YES,YES,0.22,YES,2.643092632,YES,3.31,YES,4.01,TPDB_Y2024_filtered_VBS\Stroeder_15
LeikeHeizmann-TACAS2014-Ex9_true-termination.c,YES,YES,0.22,YES,2.643092632,YES,3.31,YES,4.01,TPDB_Y2024_filtered_VBS\Stroeder_15
LeikeHeizmann-TACAS2014-Fig1_true-termination.c,YES,MAYBE,0.98,YES,1.62724638,YES,3.39,YES,4.42,TPDB_Y2024_filtered_VBS\Stroeder_15
LeikeHeizmann-WST2014-Ex5_false-termination.c,NO,MAYBE,24.42,MAYBE,3.716425896,MAYBE,2.25,MAYBE,2.7,TPDB_Y2024_filtered_VBS\Stroeder_15
LeikeHeizmann-WST2014-Ex6_false-termination.c,NO,MAYBE,0.76,NO,2.201342583,MAYBE,2.42,MAYBE,12.44,TPDB_Y2024_filtered_VBS\Stroeder_15
Lobnya-Boolean-Reordered_true-termination.c,YES,MAYBE,0.58,YES,7.937224388,MAYBE,7.25,MAYBE,17.17,TPDB_Y2024_filtered_VBS\Stroeder_15
Lobnya-Boolean-Reordered_true-termination.c,YES,MAYBE,0.5,YES,7.937224388,MAYBE,7.25,MAYBE,17.17,TPDB_Y2024_filtered_VBS\Stroeder_15
Log.c,YES,YES,0.54,YES,2.274074793,YES,3.62,YES,4.27,TPDB_Y2024_filtered_VBS\Stroeder_15
LogAG.c,YES,MAYBE,1.78,YES,2.088848352,YES,3.42,YES,4.2,TPDB_Y2024_filtered_VBS\Stroeder_15
Loop.c,NO,MAYBE,0.14,NO,1.125693083,NO,2.03,MAYBE,281.92,TPDB_Y2024_filtered_VBS\Stroeder_15
Madrid_false-termination.c,NO,MAYBE,0.09,NO,0.506041527,MAYBE,2.05,MAYBE,2.15,TPDB_Y2024_filtered_VBS\Stroeder_15
Madrid_false-termination.c,NO,MAYBE,0.1,NO,0.506041527,MAYBE,2.05,MAYBE,2.15,TPDB_Y2024_filtered_VBS\Stroeder_15
Marbie1.c,NO,MAYBE,0.38,NO,1.482715845,NO,2.09,MAYBE,283.35,TPDB_Y2024_filtered_VBS\Stroeder_15
Marbie2.c,NO,MAYBE,0.06,NO,0.731020451,NO,2,MAYBE,2.2,TPDB_Y2024_filtered_VBS\Stroeder_15
Masse-VMCAI2014-Ex6_true-termination.c,YES,YES,0.23,YES,2.071326494,MAYBE,2.69,MAYBE,2.78,TPDB_Y2024_filtered_VBS\Stroeder_15
Masse-VMCAI2014-Fig1a_true-termination.c,YES,YES,0.41,YES,2.27529192,MAYBE,2.45,MAYBE,2.88,TPDB_Y2024_filtered_VBS\Stroeder_15
McCarthyIterative.c,YES,YES,0.14,YES,2.096891165,YES,8.78,MAYBE,274.34,TPDB_Y2024_filtered_VBS\Stroeder_15
MenloPark_true-termination.c,YES,MAYBE,0.83,YES,1.644768238,YES,3.61,YES,3.74,TPDB_Y2024_filtered_VBS\Stroeder_15
Middle.c,NO,MAYBE,6.63,NO,2.563276768,NO,2.09,MAYBE,283.58,TPDB_Y2024_filtered_VBS\Stroeder_15
MinusBuiltIn.c,YES,MAYBE,0.47,YES,1.513674021,YES,2.83,YES,2.75,TPDB_Y2024_filtered_VBS\Stroeder_15
MinusMin.c,YES,FAILED,300.05,YES,1.683344364,YES,2.41,YES,3.22,TPDB_Y2024_filtered_VBS\Stroeder_15
MinusUserDefined.c,YES,MAYBE,0.64,YES,14.13214779,YES,4.49,MAYBE,265.72,TPDB_Y2024_filtered_VBS\Stroeder_15
min_rf_true-termination.c,YES,MAYBE,1.69,YES,21.68191648,YES,3.41,YES,4.69,TPDB_Y2024_filtered_VBS\Stroeder_15
min_rf_true-termination.c,YES,MAYBE,1.52,YES,21.68191648,YES,3.41,YES,4.69,TPDB_Y2024_filtered_VBS\Stroeder_15
MirrorInterv.c,NO,MAYBE,0.17,NO,14.8654902,NO,2.43,MAYBE,278.2,TPDB_Y2024_filtered_VBS\Stroeder_15
MirrorIntervSim.c,NO,MAYBE,0.13,NO,5.936627626,NO,2,MAYBE,278.76,TPDB_Y2024_filtered_VBS\Stroeder_15
Mysore_true-termination.c,YES,MAYBE,0.67,YES,1.878214598,YES,2.96,YES,3.3,TPDB_Y2024_filtered_VBS\Stroeder_15
Mysore_true-termination.c,YES,MAYBE,0.57,YES,1.878214598,YES,2.96,YES,3.3,TPDB_Y2024_filtered_VBS\Stroeder_15
Narrowing.c,NO,MAYBE,0.27,MAYBE,179.6248558,TIMEOUT,300.05,TIMEOUT,300.05,TPDB_Y2024_filtered_VBS\Stroeder_15
NarrowKonv.c,NO,MAYBE,0.14,MAYBE,5.748517036,MAYBE,270.86,MAYBE,282.07,TPDB_Y2024_filtered_VBS\Stroeder_15
Nested.c,YES,YES,0.29,YES,1.724766731,YES,4.53,YES,5,TPDB_Y2024_filtered_VBS\Stroeder_15
NonTermination1_false-termination.c,NO,MAYBE,0.14,NO,1.076624393,MAYBE,2.4,MAYBE,4.44,TPDB_Y2024_filtered_VBS\Stroeder_15
NonTermination2_false-termination.c,NO,MAYBE,0.18,MAYBE,3.830438137,MAYBE,2.94,YES,2.9,TPDB_Y2024_filtered_VBS\Stroeder_15
NonTermination2_false-termination.c,NO,MAYBE,0.23,MAYBE,3.830438137,MAYBE,2.94,YES,2.9,TPDB_Y2024_filtered_VBS\Stroeder_15
NonTermination4_false-termination.c,NO,MAYBE,0.41,NO,1.54463172,MAYBE,293.58,MAYBE,292.69,TPDB_Y2024_filtered_VBS\Stroeder_15
NonTerminationSimple2_false-termination.c,NO,MAYBE,0.37,NO,1.568110943,MAYBE,3.24,MAYBE,3.23,TPDB_Y2024_filtered_VBS\Stroeder_15
NonTerminationSimple2_false-termination.c,NO,MAYBE,0.32,NO,1.568110943,MAYBE,3.24,MAYBE,3.23,TPDB_Y2024_filtered_VBS\Stroeder_15
NonTerminationSimple3_false-termination.c,NO,MAYBE,0.23,NO,1.778025627,NO,1.92,MAYBE,283.91,TPDB_Y2024_filtered_VBS\Stroeder_15
NonTerminationSimple3_false-termination.c,NO,MAYBE,0.12,NO,1.778025627,NO,1.92,MAYBE,283.91,TPDB_Y2024_filtered_VBS\Stroeder_15
NonTerminationSimple4_false-termination.c,NO,MAYBE,0.32,NO,1.892730713,NO,1.9,MAYBE,283.49,TPDB_Y2024_filtered_VBS\Stroeder_15
NonTerminationSimple4_false-termination.c,NO,MAYBE,0.35,NO,1.892730713,NO,1.9,MAYBE,283.49,TPDB_Y2024_filtered_VBS\Stroeder_15
NonTerminationSimple5_false-termination.c,NO,MAYBE,0.31,NO,4.724704981,NO,1.93,MAYBE,280.1,TPDB_Y2024_filtered_VBS\Stroeder_15
NonTerminationSimple5_false-termination.c,NO,MAYBE,0.23,NO,4.724704981,NO,1.93,MAYBE,280.1,TPDB_Y2024_filtered_VBS\Stroeder_15
NonTerminationSimple6_false-termination.c,NO,MAYBE,0.16,NO,1.743583441,NO,2.41,MAYBE,283.24,TPDB_Y2024_filtered_VBS\Stroeder_15
NonTerminationSimple6_false-termination.c,NO,MAYBE,0.23,NO,1.743583441,NO,2.41,MAYBE,283.24,TPDB_Y2024_filtered_VBS\Stroeder_15
NonTerminationSimple7_false-termination.c,NO,MAYBE,0.16,NO,2.029488087,NO,2.05,MAYBE,282.97,TPDB_Y2024_filtered_VBS\Stroeder_15
NonTerminationSimple7_false-termination.c,NO,MAYBE,0.12,NO,2.029488087,NO,2.05,MAYBE,282.97,TPDB_Y2024_filtered_VBS\Stroeder_15
NonTerminationSimple8_false-termination.c,NO,MAYBE,0.34,NO,111.8281434,NO,2.11,MAYBE,280.16,TPDB_Y2024_filtered_VBS\Stroeder_15
NonTerminationSimple8_false-termination.c,NO,MAYBE,0.35,NO,111.8281434,NO,2.11,MAYBE,280.16,TPDB_Y2024_filtered_VBS\Stroeder_15
NonTerminationSimple9_false-termination.c,NO,MAYBE,0.16,NO,1.948018074,NO,1.83,MAYBE,281.06,TPDB_Y2024_filtered_VBS\Stroeder_15
NonTerminationSimple9_false-termination.c,NO,MAYBE,0.16,NO,1.948018074,NO,1.83,MAYBE,281.06,TPDB_Y2024_filtered_VBS\Stroeder_15
NoriSharma-FSE2013-Fig7_true-termination.c,YES,MAYBE,8.89,YES,2.538049698,YES,3.72,MAYBE,265.97,TPDB_Y2024_filtered_VBS\Stroeder_15
NoriSharma-FSE2013-Fig8_true-termination.c,YES,MAYBE,6.44,YES,2.986873627,YES,4.39,MAYBE,269.47,TPDB_Y2024_filtered_VBS\Stroeder_15
NO_00.c,NO,MAYBE,0.1,NO,0.767260551,NO,1.89,MAYBE,282.62,TPDB_Y2024_filtered_VBS\Stroeder_15
NO_01.c,NO,MAYBE,0.1,NO,1.945049286,NO,2.09,MAYBE,283.17,TPDB_Y2024_filtered_VBS\Stroeder_15
NO_02.c,NO,MAYBE,0.2,NO,1.100949049,NO,2.06,MAYBE,281.11,TPDB_Y2024_filtered_VBS\Stroeder_15
NO_03.c,NO,MAYBE,0.18,NO,2.841787577,NO,2.05,MAYBE,281.35,TPDB_Y2024_filtered_VBS\Stroeder_15
NO_04.c,NO,MAYBE,1.72,NO,6.647938967,NO,2.05,MAYBE,281.74,TPDB_Y2024_filtered_VBS\Stroeder_15
NO_10.c,NO,YES,0.21,NO,1.042047262,NO,1.91,MAYBE,280.97,TPDB_Y2024_filtered_VBS\Stroeder_15
NO_12.c,NO,FAILED,300.27,MAYBE,7.671304703,NO,2.41,MAYBE,280.62,TPDB_Y2024_filtered_VBS\Stroeder_15
NO_13.c,NO,MAYBE,0.4,MAYBE,10.06429434,MAYBE,271.91,MAYBE,248.95,TPDB_Y2024_filtered_VBS\Stroeder_15
NO_21.c,NO,MAYBE,0.14,NO,1.242780447,NO,1.91,MAYBE,282.66,TPDB_Y2024_filtered_VBS\Stroeder_15
NO_22.c,NO,MAYBE,0.13,MAYBE,4.923433304,MAYBE,269.03,YES,221.67,TPDB_Y2024_filtered_VBS\Stroeder_15
NO_23.c,NO,MAYBE,0.09,MAYBE,3.371428013,NO,2.91,MAYBE,276.58,TPDB_Y2024_filtered_VBS\Stroeder_15
NO_24.c,NO,MAYBE,0.14,MAYBE,3.309710264,MAYBE,2.59,MAYBE,2.36,TPDB_Y2024_filtered_VBS\Stroeder_15
Nyala-2lex_true-termination.c,YES,YES,0.38,YES,4.262490988,YES,3.03,YES,3.43,TPDB_Y2024_filtered_VBS\Stroeder_15
Nyala-2lex_true-termination.c,YES,YES,0.2,YES,4.262490988,YES,3.03,YES,3.43,TPDB_Y2024_filtered_VBS\Stroeder_15
Overflow.c,YES,MAYBE,0.07,YES,0.819419384,YES,2.14,YES,2.56,TPDB_Y2024_filtered_VBS\Stroeder_15
Parallel_true-termination.c,YES,YES,0.17,YES,1.888111353,YES,2.42,YES,2.95,TPDB_Y2024_filtered_VBS\Stroeder_15
Parallel_true-termination.c,YES,YES,0.18,YES,1.888111353,YES,2.42,YES,2.95,TPDB_Y2024_filtered_VBS\Stroeder_15
PastaA1.c,YES,YES,0.26,YES,1.281229734,YES,3.11,YES,3.6,TPDB_Y2024_filtered_VBS\Stroeder_15
PastaA10.c,YES,YES,0.23,YES,6.618270397,YES,2.81,YES,3.59,TPDB_Y2024_filtered_VBS\Stroeder_15
PastaA4.c,YES,YES,0.16,YES,0.938995838,YES,2.93,YES,3.38,TPDB_Y2024_filtered_VBS\Stroeder_15
PastaA5.c,YES,MAYBE,0.25,YES,1.00104022,YES,2.69,YES,3.05,TPDB_Y2024_filtered_VBS\Stroeder_15
PastaA6.c,YES,MAYBE,6.8,YES,1.904946804,YES,2.92,YES,3.98,TPDB_Y2024_filtered_VBS\Stroeder_15
PastaA7.c,YES,YES,0.26,YES,1.901131392,YES,2.27,YES,2.76,TPDB_Y2024_filtered_VBS\Stroeder_15
PastaA8.c,YES,YES,0.18,YES,1.065699577,YES,2.85,MAYBE,273.45,TPDB_Y2024_filtered_VBS\Stroeder_15
PastaA9.c,YES,MAYBE,0.38,YES,1.120831013,MAYBE,2.25,MAYBE,2.42,TPDB_Y2024_filtered_VBS\Stroeder_15
PastaB1.c,YES,YES,0.13,YES,1.380345106,YES,2.91,YES,3.33,TPDB_Y2024_filtered_VBS\Stroeder_15
PastaB11.c,YES,YES,0.24,YES,3.08027029,YES,2.96,YES,3.89,TPDB_Y2024_filtered_VBS\Stroeder_15
PastaB14.c,YES,YES,0.41,YES,2.30221653,YES,3.36,YES,4.03,TPDB_Y2024_filtered_VBS\Stroeder_15
PastaB15.c,YES,YES,0.27,YES,2.651130438,YES,3.57,YES,4.42,TPDB_Y2024_filtered_VBS\Stroeder_15
PastaB16.c,YES,YES,0.2,YES,2.364196539,YES,3.26,YES,3.73,TPDB_Y2024_filtered_VBS\Stroeder_15
PastaB17.c,YES,YES,0.32,YES,2.484492064,YES,2.5,YES,3.34,TPDB_Y2024_filtered_VBS\Stroeder_15
PastaB2.c,YES,YES,0.19,YES,1.056160927,YES,2.91,YES,2.98,TPDB_Y2024_filtered_VBS\Stroeder_15
PastaB3.c,YES,MAYBE,0.24,YES,1.462812185,MAYBE,2.77,MAYBE,3.01,TPDB_Y2024_filtered_VBS\Stroeder_15
PastaB4.c,YES,YES,0.3,YES,1.266696453,MAYBE,2.83,MAYBE,3.18,TPDB_Y2024_filtered_VBS\Stroeder_15
PastaB6.c,YES,YES,0.15,YES,1.665953636,YES,2.89,YES,3.37,TPDB_Y2024_filtered_VBS\Stroeder_15
PastaB7.c,YES,YES,0.11,YES,1.312035322,YES,2.91,YES,3.56,TPDB_Y2024_filtered_VBS\Stroeder_15
PastaC1.c,YES,MAYBE,0.29,YES,1.453138113,YES,3.26,YES,3.73,TPDB_Y2024_filtered_VBS\Stroeder_15
PastaC10.c,NO,MAYBE,1.11,MAYBE,11.64359283,NO,2.16,MAYBE,281.05,TPDB_Y2024_filtered_VBS\Stroeder_15
PastaC2.c,YES,MAYBE,0.46,YES,2.747471571,YES,3.6,YES,4.05,TPDB_Y2024_filtered_VBS\Stroeder_15
PastaC3.c,YES,YES,0.24,YES,2.222445488,YES,3.74,YES,4.29,TPDB_Y2024_filtered_VBS\Stroeder_15
PastaC7.c,YES,MAYBE,1.48,YES,1.987335443,YES,2.26,YES,2.88,TPDB_Y2024_filtered_VBS\Stroeder_15
PastaC9.c,YES,YES,0.39,YES,5.351739407,YES,2.92,YES,3.62,TPDB_Y2024_filtered_VBS\Stroeder_15
Piecewise_true-termination.c,YES,MAYBE,0.32,YES,31.30021977,YES,3.29,YES,4.25,TPDB_Y2024_filtered_VBS\Stroeder_15
PlusSwap.c,YES,YES,0.52,YES,1.214020491,YES,3.07,YES,3.35,TPDB_Y2024_filtered_VBS\Stroeder_15
PodelskiRybalchenko-LICS2004-Fig1_true-termination.c,YES,MAYBE,0.17,YES,1.421187878,YES,3.34,YES,3.88,TPDB_Y2024_filtered_VBS\Stroeder_15
PodelskiRybalchenko-LICS2004-Fig2-TACAS2011-Fig3_true-termination.c,YES,MAYBE,75.77,YES,19.37530518,YES,5.26,YES,6.06,TPDB_Y2024_filtered_VBS\Stroeder_15
PodelskiRybalchenko-TACAS2011-Fig1_true-termination.c,YES,YES,0.11,YES,0.82054019,YES,2.75,YES,3.18,TPDB_Y2024_filtered_VBS\Stroeder_15
PodelskiRybalchenko-TACAS2011-Fig2_true-termination.c,YES,YES,0.2,YES,2.206729889,YES,2.5,YES,2.9,TPDB_Y2024_filtered_VBS\Stroeder_15
PodelskiRybalchenko-TACAS2011-Fig4_true-termination.c,YES,YES,0.17,YES,8.927428722,YES,2.99,YES,3.25,TPDB_Y2024_filtered_VBS\Stroeder_15
PodelskiRybalchenko-TACAS2011-Fig4_true-termination.c,YES,YES,0.19,YES,8.927428722,YES,2.99,YES,3.25,TPDB_Y2024_filtered_VBS\Stroeder_15
PodelskiRybalchenko-VMCAI2004-Ex1_true-termination.c,YES,MAYBE,4.26,YES,3.321290493,YES,3.24,YES,3.83,TPDB_Y2024_filtered_VBS\Stroeder_15
PodelskiRybalchenko-VMCAI2004-Ex1_true-termination.c,YES,MAYBE,0.56,YES,3.321290493,YES,3.24,YES,3.83,TPDB_Y2024_filtered_VBS\Stroeder_15
PodelskiRybalchenko-VMCAI2004-Ex2_true-termination.c,YES,MAYBE,0.32,MAYBE,2.638544321,MAYBE,2.79,MAYBE,2.93,TPDB_Y2024_filtered_VBS\Stroeder_15
Pure2Phase_true-termination.c,YES,MAYBE,0.48,YES,2.713484049,YES,3.35,YES,3.85,TPDB_Y2024_filtered_VBS\Stroeder_15
Pure3Phase_true-termination.c,YES,MAYBE,1.47,MAYBE,85.11010146,FAILED,299.51,MAYBE,293.9,TPDB_Y2024_filtered_VBS\Stroeder_15
Pure3Phase_true-termination.c,YES,MAYBE,1.46,MAYBE,85.11010146,FAILED,299.51,MAYBE,293.9,TPDB_Y2024_filtered_VBS\Stroeder_15
Rotation180_false-termination.c,NO,MAYBE,0.16,NO,0.879065037,NO,1.93,MAYBE,2.12,TPDB_Y2024_filtered_VBS\Stroeder_15
Rotation180_false-termination.c,NO,MAYBE,0.18,NO,0.879065037,NO,1.93,MAYBE,2.12,TPDB_Y2024_filtered_VBS\Stroeder_15
Sequence.c,YES,YES,0.23,YES,1.350039005,YES,258.7,YES,260.33,TPDB_Y2024_filtered_VBS\Stroeder_15
Stockholm_true-termination.c,YES,YES,0.18,YES,1.902859926,YES,2.15,YES,2.64,TPDB_Y2024_filtered_VBS\Stroeder_15
Stockholm_true-termination.c,YES,YES,0.13,YES,1.902859926,YES,2.15,YES,2.64,TPDB_Y2024_filtered_VBS\Stroeder_15
Sunset.c,NO,MAYBE,0.13,MAYBE,17.34085441,NO,3.3,MAYBE,273.13,TPDB_Y2024_filtered_VBS\Stroeder_15
svcomp_a.01.c,YES,YES,0.49,YES,1.790472984,YES,2.68,YES,3.52,TPDB_Y2024_filtered_VBS\Stroeder_15
svcomp_a.01.c,YES,YES,0.46,YES,1.790472984,YES,2.68,YES,3.52,TPDB_Y2024_filtered_VBS\Stroeder_15
svcomp_a.04.c,YES,YES,0.2,YES,1.510835886,YES,2.97,YES,3.62,TPDB_Y2024_filtered_VBS\Stroeder_15
svcomp_a.04.c,YES,YES,0.41,YES,1.510835886,YES,2.97,YES,3.62,TPDB_Y2024_filtered_VBS\Stroeder_15
svcomp_a.05.c,YES,MAYBE,6.86,YES,1.109806538,YES,2.95,YES,3.52,TPDB_Y2024_filtered_VBS\Stroeder_15
svcomp_a.05.c,YES,MAYBE,5.79,YES,1.109806538,YES,2.95,YES,3.52,TPDB_Y2024_filtered_VBS\Stroeder_15
svcomp_a.06.c,YES,FAILED,300.11,YES,1.411432266,YES,2.3,YES,3.48,TPDB_Y2024_filtered_VBS\Stroeder_15
svcomp_a.06.c,YES,FAILED,300.1,YES,1.411432266,YES,2.3,YES,3.48,TPDB_Y2024_filtered_VBS\Stroeder_15
svcomp_a.07.c,YES,YES,0.19,YES,2.04521656,YES,2.87,YES,3.88,TPDB_Y2024_filtered_VBS\Stroeder_15
svcomp_a.07.c,YES,YES,0.57,YES,2.04521656,YES,2.87,YES,3.88,TPDB_Y2024_filtered_VBS\Stroeder_15
svcomp_a.08.c,YES,YES,0.24,YES,1.697912931,YES,3,YES,3.58,TPDB_Y2024_filtered_VBS\Stroeder_15
svcomp_a.08.c,YES,YES,0.49,YES,1.697912931,YES,3,YES,3.58,TPDB_Y2024_filtered_VBS\Stroeder_15
svcomp_a.09_assume.c,YES,MAYBE,0.36,YES,1.265568733,MAYBE,2.96,MAYBE,3.2,TPDB_Y2024_filtered_VBS\Stroeder_15
svcomp_a.09_assume.c,YES,MAYBE,0.53,YES,1.265568733,MAYBE,2.96,MAYBE,3.2,TPDB_Y2024_filtered_VBS\Stroeder_15
svcomp_a.10.c,YES,YES,0.2,YES,9.780079842,YES,3.22,YES,4.14,TPDB_Y2024_filtered_VBS\Stroeder_15
svcomp_a.10.c,YES,YES,0.25,YES,9.780079842,YES,3.22,YES,4.14,TPDB_Y2024_filtered_VBS\Stroeder_15
svcomp_b.01.c,YES,YES,0.15,YES,1.50586462,YES,2.94,YES,3.46,TPDB_Y2024_filtered_VBS\Stroeder_15
svcomp_b.01.c,YES,YES,0.41,YES,1.50586462,YES,2.94,YES,3.46,TPDB_Y2024_filtered_VBS\Stroeder_15
svcomp_b.02.c,YES,YES,0.27,YES,1.183323383,YES,3.08,YES,3.49,TPDB_Y2024_filtered_VBS\Stroeder_15
svcomp_b.02.c,YES,YES,0.47,YES,1.183323383,YES,3.08,YES,3.49,TPDB_Y2024_filtered_VBS\Stroeder_15
svcomp_b.03-no-inv_assume.c,YES,MAYBE,0.33,YES,1.051329613,MAYBE,2.39,MAYBE,2.4,TPDB_Y2024_filtered_VBS\Stroeder_15
svcomp_b.03-no-inv_assume.c,YES,MAYBE,0.31,YES,1.051329613,MAYBE,2.39,MAYBE,2.4,TPDB_Y2024_filtered_VBS\Stroeder_15
svcomp_b.03_assume.c,YES,MAYBE,0.25,YES,1.604349852,MAYBE,2.53,MAYBE,2.65,TPDB_Y2024_filtered_VBS\Stroeder_15
svcomp_b.03_assume.c,YES,MAYBE,0.32,YES,1.604349852,MAYBE,2.53,MAYBE,2.65,TPDB_Y2024_filtered_VBS\Stroeder_15
svcomp_b.04.c,YES,YES,0.15,YES,1.064395666,MAYBE,2.9,MAYBE,3.09,TPDB_Y2024_filtered_VBS\Stroeder_15
svcomp_b.04.c,YES,YES,0.39,YES,1.064395666,MAYBE,2.9,MAYBE,3.09,TPDB_Y2024_filtered_VBS\Stroeder_15
svcomp_b.05.c,YES,YES,0.19,YES,2.417295218,YES,2.26,YES,2.75,TPDB_Y2024_filtered_VBS\Stroeder_15
svcomp_b.05.c,YES,YES,0.23,YES,2.417295218,YES,2.26,YES,2.75,TPDB_Y2024_filtered_VBS\Stroeder_15
svcomp_b.06.c,YES,YES,0.27,YES,1.271632433,YES,2.79,YES,3.58,TPDB_Y2024_filtered_VBS\Stroeder_15
svcomp_b.06.c,YES,YES,0.41,YES,1.271632433,YES,2.79,YES,3.58,TPDB_Y2024_filtered_VBS\Stroeder_15
svcomp_b.07.c,YES,YES,0.24,YES,1.425033331,YES,3.06,YES,3.66,TPDB_Y2024_filtered_VBS\Stroeder_15
svcomp_b.07.c,YES,YES,0.36,YES,1.425033331,YES,3.06,YES,3.66,TPDB_Y2024_filtered_VBS\Stroeder_15
svcomp_b.09-no-inv_assume.c,YES,MAYBE,5.88,MAYBE,8.018001556,YES,2.81,YES,3.55,TPDB_Y2024_filtered_VBS\Stroeder_15
svcomp_b.09-no-inv_assume.c,YES,MAYBE,6.73,MAYBE,8.018001556,YES,2.81,YES,3.55,TPDB_Y2024_filtered_VBS\Stroeder_15
svcomp_b.09_assume.c,YES,YES,0.22,YES,4.537672281,YES,2.39,YES,3.67,TPDB_Y2024_filtered_VBS\Stroeder_15
svcomp_b.09_assume.c,YES,YES,0.37,YES,4.537672281,YES,2.39,YES,3.67,TPDB_Y2024_filtered_VBS\Stroeder_15
svcomp_b.10.c,YES,MAYBE,0.46,YES,3.192674398,YES,3.14,YES,4.04,TPDB_Y2024_filtered_VBS\Stroeder_15
svcomp_b.10.c,YES,MAYBE,0.72,YES,3.192674398,YES,3.14,YES,4.04,TPDB_Y2024_filtered_VBS\Stroeder_15
svcomp_b.11.c,YES,YES,0.27,YES,3.354673624,YES,3.24,YES,3.9,TPDB_Y2024_filtered_VBS\Stroeder_15
svcomp_b.11.c,YES,YES,0.4,YES,3.354673624,YES,3.24,YES,3.9,TPDB_Y2024_filtered_VBS\Stroeder_15
svcomp_b.12.c,YES,YES,0.21,YES,12.48464584,YES,2.58,YES,3.08,TPDB_Y2024_filtered_VBS\Stroeder_15
svcomp_b.12.c,YES,YES,0.58,YES,12.48464584,YES,2.58,YES,3.08,TPDB_Y2024_filtered_VBS\Stroeder_15
svcomp_b.13.c,YES,YES,0.27,YES,17.28842139,YES,2.64,YES,3.26,TPDB_Y2024_filtered_VBS\Stroeder_15
svcomp_b.13.c,YES,YES,0.57,YES,17.28842139,YES,2.64,YES,3.26,TPDB_Y2024_filtered_VBS\Stroeder_15
svcomp_b.14.c,YES,YES,0.62,YES,2.049182177,YES,3.47,YES,4.08,TPDB_Y2024_filtered_VBS\Stroeder_15
svcomp_b.14.c,YES,YES,0.66,YES,2.049182177,YES,3.47,YES,4.08,TPDB_Y2024_filtered_VBS\Stroeder_15
svcomp_b.15.c,YES,YES,0.52,YES,2.267091751,YES,3.1,YES,4,TPDB_Y2024_filtered_VBS\Stroeder_15
svcomp_b.15.c,YES,YES,0.61,YES,2.267091751,YES,3.1,YES,4,TPDB_Y2024_filtered_VBS\Stroeder_15
svcomp_b.16.c,YES,YES,0.29,YES,2.75505805,YES,2.57,YES,3.05,TPDB_Y2024_filtered_VBS\Stroeder_15
svcomp_b.16.c,YES,YES,0.37,YES,2.75505805,YES,2.57,YES,3.05,TPDB_Y2024_filtered_VBS\Stroeder_15
svcomp_b.17.c,YES,YES,0.4,YES,2.84706378,YES,2.67,YES,3.29,TPDB_Y2024_filtered_VBS\Stroeder_15
svcomp_b.17.c,YES,YES,0.62,YES,2.84706378,YES,2.67,YES,3.29,TPDB_Y2024_filtered_VBS\Stroeder_15
svcomp_b.18.c,YES,YES,0.38,YES,2.97145772,YES,4.3,YES,5.15,TPDB_Y2024_filtered_VBS\Stroeder_15
svcomp_b.18.c,YES,YES,0.52,YES,2.97145772,YES,4.3,YES,5.15,TPDB_Y2024_filtered_VBS\Stroeder_15
svcomp_c.01-no-inv.c,YES,MAYBE,0.93,MAYBE,5.683444262,YES,2.95,YES,3.51,TPDB_Y2024_filtered_VBS\Stroeder_15
svcomp_c.01-no-inv.c,YES,MAYBE,0.56,MAYBE,5.683444262,YES,2.95,YES,3.51,TPDB_Y2024_filtered_VBS\Stroeder_15
svcomp_c.01_assume.c,YES,MAYBE,0.4,YES,2.692418337,YES,2.83,YES,3.3,TPDB_Y2024_filtered_VBS\Stroeder_15
svcomp_c.01_assume.c,YES,MAYBE,0.37,YES,2.692418337,YES,2.83,YES,3.3,TPDB_Y2024_filtered_VBS\Stroeder_15
svcomp_c.02.c,YES,YES,0.43,YES,4.060259342,YES,3.68,YES,3.97,TPDB_Y2024_filtered_VBS\Stroeder_15
svcomp_c.02.c,YES,YES,0.55,YES,4.060259342,YES,3.68,YES,3.97,TPDB_Y2024_filtered_VBS\Stroeder_15
svcomp_c.03.c,YES,YES,0.21,YES,1.885166883,YES,2.67,YES,3.79,TPDB_Y2024_filtered_VBS\Stroeder_15
svcomp_c.03.c,YES,YES,0.41,YES,1.885166883,YES,2.67,YES,3.79,TPDB_Y2024_filtered_VBS\Stroeder_15
svcomp_c.07.c,YES,YES,0.39,YES,1.741048336,YES,3.17,YES,4.93,TPDB_Y2024_filtered_VBS\Stroeder_15
svcomp_c.07.c,YES,YES,0.65,YES,1.741048336,YES,3.17,YES,4.93,TPDB_Y2024_filtered_VBS\Stroeder_15
svcomp_c.08.c,YES,YES,0.37,YES,1.888632059,YES,3.51,YES,3.84,TPDB_Y2024_filtered_VBS\Stroeder_15
svcomp_c.08.c,YES,YES,0.6,YES,1.888632059,YES,3.51,YES,3.84,TPDB_Y2024_filtered_VBS\Stroeder_15
svcomp_easySum.c,YES,YES,0.24,YES,1.551195145,YES,2.9,YES,3.48,TPDB_Y2024_filtered_VBS\Stroeder_15
svcomp_easySum.c,YES,YES,0.29,YES,1.551195145,YES,2.9,YES,3.48,TPDB_Y2024_filtered_VBS\Stroeder_15
svcomp_ex1.c,YES,YES,0.2,YES,1.16191411,YES,2.97,YES,3.46,TPDB_Y2024_filtered_VBS\Stroeder_15
svcomp_ex1.c,YES,YES,0.35,YES,1.16191411,YES,2.97,YES,3.46,TPDB_Y2024_filtered_VBS\Stroeder_15
svcomp_ex2.c,YES,MAYBE,0.5,MAYBE,50.98942494,MAYBE,3.05,MAYBE,3.52,TPDB_Y2024_filtered_VBS\Stroeder_15
svcomp_ex2.c,YES,MAYBE,1.34,MAYBE,50.98942494,MAYBE,3.05,MAYBE,3.52,TPDB_Y2024_filtered_VBS\Stroeder_15
svcomp_ex3a.c,YES,YES,0.23,MAYBE,2.780764341,NO,2.42,MAYBE,279.1,TPDB_Y2024_filtered_VBS\Stroeder_15
svcomp_ex3a.c,YES,YES,0.48,MAYBE,2.780764341,NO,2.42,MAYBE,279.1,TPDB_Y2024_filtered_VBS\Stroeder_15
svcomp_ex3b.c,YES,MAYBE,0.8,MAYBE,3.126955032,NO,2.06,MAYBE,281.79,TPDB_Y2024_filtered_VBS\Stroeder_15
svcomp_ex3b.c,YES,MAYBE,0.99,MAYBE,3.126955032,NO,2.06,MAYBE,281.79,TPDB_Y2024_filtered_VBS\Stroeder_15
svcomp_fermat.c,YES,YES,0.7,YES,20.46997285,FAILED,284.5,FAILED,285.24,TPDB_Y2024_filtered_VBS\Stroeder_15
svcomp_fermat.c,YES,YES,87.7,YES,20.46997285,FAILED,284.5,FAILED,285.24,TPDB_Y2024_filtered_VBS\Stroeder_15
svcomp_flag.c,YES,YES,0.33,YES,5.301789999,MAYBE,9.23,YES,4.67,TPDB_Y2024_filtered_VBS\Stroeder_15
svcomp_flag.c,YES,YES,0.49,YES,5.301789999,MAYBE,9.23,YES,4.67,TPDB_Y2024_filtered_VBS\Stroeder_15
svcomp_java_AG313.c,YES,YES,0.26,YES,1.400640726,MAYBE,2.82,MAYBE,2.49,TPDB_Y2024_filtered_VBS\Stroeder_15
svcomp_java_AG313.c,YES,YES,0.33,YES,1.400640726,MAYBE,2.82,MAYBE,2.49,TPDB_Y2024_filtered_VBS\Stroeder_15
svcomp_java_Break.c,YES,YES,0.21,YES,1.033479452,YES,7.76,YES,6.35,TPDB_Y2024_filtered_VBS\Stroeder_15
svcomp_java_Break.c,YES,YES,0.2,YES,1.033479452,YES,7.76,YES,6.35,TPDB_Y2024_filtered_VBS\Stroeder_15
svcomp_java_Continue1.c,YES,YES,0.16,YES,0.887609005,YES,6.06,YES,5.93,TPDB_Y2024_filtered_VBS\Stroeder_15
svcomp_java_Continue1.c,YES,YES,0.27,YES,0.887609005,YES,6.06,YES,5.93,TPDB_Y2024_filtered_VBS\Stroeder_15
svcomp_java_Nested.c,YES,YES,0.6,YES,2.028608322,YES,4.52,YES,5.22,TPDB_Y2024_filtered_VBS\Stroeder_15
svcomp_java_Nested.c,YES,YES,0.49,YES,2.028608322,YES,4.52,YES,5.22,TPDB_Y2024_filtered_VBS\Stroeder_15
svcomp_java_Sequence.c,YES,YES,0.33,YES,1.15984273,FAILED,277.13,FAILED,275.52,TPDB_Y2024_filtered_VBS\Stroeder_15
svcomp_java_Sequence.c,YES,YES,0.26,YES,1.15984273,FAILED,277.13,FAILED,275.52,TPDB_Y2024_filtered_VBS\Stroeder_15
Swingers.c,NO,MAYBE,0.22,MAYBE,2.935410976,MAYBE,2.83,MAYBE,2.8,TPDB_Y2024_filtered_VBS\Stroeder_15
TelAviv-Amir-Minimum_true-termination.c,YES,MAYBE,1.58,FAILED,22.41409254,YES,2.89,YES,3.72,TPDB_Y2024_filtered_VBS\Stroeder_15
TelAviv-Amir-Minimum_true-termination.c,YES,MAYBE,2.46,FAILED,22.41409254,YES,2.89,YES,3.72,TPDB_Y2024_filtered_VBS\Stroeder_15
Thun_true-termination.c,YES,MAYBE,0.54,YES,1.216762066,YES,3.17,YES,3.61,TPDB_Y2024_filtered_VBS\Stroeder_15
Toulouse-BranchesToLoop_true-termination.c,YES,MAYBE,0.29,MAYBE,5.201467037,YES,2.82,MAYBE,288.57,TPDB_Y2024_filtered_VBS\Stroeder_15
Toulouse-BranchesToLoop_true-termination.c,YES,MAYBE,0.62,MAYBE,5.201467037,YES,2.82,MAYBE,288.57,TPDB_Y2024_filtered_VBS\Stroeder_15
Toulouse-MultiBranchesToLoop_true-termination.c,YES,MAYBE,1.72,MAYBE,29.25172377,YES,5.04,TIMEOUT,300.05,TPDB_Y2024_filtered_VBS\Stroeder_15
Toulouse-MultiBranchesToLoop_true-termination.c,YES,MAYBE,0.31,MAYBE,29.25172377,YES,5.04,TIMEOUT,300.05,TPDB_Y2024_filtered_VBS\Stroeder_15
TrueDiv.c,NO,MAYBE,0.09,NO,1.642765045,NO,1.91,MAYBE,2.09,TPDB_Y2024_filtered_VBS\Stroeder_15
TwoFloatInterv.c,NO,MAYBE,0.15,NO,8.834769726,NO,2.16,MAYBE,280.71,TPDB_Y2024_filtered_VBS\Stroeder_15
UpAndDown.c,NO,MAYBE,0.22,MAYBE,105.4043753,NO,169.92,MAYBE,288.73,TPDB_Y2024_filtered_VBS\Stroeder_15
UpAndDownIneq.c,NO,MAYBE,0.18,MAYBE,107.3173165,NO,180.78,MAYBE,4.4,TPDB_Y2024_filtered_VBS\Stroeder_15
Urban-WST2013-Fig1_false-termination.c,NO,MAYBE,0.12,NO,1.585901737,NO,2.01,MAYBE,282.32,TPDB_Y2024_filtered_VBS\Stroeder_15
Urban-WST2013-Fig2-modified1000_true-termination.c,YES,YES,0.27,YES,2.079413414,MAYBE,277.7,MAYBE,275.34,TPDB_Y2024_filtered_VBS\Stroeder_15
Urban-WST2013-Fig2_true-termination.c,YES,YES,0.2,YES,2.092039585,YES,3.83,YES,4.59,TPDB_Y2024_filtered_VBS\Stroeder_15
UrbanMine-ESOP2014-Fig3_true-termination.c,YES,MAYBE,0.51,YES,154.2321348,YES,4.26,YES,5.34,TPDB_Y2024_filtered_VBS\Stroeder_15
UrbanMine-ESOP2014-Fig3_true-termination.c,YES,MAYBE,0.53,YES,154.2321348,YES,4.26,YES,5.34,TPDB_Y2024_filtered_VBS\Stroeder_15
Velroyen_false-termination.c,NO,MAYBE,0.1,NO,6.315671206,NO,1.95,MAYBE,278.88,TPDB_Y2024_filtered_VBS\Stroeder_15
Waldkirch_true-termination.c,YES,YES,0.12,YES,0.901721239,YES,2.73,YES,3.13,TPDB_Y2024_filtered_VBS\Stroeder_15
WhileDecr.c,YES,YES,0.1,YES,1.174720287,YES,2.74,YES,3.23,TPDB_Y2024_filtered_VBS\Stroeder_15
WhileFalse_true-termination.c,YES,MAYBE,0.09,YES,0.38523674,YES,1.68,YES,1.68,TPDB_Y2024_filtered_VBS\Stroeder_15
WhileFalse_true-termination.c,YES,MAYBE,0.11,YES,0.38523674,YES,1.68,YES,1.68,TPDB_Y2024_filtered_VBS\Stroeder_15
WhileIncr.c,NO,MAYBE,0.35,NO,1.566551208,NO,1.91,MAYBE,283.54,TPDB_Y2024_filtered_VBS\Stroeder_15
WhileIncrPart.c,NO,MAYBE,0.31,NO,1.7153759,NO,2.06,MAYBE,281.65,TPDB_Y2024_filtered_VBS\Stroeder_15
WhileNested.c,NO,MAYBE,0.3,NO,1.801576376,NO,2.09,MAYBE,281.65,TPDB_Y2024_filtered_VBS\Stroeder_15
WhileNestedOffset.c,NO,MAYBE,0.42,NO,2.261837006,NO,2.04,MAYBE,281,TPDB_Y2024_filtered_VBS\Stroeder_15
WhilePart.c,NO,MAYBE,0.13,NO,2.135268211,NO,1.97,MAYBE,281.12,TPDB_Y2024_filtered_VBS\Stroeder_15
WhileSingle.c,NO,MAYBE,0.11,NO,1.961102247,NO,1.86,MAYBE,281.28,TPDB_Y2024_filtered_VBS\Stroeder_15
WhileTrue.c,NO,MAYBE,0.07,NO,1.057265282,NO,2.02,MAYBE,2.29,TPDB_Y2024_filtered_VBS\Stroeder_15
WhileTrue_false-termination.c,NO,MAYBE,0.09,NO,0.715296745,NO,1.88,MAYBE,2.12,TPDB_Y2024_filtered_VBS\Stroeder_15
WhileTrue_false-termination.c,NO,MAYBE,0.06,NO,0.715296745,NO,1.88,MAYBE,2.12,TPDB_Y2024_filtered_VBS\Stroeder_15
asc_ll_search_last.c,YES,MAYBE,1.57,FAILED,0.345612049,MAYBE,4.68,MAYBE,4.92,TPDB_Y2024_filtered_VBS\Hensel_22
desc_ll_search-ptrdiff_existing.c,YES,FAILED,1.4,FAILED,0.471326828,MAYBE,10.27,MAYBE,10.22,TPDB_Y2024_filtered_VBS\Hensel_22
desc_ll_search_existing.c,YES,MAYBE,0.94,FAILED,0.477369785,MAYBE,5.6,MAYBE,5.18,TPDB_Y2024_filtered_VBS\Hensel_22
desc_ll_search_last.c,YES,MAYBE,0.91,FAILED,0.468629837,MAYBE,4.71,MAYBE,5.05,TPDB_Y2024_filtered_VBS\Hensel_22
desc_ll_search_mod.c,YES,MAYBE,1.49,FAILED,0.345898867,MAYBE,4.09,MAYBE,3.95,TPDB_Y2024_filtered_VBS\Hensel_22
desc_ll_with_offset_search.c,YES,MAYBE,1,FAILED,0.468345404,MAYBE,5.9,MAYBE,6,TPDB_Y2024_filtered_VBS\Hensel_22
nondet_ll_delete.c,YES,MAYBE,0.73,FAILED,0.34203577,MAYBE,3.54,MAYBE,3.69,TPDB_Y2024_filtered_VBS\Hensel_22
nondet_ll_init.c,YES,YES,0.99,FAILED,0.339472771,MAYBE,2.29,MAYBE,2.38,TPDB_Y2024_filtered_VBS\Hensel_22
nondet_ll_init_rec.c,YES,YES,0.47,FAILED,0.345979214,MAYBE,1.91,FAILED,1.94,TPDB_Y2024_filtered_VBS\Hensel_22
nondet_ll_insert.c,YES,MAYBE,0.94,FAILED,0.34095645,MAYBE,4.29,MAYBE,4.58,TPDB_Y2024_filtered_VBS\Hensel_22
nondet_ll_search_last_n.c,YES,MAYBE,1.39,FAILED,0.474986076,MAYBE,3.43,MAYBE,3.85,TPDB_Y2024_filtered_VBS\Hensel_22
nondet_ll_search_last_zero.c,YES,MAYBE,1.28,FAILED,0.337691545,MAYBE,2.96,MAYBE,3.09,TPDB_Y2024_filtered_VBS\Hensel_22
nondet_ll_search_zero.c,YES,MAYBE,0.83,FAILED,0.464633942,MAYBE,3.89,MAYBE,3.99,TPDB_Y2024_filtered_VBS\Hensel_22
nondet_ll_skip.c,YES,MAYBE,1.03,FAILED,0.474651575,MAYBE,4.36,MAYBE,4.58,TPDB_Y2024_filtered_VBS\Hensel_22
nondet_ll_traverse-ptrdiff.c,YES,MAYBE,1.15,FAILED,0.343068838,MAYBE,4.4,MAYBE,4.7,TPDB_Y2024_filtered_VBS\Hensel_22
nondet_ll_traverse.c,YES,MAYBE,1.17,FAILED,0.466519356,MAYBE,3.87,MAYBE,4.06,TPDB_Y2024_filtered_VBS\Hensel_22
nondet_ll_traverse_rec.c,YES,YES,0.46,FAILED,0.477694273,MAYBE,2.44,MAYBE,2.68,TPDB_Y2024_filtered_VBS\Hensel_22
svcomp_a.01-alloca.c,YES,FAILED,0.24,FAILED,0.474827528,MAYBE,3.56,MAYBE,3.8,TPDB_Y2024_filtered_VBS\AProVE_memory_alloca
svcomp_a.04-alloca.c,YES,FAILED,0.25,FAILED,0.475569725,MAYBE,3.53,MAYBE,3.37,TPDB_Y2024_filtered_VBS\AProVE_memory_alloca
svcomp_a.05-alloca.c,YES,FAILED,0.24,FAILED,0.349060535,MAYBE,3.05,MAYBE,3.82,TPDB_Y2024_filtered_VBS\AProVE_memory_alloca
svcomp_a.06-alloca.c,YES,FAILED,0.25,FAILED,0.483912468,MAYBE,3.79,MAYBE,4.78,TPDB_Y2024_filtered_VBS\AProVE_memory_alloca
svcomp_a.07-alloca.c,YES,FAILED,0.24,FAILED,0.486578941,MAYBE,4.88,MAYBE,4.34,TPDB_Y2024_filtered_VBS\AProVE_memory_alloca
svcomp_a.08-alloca.c,YES,FAILED,0.23,FAILED,0.47321105,MAYBE,3.81,MAYBE,3.95,TPDB_Y2024_filtered_VBS\AProVE_memory_alloca
svcomp_a.09_assume-alloca.c,YES,FAILED,0.24,FAILED,0.471039534,MAYBE,3.91,MAYBE,4.16,TPDB_Y2024_filtered_VBS\AProVE_memory_alloca
svcomp_a.10-alloca.c,YES,FAILED,0.19,FAILED,0.479483843,MAYBE,3.37,MAYBE,3.25,TPDB_Y2024_filtered_VBS\AProVE_memory_alloca
svcomp_array01_alloca.c,YES,FAILED,0.25,FAILED,0.33958602,MAYBE,3.08,MAYBE,3.4,TPDB_Y2024_filtered_VBS\AProVE_memory_alloca
svcomp_array02_alloca.c,YES,FAILED,0.24,FAILED,0.47786808,MAYBE,3.52,MAYBE,3.51,TPDB_Y2024_filtered_VBS\AProVE_memory_alloca
svcomp_array03_alloca.c,YES,FAILED,0.24,FAILED,0.465049028,MAYBE,3.28,MAYBE,3.32,TPDB_Y2024_filtered_VBS\AProVE_memory_alloca
svcomp_Avery-2006FLOPS-Tabel1_true-alloca.c,YES,FAILED,0.24,FAILED,0.46442914,MAYBE,6.62,MAYBE,5.17,TPDB_Y2024_filtered_VBS\AProVE_memory_alloca
svcomp_aviad_true-alloca.c,YES,FAILED,0.23,FAILED,0.473970652,MAYBE,4.66,MAYBE,5.15,TPDB_Y2024_filtered_VBS\AProVE_memory_alloca
svcomp_b.01-alloca.c,YES,FAILED,0.24,FAILED,0.469380379,MAYBE,3.86,MAYBE,4.01,TPDB_Y2024_filtered_VBS\AProVE_memory_alloca
svcomp_b.02-alloca.c,YES,FAILED,0.23,FAILED,0.336876392,MAYBE,3.85,MAYBE,4.06,TPDB_Y2024_filtered_VBS\AProVE_memory_alloca
svcomp_b.03-no-inv_assume-alloca.c,YES,FAILED,0.25,FAILED,0.470676661,MAYBE,2.71,MAYBE,3.2,TPDB_Y2024_filtered_VBS\AProVE_memory_alloca
svcomp_b.03_assume-alloca.c,YES,FAILED,0.23,FAILED,0.342923641,MAYBE,2.51,MAYBE,2.57,TPDB_Y2024_filtered_VBS\AProVE_memory_alloca
svcomp_b.04-alloca.c,YES,FAILED,0.24,FAILED,0.474460125,MAYBE,3.8,MAYBE,3.6,TPDB_Y2024_filtered_VBS\AProVE_memory_alloca
svcomp_b.05-alloca.c,YES,FAILED,0.24,FAILED,0.348843336,MAYBE,2.27,MAYBE,2.93,TPDB_Y2024_filtered_VBS\AProVE_memory_alloca
svcomp_b.06-alloca.c,YES,FAILED,0.24,FAILED,0.345372915,MAYBE,3.38,MAYBE,3.89,TPDB_Y2024_filtered_VBS\AProVE_memory_alloca
svcomp_b.07-alloca.c,YES,FAILED,0.25,FAILED,0.471010923,MAYBE,5.08,MAYBE,5.04,TPDB_Y2024_filtered_VBS\AProVE_memory_alloca
svcomp_b.09-no-inv_assume-alloca.c,YES,FAILED,0.24,FAILED,0.474568605,MAYBE,3.85,MAYBE,4.11,TPDB_Y2024_filtered_VBS\AProVE_memory_alloca
svcomp_b.09_assume-alloca.c,YES,FAILED,0.24,FAILED,0.348290682,MAYBE,2.8,MAYBE,3.61,TPDB_Y2024_filtered_VBS\AProVE_memory_alloca
svcomp_b.10-alloca.c,YES,FAILED,0.24,FAILED,0.343595505,MAYBE,3.28,MAYBE,3.99,TPDB_Y2024_filtered_VBS\AProVE_memory_alloca
svcomp_b.11-alloca.c,YES,FAILED,0.24,FAILED,0.470309734,MAYBE,3.33,MAYBE,3.35,TPDB_Y2024_filtered_VBS\AProVE_memory_alloca
svcomp_b.12-alloca.c,YES,FAILED,0.26,FAILED,0.476222038,MAYBE,2.99,MAYBE,2.99,TPDB_Y2024_filtered_VBS\AProVE_memory_alloca
svcomp_b.13-alloca.c,YES,FAILED,0.24,FAILED,0.472171783,MAYBE,4.7,MAYBE,4.95,TPDB_Y2024_filtered_VBS\AProVE_memory_alloca
svcomp_b.14-alloca.c,YES,FAILED,0.23,FAILED,0.338493109,MAYBE,4.59,MAYBE,4.61,TPDB_Y2024_filtered_VBS\AProVE_memory_alloca
svcomp_b.15-alloca.c,YES,FAILED,0.2,FAILED,0.462046862,MAYBE,5.55,MAYBE,5.83,TPDB_Y2024_filtered_VBS\AProVE_memory_alloca
svcomp_b.16-alloca.c,YES,FAILED,0.24,FAILED,0.344576597,MAYBE,3.78,MAYBE,4.58,TPDB_Y2024_filtered_VBS\AProVE_memory_alloca
svcomp_b.17-alloca.c,YES,FAILED,0.24,FAILED,0.341404438,MAYBE,5.53,MAYBE,7.2,TPDB_Y2024_filtered_VBS\AProVE_memory_alloca
svcomp_b.18-alloca.c,YES,FAILED,0.25,FAILED,0.470837831,MAYBE,2.81,MAYBE,3.93,TPDB_Y2024_filtered_VBS\AProVE_memory_alloca
svcomp_Ben-Amram-2010LMCS-Ex2.3_true-alloca.c,YES,FAILED,0.25,FAILED,0.463891506,MAYBE,3.76,MAYBE,4.07,TPDB_Y2024_filtered_VBS\AProVE_memory_alloca
svcomp_BradleyMannaSipma-2005CAV-Fig1-modified_false-termination.c,NO,FAILED,0.26,FAILED,0.343540668,MAYBE,2.52,MAYBE,2.67,TPDB_Y2024_filtered_VBS\AProVE_memory_alloca
svcomp_BradleyMannaSipma-2005ICALP-Fig1_true-alloca.c,NO,FAILED,0.24,FAILED,0.345268488,MAYBE,2.52,MAYBE,2.79,TPDB_Y2024_filtered_VBS\AProVE_memory_alloca
svcomp_BrockschmidtCookFuhs-2013CAV-Fig1_true-alloca.c,YES,FAILED,0.25,FAILED,0.457106829,MAYBE,3.78,MAYBE,4.26,TPDB_Y2024_filtered_VBS\AProVE_memory_alloca
svcomp_BrockschmidtCookFuhs-2013CAV-Introduction_true-alloca.c,YES,FAILED,0.23,FAILED,0.472379923,MAYBE,3.07,MAYBE,3.21,TPDB_Y2024_filtered_VBS\AProVE_memory_alloca
svcomp_bubblesort_alloca.c,YES,FAILED,0.19,FAILED,0.47028923,MAYBE,3.98,MAYBE,4.37,TPDB_Y2024_filtered_VBS\AProVE_memory_alloca
svcomp_c.01-no-inv-alloca.c,YES,FAILED,0.25,FAILED,0.474415541,MAYBE,4.13,MAYBE,4.65,TPDB_Y2024_filtered_VBS\AProVE_memory_alloca
svcomp_c.01_assume-alloca.c,YES,FAILED,0.25,FAILED,0.344102859,MAYBE,3.05,MAYBE,2.63,TPDB_Y2024_filtered_VBS\AProVE_memory_alloca
svcomp_c.02-alloca.c,YES,FAILED,0.24,FAILED,0.346795082,MAYBE,3.62,MAYBE,3.65,TPDB_Y2024_filtered_VBS\AProVE_memory_alloca
svcomp_c.03-alloca.c,YES,FAILED,0.23,FAILED,0.355946779,MAYBE,4.93,MAYBE,4.87,TPDB_Y2024_filtered_VBS\AProVE_memory_alloca
svcomp_c.07-alloca.c,YES,FAILED,0.24,FAILED,0.465566158,MAYBE,8.1,MAYBE,8.38,TPDB_Y2024_filtered_VBS\AProVE_memory_alloca
svcomp_c.08-alloca.c,YES,FAILED,0.24,FAILED,0.347391844,MAYBE,3.99,MAYBE,4.18,TPDB_Y2024_filtered_VBS\AProVE_memory_alloca
svcomp_ChenFlurMukhopadhyay-2012SAS-Fig1_true-alloca.c,YES,FAILED,0.24,FAILED,0.347530365,MAYBE,3.63,MAYBE,3.96,TPDB_Y2024_filtered_VBS\AProVE_memory_alloca
svcomp_CookSeeZuleger-2013TACAS-Fig3_true-alloca.c,YES,FAILED,0.24,FAILED,0.342135668,MAYBE,2.97,MAYBE,2.88,TPDB_Y2024_filtered_VBS\AProVE_memory_alloca
svcomp_CookSeeZuleger-2013TACAS-Fig7a_true-alloca.c,YES,FAILED,0.23,FAILED,0.470653772,MAYBE,3.63,MAYBE,3.71,TPDB_Y2024_filtered_VBS\AProVE_memory_alloca
svcomp_CookSeeZuleger-2013TACAS-Fig7b_true-alloca.c,YES,FAILED,0.24,FAILED,0.345482349,MAYBE,3.62,MAYBE,3.72,TPDB_Y2024_filtered_VBS\AProVE_memory_alloca
svcomp_count_down_alloca.c,YES,FAILED,0.25,FAILED,0.335786104,MAYBE,2.53,MAYBE,3.13,TPDB_Y2024_filtered_VBS\AProVE_memory_alloca
svcomp_cstrchr_true_alloca.c,YES,FAILED,0.24,FAILED,0.470819235,MAYBE,3.02,MAYBE,2.89,TPDB_Y2024_filtered_VBS\AProVE_memory_alloca
svcomp_cstrcmp_true_alloca.c,YES,FAILED,0.23,FAILED,0.472857475,MAYBE,3.36,MAYBE,3.08,TPDB_Y2024_filtered_VBS\AProVE_memory_alloca
svcomp_cstrcpy_alloca.c,YES,FAILED,0.24,FAILED,0.464443445,MAYBE,3.36,MAYBE,3.43,TPDB_Y2024_filtered_VBS\AProVE_memory_alloca
svcomp_cstrcspn_true_alloca.c,YES,FAILED,0.24,FAILED,0.476526022,MAYBE,4.03,MAYBE,4.23,TPDB_Y2024_filtered_VBS\AProVE_memory_alloca
svcomp_cstrlen_true_alloca.c,YES,FAILED,0.24,FAILED,0.344147444,MAYBE,2.97,MAYBE,3.02,TPDB_Y2024_filtered_VBS\AProVE_memory_alloca
svcomp_cstrncmp_true_alloca.c,YES,FAILED,0.25,FAILED,0.356217623,MAYBE,3.66,MAYBE,3.84,TPDB_Y2024_filtered_VBS\AProVE_memory_alloca
svcomp_cstrncpy_alloca.c,YES,FAILED,0.23,FAILED,0.344888687,MAYBE,4.07,MAYBE,4.14,TPDB_Y2024_filtered_VBS\AProVE_memory_alloca
svcomp_cstrpbrk_true_alloca.c,YES,FAILED,0.25,FAILED,0.345362425,MAYBE,3.91,MAYBE,4.16,TPDB_Y2024_filtered_VBS\AProVE_memory_alloca
svcomp_cstrspn_true_alloca.c,YES,FAILED,0.25,FAILED,0.340161085,MAYBE,3.9,MAYBE,4.16,TPDB_Y2024_filtered_VBS\AProVE_memory_alloca
svcomp_diff_alloca.c,YES,FAILED,0.25,FAILED,0.344698906,MAYBE,4.07,MAYBE,4.16,TPDB_Y2024_filtered_VBS\AProVE_memory_alloca
svcomp_easySum-alloca.c,YES,FAILED,0.2,FAILED,0.471258402,MAYBE,3.07,MAYBE,2.8,TPDB_Y2024_filtered_VBS\AProVE_memory_alloca
svcomp_ex1-alloca.c,YES,FAILED,0.25,FAILED,0.43419981,MAYBE,3.89,MAYBE,4.11,TPDB_Y2024_filtered_VBS\AProVE_memory_alloca
svcomp_ex3a-alloca.c,YES,FAILED,0.24,FAILED,0.465542555,MAYBE,3.03,MAYBE,2.41,TPDB_Y2024_filtered_VBS\AProVE_memory_alloca
svcomp_ex3b-alloca.c,YES,FAILED,0.24,FAILED,0.346635342,MAYBE,3.91,MAYBE,3.91,TPDB_Y2024_filtered_VBS\AProVE_memory_alloca
svcomp_fermat-alloca.c,YES,FAILED,0.24,FAILED,0.338180065,MAYBE,34.65,MAYBE,226.05,TPDB_Y2024_filtered_VBS\AProVE_memory_alloca
svcomp_flag-alloca.c,YES,FAILED,0.23,FAILED,0.34813118,MAYBE,3.92,MAYBE,4.09,TPDB_Y2024_filtered_VBS\AProVE_memory_alloca
svcomp_gcd1_true-alloca.c,YES,FAILED,0.23,FAILED,0.343958139,MAYBE,3.73,MAYBE,4,TPDB_Y2024_filtered_VBS\AProVE_memory_alloca
svcomp_genady_true-alloca.c,YES,FAILED,0.25,FAILED,0.347351313,MAYBE,3.16,MAYBE,3.27,TPDB_Y2024_filtered_VBS\AProVE_memory_alloca
svcomp_GulwaniJainKoskinen-2009PLDI-Fig1_true-alloca.c,YES,FAILED,0.24,FAILED,0.482250452,MAYBE,3.3,MAYBE,3.82,TPDB_Y2024_filtered_VBS\AProVE_memory_alloca
svcomp_HarrisLalNoriRajamani-2010SAS-Fig1_true-alloca.c,YES,FAILED,0.19,FAILED,0.469980001,MAYBE,2.1,MAYBE,2.19,TPDB_Y2024_filtered_VBS\AProVE_memory_alloca
svcomp_HarrisLalNoriRajamani-2010SAS-Fig2_false-unreach-label-termination-alloca.c,NO,FAILED,0.26,FAILED,0.347484827,MAYBE,2.93,MAYBE,3.01,TPDB_Y2024_filtered_VBS\AProVE_memory_alloca
svcomp_HarrisLalNoriRajamani-2010SAS-Fig3_true-alloca.c,YES,FAILED,0.24,FAILED,0.47329092,MAYBE,2.74,MAYBE,2.97,TPDB_Y2024_filtered_VBS\AProVE_memory_alloca
svcomp_insertionsort_alloca.c,YES,FAILED,0.24,FAILED,0.469213724,MAYBE,3.16,MAYBE,3.44,TPDB_Y2024_filtered_VBS\AProVE_memory_alloca
svcomp_java_AG313-alloca.c,YES,FAILED,0.24,FAILED,0.345540762,MAYBE,4.34,MAYBE,4.29,TPDB_Y2024_filtered_VBS\AProVE_memory_alloca
svcomp_java_Break-alloca.c,YES,FAILED,0.24,FAILED,0.467813969,MAYBE,2.44,MAYBE,2.57,TPDB_Y2024_filtered_VBS\AProVE_memory_alloca
svcomp_java_BubbleSort_alloca.c,YES,FAILED,0.23,FAILED,0.347503424,MAYBE,3.39,MAYBE,3.43,TPDB_Y2024_filtered_VBS\AProVE_memory_alloca
svcomp_java_Continue1-alloca.c,YES,FAILED,0.25,FAILED,0.348927021,MAYBE,2.55,MAYBE,2.3,TPDB_Y2024_filtered_VBS\AProVE_memory_alloca
svcomp_java_LogBuiltIn-alloca.c,YES,FAILED,0.24,FAILED,0.466133595,MAYBE,5.05,MAYBE,5.11,TPDB_Y2024_filtered_VBS\AProVE_memory_alloca
svcomp_java_Nested-alloca.c,YES,FAILED,0.24,FAILED,0.463532209,MAYBE,4.48,MAYBE,4.75,TPDB_Y2024_filtered_VBS\AProVE_memory_alloca
svcomp_java_Sequence-alloca.c,YES,FAILED,0.25,FAILED,0.468076229,MAYBE,3.48,MAYBE,3.98,TPDB_Y2024_filtered_VBS\AProVE_memory_alloca
svcomp_KroeningSharyginaTsitovichWintersteiger-2010CAV-Fig1_true-alloca.c,YES,FAILED,0.24,FAILED,0.485980511,MAYBE,3.25,MAYBE,3.38,TPDB_Y2024_filtered_VBS\AProVE_memory_alloca
svcomp_LarrazOliverasRodriguez-CarbonellRubio-2013FMCAD-Fig1_true-alloca.c,YES,FAILED,0.19,FAILED,0.466651201,MAYBE,4.35,MAYBE,4.21,TPDB_Y2024_filtered_VBS\AProVE_memory_alloca
svcomp_lis_alloca.c,YES,FAILED,0.24,FAILED,0.343173504,MAYBE,11.7,MAYBE,12.1,TPDB_Y2024_filtered_VBS\AProVE_memory_alloca
svcomp_min_rf_true-alloca.c,YES,FAILED,0.24,FAILED,0.471168995,MAYBE,2.95,MAYBE,3.08,TPDB_Y2024_filtered_VBS\AProVE_memory_alloca
svcomp_mult_array_alloca.c,YES,FAILED,0.19,FAILED,0.46764493,MAYBE,4,MAYBE,4.17,TPDB_Y2024_filtered_VBS\AProVE_memory_alloca
svcomp_NoriSharma-2013FSE-Fig7_true-alloca.c,YES,FAILED,0.24,FAILED,0.474297762,MAYBE,43.29,MAYBE,41.54,TPDB_Y2024_filtered_VBS\AProVE_memory_alloca
svcomp_NoriSharma-2013FSE-Fig8_true-alloca.c,YES,FAILED,0.25,FAILED,0.482120514,MAYBE,44.91,MAYBE,42.32,TPDB_Y2024_filtered_VBS\AProVE_memory_alloca
svcomp_openbsd_cbzero_alloca.c,YES,FAILED,0.25,FAILED,0.344233751,MAYBE,3.19,MAYBE,3.22,TPDB_Y2024_filtered_VBS\AProVE_memory_alloca
svcomp_openbsd_cmemchr_alloca.c,YES,FAILED,0.24,FAILED,0.348505974,MAYBE,2.97,MAYBE,3.09,TPDB_Y2024_filtered_VBS\AProVE_memory_alloca
svcomp_openbsd_cmemset_alloca.c,YES,FAILED,0.25,FAILED,0.470044374,MAYBE,2.62,MAYBE,2.7,TPDB_Y2024_filtered_VBS\AProVE_memory_alloca
svcomp_openbsd_cstpcpy_alloca.c,YES,FAILED,0.24,FAILED,0.480821848,MAYBE,3.36,MAYBE,3.49,TPDB_Y2024_filtered_VBS\AProVE_memory_alloca
svcomp_openbsd_cstpncpy_alloca.c,YES,FAILED,0.25,FAILED,0.356109619,MAYBE,4.4,MAYBE,4.5,TPDB_Y2024_filtered_VBS\AProVE_memory_alloca
svcomp_openbsd_cstrcmp_alloca.c,YES,FAILED,0.19,FAILED,0.474326372,MAYBE,2.61,MAYBE,2.67,TPDB_Y2024_filtered_VBS\AProVE_memory_alloca
svcomp_openbsd_cstrcpy_alloca.c,YES,FAILED,0.24,FAILED,0.472301245,MAYBE,3.29,MAYBE,3.42,TPDB_Y2024_filtered_VBS\AProVE_memory_alloca
svcomp_openbsd_cstrlcpy_alloca.c,YES,FAILED,0.23,FAILED,0.344657183,MAYBE,4.04,MAYBE,4.09,TPDB_Y2024_filtered_VBS\AProVE_memory_alloca
svcomp_openbsd_cstrlen_alloca.c,YES,FAILED,0.24,FAILED,0.344103813,MAYBE,2.95,MAYBE,3.03,TPDB_Y2024_filtered_VBS\AProVE_memory_alloca
svcomp_openbsd_cstrncmp_alloca.c,YES,FAILED,0.23,FAILED,0.342540264,MAYBE,3.58,MAYBE,3.58,TPDB_Y2024_filtered_VBS\AProVE_memory_alloca
svcomp_openbsd_cstrncpy_alloca.c,YES,FAILED,0.19,FAILED,0.473563671,MAYBE,4.01,MAYBE,3.6,TPDB_Y2024_filtered_VBS\AProVE_memory_alloca
svcomp_openbsd_cstrnlen_alloca.c,YES,FAILED,0.24,FAILED,0.336959839,MAYBE,2.34,MAYBE,2.39,TPDB_Y2024_filtered_VBS\AProVE_memory_alloca
svcomp_openbsd_cstrpbrk_alloca.c,YES,FAILED,0.24,FAILED,0.344490767,MAYBE,3.01,MAYBE,3.4,TPDB_Y2024_filtered_VBS\AProVE_memory_alloca
svcomp_openbsd_cstrspn_alloca.c,YES,FAILED,0.2,FAILED,0.349011183,MAYBE,2.78,MAYBE,2.96,TPDB_Y2024_filtered_VBS\AProVE_memory_alloca
svcomp_openbsd_cstrstr_alloca.c,YES,FAILED,0.25,FAILED,0.473761559,MAYBE,27.03,MAYBE,37.74,TPDB_Y2024_filtered_VBS\AProVE_memory_alloca
svcomp_PodelskiRybalchenko-2004VMCAI-Ex2_true-alloca.c,NO,FAILED,0.2,FAILED,0.478872538,MAYBE,2.42,MAYBE,2.29,TPDB_Y2024_filtered_VBS\AProVE_memory_alloca
svcomp_selectionsort_alloca.c,YES,FAILED,0.24,FAILED,0.346008539,MAYBE,3.35,MAYBE,3.52,TPDB_Y2024_filtered_VBS\AProVE_memory_alloca
svcomp_stroeder1_alloca.c,YES,FAILED,0.24,FAILED,0.475568771,MAYBE,2.41,MAYBE,2.75,TPDB_Y2024_filtered_VBS\AProVE_memory_alloca
svcomp_stroeder2_alloca.c,YES,FAILED,0.25,FAILED,0.350580692,MAYBE,3.46,MAYBE,3.64,TPDB_Y2024_filtered_VBS\AProVE_memory_alloca
svcomp_strreplace_alloca.c,YES,FAILED,0.24,FAILED,0.470927238,MAYBE,2.82,MAYBE,3.18,TPDB_Y2024_filtered_VBS\AProVE_memory_alloca
svcomp_subseq_alloca.c,YES,FAILED,0.24,FAILED,0.343412638,MAYBE,3.31,MAYBE,3.37,TPDB_Y2024_filtered_VBS\AProVE_memory_alloca
svcomp_substring_alloca.c,YES,FAILED,0.25,FAILED,0.353551149,MAYBE,3.93,MAYBE,3.98,TPDB_Y2024_filtered_VBS\AProVE_memory_alloca
svcomp_Toulouse-BranchesToLoop_true-alloca.c,YES,FAILED,0.24,FAILED,0.470495701,MAYBE,6.42,MAYBE,7.13,TPDB_Y2024_filtered_VBS\AProVE_memory_alloca
svcomp_Toulouse-MultiBranchesToLoop_true-alloca.c,YES,FAILED,0.23,FAILED,0.47383523,MAYBE,12.03,MAYBE,12.21,TPDB_Y2024_filtered_VBS\AProVE_memory_alloca
svcomp_twisted-alloca.c,YES,FAILED,0.25,FAILED,0.351254463,MAYBE,6.22,MAYBE,6.53,TPDB_Y2024_filtered_VBS\AProVE_memory_alloca
svcomp_Urban-2013WST-Fig1_false-unreach-label-termination-alloca.c,NO,FAILED,0.24,FAILED,0.47709322,MAYBE,2.22,MAYBE,2.27,TPDB_Y2024_filtered_VBS\AProVE_memory_alloca
svcomp_Urban-2013WST-Fig2-modified1000_true-alloca.c,YES,FAILED,0.2,FAILED,0.475070477,MAYBE,274.87,MAYBE,273.73,TPDB_Y2024_filtered_VBS\AProVE_memory_alloca
svcomp_Urban-2013WST-Fig2_true-alloca.c,YES,FAILED,0.23,FAILED,0.471933126,MAYBE,4.17,MAYBE,4.47,TPDB_Y2024_filtered_VBS\AProVE_memory_alloca
svcomp_Urban_true-alloca.c,YES,FAILED,0.2,FAILED,0.347885132,MAYBE,3.12,MAYBE,3.34,TPDB_Y2024_filtered_VBS\AProVE_memory_alloca
svcomp_Velroyen_false-unreach-label-termination-alloca.c,NO,FAILED,0.2,FAILED,0.480948925,MAYBE,2.2,MAYBE,2.28,TPDB_Y2024_filtered_VBS\AProVE_memory_alloca
aaron2_true-termination.c,YES,MAYBE,0.32,YES,0.931140184,YES,2.96,YES,3.44,TPDB_Y2024_filtered_VBS\SV-COMP_Termination_Category
aaron2_true-termination.c,YES,MAYBE,0.33,YES,0.931140184,YES,2.96,YES,3.44,TPDB_Y2024_filtered_VBS\SV-COMP_Termination_Category
aaron3_true-termination.c,YES,MAYBE,0.4,YES,0.960868597,YES,2.83,YES,3.49,TPDB_Y2024_filtered_VBS\SV-COMP_Termination_Category
aaron3_true-termination.c,YES,MAYBE,0.56,YES,0.960868597,YES,2.83,YES,3.49,TPDB_Y2024_filtered_VBS\SV-COMP_Termination_Category
AliasDarteFeautrierGonnord-SAS2010-counterex1a_true-termination.c,YES,MAYBE,0.49,YES,196.665844,YES,7.76,FAILED,298.41,TPDB_Y2024_filtered_VBS\SV-COMP_Termination_Category
AliasDarteFeautrierGonnord-SAS2010-counterex1a_true-termination.c,YES,MAYBE,0.54,YES,196.665844,YES,7.76,FAILED,298.41,TPDB_Y2024_filtered_VBS\SV-COMP_Termination_Category
AliasDarteFeautrierGonnord-SAS2010-counterex1b_true-termination.c,YES,MAYBE,0.6,YES,31.93115854,YES,4.37,YES,6.02,TPDB_Y2024_filtered_VBS\SV-COMP_Termination_Category
AliasDarteFeautrierGonnord-SAS2010-counterex1b_true-termination.c,YES,MAYBE,0.57,YES,31.93115854,YES,4.37,YES,6.02,TPDB_Y2024_filtered_VBS\SV-COMP_Termination_Category
AliasDarteFeautrierGonnord-SAS2010-cousot9_true-termination.c,YES,YES,0.2,YES,2.243287802,YES,3.55,YES,4.48,TPDB_Y2024_filtered_VBS\SV-COMP_Termination_Category
AliasDarteFeautrierGonnord-SAS2010-cousot9_true-termination.c,YES,YES,0.17,YES,2.243287802,YES,3.55,YES,4.48,TPDB_Y2024_filtered_VBS\SV-COMP_Termination_Category
AliasDarteFeautrierGonnord-SAS2010-Fig1_true-termination.c,YES,MAYBE,0.57,YES,12.76794291,YES,5.92,YES,7.64,TPDB_Y2024_filtered_VBS\SV-COMP_Termination_Category
AliasDarteFeautrierGonnord-SAS2010-Fig1_true-termination.c,YES,MAYBE,5.07,YES,12.76794291,YES,5.92,YES,7.64,TPDB_Y2024_filtered_VBS\SV-COMP_Termination_Category
AliasDarteFeautrierGonnord-SAS2010-Fig2a_true-termination.c,YES,YES,0.3,YES,3.328688145,YES,3.73,YES,4.74,TPDB_Y2024_filtered_VBS\SV-COMP_Termination_Category
AliasDarteFeautrierGonnord-SAS2010-Fig2a_true-termination.c,YES,YES,0.3,YES,3.328688145,YES,3.73,YES,4.74,TPDB_Y2024_filtered_VBS\SV-COMP_Termination_Category
AliasDarteFeautrierGonnord-SAS2010-Fig2b_true-termination.c,YES,MAYBE,0.21,YES,10.76107049,MAYBE,23.05,FAILED,295.34,TPDB_Y2024_filtered_VBS\SV-COMP_Termination_Category
AliasDarteFeautrierGonnord-SAS2010-Fig2b_true-termination.c,YES,MAYBE,0.51,YES,10.76107049,MAYBE,23.05,FAILED,295.34,TPDB_Y2024_filtered_VBS\SV-COMP_Termination_Category
AliasDarteFeautrierGonnord-SAS2010-ndecr_true-termination.c,YES,YES,0.11,YES,0.882511854,YES,2.83,YES,3.3,TPDB_Y2024_filtered_VBS\SV-COMP_Termination_Category
AliasDarteFeautrierGonnord-SAS2010-ndecr_true-termination.c,YES,YES,0.11,YES,0.882511854,YES,2.83,YES,3.3,TPDB_Y2024_filtered_VBS\SV-COMP_Termination_Category
AliasDarteFeautrierGonnord-SAS2010-nestedLoop_true-termination.c,YES,MAYBE,0.57,YES,4.663552046,YES,4.55,TIMEOUT,300.05,TPDB_Y2024_filtered_VBS\SV-COMP_Termination_Category
AliasDarteFeautrierGonnord-SAS2010-nestedLoop_true-termination.c,YES,MAYBE,0.81,YES,4.663552046,YES,4.55,TIMEOUT,300.05,TPDB_Y2024_filtered_VBS\SV-COMP_Termination_Category
AliasDarteFeautrierGonnord-SAS2010-random1d_true-termination.c,YES,MAYBE,6.62,YES,2.238676071,YES,2.65,YES,3.24,TPDB_Y2024_filtered_VBS\SV-COMP_Termination_Category
AliasDarteFeautrierGonnord-SAS2010-random1d_true-termination.c,YES,MAYBE,6.56,YES,2.238676071,YES,2.65,YES,3.24,TPDB_Y2024_filtered_VBS\SV-COMP_Termination_Category
AliasDarteFeautrierGonnord-SAS2010-rsd_true-termination.c,YES,MAYBE,1.25,YES,6.976073265,YES,24.69,YES,4.63,TPDB_Y2024_filtered_VBS\SV-COMP_Termination_Category
AliasDarteFeautrierGonnord-SAS2010-rsd_true-termination.c,YES,MAYBE,1.2,YES,6.976073265,YES,24.69,YES,4.63,TPDB_Y2024_filtered_VBS\SV-COMP_Termination_Category
AliasDarteFeautrierGonnord-SAS2010-speedpldi2_true-termination.c,YES,YES,0.25,YES,1.5462327,MAYBE,4.71,MAYBE,6.13,TPDB_Y2024_filtered_VBS\SV-COMP_Termination_Category
AliasDarteFeautrierGonnord-SAS2010-speedpldi2_true-termination.c,YES,YES,0.24,YES,1.5462327,MAYBE,4.71,MAYBE,6.13,TPDB_Y2024_filtered_VBS\SV-COMP_Termination_Category
AliasDarteFeautrierGonnord-SAS2010-speedpldi3_true-termination.c,YES,YES,0.25,YES,9.721589327,YES,4.06,YES,5.62,TPDB_Y2024_filtered_VBS\SV-COMP_Termination_Category
AliasDarteFeautrierGonnord-SAS2010-speedpldi3_true-termination.c,YES,YES,0.24,YES,9.721589327,YES,4.06,YES,5.62,TPDB_Y2024_filtered_VBS\SV-COMP_Termination_Category
AliasDarteFeautrierGonnord-SAS2010-speedpldi4_true-termination.c,YES,YES,0.12,YES,1.835783243,MAYBE,2.94,MAYBE,3.1,TPDB_Y2024_filtered_VBS\SV-COMP_Termination_Category
AliasDarteFeautrierGonnord-SAS2010-speedpldi4_true-termination.c,YES,YES,0.16,YES,1.835783243,MAYBE,2.94,MAYBE,3.1,TPDB_Y2024_filtered_VBS\SV-COMP_Termination_Category
AliasDarteFeautrierGonnord-SAS2010-terminate_true-termination.c,YES,YES,0.42,YES,1.362347126,YES,3.41,YES,3.79,TPDB_Y2024_filtered_VBS\SV-COMP_Termination_Category
AliasDarteFeautrierGonnord-SAS2010-terminate_true-termination.c,YES,YES,0.42,YES,1.362347126,YES,3.41,YES,3.79,TPDB_Y2024_filtered_VBS\SV-COMP_Termination_Category
AliasDarteFeautrierGonnord-SAS2010-wcet2_true-termination.c,YES,YES,0.24,YES,1.869081497,YES,6.4,TIMEOUT,300.04,TPDB_Y2024_filtered_VBS\SV-COMP_Termination_Category
AliasDarteFeautrierGonnord-SAS2010-wcet2_true-termination.c,YES,YES,0.24,YES,1.869081497,YES,6.4,TIMEOUT,300.04,TPDB_Y2024_filtered_VBS\SV-COMP_Termination_Category
AliasDarteFeautrierGonnord-SAS2010-while2_true-termination.c,YES,YES,0.22,YES,1.846493959,YES,3.54,YES,4.02,TPDB_Y2024_filtered_VBS\SV-COMP_Termination_Category
AliasDarteFeautrierGonnord-SAS2010-while2_true-termination.c,YES,YES,0.32,YES,1.846493959,YES,3.54,YES,4.02,TPDB_Y2024_filtered_VBS\SV-COMP_Termination_Category
AliasDarteFeautrierGonnord-SAS2010-wise_true-termination.c,YES,YES,0.23,YES,8.686114311,YES,3.33,YES,4.21,TPDB_Y2024_filtered_VBS\SV-COMP_Termination_Category
AliasDarteFeautrierGonnord-SAS2010-wise_true-termination.c,YES,YES,0.23,YES,8.686114311,YES,3.33,YES,4.21,TPDB_Y2024_filtered_VBS\SV-COMP_Termination_Category
Avery-FLOPS2006-Table1_true-termination.c,YES,YES,0.43,YES,2.445770264,YES,5.83,TIMEOUT,300.04,TPDB_Y2024_filtered_VBS\SV-COMP_Termination_Category
Avery-FLOPS2006-Table1_true-termination.c,YES,YES,0.26,YES,2.445770264,YES,5.83,TIMEOUT,300.04,TPDB_Y2024_filtered_VBS\SV-COMP_Termination_Category
aviad_true-termination.c,YES,YES,0.48,YES,2.32350421,YES,4.62,YES,3.01,TPDB_Y2024_filtered_VBS\SV-COMP_Termination_Category
BradleyMannaSipma-CAV2005-Fig1-modified_false-termination.c,NO,MAYBE,0.28,NO,4.189503908,NO,2.1,MAYBE,278.7,TPDB_Y2024_filtered_VBS\SV-COMP_Termination_Category
BradleyMannaSipma-CAV2005-Fig1-modified_false-termination.c,NO,MAYBE,0.48,NO,4.189503908,NO,2.1,MAYBE,278.7,TPDB_Y2024_filtered_VBS\SV-COMP_Termination_Category
BradleyMannaSipma-CAV2005-Fig1_true-termination.c,YES,YES,0.22,MAYBE,9.309854269,MAYBE,2.27,MAYBE,2.43,TPDB_Y2024_filtered_VBS\SV-COMP_Termination_Category
BradleyMannaSipma-CAV2005-Fig1_true-termination.c,YES,YES,0.24,MAYBE,9.309854269,MAYBE,2.27,MAYBE,2.43,TPDB_Y2024_filtered_VBS\SV-COMP_Termination_Category
BradleyMannaSipma-ICALP2005-Fig1_true-termination.c,YES,MAYBE,0.54,YES,17.78124428,YES,5.55,YES,17.4,TPDB_Y2024_filtered_VBS\SV-COMP_Termination_Category
BradleyMannaSipma-ICALP2005-Fig1_true-termination.c,YES,MAYBE,0.92,YES,17.78124428,YES,5.55,YES,17.4,TPDB_Y2024_filtered_VBS\SV-COMP_Termination_Category
ChawdharyCookGulwaniSagivYang-ESOP2008-aaron12_true-termination.c,MAYBE,MAYBE,0.76,MAYBE,100.0109153,NO,3.62,MAYBE,276.07,TPDB_Y2024_filtered_VBS\SV-COMP_Termination_Category
ChawdharyCookGulwaniSagivYang-ESOP2008-aaron12_true-termination.c,MAYBE,MAYBE,0.76,MAYBE,100.0109153,NO,3.62,MAYBE,276.07,TPDB_Y2024_filtered_VBS\SV-COMP_Termination_Category
ChawdharyCookGulwaniSagivYang-ESOP2008-aaron1_true-termination.c,YES,MAYBE,0.45,YES,237.4918015,YES,3.58,YES,4.24,TPDB_Y2024_filtered_VBS\SV-COMP_Termination_Category
ChawdharyCookGulwaniSagivYang-ESOP2008-aaron1_true-termination.c,YES,MAYBE,0.44,YES,237.4918015,YES,3.58,YES,4.24,TPDB_Y2024_filtered_VBS\SV-COMP_Termination_Category
ChawdharyCookGulwaniSagivYang-ESOP2008-aaron4_true-termination.c,YES,MAYBE,0.49,FAILED,300,MAYBE,288.24,YES,6.73,TPDB_Y2024_filtered_VBS\SV-COMP_Termination_Category
ChawdharyCookGulwaniSagivYang-ESOP2008-aaron4_true-termination.c,YES,MAYBE,0.72,FAILED,300,MAYBE,288.24,YES,6.73,TPDB_Y2024_filtered_VBS\SV-COMP_Termination_Category
ChawdharyCookGulwaniSagivYang-ESOP2008-aaron6_true-termination.c,YES,MAYBE,2.26,YES,8.775921345,YES,2.72,YES,4.94,TPDB_Y2024_filtered_VBS\SV-COMP_Termination_Category
ChawdharyCookGulwaniSagivYang-ESOP2008-aaron6_true-termination.c,YES,MAYBE,2.41,YES,8.775921345,YES,2.72,YES,4.94,TPDB_Y2024_filtered_VBS\SV-COMP_Termination_Category
ChawdharyCookGulwaniSagivYang-ESOP2008-random1d_true-termination.c,YES,MAYBE,6.23,YES,2.803284168,YES,3.49,YES,4.12,TPDB_Y2024_filtered_VBS\SV-COMP_Termination_Category
ChawdharyCookGulwaniSagivYang-ESOP2008-random1d_true-termination.c,YES,MAYBE,6.21,YES,2.803284168,YES,3.49,YES,4.12,TPDB_Y2024_filtered_VBS\SV-COMP_Termination_Category
ChenFlurMukhopadhyay-SAS2012-Ex1.02_true-termination.c,YES,YES,0.63,YES,1.768894434,YES,2.62,YES,3.4,TPDB_Y2024_filtered_VBS\SV-COMP_Termination_Category
ChenFlurMukhopadhyay-SAS2012-Ex1.02_true-termination.c,YES,YES,0.14,YES,1.768894434,YES,2.62,YES,3.4,TPDB_Y2024_filtered_VBS\SV-COMP_Termination_Category
ChenFlurMukhopadhyay-SAS2012-Ex1.03_true-termination.c,YES,MAYBE,0.23,YES,1.563355684,YES,2.41,YES,2.89,TPDB_Y2024_filtered_VBS\SV-COMP_Termination_Category
ChenFlurMukhopadhyay-SAS2012-Ex1.03_true-termination.c,YES,MAYBE,0.28,YES,1.563355684,YES,2.41,YES,2.89,TPDB_Y2024_filtered_VBS\SV-COMP_Termination_Category
ChenFlurMukhopadhyay-SAS2012-Ex1.04_true-termination.c,YES,MAYBE,0.42,YES,1.589332104,YES,2.96,YES,3.51,TPDB_Y2024_filtered_VBS\SV-COMP_Termination_Category
ChenFlurMukhopadhyay-SAS2012-Ex1.04_true-termination.c,YES,MAYBE,0.23,YES,1.589332104,YES,2.96,YES,3.51,TPDB_Y2024_filtered_VBS\SV-COMP_Termination_Category
ChenFlurMukhopadhyay-SAS2012-Ex1.05_true-termination.c,YES,MAYBE,0.42,YES,1.557750702,MAYBE,2.93,MAYBE,3.22,TPDB_Y2024_filtered_VBS\SV-COMP_Termination_Category
ChenFlurMukhopadhyay-SAS2012-Ex1.05_true-termination.c,YES,MAYBE,0.32,YES,1.557750702,MAYBE,2.93,MAYBE,3.22,TPDB_Y2024_filtered_VBS\SV-COMP_Termination_Category
ChenFlurMukhopadhyay-SAS2012-Ex2.01_true-termination.c,YES,MAYBE,0.62,YES,1.618233204,MAYBE,4.28,MAYBE,5.52,TPDB_Y2024_filtered_VBS\SV-COMP_Termination_Category
ChenFlurMukhopadhyay-SAS2012-Ex2.01_true-termination.c,YES,MAYBE,0.62,YES,1.618233204,MAYBE,4.28,MAYBE,5.52,TPDB_Y2024_filtered_VBS\SV-COMP_Termination_Category
ChenFlurMukhopadhyay-SAS2012-Ex2.02_false-termination.c,NO,MAYBE,0.57,NO,2.055266619,MAYBE,3.4,MAYBE,4.11,TPDB_Y2024_filtered_VBS\SV-COMP_Termination_Category
ChenFlurMukhopadhyay-SAS2012-Ex2.02_false-termination.c,NO,MAYBE,0.56,NO,2.055266619,MAYBE,3.4,MAYBE,4.11,TPDB_Y2024_filtered_VBS\SV-COMP_Termination_Category
ChenFlurMukhopadhyay-SAS2012-Ex2.05_false-termination.c,NO,MAYBE,0.2,NO,3.584997177,NO,2.9,MAYBE,272.57,TPDB_Y2024_filtered_VBS\SV-COMP_Termination_Category
ChenFlurMukhopadhyay-SAS2012-Ex2.07_true-termination.c,YES,MAYBE,0.5,YES,1.236247063,MAYBE,4.68,MAYBE,4.41,TPDB_Y2024_filtered_VBS\SV-COMP_Termination_Category
ChenFlurMukhopadhyay-SAS2012-Ex2.07_true-termination.c,YES,MAYBE,0.7,YES,1.236247063,MAYBE,4.68,MAYBE,4.41,TPDB_Y2024_filtered_VBS\SV-COMP_Termination_Category
ChenFlurMukhopadhyay-SAS2012-Ex2.08_true-termination.c,YES,MAYBE,0.63,YES,1.166841745,MAYBE,2.82,MAYBE,3.97,TPDB_Y2024_filtered_VBS\SV-COMP_Termination_Category
ChenFlurMukhopadhyay-SAS2012-Ex2.08_true-termination.c,YES,MAYBE,0.63,YES,1.166841745,MAYBE,2.82,MAYBE,3.97,TPDB_Y2024_filtered_VBS\SV-COMP_Termination_Category
ChenFlurMukhopadhyay-SAS2012-Ex2.10_true-termination.c,YES,YES,0.18,YES,1.134034634,MAYBE,3.92,MAYBE,4.71,TPDB_Y2024_filtered_VBS\SV-COMP_Termination_Category
ChenFlurMukhopadhyay-SAS2012-Ex2.10_true-termination.c,YES,YES,0.22,YES,1.134034634,MAYBE,3.92,MAYBE,4.71,TPDB_Y2024_filtered_VBS\SV-COMP_Termination_Category
ChenFlurMukhopadhyay-SAS2012-Ex2.13_true-termination.c,YES,MAYBE,0.69,YES,1.787369728,MAYBE,4.39,MAYBE,5.61,TPDB_Y2024_filtered_VBS\SV-COMP_Termination_Category
ChenFlurMukhopadhyay-SAS2012-Ex2.13_true-termination.c,YES,MAYBE,0.7,YES,1.787369728,MAYBE,4.39,MAYBE,5.61,TPDB_Y2024_filtered_VBS\SV-COMP_Termination_Category
ChenFlurMukhopadhyay-SAS2012-Ex2.16_true-termination.c,YES,MAYBE,0.54,YES,1.541995525,MAYBE,4.9,MAYBE,6.69,TPDB_Y2024_filtered_VBS\SV-COMP_Termination_Category
ChenFlurMukhopadhyay-SAS2012-Ex2.16_true-termination.c,YES,MAYBE,0.77,YES,1.541995525,MAYBE,4.9,MAYBE,6.69,TPDB_Y2024_filtered_VBS\SV-COMP_Termination_Category
ChenFlurMukhopadhyay-SAS2012-Ex2.17_false-termination.c,NO,MAYBE,0.59,NO,2.26102972,MAYBE,3.4,MAYBE,4.02,TPDB_Y2024_filtered_VBS\SV-COMP_Termination_Category
ChenFlurMukhopadhyay-SAS2012-Ex2.17_false-termination.c,NO,MAYBE,0.6,NO,2.26102972,MAYBE,3.4,MAYBE,4.02,TPDB_Y2024_filtered_VBS\SV-COMP_Termination_Category
ChenFlurMukhopadhyay-SAS2012-Ex2.20_true-termination.c,YES,YES,0.26,YES,1.950015068,YES,2.94,YES,3.4,TPDB_Y2024_filtered_VBS\SV-COMP_Termination_Category
ChenFlurMukhopadhyay-SAS2012-Ex2.20_true-termination.c,YES,YES,0.2,YES,1.950015068,YES,2.94,YES,3.4,TPDB_Y2024_filtered_VBS\SV-COMP_Termination_Category
ChenFlurMukhopadhyay-SAS2012-Ex2.22_true-termination.c,YES,YES,3.52,YES,1.966259956,MAYBE,2.88,MAYBE,3.13,TPDB_Y2024_filtered_VBS\SV-COMP_Termination_Category
ChenFlurMukhopadhyay-SAS2012-Ex2.22_true-termination.c,YES,YES,0.41,YES,1.966259956,MAYBE,2.88,MAYBE,3.13,TPDB_Y2024_filtered_VBS\SV-COMP_Termination_Category
ChenFlurMukhopadhyay-SAS2012-Ex3.01_true-termination.c,YES,YES,0.17,YES,1.213907957,MAYBE,3.48,MAYBE,5.57,TPDB_Y2024_filtered_VBS\SV-COMP_Termination_Category
ChenFlurMukhopadhyay-SAS2012-Ex3.01_true-termination.c,YES,YES,0.21,YES,1.213907957,MAYBE,3.48,MAYBE,5.57,TPDB_Y2024_filtered_VBS\SV-COMP_Termination_Category
ChenFlurMukhopadhyay-SAS2012-Ex3.03_true-termination.c,YES,MAYBE,1.49,YES,2.267417192,MAYBE,4.23,MAYBE,5.09,TPDB_Y2024_filtered_VBS\SV-COMP_Termination_Category
ChenFlurMukhopadhyay-SAS2012-Ex3.03_true-termination.c,YES,MAYBE,1.39,YES,2.267417192,MAYBE,4.23,MAYBE,5.09,TPDB_Y2024_filtered_VBS\SV-COMP_Termination_Category
ChenFlurMukhopadhyay-SAS2012-Ex3.04_true-termination.c,YES,MAYBE,0.51,YES,2.271259546,MAYBE,4.26,MAYBE,16.72,TPDB_Y2024_filtered_VBS\SV-COMP_Termination_Category
ChenFlurMukhopadhyay-SAS2012-Ex3.04_true-termination.c,YES,MAYBE,0.5,YES,2.271259546,MAYBE,4.26,MAYBE,16.72,TPDB_Y2024_filtered_VBS\SV-COMP_Termination_Category
ChenFlurMukhopadhyay-SAS2012-Ex3.05_true-termination.c,YES,MAYBE,0.68,YES,2.065848589,MAYBE,4.43,YES,6.37,TPDB_Y2024_filtered_VBS\SV-COMP_Termination_Category
ChenFlurMukhopadhyay-SAS2012-Ex3.05_true-termination.c,YES,MAYBE,0.67,YES,2.065848589,MAYBE,4.43,YES,6.37,TPDB_Y2024_filtered_VBS\SV-COMP_Termination_Category
ChenFlurMukhopadhyay-SAS2012-Ex3.08_true-termination.c,YES,MAYBE,1.9,YES,2.070313215,YES,2.33,YES,2.87,TPDB_Y2024_filtered_VBS\SV-COMP_Termination_Category
ChenFlurMukhopadhyay-SAS2012-Ex3.08_true-termination.c,YES,MAYBE,2.11,YES,2.070313215,YES,2.33,YES,2.87,TPDB_Y2024_filtered_VBS\SV-COMP_Termination_Category
ChenFlurMukhopadhyay-SAS2012-Ex3.09_true-termination.c,YES,MAYBE,9.23,YES,1.758789063,MAYBE,3.05,MAYBE,3.73,TPDB_Y2024_filtered_VBS\SV-COMP_Termination_Category
ChenFlurMukhopadhyay-SAS2012-Ex3.09_true-termination.c,YES,MAYBE,0.26,YES,1.758789063,MAYBE,3.05,MAYBE,3.73,TPDB_Y2024_filtered_VBS\SV-COMP_Termination_Category
ChenFlurMukhopadhyay-SAS2012-Ex4.01_true-termination.c,YES,MAYBE,3.37,YES,2.826597691,YES,3.76,YES,160.83,TPDB_Y2024_filtered_VBS\SV-COMP_Termination_Category
ChenFlurMukhopadhyay-SAS2012-Ex4.01_true-termination.c,YES,MAYBE,3.25,YES,2.826597691,YES,3.76,YES,160.83,TPDB_Y2024_filtered_VBS\SV-COMP_Termination_Category
CookSeeZuleger-TACAS2013-Fig1_true-termination.c,YES,YES,0.14,YES,8.679799557,YES,3.55,YES,4.48,TPDB_Y2024_filtered_VBS\SV-COMP_Termination_Category
CookSeeZuleger-TACAS2013-Fig1_true-termination.c,YES,YES,0.14,YES,8.679799557,YES,3.55,YES,4.48,TPDB_Y2024_filtered_VBS\SV-COMP_Termination_Category
CookSeeZuleger-TACAS2013-Fig7a_true-termination.c,YES,YES,0.26,YES,15.82887411,YES,3.42,YES,3.7,TPDB_Y2024_filtered_VBS\SV-COMP_Termination_Category
CookSeeZuleger-TACAS2013-Fig7a_true-termination.c,YES,YES,0.37,YES,15.82887411,YES,3.42,YES,3.7,TPDB_Y2024_filtered_VBS\SV-COMP_Termination_Category
CookSeeZuleger-TACAS2013-Fig7b_true-termination.c,YES,YES,0.36,YES,102.230557,YES,4.41,YES,6.1,TPDB_Y2024_filtered_VBS\SV-COMP_Termination_Category
CookSeeZuleger-TACAS2013-Fig7b_true-termination.c,YES,YES,0.27,YES,102.230557,YES,4.41,YES,6.1,TPDB_Y2024_filtered_VBS\SV-COMP_Termination_Category
gcd1_true-termination.c,YES,YES,0.45,YES,2.763065338,MAYBE,3.45,MAYBE,3.63,TPDB_Y2024_filtered_VBS\SV-COMP_Termination_Category
gcd1_true-termination.c,YES,YES,0.34,YES,2.763065338,MAYBE,3.45,MAYBE,3.63,TPDB_Y2024_filtered_VBS\SV-COMP_Termination_Category
genady_true-termination.c,YES,YES,0.29,YES,0.762753248,YES,4.46,YES,4.9,TPDB_Y2024_filtered_VBS\SV-COMP_Termination_Category
genady_true-termination.c,YES,YES,0.33,YES,0.762753248,YES,4.46,YES,4.9,TPDB_Y2024_filtered_VBS\SV-COMP_Termination_Category
GopanReps-CAV2006-Fig1a_true-termination.c.c,YES,MAYBE,0.5,YES,1.477930307,MAYBE,275.24,MAYBE,277.45,TPDB_Y2024_filtered_VBS\SV-COMP_Termination_Category
GopanReps-CAV2006-Fig1a_true-termination.c.c,YES,MAYBE,0.59,YES,1.477930307,MAYBE,275.24,MAYBE,277.45,TPDB_Y2024_filtered_VBS\SV-COMP_Termination_Category
GulwaniJainKoskinen-PLDI2009-Fig1_true-termination.c,YES,MAYBE,1,YES,17.41599131,YES,9.28,YES,9.65,TPDB_Y2024_filtered_VBS\SV-COMP_Termination_Category
GulwaniJainKoskinen-PLDI2009-Fig1_true-termination.c,YES,MAYBE,1.13,YES,17.41599131,YES,9.28,YES,9.65,TPDB_Y2024_filtered_VBS\SV-COMP_Termination_Category
HarrisLalNoriRajamani-SAS2010-Fig1_true-termination.c,YES,MAYBE,0.93,YES,99.72304583,YES,6.4,YES,8.72,TPDB_Y2024_filtered_VBS\SV-COMP_Termination_Category
HarrisLalNoriRajamani-SAS2010-Fig2_false-termination.c,NO,MAYBE,0.95,NO,16.25193691,NO,2.85,MAYBE,276.21,TPDB_Y2024_filtered_VBS\SV-COMP_Termination_Category
HarrisLalNoriRajamani-SAS2010-Fig3_true-termination.c,YES,MAYBE,0.48,YES,1.730995178,YES,2.82,YES,3.45,TPDB_Y2024_filtered_VBS\SV-COMP_Termination_Category
HeizmannHoenickeLeikePodelski-ATVA2013-Fig2_true-termination.c,YES,MAYBE,8.09,NO,4.00972414,YES,9.49,YES,61.39,TPDB_Y2024_filtered_VBS\SV-COMP_Termination_Category
HeizmannHoenickeLeikePodelski-ATVA2013-Fig5_true-termination.c,YES,YES,0.18,MAYBE,8.708780527,MAYBE,5.38,MAYBE,7.56,TPDB_Y2024_filtered_VBS\SV-COMP_Termination_Category
HeizmannHoenickeLeikePodelski-ATVA2013-Fig6_true-termination.c,YES,YES,0.18,YES,1.932519674,YES,2.49,YES,3.18,TPDB_Y2024_filtered_VBS\SV-COMP_Termination_Category
HeizmannHoenickeLeikePodelski-ATVA2013-Fig6_true-termination.c,YES,YES,0.21,YES,1.932519674,YES,2.49,YES,3.18,TPDB_Y2024_filtered_VBS\SV-COMP_Termination_Category
HeizmannHoenickeLeikePodelski-ATVA2013-Fig7_true-termination.c,YES,MAYBE,0.25,MAYBE,6.331309319,MAYBE,2.31,MAYBE,2.66,TPDB_Y2024_filtered_VBS\SV-COMP_Termination_Category
HeizmannHoenickeLeikePodelski-ATVA2013-Fig8_true-termination.c,YES,YES,0.12,MAYBE,4.329362631,MAYBE,2.83,MAYBE,3.12,TPDB_Y2024_filtered_VBS\SV-COMP_Termination_Category
HeizmannHoenickeLeikePodelski-ATVA2013-Fig8_true-termination.c,YES,YES,0.14,MAYBE,4.329362631,MAYBE,2.83,MAYBE,3.12,TPDB_Y2024_filtered_VBS\SV-COMP_Termination_Category
HeizmannHoenickeLeikePodelski-ATVA2013-Fig9_true-termination.c,YES,YES,0.14,MAYBE,4.381327629,MAYBE,2.27,MAYBE,2.87,TPDB_Y2024_filtered_VBS\SV-COMP_Termination_Category
HeizmannHoenickeLeikePodelski-ATVA2013-Fig9_true-termination.c,YES,YES,0.11,MAYBE,4.381327629,MAYBE,2.27,MAYBE,2.87,TPDB_Y2024_filtered_VBS\SV-COMP_Termination_Category
HenzingerJhalaMajumdarSutre-POPL2002-LockingExample_false-termination.c,NO,MAYBE,2.18,NO,169.8238556,FAILED,1.82,FAILED,1.86,TPDB_Y2024_filtered_VBS\SV-COMP_Termination_Category
joey_false-termination.c,NO,YES,0.19,FAILED,0.44259119,MAYBE,1.83,FAILED,1.52,TPDB_Y2024_filtered_VBS\SV-COMP_Termination_Category
KroeningSharyginaTsitovichWintersteiger-CAV2010-Ex_true-termination.c,YES,YES,0.13,YES,1.669653416,YES,2.88,YES,3.45,TPDB_Y2024_filtered_VBS\SV-COMP_Termination_Category
KroeningSharyginaTsitovichWintersteiger-CAV2010-Ex_true-termination.c,YES,YES,0.15,YES,1.669653416,YES,2.88,YES,3.45,TPDB_Y2024_filtered_VBS\SV-COMP_Termination_Category
KroeningSharyginaTsitovichWintersteiger-CAV2010-Fig1_true-termination.c,YES,MAYBE,0.2,NO,5.678646803,MAYBE,9.04,MAYBE,11.72,TPDB_Y2024_filtered_VBS\SV-COMP_Termination_Category
LarrazOliverasRodriguez-CarbonellRubio-FMCAD2013-Fig1_true-termination.c,YES,MAYBE,1.44,YES,8.93021965,MAYBE,8.13,MAYBE,5.44,TPDB_Y2024_filtered_VBS\SV-COMP_Termination_Category
LarrazOliverasRodriguez-CarbonellRubio-FMCAD2013-Fig1_true-termination.c,YES,MAYBE,0.4,YES,8.93021965,MAYBE,8.13,MAYBE,5.44,TPDB_Y2024_filtered_VBS\SV-COMP_Termination_Category
LeeJonesBen-Amram-POPL2001-Ex1_true-termination.c,YES,YES,0.38,FAILED,0.44423008,MAYBE,2.09,FAILED,2.2,TPDB_Y2024_filtered_VBS\SV-COMP_Termination_Category
LeeJonesBen-Amram-POPL2001-Ex2_true-termination.c,YES,FAILED,300.03,FAILED,0.446432352,MAYBE,1.9,FAILED,1.89,TPDB_Y2024_filtered_VBS\SV-COMP_Termination_Category
LeeJonesBen-Amram-POPL2001-Ex3_true-termination.c,YES,YES,0.28,FAILED,0.32026124,MAYBE,2.13,FAILED,2.15,TPDB_Y2024_filtered_VBS\SV-COMP_Termination_Category
LeeJonesBen-Amram-POPL2001-Ex4_true-termination.c,YES,YES,0.41,FAILED,0.442892551,MAYBE,2.13,FAILED,2.22,TPDB_Y2024_filtered_VBS\SV-COMP_Termination_Category
LeeJonesBen-Amram-POPL2001-Ex5_true-termination.c,YES,YES,0.17,FAILED,0.436649084,MAYBE,1.87,FAILED,1.87,TPDB_Y2024_filtered_VBS\SV-COMP_Termination_Category
LeeJonesBen-Amram-POPL2001-Ex6_true-termination.c,YES,YES,0.31,FAILED,0.445439577,MAYBE,2.15,FAILED,2.14,TPDB_Y2024_filtered_VBS\SV-COMP_Termination_Category
LeikeHeizmann-TACAS2014-Ex9_true-termination.c,YES,YES,0.22,YES,2.643092632,YES,3.31,YES,4.01,TPDB_Y2024_filtered_VBS\SV-COMP_Termination_Category
LeikeHeizmann-TACAS2014-Ex9_true-termination.c,YES,YES,0.22,YES,2.643092632,YES,3.31,YES,4.01,TPDB_Y2024_filtered_VBS\SV-COMP_Termination_Category
LeikeHeizmann-WST2014-Ex9_true-termination.c,YES,YES,0.14,YES,1.314096928,MAYBE,6.78,MAYBE,7.2,TPDB_Y2024_filtered_VBS\SV-COMP_Termination_Category
min_rf_true-termination.c,YES,MAYBE,1.69,YES,21.68191648,YES,3.41,YES,4.69,TPDB_Y2024_filtered_VBS\SV-COMP_Termination_Category
min_rf_true-termination.c,YES,MAYBE,1.52,YES,21.68191648,YES,3.41,YES,4.69,TPDB_Y2024_filtered_VBS\SV-COMP_Termination_Category
PodelskiRybalchenko-LICS2004-Fig2_true-termination.c,YES,MAYBE,1.4,YES,19.31399202,YES,5.02,YES,6.21,TPDB_Y2024_filtered_VBS\SV-COMP_Termination_Category
PodelskiRybalchenko-TACAS2011-Fig4_true-termination.c,YES,YES,0.17,YES,8.927428722,YES,2.99,YES,3.25,TPDB_Y2024_filtered_VBS\SV-COMP_Termination_Category
PodelskiRybalchenko-TACAS2011-Fig4_true-termination.c,YES,YES,0.19,YES,8.927428722,YES,2.99,YES,3.25,TPDB_Y2024_filtered_VBS\SV-COMP_Termination_Category
PodelskiRybalchenko-VMCAI2004-Ex1_true-termination.c,YES,MAYBE,4.26,YES,3.321290493,YES,3.24,YES,3.83,TPDB_Y2024_filtered_VBS\SV-COMP_Termination_Category
PodelskiRybalchenko-VMCAI2004-Ex1_true-termination.c,YES,MAYBE,0.56,YES,3.321290493,YES,3.24,YES,3.83,TPDB_Y2024_filtered_VBS\SV-COMP_Termination_Category
svcomp_cstrcmp_true-termination.c,YES,MAYBE,0.35,FAILED,0.347467899,MAYBE,3.48,MAYBE,3.54,TPDB_Y2024_filtered_VBS\SV-COMP_Termination_Category
svcomp_cstrcspn_true-termination.c,YES,MAYBE,0.45,FAILED,0.472830057,MAYBE,3.36,MAYBE,3.53,TPDB_Y2024_filtered_VBS\SV-COMP_Termination_Category
svcomp_cstrlen_true-termination.c,YES,MAYBE,0.25,FAILED,0.477126598,MAYBE,3.02,MAYBE,3.23,TPDB_Y2024_filtered_VBS\SV-COMP_Termination_Category
svcomp_cstrncmp_true-termination.c,YES,YES,0.54,FAILED,0.466961145,MAYBE,3.57,MAYBE,3.75,TPDB_Y2024_filtered_VBS\SV-COMP_Termination_Category
svcomp_cstrpbrk_true-termination.c,YES,MAYBE,0.59,FAILED,0.344676256,MAYBE,3.14,MAYBE,3.24,TPDB_Y2024_filtered_VBS\SV-COMP_Termination_Category
svcomp_cstrspn_true-termination.c,YES,MAYBE,0.61,FAILED,0.476391554,MAYBE,3.96,MAYBE,4.16,TPDB_Y2024_filtered_VBS\SV-COMP_Termination_Category
svcomp_strchr_true-termination.c,YES,MAYBE,0.21,FAILED,0.348279715,MAYBE,2.98,MAYBE,2.04,TPDB_Y2024_filtered_VBS\SV-COMP_Termination_Category
TelAviv-Amir-Minimum_true-termination.c,YES,MAYBE,1.58,FAILED,22.41409254,YES,2.89,YES,3.72,TPDB_Y2024_filtered_VBS\SV-COMP_Termination_Category
TelAviv-Amir-Minimum_true-termination.c,YES,MAYBE,2.46,FAILED,22.41409254,YES,2.89,YES,3.72,TPDB_Y2024_filtered_VBS\SV-COMP_Termination_Category
Toulouse-BranchesToLoop_true-termination.c,YES,MAYBE,0.29,MAYBE,5.201467037,YES,2.82,MAYBE,288.57,TPDB_Y2024_filtered_VBS\SV-COMP_Termination_Category
Toulouse-BranchesToLoop_true-termination.c,YES,MAYBE,0.62,MAYBE,5.201467037,YES,2.82,MAYBE,288.57,TPDB_Y2024_filtered_VBS\SV-COMP_Termination_Category
Toulouse-MultiBranchesToLoop_true-termination.c,YES,MAYBE,1.72,MAYBE,29.25172377,YES,5.04,TIMEOUT,300.05,TPDB_Y2024_filtered_VBS\SV-COMP_Termination_Category
Toulouse-MultiBranchesToLoop_true-termination.c,YES,MAYBE,0.31,MAYBE,29.25172377,YES,5.04,TIMEOUT,300.05,TPDB_Y2024_filtered_VBS\SV-COMP_Termination_Category
UrbanMine-ESOP2014-Fig3_true-termination.c,YES,MAYBE,0.51,YES,154.2321348,YES,4.26,YES,5.34,TPDB_Y2024_filtered_VBS\SV-COMP_Termination_Category
UrbanMine-ESOP2014-Fig3_true-termination.c,YES,MAYBE,0.53,YES,154.2321348,YES,4.26,YES,5.34,TPDB_Y2024_filtered_VBS\SV-COMP_Termination_Category
majority-noarray_true-termination.c,YES,MAYBE,60.54,FAILED,300,NO,25.81,FAILED,28.01,TPDB_Y2024_filtered_VBS\Di_Stefano_20
Avg_true.c,YES,YES,0.28,FAILED,0.446409941,MAYBE,2.16,FAILED,2.18,TPDB_Y2024_filtered_VBS\AProVE_numeric
Binomial_true.c,YES,FAILED,300.02,FAILED,0.323999166,MAYBE,2.22,MAYBE,2.36,TPDB_Y2024_filtered_VBS\AProVE_numeric
Et1_true.c,YES,YES,0.18,FAILED,0.332017422,MAYBE,2.16,FAILED,2.25,TPDB_Y2024_filtered_VBS\AProVE_numeric
Et2_true.c,YES,YES,0.26,FAILED,0.433559418,MAYBE,2.19,FAILED,2.17,TPDB_Y2024_filtered_VBS\AProVE_numeric
Et3_true.c,YES,YES,0.19,FAILED,0.448193789,MAYBE,1.73,FAILED,1.8,TPDB_Y2024_filtered_VBS\AProVE_numeric
Et4_true.c,YES,YES,0.27,FAILED,0.434231043,MAYBE,1.86,FAILED,1.88,TPDB_Y2024_filtered_VBS\AProVE_numeric
ex2.c,YES,FAILED,300.02,FAILED,0.443924665,MAYBE,1.72,FAILED,2.04,TPDB_Y2024_filtered_VBS\AProVE_numeric
ex3.c,YES,YES,0.19,FAILED,0.320417643,MAYBE,2.18,FAILED,2.19,TPDB_Y2024_filtered_VBS\AProVE_numeric
LeUserDefRec_true.c,YES,YES,0.28,FAILED,0.447752714,MAYBE,1.84,FAILED,1.85,TPDB_Y2024_filtered_VBS\AProVE_numeric
rec_counter1.c,YES,YES,0.28,FAILED,0.324733019,MAYBE,2.16,MAYBE,2.26,TPDB_Y2024_filtered_VBS\AProVE_numeric
rec_counter3.c,YES,MAYBE,0.24,FAILED,0.441800833,MAYBE,2.2,MAYBE,2.24,TPDB_Y2024_filtered_VBS\AProVE_numeric
rec_strlen.c,YES,FAILED,0.25,FAILED,0.34373188,MAYBE,2.48,FAILED,2.61,TPDB_Y2024_filtered_VBS\AProVE_numeric
svcomp_a.01.c,YES,YES,0.49,YES,1.790472984,YES,2.68,YES,3.52,TPDB_Y2024_filtered_VBS\AProVE_numeric
svcomp_a.01.c,YES,YES,0.46,YES,1.790472984,YES,2.68,YES,3.52,TPDB_Y2024_filtered_VBS\AProVE_numeric
svcomp_a.04.c,YES,YES,0.2,YES,1.510835886,YES,2.97,YES,3.62,TPDB_Y2024_filtered_VBS\AProVE_numeric
svcomp_a.04.c,YES,YES,0.41,YES,1.510835886,YES,2.97,YES,3.62,TPDB_Y2024_filtered_VBS\AProVE_numeric
svcomp_a.05.c,YES,MAYBE,6.86,YES,1.109806538,YES,2.95,YES,3.52,TPDB_Y2024_filtered_VBS\AProVE_numeric
svcomp_a.05.c,YES,MAYBE,5.79,YES,1.109806538,YES,2.95,YES,3.52,TPDB_Y2024_filtered_VBS\AProVE_numeric
svcomp_a.06.c,YES,FAILED,300.11,YES,1.411432266,YES,2.3,YES,3.48,TPDB_Y2024_filtered_VBS\AProVE_numeric
svcomp_a.06.c,YES,FAILED,300.1,YES,1.411432266,YES,2.3,YES,3.48,TPDB_Y2024_filtered_VBS\AProVE_numeric
svcomp_a.07.c,YES,YES,0.19,YES,2.04521656,YES,2.87,YES,3.88,TPDB_Y2024_filtered_VBS\AProVE_numeric
svcomp_a.07.c,YES,YES,0.57,YES,2.04521656,YES,2.87,YES,3.88,TPDB_Y2024_filtered_VBS\AProVE_numeric
svcomp_a.08.c,YES,YES,0.24,YES,1.697912931,YES,3,YES,3.58,TPDB_Y2024_filtered_VBS\AProVE_numeric
svcomp_a.08.c,YES,YES,0.49,YES,1.697912931,YES,3,YES,3.58,TPDB_Y2024_filtered_VBS\AProVE_numeric
svcomp_a.09_assume.c,YES,MAYBE,0.36,YES,1.265568733,MAYBE,2.96,MAYBE,3.2,TPDB_Y2024_filtered_VBS\AProVE_numeric
svcomp_a.09_assume.c,YES,MAYBE,0.53,YES,1.265568733,MAYBE,2.96,MAYBE,3.2,TPDB_Y2024_filtered_VBS\AProVE_numeric
svcomp_a.10.c,YES,YES,0.2,YES,9.780079842,YES,3.22,YES,4.14,TPDB_Y2024_filtered_VBS\AProVE_numeric
svcomp_a.10.c,YES,YES,0.25,YES,9.780079842,YES,3.22,YES,4.14,TPDB_Y2024_filtered_VBS\AProVE_numeric
svcomp_Ackermann01_true-unreach-call_modified_modified.c,YES,YES,0.34,FAILED,0.445633173,MAYBE,2.17,FAILED,2.27,TPDB_Y2024_filtered_VBS\AProVE_numeric
svcomp_Addition01_true-unreach-call_true-termination_modified.c,YES,YES,0.3,FAILED,0.319576979,MAYBE,2.13,FAILED,2.15,TPDB_Y2024_filtered_VBS\AProVE_numeric
svcomp_b.01.c,YES,YES,0.15,YES,1.50586462,YES,2.94,YES,3.46,TPDB_Y2024_filtered_VBS\AProVE_numeric
svcomp_b.01.c,YES,YES,0.41,YES,1.50586462,YES,2.94,YES,3.46,TPDB_Y2024_filtered_VBS\AProVE_numeric
svcomp_b.02.c,YES,YES,0.27,YES,1.183323383,YES,3.08,YES,3.49,TPDB_Y2024_filtered_VBS\AProVE_numeric
svcomp_b.02.c,YES,YES,0.47,YES,1.183323383,YES,3.08,YES,3.49,TPDB_Y2024_filtered_VBS\AProVE_numeric
svcomp_b.03-no-inv_assume.c,YES,MAYBE,0.33,YES,1.051329613,MAYBE,2.39,MAYBE,2.4,TPDB_Y2024_filtered_VBS\AProVE_numeric
svcomp_b.03-no-inv_assume.c,YES,MAYBE,0.31,YES,1.051329613,MAYBE,2.39,MAYBE,2.4,TPDB_Y2024_filtered_VBS\AProVE_numeric
svcomp_b.03_assume.c,YES,MAYBE,0.25,YES,1.604349852,MAYBE,2.53,MAYBE,2.65,TPDB_Y2024_filtered_VBS\AProVE_numeric
svcomp_b.03_assume.c,YES,MAYBE,0.32,YES,1.604349852,MAYBE,2.53,MAYBE,2.65,TPDB_Y2024_filtered_VBS\AProVE_numeric
svcomp_b.04.c,YES,YES,0.15,YES,1.064395666,MAYBE,2.9,MAYBE,3.09,TPDB_Y2024_filtered_VBS\AProVE_numeric
svcomp_b.04.c,YES,YES,0.39,YES,1.064395666,MAYBE,2.9,MAYBE,3.09,TPDB_Y2024_filtered_VBS\AProVE_numeric
svcomp_b.05.c,YES,YES,0.19,YES,2.417295218,YES,2.26,YES,2.75,TPDB_Y2024_filtered_VBS\AProVE_numeric
svcomp_b.05.c,YES,YES,0.23,YES,2.417295218,YES,2.26,YES,2.75,TPDB_Y2024_filtered_VBS\AProVE_numeric
svcomp_b.06.c,YES,YES,0.27,YES,1.271632433,YES,2.79,YES,3.58,TPDB_Y2024_filtered_VBS\AProVE_numeric
svcomp_b.06.c,YES,YES,0.41,YES,1.271632433,YES,2.79,YES,3.58,TPDB_Y2024_filtered_VBS\AProVE_numeric
svcomp_b.07.c,YES,YES,0.24,YES,1.425033331,YES,3.06,YES,3.66,TPDB_Y2024_filtered_VBS\AProVE_numeric
svcomp_b.07.c,YES,YES,0.36,YES,1.425033331,YES,3.06,YES,3.66,TPDB_Y2024_filtered_VBS\AProVE_numeric
svcomp_b.09-no-inv_assume.c,YES,MAYBE,5.88,MAYBE,8.018001556,YES,2.81,YES,3.55,TPDB_Y2024_filtered_VBS\AProVE_numeric
svcomp_b.09-no-inv_assume.c,YES,MAYBE,6.73,MAYBE,8.018001556,YES,2.81,YES,3.55,TPDB_Y2024_filtered_VBS\AProVE_numeric
svcomp_b.09_assume.c,YES,YES,0.22,YES,4.537672281,YES,2.39,YES,3.67,TPDB_Y2024_filtered_VBS\AProVE_numeric
svcomp_b.09_assume.c,YES,YES,0.37,YES,4.537672281,YES,2.39,YES,3.67,TPDB_Y2024_filtered_VBS\AProVE_numeric
svcomp_b.10.c,YES,MAYBE,0.46,YES,3.192674398,YES,3.14,YES,4.04,TPDB_Y2024_filtered_VBS\AProVE_numeric
svcomp_b.10.c,YES,MAYBE,0.72,YES,3.192674398,YES,3.14,YES,4.04,TPDB_Y2024_filtered_VBS\AProVE_numeric
svcomp_b.11.c,YES,YES,0.27,YES,3.354673624,YES,3.24,YES,3.9,TPDB_Y2024_filtered_VBS\AProVE_numeric
svcomp_b.11.c,YES,YES,0.4,YES,3.354673624,YES,3.24,YES,3.9,TPDB_Y2024_filtered_VBS\AProVE_numeric
svcomp_b.12.c,YES,YES,0.21,YES,12.48464584,YES,2.58,YES,3.08,TPDB_Y2024_filtered_VBS\AProVE_numeric
svcomp_b.12.c,YES,YES,0.58,YES,12.48464584,YES,2.58,YES,3.08,TPDB_Y2024_filtered_VBS\AProVE_numeric
svcomp_b.13.c,YES,YES,0.27,YES,17.28842139,YES,2.64,YES,3.26,TPDB_Y2024_filtered_VBS\AProVE_numeric
svcomp_b.13.c,YES,YES,0.57,YES,17.28842139,YES,2.64,YES,3.26,TPDB_Y2024_filtered_VBS\AProVE_numeric
svcomp_b.14.c,YES,YES,0.62,YES,2.049182177,YES,3.47,YES,4.08,TPDB_Y2024_filtered_VBS\AProVE_numeric
svcomp_b.14.c,YES,YES,0.66,YES,2.049182177,YES,3.47,YES,4.08,TPDB_Y2024_filtered_VBS\AProVE_numeric
svcomp_b.15.c,YES,YES,0.52,YES,2.267091751,YES,3.1,YES,4,TPDB_Y2024_filtered_VBS\AProVE_numeric
svcomp_b.15.c,YES,YES,0.61,YES,2.267091751,YES,3.1,YES,4,TPDB_Y2024_filtered_VBS\AProVE_numeric
svcomp_b.16.c,YES,YES,0.29,YES,2.75505805,YES,2.57,YES,3.05,TPDB_Y2024_filtered_VBS\AProVE_numeric
svcomp_b.16.c,YES,YES,0.37,YES,2.75505805,YES,2.57,YES,3.05,TPDB_Y2024_filtered_VBS\AProVE_numeric
svcomp_b.17.c,YES,YES,0.4,YES,2.84706378,YES,2.67,YES,3.29,TPDB_Y2024_filtered_VBS\AProVE_numeric
svcomp_b.17.c,YES,YES,0.62,YES,2.84706378,YES,2.67,YES,3.29,TPDB_Y2024_filtered_VBS\AProVE_numeric
svcomp_b.18.c,YES,YES,0.38,YES,2.97145772,YES,4.3,YES,5.15,TPDB_Y2024_filtered_VBS\AProVE_numeric
svcomp_b.18.c,YES,YES,0.52,YES,2.97145772,YES,4.3,YES,5.15,TPDB_Y2024_filtered_VBS\AProVE_numeric
svcomp_c.01-no-inv.c,YES,MAYBE,0.93,MAYBE,5.683444262,YES,2.95,YES,3.51,TPDB_Y2024_filtered_VBS\AProVE_numeric
svcomp_c.01-no-inv.c,YES,MAYBE,0.56,MAYBE,5.683444262,YES,2.95,YES,3.51,TPDB_Y2024_filtered_VBS\AProVE_numeric
svcomp_c.01_assume.c,YES,MAYBE,0.4,YES,2.692418337,YES,2.83,YES,3.3,TPDB_Y2024_filtered_VBS\AProVE_numeric
svcomp_c.01_assume.c,YES,MAYBE,0.37,YES,2.692418337,YES,2.83,YES,3.3,TPDB_Y2024_filtered_VBS\AProVE_numeric
svcomp_c.02.c,YES,YES,0.43,YES,4.060259342,YES,3.68,YES,3.97,TPDB_Y2024_filtered_VBS\AProVE_numeric
svcomp_c.02.c,YES,YES,0.55,YES,4.060259342,YES,3.68,YES,3.97,TPDB_Y2024_filtered_VBS\AProVE_numeric
svcomp_c.03.c,YES,YES,0.21,YES,1.885166883,YES,2.67,YES,3.79,TPDB_Y2024_filtered_VBS\AProVE_numeric
svcomp_c.03.c,YES,YES,0.41,YES,1.885166883,YES,2.67,YES,3.79,TPDB_Y2024_filtered_VBS\AProVE_numeric
svcomp_c.07.c,YES,YES,0.39,YES,1.741048336,YES,3.17,YES,4.93,TPDB_Y2024_filtered_VBS\AProVE_numeric
svcomp_c.07.c,YES,YES,0.65,YES,1.741048336,YES,3.17,YES,4.93,TPDB_Y2024_filtered_VBS\AProVE_numeric
svcomp_c.08.c,YES,YES,0.37,YES,1.888632059,YES,3.51,YES,3.84,TPDB_Y2024_filtered_VBS\AProVE_numeric
svcomp_c.08.c,YES,YES,0.6,YES,1.888632059,YES,3.51,YES,3.84,TPDB_Y2024_filtered_VBS\AProVE_numeric
svcomp_easySum.c,YES,YES,0.24,YES,1.551195145,YES,2.9,YES,3.48,TPDB_Y2024_filtered_VBS\AProVE_numeric
svcomp_easySum.c,YES,YES,0.29,YES,1.551195145,YES,2.9,YES,3.48,TPDB_Y2024_filtered_VBS\AProVE_numeric
svcomp_EvenOdd01_true-unreach-call_true-termination_modified.c,YES,FAILED,300.03,FAILED,0.440772057,MAYBE,1.82,FAILED,1.96,TPDB_Y2024_filtered_VBS\AProVE_numeric
svcomp_ex1.c,YES,YES,0.2,YES,1.16191411,YES,2.97,YES,3.46,TPDB_Y2024_filtered_VBS\AProVE_numeric
svcomp_ex1.c,YES,YES,0.35,YES,1.16191411,YES,2.97,YES,3.46,TPDB_Y2024_filtered_VBS\AProVE_numeric
svcomp_ex2.c,MAYBE,MAYBE,0.5,MAYBE,50.98942494,MAYBE,3.05,MAYBE,3.52,TPDB_Y2024_filtered_VBS\AProVE_numeric
svcomp_ex2.c,MAYBE,MAYBE,1.34,MAYBE,50.98942494,MAYBE,3.05,MAYBE,3.52,TPDB_Y2024_filtered_VBS\AProVE_numeric
svcomp_ex3a.c,YES,YES,0.23,MAYBE,2.780764341,NO,2.42,MAYBE,279.1,TPDB_Y2024_filtered_VBS\AProVE_numeric
svcomp_ex3a.c,YES,YES,0.48,MAYBE,2.780764341,NO,2.42,MAYBE,279.1,TPDB_Y2024_filtered_VBS\AProVE_numeric
svcomp_ex3b.c,YES,MAYBE,0.8,MAYBE,3.126955032,NO,2.06,MAYBE,281.79,TPDB_Y2024_filtered_VBS\AProVE_numeric
svcomp_ex3b.c,YES,MAYBE,0.99,MAYBE,3.126955032,NO,2.06,MAYBE,281.79,TPDB_Y2024_filtered_VBS\AProVE_numeric
svcomp_fermat.c,YES,YES,0.7,YES,20.46997285,FAILED,284.5,FAILED,285.24,TPDB_Y2024_filtered_VBS\AProVE_numeric
svcomp_fermat.c,YES,YES,87.7,YES,20.46997285,FAILED,284.5,FAILED,285.24,TPDB_Y2024_filtered_VBS\AProVE_numeric
svcomp_Fibonacci01_true-unreach-call_modified.c,YES,YES,0.13,FAILED,0.44308877,MAYBE,2.1,FAILED,2.14,TPDB_Y2024_filtered_VBS\AProVE_numeric
svcomp_flag.c,YES,YES,0.33,YES,5.301789999,MAYBE,9.23,YES,4.67,TPDB_Y2024_filtered_VBS\AProVE_numeric
svcomp_flag.c,YES,YES,0.49,YES,5.301789999,MAYBE,9.23,YES,4.67,TPDB_Y2024_filtered_VBS\AProVE_numeric
svcomp_gcd01_true-unreach-call_true-termination_modified.c,YES,YES,0.25,FAILED,0.449056149,MAYBE,2.14,FAILED,2.21,TPDB_Y2024_filtered_VBS\AProVE_numeric
svcomp_java_AG313.c,YES,YES,0.26,YES,1.400640726,MAYBE,2.82,MAYBE,2.49,TPDB_Y2024_filtered_VBS\AProVE_numeric
svcomp_java_AG313.c,YES,YES,0.33,YES,1.400640726,MAYBE,2.82,MAYBE,2.49,TPDB_Y2024_filtered_VBS\AProVE_numeric
svcomp_java_Break.c,YES,YES,0.21,YES,1.033479452,YES,7.76,YES,6.35,TPDB_Y2024_filtered_VBS\AProVE_numeric
svcomp_java_Break.c,YES,YES,0.2,YES,1.033479452,YES,7.76,YES,6.35,TPDB_Y2024_filtered_VBS\AProVE_numeric
svcomp_java_Continue1.c,YES,YES,0.16,YES,0.887609005,YES,6.06,YES,5.93,TPDB_Y2024_filtered_VBS\AProVE_numeric
svcomp_java_Continue1.c,YES,YES,0.27,YES,0.887609005,YES,6.06,YES,5.93,TPDB_Y2024_filtered_VBS\AProVE_numeric
svcomp_java_LogBuiltIn.c,YES,YES,0.39,YES,1.565745592,YES,23.43,MAYBE,265.17,TPDB_Y2024_filtered_VBS\AProVE_numeric
svcomp_java_Nested.c,YES,YES,0.6,YES,2.028608322,YES,4.52,YES,5.22,TPDB_Y2024_filtered_VBS\AProVE_numeric
svcomp_java_Nested.c,YES,YES,0.49,YES,2.028608322,YES,4.52,YES,5.22,TPDB_Y2024_filtered_VBS\AProVE_numeric
svcomp_java_Sequence.c,YES,YES,0.33,YES,1.15984273,FAILED,277.13,FAILED,275.52,TPDB_Y2024_filtered_VBS\AProVE_numeric
svcomp_java_Sequence.c,YES,YES,0.26,YES,1.15984273,FAILED,277.13,FAILED,275.52,TPDB_Y2024_filtered_VBS\AProVE_numeric
svcomp_MultCommutative_true-unreach-call_true-termination_modified.c,YES,FAILED,300.03,FAILED,0.445040703,MAYBE,2.12,FAILED,2.2,TPDB_Y2024_filtered_VBS\AProVE_numeric
svcomp_recHanoi02_true-unreach-call_true-termination_modified.c,YES,YES,0.21,FAILED,0.441465378,MAYBE,2.02,FAILED,2.15,TPDB_Y2024_filtered_VBS\AProVE_numeric
svcomp_twisted.c,YES,MAYBE,1.25,YES,9.008149385,FAILED,3.12,FAILED,4.46,TPDB_Y2024_filtered_VBS\AProVE_numeric
TerminatorRec02_true.c,YES,YES,0.23,FAILED,0.323519468,MAYBE,2.14,FAILED,2.18,TPDB_Y2024_filtered_VBS\AProVE_numeric
TwoWay_true.c,YES,YES,0.28,FAILED,0.328836918,MAYBE,2.22,FAILED,2.21,TPDB_Y2024_filtered_VBS\AProVE_numeric
4BitCounterPointer_true-termination.c,YES,FAILED,0.24,FAILED,0.336890697,MAYBE,4.64,MAYBE,4.62,TPDB_Y2024_filtered_VBS\Ultimate
Arrays01-EquivalentConstantIndices_true-termination.c,YES,MAYBE,0.1,NO,1.301597357,MAYBE,96.32,MAYBE,96.15,TPDB_Y2024_filtered_VBS\Ultimate
Arrays02-EquivalentConstantIndices_false-termination.c,NO,MAYBE,0.1,NO,2.15952301,MAYBE,93.9,MAYBE,94.16,TPDB_Y2024_filtered_VBS\Ultimate
Arrays03-ValueRestictsIndex_true-termination.c,YES,YES,0.14,NO,2.939348221,MAYBE,2.22,MAYBE,2.31,TPDB_Y2024_filtered_VBS\Ultimate
Bangalore_true-termination.c,YES,YES,0.14,YES,0.985501289,YES,2.67,YES,3.04,TPDB_Y2024_filtered_VBS\Ultimate
Bangalore_true-termination.c,YES,YES,0.15,YES,0.985501289,YES,2.67,YES,3.04,TPDB_Y2024_filtered_VBS\Ultimate
Cairo_true-termination.c,YES,MAYBE,0.35,MAYBE,3.622193575,YES,2.89,YES,3.33,TPDB_Y2024_filtered_VBS\Ultimate
Cairo_true-termination.c,YES,MAYBE,0.36,MAYBE,3.622193575,YES,2.89,YES,3.33,TPDB_Y2024_filtered_VBS\Ultimate
Division_false-termination.c,NO,MAYBE,0.14,NO,1.972563982,NO,2.77,MAYBE,275,TPDB_Y2024_filtered_VBS\Ultimate
Gothenburg_true-termination.c,YES,MAYBE,0.83,YES,2.71927762,YES,2.75,YES,3.41,TPDB_Y2024_filtered_VBS\Ultimate
Gothenburg_true-termination.c,YES,MAYBE,0.7,YES,2.71927762,YES,2.75,YES,3.41,TPDB_Y2024_filtered_VBS\Ultimate
Lobnya-Boolean-Reordered_true-termination.c,YES,MAYBE,0.58,YES,7.937224388,MAYBE,7.25,MAYBE,17.17,TPDB_Y2024_filtered_VBS\Ultimate
Lobnya-Boolean-Reordered_true-termination.c,YES,MAYBE,0.5,YES,7.937224388,MAYBE,7.25,MAYBE,17.17,TPDB_Y2024_filtered_VBS\Ultimate
Madrid_false-termination.c,NO,MAYBE,0.09,NO,0.506041527,MAYBE,2.05,MAYBE,2.15,TPDB_Y2024_filtered_VBS\Ultimate
Madrid_false-termination.c,NO,MAYBE,0.1,NO,0.506041527,MAYBE,2.05,MAYBE,2.15,TPDB_Y2024_filtered_VBS\Ultimate
Mysore_true-termination.c,YES,MAYBE,0.67,YES,1.878214598,YES,2.96,YES,3.3,TPDB_Y2024_filtered_VBS\Ultimate
Mysore_true-termination.c,YES,MAYBE,0.57,YES,1.878214598,YES,2.96,YES,3.3,TPDB_Y2024_filtered_VBS\Ultimate
NonTermination2_false-termination.c,NO,MAYBE,0.18,MAYBE,3.830438137,MAYBE,2.94,YES,2.9,TPDB_Y2024_filtered_VBS\Ultimate
NonTermination2_false-termination.c,NO,MAYBE,0.23,MAYBE,3.830438137,MAYBE,2.94,YES,2.9,TPDB_Y2024_filtered_VBS\Ultimate
NonTerminationSimple2_false-termination.c,NO,MAYBE,0.37,NO,1.568110943,MAYBE,3.24,MAYBE,3.23,TPDB_Y2024_filtered_VBS\Ultimate
NonTerminationSimple2_false-termination.c,NO,MAYBE,0.32,NO,1.568110943,MAYBE,3.24,MAYBE,3.23,TPDB_Y2024_filtered_VBS\Ultimate
NonTerminationSimple3_false-termination.c,NO,MAYBE,0.23,NO,1.778025627,NO,1.92,MAYBE,283.91,TPDB_Y2024_filtered_VBS\Ultimate
NonTerminationSimple3_false-termination.c,NO,MAYBE,0.12,NO,1.778025627,NO,1.92,MAYBE,283.91,TPDB_Y2024_filtered_VBS\Ultimate
NonTerminationSimple4_false-termination.c,NO,MAYBE,0.32,NO,1.892730713,NO,1.9,MAYBE,283.49,TPDB_Y2024_filtered_VBS\Ultimate
NonTerminationSimple4_false-termination.c,NO,MAYBE,0.35,NO,1.892730713,NO,1.9,MAYBE,283.49,TPDB_Y2024_filtered_VBS\Ultimate
NonTerminationSimple5_false-termination.c,NO,MAYBE,0.31,NO,4.724704981,NO,1.93,MAYBE,280.1,TPDB_Y2024_filtered_VBS\Ultimate
NonTerminationSimple5_false-termination.c,NO,MAYBE,0.23,NO,4.724704981,NO,1.93,MAYBE,280.1,TPDB_Y2024_filtered_VBS\Ultimate
NonTerminationSimple6_false-termination.c,NO,MAYBE,0.16,NO,1.743583441,NO,2.41,MAYBE,283.24,TPDB_Y2024_filtered_VBS\Ultimate
NonTerminationSimple6_false-termination.c,NO,MAYBE,0.23,NO,1.743583441,NO,2.41,MAYBE,283.24,TPDB_Y2024_filtered_VBS\Ultimate
NonTerminationSimple7_false-termination.c,NO,MAYBE,0.16,NO,2.029488087,NO,2.05,MAYBE,282.97,TPDB_Y2024_filtered_VBS\Ultimate
NonTerminationSimple7_false-termination.c,NO,MAYBE,0.12,NO,2.029488087,NO,2.05,MAYBE,282.97,TPDB_Y2024_filtered_VBS\Ultimate
NonTerminationSimple8_false-termination.c,NO,MAYBE,0.34,NO,111.8281434,NO,2.11,MAYBE,280.16,TPDB_Y2024_filtered_VBS\Ultimate
NonTerminationSimple8_false-termination.c,NO,MAYBE,0.35,NO,111.8281434,NO,2.11,MAYBE,280.16,TPDB_Y2024_filtered_VBS\Ultimate
NonTerminationSimple9_false-termination.c,NO,MAYBE,0.16,NO,1.948018074,NO,1.83,MAYBE,281.06,TPDB_Y2024_filtered_VBS\Ultimate
NonTerminationSimple9_false-termination.c,NO,MAYBE,0.16,NO,1.948018074,NO,1.83,MAYBE,281.06,TPDB_Y2024_filtered_VBS\Ultimate
Nyala-2lex_true-termination.c,YES,MAYBE,0.38,YES,4.262490988,YES,3.03,YES,3.43,TPDB_Y2024_filtered_VBS\Ultimate
Nyala-2lex_true-termination.c,YES,MAYBE,0.2,YES,4.262490988,YES,3.03,YES,3.43,TPDB_Y2024_filtered_VBS\Ultimate
Parallel_true-termination.c,YES,YES,0.17,YES,1.888111353,YES,2.42,YES,2.95,TPDB_Y2024_filtered_VBS\Ultimate
Parallel_true-termination.c,YES,YES,0.18,YES,1.888111353,YES,2.42,YES,2.95,TPDB_Y2024_filtered_VBS\Ultimate
Pure3Phase_true-termination.c,YES,MAYBE,1.47,MAYBE,85.11010146,FAILED,299.51,MAYBE,293.9,TPDB_Y2024_filtered_VBS\Ultimate
Pure3Phase_true-termination.c,YES,MAYBE,1.46,MAYBE,85.11010146,FAILED,299.51,MAYBE,293.9,TPDB_Y2024_filtered_VBS\Ultimate
RecursiveMultiplication_true-termination.c,YES,YES,0.21,FAILED,0.329777718,MAYBE,2.17,FAILED,2.19,TPDB_Y2024_filtered_VBS\Ultimate
RecursiveNonterminating_false-termination.c,NO,YES,0.16,FAILED,0.451702595,MAYBE,1.84,FAILED,1.85,TPDB_Y2024_filtered_VBS\Ultimate
Rotation180_false-termination.c,NO,MAYBE,0.16,NO,0.879065037,NO,1.93,MAYBE,2.12,TPDB_Y2024_filtered_VBS\Ultimate
Rotation180_false-termination.c,NO,MAYBE,0.18,NO,0.879065037,NO,1.93,MAYBE,2.12,TPDB_Y2024_filtered_VBS\Ultimate
Stockholm_true-termination.c,YES,YES,0.18,YES,1.902859926,YES,2.15,YES,2.64,TPDB_Y2024_filtered_VBS\Ultimate
Stockholm_true-termination.c,YES,YES,0.13,YES,1.902859926,YES,2.15,YES,2.64,TPDB_Y2024_filtered_VBS\Ultimate
SyntaxSupportPointer01_true-termination.c,YES,YES,0.6,FAILED,0.345550537,MAYBE,2.79,MAYBE,2.96,TPDB_Y2024_filtered_VBS\Ultimate
WhileFalse_true-termination.c,YES,MAYBE,0.09,YES,0.38523674,YES,1.68,YES,1.68,TPDB_Y2024_filtered_VBS\Ultimate
WhileFalse_true-termination.c,YES,MAYBE,0.11,YES,0.38523674,YES,1.68,YES,1.68,TPDB_Y2024_filtered_VBS\Ultimate
WhileTrue_false-termination.c,NO,MAYBE,0.09,NO,0.715296745,NO,1.88,MAYBE,2.12,TPDB_Y2024_filtered_VBS\Ultimate
WhileTrue_false-termination.c,NO,MAYBE,0.06,NO,0.715296745,NO,1.88,MAYBE,2.12,TPDB_Y2024_filtered_VBS\Ultimate
2Nested_false-termination.c,NO,MAYBE,0.86,NO,2.008936167,NO,2.1,MAYBE,283.21,TPDB_Y2024_filtered_VBS\Ton_Chanh_15
Ackermann_false-termination.c,NO,YES,0.29,FAILED,0.329433203,MAYBE,1.81,FAILED,1.86,TPDB_Y2024_filtered_VBS\Ton_Chanh_15
Ackermann_true-termination.c,YES,YES,0.32,FAILED,0.444999218,MAYBE,2.16,FAILED,2.26,TPDB_Y2024_filtered_VBS\Ton_Chanh_15
Bangalore_false-termination.c,NO,MAYBE,0.16,NO,1.788226843,NO,2.07,MAYBE,281.75,TPDB_Y2024_filtered_VBS\Ton_Chanh_15
Bangalore_v2_false-termination.c,NO,MAYBE,0.15,NO,1.300175428,NO,2,MAYBE,282.79,TPDB_Y2024_filtered_VBS\Ton_Chanh_15
Bangalore_v3_false-termination.c,NO,MAYBE,0.14,NO,1.966699123,NO,2.04,MAYBE,282.04,TPDB_Y2024_filtered_VBS\Ton_Chanh_15
Bangalore_v4_true-termination.c,YES,MAYBE,0.14,YES,0.971367836,MAYBE,2.77,MAYBE,2.96,TPDB_Y2024_filtered_VBS\Ton_Chanh_15
Benghazi_nondet_true-termination.c,YES,MAYBE,163.16,YES,2.094527721,YES,3.46,TIMEOUT,300.04,TPDB_Y2024_filtered_VBS\Ton_Chanh_15
Binary_Search_true-termination.c,NO,YES,0.21,FAILED,0.449151516,MAYBE,1.83,FAILED,1.86,TPDB_Y2024_filtered_VBS\Ton_Chanh_15
Cairo_nondet_false-termination.c,NO,MAYBE,0.33,NO,2.05053854,NO,2.08,MAYBE,281.92,TPDB_Y2024_filtered_VBS\Ton_Chanh_15
Cairo_step2_false-termination.c,NO,MAYBE,0.31,NO,1.450685024,NO,2.49,MAYBE,279.84,TPDB_Y2024_filtered_VBS\Ton_Chanh_15
Copenhagen_disj_true-termination.c,YES,MAYBE,2.27,YES,6.587093115,YES,3.64,MAYBE,275.55,TPDB_Y2024_filtered_VBS\Ton_Chanh_15
Gothenburg_v2_true-termination.c,YES,YES,0.27,YES,2.499520063,YES,3.27,YES,3.72,TPDB_Y2024_filtered_VBS\Ton_Chanh_15
Hanoi_2vars_false-termination.c,NO,MAYBE,0.71,NO,1.559799433,NO,1.93,MAYBE,283.92,TPDB_Y2024_filtered_VBS\Ton_Chanh_15
Hanoi_3vars_false-termination.c,NO,MAYBE,1.05,NO,2.144473791,NO,2.13,MAYBE,281.91,TPDB_Y2024_filtered_VBS\Ton_Chanh_15
Hanoi_plus_false-termination.c,NO,MAYBE,3.06,NO,2.775962591,MAYBE,2.42,MAYBE,2.63,TPDB_Y2024_filtered_VBS\Ton_Chanh_15
McCarthy91_Iteration_true-termination.c,YES,YES,0.16,YES,1.933270931,YES,8.92,YES,4.21,TPDB_Y2024_filtered_VBS\Ton_Chanh_15
McCarthy91_Recursion_true-termination.c,YES,YES,0.16,FAILED,0.442765951,MAYBE,2.07,FAILED,2.15,TPDB_Y2024_filtered_VBS\Ton_Chanh_15
MutualRecursion_1a_false-termination.c,NO,FAILED,300.03,FAILED,19.08466816,MAYBE,1.81,FAILED,1.54,TPDB_Y2024_filtered_VBS\Ton_Chanh_15
MutualRecursion_1b_true-termination.c,YES,FAILED,300.03,FAILED,19.46475506,MAYBE,2.12,FAILED,2.17,TPDB_Y2024_filtered_VBS\Ton_Chanh_15
Mysore_false-termination.c,NO,MAYBE,0.37,NO,1.811218977,NO,2.12,MAYBE,281.82,TPDB_Y2024_filtered_VBS\Ton_Chanh_15
NestedRecursion_1a_false-termination.c,NO,YES,0.26,FAILED,0.441800356,MAYBE,1.79,FAILED,1.83,TPDB_Y2024_filtered_VBS\Ton_Chanh_15
NestedRecursion_1b_true-termination.c,YES,YES,0.28,FAILED,0.442726374,MAYBE,1.5,FAILED,1.4,TPDB_Y2024_filtered_VBS\Ton_Chanh_15
NestedRecursion_1c_true-termination.c,YES,YES,0.25,FAILED,0.318423986,MAYBE,2.14,FAILED,2.22,TPDB_Y2024_filtered_VBS\Ton_Chanh_15
NestedRecursion_1d_true-termination.c,YES,YES,0.3,FAILED,0.439768076,MAYBE,2.14,FAILED,2.21,TPDB_Y2024_filtered_VBS\Ton_Chanh_15
NestedRecursion_2a_false-termination.c,NO,YES,0.18,FAILED,0.455560446,MAYBE,1.77,FAILED,1.83,TPDB_Y2024_filtered_VBS\Ton_Chanh_15
NestedRecursion_2b_false-termination.c,NO,YES,0.18,FAILED,0.445464849,MAYBE,1.75,FAILED,1.85,TPDB_Y2024_filtered_VBS\Ton_Chanh_15
NestedRecursion_2c_true-termination.c,YES,YES,0.18,FAILED,0.438066244,MAYBE,1.7,FAILED,1.73,TPDB_Y2024_filtered_VBS\Ton_Chanh_15
Singapore_plus_false-termination.c,NO,MAYBE,0.4,NO,1.995680571,MAYBE,2.66,MAYBE,30.87,TPDB_Y2024_filtered_VBS\Ton_Chanh_15
Singapore_true-termination.c,YES,MAYBE,0.49,MAYBE,4.931873083,YES,3.31,YES,6.26,TPDB_Y2024_filtered_VBS\Ton_Chanh_15
Singapore_v1_false-termination.c,NO,MAYBE,0.53,NO,2.630274534,NO,1.98,MAYBE,281.51,TPDB_Y2024_filtered_VBS\Ton_Chanh_15
Singapore_v2_false-termination.c,NO,MAYBE,0.57,NO,2.052553892,MAYBE,2.44,MAYBE,84.42,TPDB_Y2024_filtered_VBS\Ton_Chanh_15
